source,filename,duration,type
eating01.zip,break_choco_bar.mp3,0.29312925170068027,zip
eating01.zip,cl_lid_of_Kyusu.mp3,0.456,zip
eating01.zip,eat_crunchy_chips1.mp3,4.728,zip
eating01.zip,eat_crunchy_chips2.mp3,16.219138321995466,zip
eating01.zip,eat_Senbei1.mp3,6.482358276643991,zip
eating01.zip,eat_Senbei2.mp3,8.788458049886621,zip
eating01.zip,eat_Senbei3.mp3,18.02687074829932,zip
eating01.zip,eat_Senbei_slowly4.mp3,5.853833333333333,zip
eating01.zip,glass_toast1.mp3,2.328,zip
eating01.zip,glass_toast2.mp3,2.16,zip
eating01.zip,glass_toast3.mp3,1.968,zip
eating01.zip,gulp_down_water1.mp3,3.4626757369614514,zip
eating01.zip,gulp_down_water2.mp3,4.209342403628118,zip
eating01.zip,ice_from_machine1.mp3,3.4281179138321995,zip
eating01.zip,ice_from_machine2.mp3,2.800113378684807,zip
eating01.zip,ice_from_machine3.mp3,2.0450340136054423,zip
eating01.zip,instant_Furikake1.mp3,0.47687074829931975,zip
eating01.zip,instant_Furikake2.mp3,0.6013378684807256,zip
eating01.zip,instant_Furikake3.mp3,0.8277097505668934,zip
eating01.zip,make_instant_coffee.mp3,8.257052154195012,zip
eating01.zip,open_bottled_coffee.mp3,4.169727891156462,zip
eating01.zip,open_canned_coffee.mp3,1.2164172335600907,zip
eating01.zip,open_can_of_soda.mp3,1.848,zip
eating01.zip,open_cup_noodles.mp3,2.525374149659864,zip
eating01.zip,open_soda_can_pour.mp3,10.992,zip
eating01.zip,op_bag_of_chips1.mp3,3.216458333333333,zip
eating01.zip,op_bag_of_chips2.mp3,4.74175,zip
eating01.zip,op_bag_of_sweets.mp3,6.115583333333333,zip
eating01.zip,op_box_of_sweets1.mp3,1.6036458333333334,zip
eating01.zip,op_box_of_sweets2.mp3,0.6552708333333334,zip
eating01.zip,op_lid_of_Kyusu.mp3,0.624,zip
eating01.zip,op_L_bag_Senbei.mp3,4.250952380952381,zip
eating01.zip,op_S_bag_Senbei.mp3,4.2811111111111115,zip
eating01.zip,pour_cold_tea.mp3,6.912,zip
eating01.zip,pour_hot_tea.mp3,6.178004535147393,zip
eating01.zip,pour_HW_from_kettle.mp3,22.41956916099773,zip
eating01.zip,pour_HW_from_pot.mp3,7.892562358276644,zip
eating01.zip,pour_HW_thermos.mp3,11.51201814058957,zip
eating01.zip,pour_Sake.mp3,7.183673469387755,zip
eating01.zip,pour_soda.mp3,9.048,zip
eating01.zip,pour_water_cup.mp3,3.87031746031746,zip
eating01.zip,pour_water_glass.mp3,4.296,zip
eating01.zip,put_cereal_plate1.mp3,11.776575963718821,zip
eating01.zip,put_cereal_plate2.mp3,4.328480725623582,zip
eating01.zip,put_cereal_plate3.mp3,4.574671201814059,zip
eating01.zip,put_ice_into_glass1.mp3,0.641859410430839,zip
eating01.zip,put_ice_into_glass2.mp3,0.57578231292517,zip
eating01.zip,sip_hot_tea1.mp3,2.759342403628118,zip
eating01.zip,sip_hot_tea2.mp3,5.003356009070295,zip
eating01.zip,slurp_Ramen.mp3,4.063492063492063,zip
eating01.zip,slurp_ramen_soup.mp3,0.84,zip
eating01.zip,small_ice1.mp3,0.916780045351474,zip
eating01.zip,small_ice2.mp3,0.6312925170068027,zip
eating01.zip,soft_serve_cone1.mp3,0.7171201814058957,zip
eating01.zip,soft_serve_cone2.mp3,3.394331065759637,zip
eating01.zip,stir_espresso.mp3,10.872,zip
eating01.zip,stir_juice_with_ice.mp3,3.7500226757369615,zip
eating01.zip,stir_tea.mp3,7.848,zip
eating01.zip,take_cracker_out.mp3,1.8543083900226758,zip
transfer01.zip,airplane1.mp3,21.072,zip
transfer01.zip,airport1.mp3,39.408,zip
transfer01.zip,airport_ann1.mp3,73.97303854875284,zip
transfer01.zip,airport_ann2.mp3,80.61444444444444,zip
transfer01.zip,bicycle_bell1.mp3,1.224,zip
transfer01.zip,bicycle_bell2.mp3,1.24,zip
transfer01.zip,bicycle_wheel.mp3,62.256,zip
transfer01.zip,boat_engine.mp3,27.678185941043083,zip
transfer01.zip,bus_engine.mp3,8.6378231292517,zip
transfer01.zip,engine_room.mp3,21.32172335600907,zip
transfer01.zip,flight_ann.mp3,0.816,zip
transfer01.zip,Hakata_station1.mp3,225.52138321995466,zip
transfer01.zip,helicopter1.mp3,35.472,zip
transfer01.zip,high_speed_fan.mp3,13.639909297052155,zip
transfer01.zip,lock_ring_lock.mp3,1.438299319727891,zip
transfer01.zip,l_spd_Shinkansen1.mp3,15.192,zip
transfer01.zip,l_spd_Shinkansen2.mp3,13.656,zip
transfer01.zip,l_spd_Shinkansen3.mp3,109.10497916666667,zip
transfer01.zip,move_bicycle.mp3,2.076734693877551,zip
transfer01.zip,on_airplane1.mp3,59.50693877551021,zip
transfer01.zip,on_airplane2.mp3,122.92770975056689,zip
transfer01.zip,on_airplane3.mp3,59.87265306122449,zip
transfer01.zip,on_airplane4.mp3,779.9553968253969,zip
transfer01.zip,on_bus1.mp3,50.52,zip
transfer01.zip,on_bus2.mp3,54.696,zip
transfer01.zip,on_bus3.mp3,48.93697916666667,zip
transfer01.zip,on_subway.mp3,58.872,zip
transfer01.zip,on_train1.mp3,66.792,zip
transfer01.zip,on_train2.mp3,110.7591836734694,zip
transfer01.zip,overnight_bus.mp3,24.450612244897957,zip
transfer01.zip,railbridge1.mp3,8.243492063492063,zip
transfer01.zip,railbridge2.mp3,9.307800453514739,zip
transfer01.zip,railbridge3.mp3,10.033832199546485,zip
transfer01.zip,railbridge4.mp3,10.305555555555555,zip
transfer01.zip,rail_station.mp3,64.152,zip
transfer01.zip,Shinjuku_station.mp3,73.06448979591836,zip
transfer01.zip,Shinkansen1.mp3,443.8609375,zip
transfer01.zip,Shinkansen2.mp3,259.6124791666667,zip
transfer01.zip,Shinkansen3.mp3,110.972,zip
transfer01.zip,Shinkansen4.mp3,94.70895833333333,zip
transfer01.zip,Shinkansen5.mp3,126.5994375,zip
transfer01.zip,Shinkansen_arrival.mp3,51.984,zip
transfer01.zip,Shinkansen_siren.mp3,40.68,zip
transfer01.zip,Shinkansen_stn1.mp3,62.136,zip
transfer01.zip,Shinkansen_stn2.mp3,189.168,zip
transfer01.zip,Shinkansen_stopped.mp3,41.23883333333333,zip
transfer01.zip,station_ann.mp3,21.48,zip
transfer01.zip,station_evening1.mp3,28.608,zip
transfer01.zip,station_evening2.mp3,38.976,zip
transfer01.zip,station_ticket_gate1.mp3,137.856,zip
transfer01.zip,station_ticket_gate2.mp3,59.08897916666667,zip
transfer01.zip,stop_bicycle.mp3,3.3726984126984125,zip
transfer01.zip,subway_arrive.mp3,36.984,zip
transfer01.zip,subway_departure.mp3,47.52,zip
transfer01.zip,subway_gate_ent.mp3,76.704,zip
transfer01.zip,subway_slow_down.mp3,24.768,zip
transfer01.zip,subway_speed_up.mp3,28.752,zip
transfer01.zip,subway_ticket_VM1.mp3,15.984,zip
transfer01.zip,subway_ticket_VM2.mp3,33.46366666666667,zip
transfer01.zip,taking_off1.mp3,70.0698185941043,zip
transfer01.zip,taking_off2.mp3,540.3552380952381,zip
transfer01.zip,ticket_vdg_machine.mp3,17.688,zip
transfer01.zip,toll_bar.mp3,25.129795918367346,zip
transfer01.zip,train_pass_by1.mp3,14.262857142857143,zip
transfer01.zip,train_pass_by2.mp3,112.53551020408163,zip
transfer01.zip,train_pass_by3.mp3,74.34448979591836,zip
transfer01.zip,train_pass_by4.mp3,144.16979591836736,zip
transfer01.zip,train_start1.mp3,29.424,zip
transfer01.zip,train_start2.mp3,41.016979166666665,zip
transfer01.zip,unlock_ring_lock.mp3,1.8719274376417234,zip
cooking01.zip,bake_in_oven.mp3,25.488,zip
cooking01.zip,boiling_kettle.mp3,31.161179138321994,zip
cooking01.zip,clear_dishes1.mp3,6.817097505668934,zip
cooking01.zip,clear_dishes2.mp3,24.722403628117913,zip
cooking01.zip,clear_dishes3.mp3,5.49734693877551,zip
cooking01.zip,clear_dishes4.mp3,1.8191836734693878,zip
cooking01.zip,clear_dishes5.mp3,4.582607709750567,zip
cooking01.zip,close_cupboard.mp3,0.864,zip
cooking01.zip,close_fridge1.mp3,1.224,zip
cooking01.zip,close_fridge2.mp3,1.0821541950113378,zip
cooking01.zip,close_microwave.mp3,0.816,zip
cooking01.zip,close_rice_cooker1.mp3,3.083061224489796,zip
cooking01.zip,close_rice_cooker2.mp3,0.792,zip
cooking01.zip,cl_alum_cap_bot.mp3,2.1299319727891155,zip
cooking01.zip,cl_dish_drawer.mp3,0.888,zip
cooking01.zip,cl_electric_kettle.mp3,1.5922448979591837,zip
cooking01.zip,cl_fridge_drawer3.mp3,1.32,zip
cooking01.zip,cl_fridge_drawer4.mp3,1.7167573696145124,zip
cooking01.zip,cl_inst_coff_jar1.mp3,1.2084580498866213,zip
cooking01.zip,cl_inst_coff_jar2.mp3,1.0539909297052155,zip
cooking01.zip,cl_thermos_bot.mp3,3.480907029478458,zip
cooking01.zip,cover_pot_stew.mp3,16.128,zip
cooking01.zip,crack_egg1.mp3,4.31108843537415,zip
cooking01.zip,crack_egg2.mp3,4.0751020408163265,zip
cooking01.zip,crack_egg3.mp3,1.0627437641723356,zip
cooking01.zip,crack_egg4.mp3,1.5004761904761905,zip
cooking01.zip,cut_burdock_root.mp3,7.92453514739229,zip
cooking01.zip,cut_cabbage.mp3,0.456,zip
cooking01.zip,cut_green_pepper1.mp3,1.0765759637188208,zip
cooking01.zip,cut_green_pepper2.mp3,1.192721088435374,zip
cooking01.zip,cut_green_pepper3.mp3,36.33267573696145,zip
cooking01.zip,cut_green_pepper4.mp3,86.32714285714286,zip
cooking01.zip,cut_Napa_cabbage.mp3,0.3529583333333333,zip
cooking01.zip,cut_onion1.mp3,0.48,zip
cooking01.zip,cut_onion2.mp3,1.848,zip
cooking01.zip,cut_onion3.mp3,0.9849791666666666,zip
cooking01.zip,cut_onion_cont.mp3,4.56,zip
cooking01.zip,cut_onion_speedily.mp3,3.648,zip
cooking01.zip,cut_plastic_wrap.mp3,1.5105215419501135,zip
cooking01.zip,cut_potato.mp3,7.555170068027211,zip
cooking01.zip,cut_potato_slowly.mp3,16.811655328798185,zip
cooking01.zip,efrigerater2_O.mp3,1.01281179138322,zip
cooking01.zip,electric_kettle1.mp3,27.02795918367347,zip
cooking01.zip,electric_kettle2.mp3,17.578344671201815,zip
cooking01.zip,fry_potatoes.mp3,32.986938775510204,zip
cooking01.zip,fry_wiener_sausage.mp3,34.61022675736962,zip
cooking01.zip,grated_radish1.mp3,6.030068027210884,zip
cooking01.zip,grated_radish2.mp3,9.429773242630386,zip
cooking01.zip,in_fridge1.mp3,4.536,zip
cooking01.zip,in_fridge2.mp3,4.128,zip
cooking01.zip,kitchen_timer.mp3,16.089410430839003,zip
cooking01.zip,kitchen_vent_fan.mp3,31.32,zip
cooking01.zip,kit_timer_beep.mp3,0.18315192743764172,zip
cooking01.zip,knife_on_board.mp3,0.8848752834467121,zip
cooking01.zip,lift_kitchen_knife.mp3,0.7467573696145124,zip
cooking01.zip,melt_butter_pan.mp3,7.020521541950114,zip
cooking01.zip,microwave1.mp3,21.144,zip
cooking01.zip,microwave2.mp3,25.207104166666667,zip
cooking01.zip,microwave3.mp3,6.086375,zip
cooking01.zip,microwave4.mp3,32.1734375,zip
cooking01.zip,mix_egg1.mp3,12.700453514739229,zip
cooking01.zip,mix_egg2.mp3,7.940136054421768,zip
cooking01.zip,mix_egg3.mp3,9.398526077097506,zip
cooking01.zip,mix_egg4.mp3,7.813424036281179,zip
cooking01.zip,open_dishwasher.mp3,1.2764625850340137,zip
cooking01.zip,open_fridge1.mp3,2.184,zip
cooking01.zip,open_fridge2.mp3,1.6075283446712019,zip
cooking01.zip,open_microwave1.mp3,0.984,zip
cooking01.zip,open_microwave2.mp3,0.9369791666666667,zip
cooking01.zip,open_rice_cooker1.mp3,5.571927437641723,zip
cooking01.zip,open_rice_cooker2.mp3,1.248,zip
cooking01.zip,op_alum_cap_bot.mp3,2.520702947845805,zip
cooking01.zip,op_electric_kettle.mp3,1.0704988662131518,zip
cooking01.zip,op_electric_oven.mp3,1.776,zip
cooking01.zip,op_fridge_drawer3.mp3,1.32,zip
cooking01.zip,op_fridge_drawer4.mp3,1.6075283446712019,zip
cooking01.zip,op_inst_coff_jar.mp3,0.36299319727891155,zip
cooking01.zip,op_pull_tab_can.mp3,2.62140589569161,zip
cooking01.zip,pan_fry_bacon.mp3,15.49655328798186,zip
cooking01.zip,pan_fry_steak1.mp3,56.540181405895694,zip
cooking01.zip,pan_fry_steak2.mp3,30.47532879818594,zip
cooking01.zip,pan_fry_steak3.mp3,43.72469387755102,zip
cooking01.zip,put_bottles_away.mp3,18.018684807256236,zip
cooking01.zip,put_cups_away.mp3,16.10260770975057,zip
cooking01.zip,put_kitchen_knife.mp3,0.9892290249433107,zip
cooking01.zip,put_rice_in_pot1.mp3,1.7568027210884354,zip
cooking01.zip,put_rice_in_pot2.mp3,2.1971655328798185,zip
cooking01.zip,put_rice_in_pot3.mp3,1.0223809523809524,zip
cooking01.zip,put_rice_in_pot4.mp3,1.3628571428571428,zip
cooking01.zip,put_water_in_pot1.mp3,11.81328798185941,zip
cooking01.zip,put_water_in_pot2.mp3,8.161201814058957,zip
cooking01.zip,remove_lid_stew.mp3,14.856,zip
cooking01.zip,seasoning_lid1.mp3,0.2595011337868481,zip
cooking01.zip,seasoning_lid2.mp3,0.30365079365079367,zip
cooking01.zip,seasoning_lid3.mp3,0.43517006802721087,zip
cooking01.zip,seasoning_lid4.mp3,0.6103854875283447,zip
cooking01.zip,set_kitchen_timer.mp3,2.960952380952381,zip
cooking01.zip,shave_burdock_root1.mp3,52.14600907029479,zip
cooking01.zip,shave_burdock_root2.mp3,13.081451247165534,zip
cooking01.zip,simmer.mp3,16.224,zip
cooking01.zip,stack_dishes.mp3,0.7149433106575964,zip
cooking01.zip,stir_fry.mp3,44.93061224489796,zip
cooking01.zip,stir_fry_vegetables.mp3,41.40117913832199,zip
cooking01.zip,toaster.mp3,1.368,zip
cooking01.zip,t_on_gas_stove1.mp3,18.624,zip
cooking01.zip,t_on_gas_stove2.mp3,7.650839002267574,zip
cooking01.zip,t_on_gas_stove3.mp3,10.128,zip
cooking01.zip,uncork_bottle1.mp3,0.7994557823129251,zip
cooking01.zip,uncork_bottle2.mp3,0.39564625850340135,zip
cooking01.zip,wash_dishes1.mp3,59.808,zip
cooking01.zip,wash_dishes2.mp3,249.31267573696144,zip
cooking01.zip,water_into_kettle.mp3,13.2,zip
cooking01.zip,water_into_pot1.mp3,6.953922902494331,zip
cooking01.zip,water_into_pot2.mp3,8.15267573696145,zip
cooking01.zip,water_into_pot3.mp3,10.070521541950113,zip
pc01.zip,camera_cont_shoot1.mp3,11.599770833333332,zip
pc01.zip,camera_cont_shoot2.mp3,16.337791666666668,zip
pc01.zip,camera_cont_shoot3.mp3,7.024036281179138,zip
pc01.zip,camera_shoot1a.mp3,1.7099166666666668,zip
pc01.zip,camera_shoot1b.mp3,0.7648541666666666,zip
pc01.zip,camera_shoot2.mp3,0.3410657596371882,zip
pc01.zip,click.mp3,0.312,zip
pc01.zip,clicks.mp3,3.685,zip
pc01.zip,close_disk_tray1.mp3,2.2551875,zip
pc01.zip,close_disk_tray2.mp3,18.00102083333333,zip
pc01.zip,continuous_print.mp3,24.315600907029477,zip
pc01.zip,duble_click.mp3,0.624,zip
pc01.zip,eject_disk1.mp3,8.409501133786849,zip
pc01.zip,eject_disk2.mp3,1.3506349206349206,zip
pc01.zip,eject_disk_tray.mp3,1.9377291666666667,zip
pc01.zip,focus_camera.mp3,0.4319375,zip
pc01.zip,high_speed_print.mp3,20.62108843537415,zip
pc01.zip,humming_noise.mp3,5.04165,zip
pc01.zip,new_printer.mp3,11.009478458049887,zip
pc01.zip,old_camera_shoot3.mp3,2.124625850340136,zip
pc01.zip,old_printer.mp3,37.2,zip
pc01.zip,plug_in_USB1.mp3,0.43622916666666667,zip
pc01.zip,plug_in_USB2.mp3,0.43175,zip
pc01.zip,plug_in_USB3.mp3,1.42375,zip
pc01.zip,press_enter1.mp3,0.216,zip
pc01.zip,press_enter2.mp3,0.1663125,zip
pc01.zip,press_enter3.mp3,4.048479166666667,zip
pc01.zip,put_disc_in_drive1.mp3,22.735102040816326,zip
pc01.zip,put_disc_in_drive2.mp3,1.3554648526077098,zip
pc01.zip,scaner1.mp3,15.010430839002268,zip
pc01.zip,scaner2.mp3,26.541043083900227,zip
pc01.zip,speed_cont_print.mp3,43.929637188208616,zip
pc01.zip,take_off_headphones1.mp3,1.3231666666666666,zip
pc01.zip,take_off_headphones2.mp3,0.6266666666666667,zip
pc01.zip,tiny_server_room.mp3,60.10580498866213,zip
pc01.zip,type_in1.mp3,13.358458333333333,zip
pc01.zip,type_in2.mp3,60.166333333333334,zip
pc01.zip,type_in3.mp3,29.0664375,zip
pc01.zip,type_in4.mp3,11.809354166666667,zip
pc01.zip,type_in5.mp3,14.34525,zip
pc01.zip,unplug_USB1.mp3,0.6392916666666667,zip
pc01.zip,unplug_USB2.mp3,0.5985833333333334,zip
pc01.zip,unplug_USB3.mp3,0.4579375,zip
pc01.zip,wear_headphones1.mp3,0.86175,zip
pc01.zip,wear_headphones2.mp3,0.47110416666666666,zip
wetarea01.zip,bathing1.mp3,15.624,zip
wetarea01.zip,bathing2.mp3,15.624,zip
wetarea01.zip,bathing3.mp3,24.87251700680272,zip
wetarea01.zip,drain_bathtub.mp3,5.108480725623583,zip
wetarea01.zip,drain_washbasin.mp3,9.312154195011338,zip
wetarea01.zip,drip_down1.mp3,70.26324263038549,zip
wetarea01.zip,drops_on_bowl1.mp3,50.82263038548753,zip
wetarea01.zip,drops_on_bowl2.mp3,18.039954648526077,zip
wetarea01.zip,drops_on_bowl3.mp3,3.32469387755102,zip
wetarea01.zip,drops_on_plate1.mp3,61.27006802721088,zip
wetarea01.zip,drops_on_plate2.mp3,4.084671201814059,zip
wetarea01.zip,drops_on_sink1.mp3,60.965873015873015,zip
wetarea01.zip,drops_on_sink2.mp3,3.208730158730159,zip
wetarea01.zip,filling_washbasin1.mp3,23.18873015873016,zip
wetarea01.zip,filling_washbasin2.mp3,27.257913832199545,zip
wetarea01.zip,flush_in_old_toilet1.mp3,15.264,zip
wetarea01.zip,flush_in_old_toilet2.mp3,7.104,zip
wetarea01.zip,flush_in_toilet1.mp3,9.5450625,zip
wetarea01.zip,flush_in_toilet2.mp3,34.2293125,zip
wetarea01.zip,flush_in_toilet3.mp3,16.49425,zip
wetarea01.zip,get_off_scale.mp3,3.24,zip
wetarea01.zip,get_on_scale.mp3,2.88,zip
wetarea01.zip,get_out_of_bath.mp3,9.238548752834467,zip
wetarea01.zip,hands_with_towel.mp3,3.967142857142857,zip
wetarea01.zip,Japanese_toilet.mp3,20.832,zip
wetarea01.zip,leaking_shower1.mp3,60.74294784580499,zip
wetarea01.zip,leaking_shower2.mp3,60.7421768707483,zip
wetarea01.zip,leaking_shower3.mp3,60.11238095238095,zip
wetarea01.zip,leaking_washbasin1.mp3,61.72789115646258,zip
wetarea01.zip,leaking_washbasin2.mp3,4.115192743764172,zip
wetarea01.zip,lift_toilet_lid.mp3,0.46811791383219953,zip
wetarea01.zip,lower_toilet_lid.mp3,0.7771655328798186,zip
wetarea01.zip,shower.mp3,15.144,zip
wetarea01.zip,splash_water.mp3,17.08988662131519,zip
wetarea01.zip,take_bath.mp3,4.990770975056689,zip
wetarea01.zip,toilet_paper1.mp3,3.438027210884354,zip
wetarea01.zip,toilet_paper2.mp3,1.8697278911564625,zip
wetarea01.zip,toilet_paper3.mp3,0.910907029478458,zip
wetarea01.zip,turn_off_water.mp3,4.999501133786848,zip
wetarea01.zip,turn_on_off_water.mp3,5.650770975056689,zip
wetarea01.zip,turn_on_water.mp3,3.583219954648526,zip
wetarea01.zip,washbasin.mp3,7.176,zip
wetarea01.zip,water_into_sink1.mp3,5.071632653061225,zip
wetarea01.zip,water_into_sink2.mp3,7.992630385487528,zip
wetarea01.zip,water_in_bath1.mp3,23.394104308390023,zip
wetarea01.zip,water_in_bath2.mp3,83.7418820861678,zip
wetarea01.zip,water_in_bath3.mp3,51.57829931972789,zip
wetarea01.zip,water_in_bath4.mp3,64.6443537414966,zip
wetarea01.zip,water_leak_drip.mp3,15.623990929705215,zip
electric01.zip,0_dialing_sound.mp3,0.13024943310657597,zip
electric01.zip,1_dialing_sound.mp3,0.15709750566893424,zip
electric01.zip,2_dialing_sound.mp3,0.13024943310657597,zip
electric01.zip,3_dialing_sound.mp3,0.1306122448979592,zip
electric01.zip,4_dialing_sound.mp3,0.13024943310657597,zip
electric01.zip,5_dialing_sound.mp3,0.13024943310657597,zip
electric01.zip,6_dialing_sound.mp3,0.1306122448979592,zip
electric01.zip,7_dialing_sound.mp3,0.1306122448979592,zip
electric01.zip,8_dialing_sound.mp3,0.13024943310657597,zip
electric01.zip,9_dialing_sound.mp3,0.13024943310657597,zip
electric01.zip,alarm_clock_ring.mp3,16.104,zip
electric01.zip,asterisk_dialing.mp3,0.13024943310657597,zip
electric01.zip,batts_from_clicker2.mp3,1.66175,zip
electric01.zip,batts_into_clicker2a.mp3,2.5466458333333333,zip
electric01.zip,batts_into_clicker2b.mp3,4.406083333333333,zip
electric01.zip,batt_from_clicker1.mp3,0.7520416666666667,zip
electric01.zip,batt_from_clicker3.mp3,3.1810416666666668,zip
electric01.zip,batt_into_clicker1a.mp3,0.9297291666666667,zip
electric01.zip,batt_into_clicker1b.mp3,2.9037083333333333,zip
electric01.zip,busy_tone.mp3,8.426643990929705,zip
electric01.zip,call_speed_dial.mp3,9.94095238095238,zip
electric01.zip,clock_ticking.mp3,12.096,zip
electric01.zip,clock_tick_1min.mp3,60.009375,zip
electric01.zip,clock_tick_in_hall.mp3,12.096,zip
electric01.zip,color_bar_signal.mp3,6.086530612244898,zip
electric01.zip,dialing1.mp3,2.5861224489795918,zip
electric01.zip,dialing2.mp3,1.8285714285714285,zip
electric01.zip,dial_ringback_tone.mp3,13.776,zip
electric01.zip,dial_tone.mp3,10.057142857142857,zip
electric01.zip,electric_shaver.mp3,10.104,zip
electric01.zip,fan.mp3,19.728,zip
electric01.zip,fan_rotation.mp3,29.904,zip
electric01.zip,hang_up_phone.mp3,0.696,zip
electric01.zip,hash_dialing.mp3,0.13024943310657597,zip
electric01.zip,install_light_bulb.mp3,5.056575963718821,zip
electric01.zip,mobile_vibration1.mp3,5.352,zip
electric01.zip,mobile_vibration2.mp3,3.936,zip
electric01.zip,pick_up_handset.mp3,0.552,zip
electric01.zip,plug_into.mp3,1.1958956916099772,zip
electric01.zip,remove_light_bulb.mp3,4.78671201814059,zip
electric01.zip,ringback_tone.mp3,9.91325,zip
electric01.zip,set_alarm_clock.mp3,4.788956916099774,zip
electric01.zip,sewing_machine1.mp3,13.627913832199546,zip
electric01.zip,sewing_machine2.mp3,21.543537414965986,zip
electric01.zip,speed_dialing3.mp3,1.4852380952380952,zip
electric01.zip,tune_in_radio.mp3,8.962902494331066,zip
electric01.zip,turn_off_breaker.mp3,0.567687074829932,zip
electric01.zip,t_off_fluorescent.mp3,1.992,zip
electric01.zip,t_on_fluorescent1.mp3,0.744,zip
electric01.zip,t_on_fluorescent2.mp3,2.808,zip
electric01.zip,unplug.mp3,0.6025850340136054,zip
electric01.zip,vacuum_cleaner1.mp3,12.312,zip
electric01.zip,vacuum_cleaner2.mp3,12.312,zip
electric01.zip,wall_switch1.mp3,0.288,zip
electric01.zip,wall_switch2.mp3,0.7274603174603175,zip
electric01.zip,washer.mp3,17.352,zip
electric01.zip,washer_dehydration.mp3,132.816,zip
electric01.zip,women_hair_dryer.mp3,44.52789115646259,zip
tokyo01.zip,airport_info_sound.mp3,3.397687074829932,zip
tokyo01.zip,Akihabara_street.mp3,413.62750566893425,zip
tokyo01.zip,ap_shuttle_bus1.mp3,1228.9174149659864,zip
tokyo01.zip,ap_shuttle_bus2.mp3,364.2938095238095,zip
tokyo01.zip,AsakusaTemple1.mp3,324.92156462585035,zip
tokyo01.zip,AsakusaTemple2.mp3,337.46256235827667,zip
tokyo01.zip,AsakusaTemple3.mp3,201.10721088435375,zip
tokyo01.zip,AsakusaTemple4.mp3,665.5963038548753,zip
tokyo01.zip,Asakusa_street1.mp3,370.7473015873016,zip
tokyo01.zip,Asakusa_street2.mp3,151.75208616780046,zip
tokyo01.zip,crossing_Shinjuku1.mp3,446.56367346938777,zip
tokyo01.zip,crossing_Shinjuku2.mp3,187.60151927437641,zip
tokyo01.zip,crossing_Shinjuku3.mp3,77.82467120181406,zip
tokyo01.zip,crowded_Observatory.mp3,201.91414965986394,zip
tokyo01.zip,employee_cafeteria1.mp3,54.62444444444444,zip
tokyo01.zip,employee_cafeteria2.mp3,373.9783446712018,zip
tokyo01.zip,employee_cafeteria3.mp3,312.4298185941043,zip
tokyo01.zip,Haneda_AP1_bdgt.mp3,508.1339229024943,zip
tokyo01.zip,Haneda_AP2_bdgt.mp3,217.99342403628117,zip
tokyo01.zip,Haneda_ap_obs_deck1.mp3,411.5268027210884,zip
tokyo01.zip,Haneda_ap_obs_deck2.mp3,87.92090702947846,zip
tokyo01.zip,Keisei_Skyliner.mp3,570.2604988662132,zip
tokyo01.zip,Narita_AP1_arvl.mp3,118.13689342403629,zip
tokyo01.zip,Narita_AP1_bdgt.mp3,242.23056689342403,zip
tokyo01.zip,Narita_AP2_arvl.mp3,134.15637188208618,zip
tokyo01.zip,Narita_AP2_bdgt.mp3,334.3673469387755,zip
tokyo01.zip,Narita_AP3_arvl.mp3,90.489410430839,zip
tokyo01.zip,Narita_Ap_St1.mp3,313.83807256235826,zip
tokyo01.zip,Narita_Ap_St2.mp3,172.6808843537415,zip
tokyo01.zip,Narita_Express1.mp3,550.5443537414966,zip
tokyo01.zip,Narita_Express2.mp3,120.57809523809524,zip
tokyo01.zip,pass_ticket_gate.mp3,0.6841723356009071,zip
tokyo01.zip,Shinjuku_BD_evg1.mp3,130.8948299319728,zip
tokyo01.zip,Shinjuku_BD_evg2.mp3,159.84408163265306,zip
tokyo01.zip,Shinjuku_BD_morn.mp3,597.20641723356,zip
tokyo01.zip,Shinjuku_BD_night.mp3,951.0836507936508,zip
tokyo01.zip,Shinjuku_Keio_St.mp3,242.29185941043085,zip
tokyo01.zip,Shinjuku_St1_evg.mp3,109.22666666666667,zip
tokyo01.zip,Shinjuku_St2_evg.mp3,625.5210657596372,zip
tokyo01.zip,Shinjuku_St3_evg.mp3,283.5115646258503,zip
tokyo01.zip,Shinjuku_St4_evg.mp3,960.5218367346939,zip
tokyo01.zip,Shinjuku_St5_evg.mp3,531.5279138321996,zip
tokyo01.zip,Shinjuku_St_back.mp3,748.4393424036281,zip
tokyo01.zip,Shinjuku_St_morn.mp3,331.4015873015873,zip
tokyo01.zip,Tokyo_St1_morn.mp3,223.05986394557823,zip
tokyo01.zip,Tokyo_St2_morn.mp3,446.5661678004535,zip
tokyo01.zip,Tokyo_St3_morn.mp3,356.33244897959185,zip
tokyo01.zip,Tokyo_St4_morn.mp3,470.2935827664399,zip
tokyo01.zip,Tokyo_St_evg.mp3,1063.8484807256236,zip
tokyo01.zip,Ueno_zoo1.mp3,338.6127437641723,zip
tokyo01.zip,Ueno_zoo2.mp3,230.74560090702948,zip
tokyo01.zip,Ueno_zoo3.mp3,154.67077097505668,zip
tokyo01.zip,Ueno_zoo4.mp3,469.37655328798184,zip
tokyo01.zip,under_rwy_brdg1.mp3,359.9239229024943,zip
tokyo01.zip,under_rwy_brdg2.mp3,385.0913605442177,zip
tokyo01.zip,under_rwy_brdg3.mp3,299.1426530612245,zip
tokyo01.zip,walk_rush_hour1.mp3,360.0050113378685,zip
tokyo01.zip,walk_rush_hour2.mp3,148.4681179138322,zip
tokyo01.zip,walk_rush_hour3.mp3,244.3112244897959,zip
daily01.zip,bottles_cans.mp3,4.403520833333333,zip
daily01.zip,brushing_teeth.mp3,6.24,zip
daily01.zip,cans_in_grbg_bag.mp3,14.56185941043084,zip
daily01.zip,clean_up_glass.mp3,13.19578231292517,zip
daily01.zip,cls_back_door.mp3,3.2534920634920637,zip
daily01.zip,cls_door_light.mp3,2.4607936507936508,zip
daily01.zip,cls_door_lock.mp3,1.786077097505669,zip
daily01.zip,coin_roll.mp3,1.555736961451247,zip
daily01.zip,crash_empty_can1.mp3,1.4754875283446711,zip
daily01.zip,crash_empty_can2.mp3,1.8894331065759638,zip
daily01.zip,crash_empty_can3.mp3,1.7082086167800454,zip
daily01.zip,crash_PET1.mp3,1.5302721088435374,zip
daily01.zip,crash_PET2.mp3,2.0106575963718822,zip
daily01.zip,crash_PET3.mp3,0.7335374149659863,zip
daily01.zip,crash_PET4.mp3,1.6863718820861677,zip
daily01.zip,cup_break.mp3,1.5322448979591836,zip
daily01.zip,dig_toolbox.mp3,21.696,zip
daily01.zip,door_bell.mp3,4.848,zip
daily01.zip,door_chime0.mp3,4.032,zip
daily01.zip,door_chime1.mp3,1.0448958333333334,zip
daily01.zip,door_chime2.mp3,1.4367291666666666,zip
daily01.zip,door_chime3.mp3,5.818820861678004,zip
daily01.zip,door_chimes.mp3,3.448166666666667,zip
daily01.zip,empty_can_roll.mp3,1.968,zip
daily01.zip,empty_glass_roll.mp3,2.2663492063492066,zip
daily01.zip,fall_coin1.mp3,3.9460317460317462,zip
daily01.zip,fall_coin2.mp3,1.6719274376417232,zip
daily01.zip,from_balcony1.mp3,2.4070068027210882,zip
daily01.zip,from_balcony2.mp3,3.4899773242630387,zip
daily01.zip,glass_break.mp3,1.982267573696145,zip
daily01.zip,insert_key1.mp3,0.6741723356009071,zip
daily01.zip,lawn_mower.mp3,19.433401360544217,zip
daily01.zip,lengthen_measure1.mp3,1.0578684807256236,zip
daily01.zip,lock_wood_door1.mp3,0.696984126984127,zip
daily01.zip,lock_wood_door2.mp3,1.27297052154195,zip
daily01.zip,magic_tape.mp3,0.2924263038548753,zip
daily01.zip,mail_box1.mp3,4.728,zip
daily01.zip,mail_box2.mp3,3.942040816326531,zip
daily01.zip,mail_box_C.mp3,4.256303854875283,zip
daily01.zip,mail_box_O.mp3,8.34453514739229,zip
daily01.zip,mist_spray1.mp3,0.4084807256235828,zip
daily01.zip,mist_spray2.mp3,0.7738321995464853,zip
daily01.zip,op_back_door.mp3,2.6959863945578233,zip
daily01.zip,op_door_with_key1.mp3,2.496,zip
daily01.zip,op_door_with_key2.mp3,4.128,zip
daily01.zip,out_on_balcony1.mp3,1.183174603174603,zip
daily01.zip,out_on_balcony2.mp3,7.723854875283447,zip
daily01.zip,pencil_roll.mp3,1.8666666666666667,zip
daily01.zip,polish1.mp3,1.7229705215419502,zip
daily01.zip,polish2.mp3,1.68140589569161,zip
daily01.zip,pull_key1.mp3,0.624,zip
daily01.zip,put_glass_in_bag.mp3,2.44859410430839,zip
daily01.zip,search_in_drawer1.mp3,5.854399092970522,zip
daily01.zip,search_in_drawer2.mp3,6.092607709750567,zip
daily01.zip,shake_crisp_bag1.mp3,1.1535600907029477,zip
daily01.zip,shake_crisp_bag2.mp3,1.4682086167800454,zip
daily01.zip,shake_PET1.mp3,1.6109297052154194,zip
daily01.zip,shake_PET2.mp3,3.9886167800453514,zip
daily01.zip,shake_piggy_bank1.mp3,1.5267120181405895,zip
daily01.zip,shake_piggy_bank2.mp3,1.0100680272108844,zip
daily01.zip,shake_pill1.mp3,1.032,zip
daily01.zip,shake_pill2.mp3,1.0539455782312925,zip
daily01.zip,shake_pill3.mp3,0.888,zip
daily01.zip,shake_pill4.mp3,1.2927891156462585,zip
daily01.zip,shake_pill5.mp3,1.7273015873015873,zip
daily01.zip,shake_small_box.mp3,0.912,zip
daily01.zip,spray_long.mp3,5.712,zip
daily01.zip,spray_short.mp3,1.9929791666666667,zip
daily01.zip,sweep1.mp3,6.4399319727891156,zip
daily01.zip,sweep2.mp3,12.348095238095238,zip
daily01.zip,throw_away_can1.mp3,1.0293877551020407,zip
daily01.zip,throw_away_can2.mp3,0.8452154195011338,zip
daily01.zip,throw_away_can3.mp3,0.6638775510204081,zip
daily01.zip,trample_PET1.mp3,0.9987074829931972,zip
daily01.zip,trample_PET2.mp3,1.8946031746031746,zip
daily01.zip,turn_balcony_key.mp3,0.6715192743764172,zip
daily01.zip,turn_classic_key1.mp3,0.8500680272108844,zip
daily01.zip,turn_classic_key2.mp3,1.0022222222222221,zip
daily01.zip,turn_key1.mp3,0.3657142857142857,zip
daily01.zip,turn_key2.mp3,0.3004375,zip
daily01.zip,turn_key3.mp3,1.273625,zip
daily01.zip,turn_key4.mp3,1.2618367346938775,zip
daily01.zip,turn_key5.mp3,0.9634240362811791,zip
daily01.zip,turn_key6.mp3,2.315056689342404,zip
daily01.zip,turn_screwdriver.mp3,7.392,zip
daily01.zip,wring_out_rag.mp3,9.17015873015873,zip
daily01.zip,zipper1.mp3,1.56,zip
daily01.zip,zipper2.mp3,1.2,zip
daily01.zip,zipper3.mp3,0.8398412698412698,zip
sports01.zip,badminton1.mp3,125.57351473922903,zip
sports01.zip,badminton2.mp3,73.56081632653061,zip
sports01.zip,badminton3.mp3,62.69387755102041,zip
sports01.zip,badminton4.mp3,25.797369614512473,zip
sports01.zip,basketball_buzzer1.mp3,1.7341043083900227,zip
sports01.zip,basketball_buzzer2.mp3,1.865827664399093,zip
sports01.zip,basketball_training1.mp3,98.54875283446712,zip
sports01.zip,basketball_training2.mp3,83.98086167800453,zip
sports01.zip,basketball_training3.mp3,34.175170068027214,zip
sports01.zip,bb_dribbling.mp3,18.263650793650793,zip
sports01.zip,bb_shooting.mp3,11.267278911564626,zip
sports01.zip,boxing1.mp3,181.8360625,zip
sports01.zip,boxing3.mp3,181.9820625,zip
sports01.zip,boys_baseball1.mp3,22.981950113378684,zip
sports01.zip,boys_baseball2.mp3,50.61950113378685,zip
sports01.zip,boys_baseball3.mp3,30.418140589569163,zip
sports01.zip,class_door1.mp3,1.9517233560090703,zip
sports01.zip,class_door2.mp3,2.818299319727891,zip
sports01.zip,crowded_sch_gym1.mp3,67.88353741496599,zip
sports01.zip,crowded_sch_gym2.mp3,27.956825396825398,zip
sports01.zip,dinner_chime.mp3,3.5830385487528345,zip
sports01.zip,dodge_ball.mp3,0.483968253968254,zip
sports01.zip,ending_bell.mp3,2.5121315192743765,zip
sports01.zip,exciting_fight1.mp3,181.91397916666668,zip
sports01.zip,exciting_fight2.mp3,182.36725,zip
sports01.zip,exciting_fight3.mp3,200.5119375,zip
sports01.zip,finishing_bell.mp3,3.9447916666666667,zip
sports01.zip,Jpn_sch_chime.mp3,14.304,zip
sports01.zip,Kendo_spectator1.mp3,39.62485260770975,zip
sports01.zip,Kendo_spectator2.mp3,25.44907029478458,zip
sports01.zip,mens_Judo1.mp3,43.075215419501134,zip
sports01.zip,mens_Judo2.mp3,60.148866213151926,zip
sports01.zip,mens_Kendo1.mp3,71.42458049886622,zip
sports01.zip,mens_Kendo2.mp3,66.2465306122449,zip
sports01.zip,mens_Kendo3.mp3,83.9633560090703,zip
sports01.zip,mens_Kendo4.mp3,176.6574149659864,zip
sports01.zip,mens_Kendo5.mp3,240.5122902494331,zip
sports01.zip,mens_vb1.mp3,40.259138321995465,zip
sports01.zip,mens_vb2.mp3,106.03541950113379,zip
sports01.zip,mens_vb3.mp3,19.23269841269841,zip
sports01.zip,mens_vb4.mp3,59.242448979591835,zip
sports01.zip,men_basketball1.mp3,129.35231292517005,zip
sports01.zip,men_basketball2.mp3,122.57852607709751,zip
sports01.zip,men_basketball3.mp3,94.28714285714285,zip
sports01.zip,ping_pong1.mp3,81.907875,zip
sports01.zip,pupil1.mp3,28.2,zip
sports01.zip,pupil2.mp3,41.352,zip
sports01.zip,school_exam.mp3,28.51031746031746,zip
sports01.zip,school_ground_kids.mp3,70.29747916666666,zip
sports01.zip,shrill_whistle1.mp3,2.2084580498866213,zip
sports01.zip,shrill_whistle2.mp3,1.9731972789115646,zip
sports01.zip,shrill_whistle3.mp3,2.1104761904761906,zip
sports01.zip,shrill_whistle4.mp3,3.1115419501133785,zip
sports01.zip,shrill_whistle5.mp3,1.2061224489795919,zip
sports01.zip,shrill_whistle6.mp3,0.9603401360544218,zip
sports01.zip,slide_tackle1.mp3,1.8217233560090702,zip
sports01.zip,slide_tackle2.mp3,5.604535147392291,zip
sports01.zip,soccer_spectator.mp3,82.401179138322,zip
sports01.zip,starting_bell.mp3,2.016020833333333,zip
sports01.zip,stopwatch1.mp3,0.45439909297052156,zip
sports01.zip,stopwatch2.mp3,0.6667573696145125,zip
sports01.zip,tko_bell.mp3,4.253958333333333,zip
sports01.zip,vb_women.mp3,121.84102040816326,zip
sports01.zip,wire_mesh.mp3,1.352562358276644,zip
sports01.zip,womens_cheer.mp3,6.919546485260771,zip
sports01.zip,womens_Kendo1.mp3,264.4926984126984,zip
sports01.zip,womens_Kendo2.mp3,67.43074829931973,zip
sports01.zip,womens_Kendo3.mp3,57.492607709750565,zip
sports01.zip,womens_vb1.mp3,102.7225850340136,zip
sports01.zip,womens_vb2.mp3,260.31310657596373,zip
sports01.zip,womens_vb3.mp3,167.14884353741496,zip
sports01.zip,womens_vb4.mp3,91.39374149659864,zip
sports01.zip,womens_vb5.mp3,85.44943310657597,zip
us01.zip,afternoon_MH.mp3,181.44090702947847,zip
us01.zip,airport_cafe.mp3,87.93566666666666,zip
us01.zip,airport_NY.mp3,199.48399092970521,zip
us01.zip,ambulance_NY1.mp3,60.71562358276644,zip
us01.zip,ambulance_NY2.mp3,186.61260770975056,zip
us01.zip,American_bird1.mp3,0.8792291666666666,zip
us01.zip,bathroom_sw1.mp3,0.3005668934240363,zip
us01.zip,bathroom_sw2.mp3,0.3856689342403628,zip
us01.zip,bathroom_water.mp3,9.892721088435374,zip
us01.zip,bus_NY1.mp3,134.3649375,zip
us01.zip,bus_NY2.mp3,79.4323125,zip
us01.zip,bus_NY3.mp3,91.575875,zip
us01.zip,bus_NY4.mp3,135.04970833333334,zip
us01.zip,cardkey.mp3,1.5212244897959184,zip
us01.zip,centralpark.mp3,101.64390022675737,zip
us01.zip,downtown_MH.mp3,312.48773242630386,zip
us01.zip,emergent_night1.mp3,56.05297052154195,zip
us01.zip,emergent_night2.mp3,57.854399092970525,zip
us01.zip,escalator_NY.mp3,47.032380952380954,zip
us01.zip,FDNY.mp3,35.33392290249433,zip
us01.zip,flight_announce.mp3,108.9050566893424,zip
us01.zip,hotel_door.mp3,1.1519727891156462,zip
us01.zip,hotel_drawer1cl.mp3,1.9800907029478458,zip
us01.zip,hotel_drawer1op.mp3,1.2360997732426304,zip
us01.zip,hotel_drawer2cl.mp3,2.6658503401360543,zip
us01.zip,hotel_drawer2op.mp3,1.17156462585034,zip
us01.zip,hotel_elevator.mp3,33.447278911564624,zip
us01.zip,hotel_entrance0.mp3,79.59201814058957,zip
us01.zip,hotel_entrance1.mp3,97.33478458049886,zip
us01.zip,hotel_entrance2.mp3,138.02115646258503,zip
us01.zip,hotel_heating1.mp3,8.503401360544217,zip
us01.zip,hotel_heating2.mp3,20.243854875283446,zip
us01.zip,hotel_toilet.mp3,6.464784580498867,zip
us01.zip,intersection_MH1.mp3,103.87646258503402,zip
us01.zip,intersection_MH2.mp3,142.60732426303855,zip
us01.zip,into_room.mp3,14.618979591836736,zip
us01.zip,int_airplane1.mp3,92.36573696145125,zip
us01.zip,int_airplane2.mp3,124.68333333333334,zip
us01.zip,int_airplane3.mp3,214.37866213151926,zip
us01.zip,met_museum.mp3,311.35324263038547,zip
us01.zip,morning_MH1.mp3,146.96013605442178,zip
us01.zip,morning_MH2.mp3,103.2475283446712,zip
us01.zip,night_MH0.mp3,170.64272108843537,zip
us01.zip,night_MH1.mp3,263.39560090702946,zip
us01.zip,night_MH2.mp3,212.6502947845805,zip
us01.zip,night_MH3.mp3,209.6740589569161,zip
us01.zip,night_MH4.mp3,63.21632653061224,zip
us01.zip,night_siren1.mp3,130.38038548752834,zip
us01.zip,night_siren2.mp3,87.07886621315193,zip
us01.zip,old_lightswitch1.mp3,0.26405895691609976,zip
us01.zip,old_lightswitch2.mp3,0.46904761904761905,zip
us01.zip,outside_PennSt.mp3,298.9049433106576,zip
us01.zip,out_room.mp3,12.432698412698413,zip
us01.zip,Penn_St1.mp3,67.55351473922903,zip
us01.zip,Penn_St2.mp3,50.276598639455784,zip
us01.zip,Penn_subwaySt1.mp3,276.0155555555556,zip
us01.zip,Penn_subwaySt2.mp3,210.74691609977324,zip
us01.zip,ship_whistle.mp3,37.19655328798186,zip
us01.zip,shower_curtain.mp3,2.2628344671201814,zip
us01.zip,street_MH1.mp3,94.65916099773243,zip
us01.zip,street_MH2.mp3,179.83045351473922,zip
us01.zip,street_MH3.mp3,295.8992517006803,zip
us01.zip,street_MH4.mp3,205.43013605442178,zip
us01.zip,St_announce.mp3,91.16979591836734,zip
us01.zip,subway_express.mp3,404.6565306122449,zip
us01.zip,subway_MH.mp3,270.7003174603175,zip
us01.zip,subway_st1.mp3,57.46281179138322,zip
us01.zip,subway_st2.mp3,185.4822448979592,zip
us01.zip,subway_st3.mp3,87.26975056689342,zip
us01.zip,trans_passage.mp3,39.139,zip
us01.zip,walking_MH1.mp3,335.31201814058954,zip
us01.zip,walking_MH2.mp3,162.0907709750567,zip
us01.zip,walking_st1.mp3,82.40761904761905,zip
us01.zip,walking_st2.mp3,56.744240362811794,zip
sample_noise.zip,air_conditioner1.mp3,4.911020408163266,zip
sample_noise.zip,air_conditioner2.mp3,3.1346938775510202,zip
sample_noise.zip,atmosphere_noise1.mp3,3.030204081632653,zip
sample_noise.zip,atmosphere_noise2.mp3,3.0563265306122447,zip
sample_noise.zip,atmosphere_noise3.mp3,3.030204081632653,zip
sample_noise.zip,atmosphere_noise4.mp3,3.0040816326530613,zip
sample_noise.zip,base_noise1.mp3,3.0563265306122447,zip
sample_noise.zip,base_noise2.mp3,3.082448979591837,zip
sample_noise.zip,bg_white_noise1.mp3,3.0563265306122447,zip
sample_noise.zip,bg_white_noise2.mp3,3.0040816326530613,zip
sample_noise.zip,bg_white_noise3.mp3,3.030204081632653,zip
sample_noise.zip,bg_white_noise4.mp3,3.0040816326530613,zip
sample_noise.zip,bg_white_noise5.mp3,3.030204081632653,zip
sample_noise.zip,bg_white_noise6.mp3,3.0563265306122447,zip
sample_noise.zip,electrical_noise1.mp3,3.944489795918367,zip
sample_noise.zip,electrical_noise2.mp3,3.6048979591836736,zip
sample_noise.zip,electrical_noise3.mp3,3.6310204081632653,zip
sample_noise.zip,electrical_noise4.mp3,3.657142857142857,zip
sample_noise.zip,frige_noise1.mp3,3.8922448979591837,zip
sample_noise.zip,frige_noise2.mp3,3.84,zip
sample_noise.zip,frige_noise3.mp3,5.067755102040817,zip
sample_noise.zip,microphone_noise.mp3,6.599637188208617,zip
sample_noise.zip,radio_noise1.mp3,3.030204081632653,zip
sample_noise.zip,radio_noise2.mp3,3.030204081632653,zip
sample_noise.zip,radio_noise3.mp3,3.0040816326530613,zip
sample_noise.zip,radio_noise4.mp3,3.0040816326530613,zip
sample_noise.zip,tv_noise1.mp3,3.6310204081632653,zip
sample_noise.zip,tv_noise2.mp3,3.3959183673469386,zip
sample_noise.zip,tv_noise3.mp3,3.030204081632653,zip
sample_noise.zip,tv_noise4.mp3,3.0040816326530613,zip
daily02.zip,ballpoint_pen.mp3,0.24666666666666667,zip
daily02.zip,break_cardboard1.mp3,3.7993650793650793,zip
daily02.zip,break_cardboard2.mp3,1.3266439909297052,zip
daily02.zip,break_cardboard3.mp3,1.869047619047619,zip
daily02.zip,cap_pen.mp3,0.6507482993197279,zip
daily02.zip,chair_on_wall1.mp3,0.7483673469387755,zip
daily02.zip,chair_on_wall2.mp3,1.1982766439909298,zip
daily02.zip,chair_with_wheels.mp3,1.6803401360544217,zip
daily02.zip,clink_my_change.mp3,1.584,zip
daily02.zip,clink_my_keys.mp3,1.584,zip
daily02.zip,close_dictionary.mp3,0.3558049886621315,zip
daily02.zip,close_umbrella.mp3,9.383,zip
daily02.zip,crumpled_nws_ppr.mp3,3.8997959183673467,zip
daily02.zip,crumpled_paper1.mp3,4.330521541950113,zip
daily02.zip,crumpled_paper2.mp3,4.25437641723356,zip
daily02.zip,crumpled_paper3.mp3,8.675487528344672,zip
daily02.zip,cut_cord.mp3,0.48811791383219955,zip
daily02.zip,drain_droplets_umbr.mp3,3.3335416666666666,zip
daily02.zip,draw_with_maker.mp3,29.961791383219953,zip
daily02.zip,empty_wn_bottles1.mp3,1.0096145124716553,zip
daily02.zip,empty_wn_bottles2.mp3,0.8978004535147392,zip
daily02.zip,flip_calendar.mp3,1.410204081632653,zip
daily02.zip,from_s_drawer.mp3,3.3143990929705214,zip
daily02.zip,inside_paper.mp3,5.952,zip
daily02.zip,in_plastic_bag.mp3,16.564580498866214,zip
daily02.zip,in_s_drawer.mp3,2.4621315192743762,zip
daily02.zip,lighter.mp3,0.6789795918367347,zip
daily02.zip,light_match1.mp3,4.02562358276644,zip
daily02.zip,light_match2.mp3,7.251360544217687,zip
daily02.zip,mechanical_pencil1.mp3,0.21922902494331065,zip
daily02.zip,mechanical_pencil2.mp3,0.7215873015873016,zip
daily02.zip,mechanical_pencil3.mp3,3.596349206349206,zip
daily02.zip,paper_box_cutter.mp3,0.9953968253968254,zip
daily02.zip,paper_scissors1.mp3,4.416604166666667,zip
daily02.zip,paper_scissors2.mp3,4.625056689342403,zip
daily02.zip,peel_off.mp3,0.28662131519274375,zip
daily02.zip,pencil_sharpner1.mp3,6.264625850340136,zip
daily02.zip,pencil_sharpner2.mp3,4.740113378684807,zip
daily02.zip,piggy_bank1.mp3,0.9433106575963719,zip
daily02.zip,piggy_bank2.mp3,0.6987755102040817,zip
daily02.zip,plastic_bag.mp3,13.32,zip
daily02.zip,plastic_umbrella1.mp3,30.028291666666668,zip
daily02.zip,plastic_umbrella2.mp3,21.520791666666668,zip
daily02.zip,plastic_umbrella3.mp3,6.156041666666667,zip
daily02.zip,pull_chair.mp3,0.984,zip
daily02.zip,put_up_umbrella.mp3,36.80825,zip
daily02.zip,read_book.mp3,0.9154375,zip
daily02.zip,read_book_quickly.mp3,4.272,zip
daily02.zip,read_newspaper.mp3,2.328,zip
daily02.zip,remove_pen_cap.mp3,0.3141043083900227,zip
daily02.zip,rub_paper1.mp3,8.992040816326531,zip
daily02.zip,rub_paper2.mp3,7.892108843537415,zip
daily02.zip,rub_tatami_mat.mp3,6.601451247165532,zip
daily02.zip,rustle_of_clothes.mp3,3.312,zip
daily02.zip,scissors1.mp3,0.528,zip
daily02.zip,scissors2.mp3,1.368,zip
daily02.zip,scissors3.mp3,2.661451247165533,zip
daily02.zip,scissors4.mp3,0.26145124716553286,zip
daily02.zip,scotch_tape.mp3,2.064,zip
daily02.zip,scrape_wood_wall.mp3,8.78888888888889,zip
daily02.zip,search_inside_trash.mp3,8.456229166666667,zip
daily02.zip,sit_on_leather_chair1.mp3,1.28297052154195,zip
daily02.zip,sit_on_leather_chair2.mp3,2.983514739229025,zip
daily02.zip,sit_on_pipe_chair.mp3,1.5370294784580498,zip
daily02.zip,slide_shelf.mp3,1.6098639455782313,zip
daily02.zip,spray_can_cap1.mp3,1.1329024943310657,zip
daily02.zip,spray_can_cap2.mp3,0.3529251700680272,zip
daily02.zip,stapler.mp3,0.576,zip
daily02.zip,straw_bubbly1.mp3,16.46548752834467,zip
daily02.zip,straw_bubbly2.mp3,4.551111111111111,zip
daily02.zip,take_match_box.mp3,5.316031746031746,zip
daily02.zip,take_off_jumper1.mp3,4.602743764172335,zip
daily02.zip,take_pen.mp3,2.577777777777778,zip
daily02.zip,take_tissue1.mp3,0.48,zip
daily02.zip,take_tissue2.mp3,0.6922448979591836,zip
daily02.zip,take_tissue3.mp3,1.0811791383219955,zip
daily02.zip,take_wet_wipes.mp3,0.9904761904761905,zip
daily02.zip,tear_nws_ppr1.mp3,2.975124716553288,zip
daily02.zip,tear_nws_ppr2.mp3,3.1064399092970523,zip
daily02.zip,tear_nws_pprs3.mp3,8.897210884353742,zip
daily02.zip,tear_paper1.mp3,0.6,zip
daily02.zip,tear_paper2.mp3,3.384,zip
daily02.zip,throw_trash.mp3,0.5079365079365079,zip
daily02.zip,tick_box_cutter.mp3,0.648,zip
daily02.zip,wine_bottles1.mp3,1.6738775510204082,zip
daily02.zip,wine_bottles2.mp3,1.9998866213151927,zip
daily02.zip,wine_bottles3.mp3,3.108798185941043,zip
daily02.zip,write_with_maker.mp3,21.235555555555557,zip
daily02.zip,write_with_pen.mp3,26.90612244897959,zip
daily02.zip,write_with_pencil.mp3,42.68607709750567,zip
knocking01.zip,hit_concrete_wall1.mp3,1.4633560090702948,zip
knocking01.zip,hit_concrete_wall2.mp3,1.2543310657596372,zip
knocking01.zip,hit_concrete_wall3.mp3,0.8119274376417234,zip
knocking01.zip,hit_concrete_wall4.mp3,1.972721088435374,zip
knocking01.zip,hit_desk1.mp3,0.6322448979591837,zip
knocking01.zip,hit_house_wall1.mp3,2.0056462585034014,zip
knocking01.zip,hit_house_wall2.mp3,1.0396825396825398,zip
knocking01.zip,hit_table1.mp3,0.8607709750566893,zip
knocking01.zip,hit_wdn_pillar1.mp3,0.8852834467120182,zip
knocking01.zip,hit_wdn_pillar2.mp3,0.6668480725623582,zip
knocking01.zip,hit_wdn_pillar3.mp3,0.7846258503401361,zip
knocking01.zip,knocked_at_door1.mp3,1.1517687074829932,zip
knocking01.zip,knocked_at_door2.mp3,3.13843537414966,zip
knocking01.zip,knocked_at_door3.mp3,1.6146485260770975,zip
knocking01.zip,knocked_in_BR1.mp3,1.5970521541950113,zip
knocking01.zip,knocked_in_BR2.mp3,4.476303854875283,zip
knocking01.zip,knocked_in_BR3.mp3,2.00875283446712,zip
knocking01.zip,knocked_in_BR4.mp3,2.3377097505668933,zip
knocking01.zip,knock_on_BR_door1.mp3,1.7017460317460318,zip
knocking01.zip,knock_on_BR_door2.mp3,1.9448979591836735,zip
knocking01.zip,knock_on_BR_door3.mp3,1.5915646258503402,zip
knocking01.zip,knock_on_BR_door4.mp3,0.9905442176870748,zip
knocking01.zip,knock_on_concrete1.mp3,1.1589115646258503,zip
knocking01.zip,knock_on_concrete2.mp3,0.8280725623582766,zip
knocking01.zip,knock_on_concrete3.mp3,0.5375283446712018,zip
knocking01.zip,knock_on_door1.mp3,1.104,zip
knocking01.zip,knock_on_door2.mp3,0.84,zip
knocking01.zip,knock_on_door3.mp3,2.0382312925170067,zip
knocking01.zip,knock_on_floor1.mp3,1.3153741496598639,zip
knocking01.zip,knock_on_floor2.mp3,1.1136961451247165,zip
knocking01.zip,knock_on_floor3.mp3,1.051859410430839,zip
knocking01.zip,knock_on_floor4.mp3,0.6384126984126984,zip
knocking01.zip,knock_on_floor5.mp3,1.1818140589569162,zip
knocking01.zip,knock_on_Fusuma1.mp3,1.3731519274376418,zip
knocking01.zip,knock_on_Fusuma2.mp3,3.548843537414966,zip
knocking01.zip,knock_on_Fusuma3.mp3,2.1679591836734695,zip
knocking01.zip,knock_on_Fusuma4.mp3,1.260045351473923,zip
knocking01.zip,knock_on_Fusuma5.mp3,1.0065079365079366,zip
knocking01.zip,knock_on_Fusuma6.mp3,4.030317460317461,zip
knocking01.zip,knock_on_glass_door1.mp3,1.8744897959183673,zip
knocking01.zip,knock_on_glass_door2.mp3,1.507845804988662,zip
knocking01.zip,knock_on_glass_door3.mp3,2.5620861678004534,zip
knocking01.zip,knock_on_glass_door4.mp3,1.3704761904761904,zip
knocking01.zip,knock_on_glass_door5.mp3,0.9404308390022675,zip
knocking01.zip,knock_on_glass_door6.mp3,3.8549886621315195,zip
knocking01.zip,knock_on_house_wall1.mp3,1.7644444444444445,zip
knocking01.zip,knock_on_house_wall2.mp3,1.5147845804988662,zip
knocking01.zip,knock_on_house_wall3.mp3,0.8897278911564626,zip
knocking01.zip,knock_on_house_wall4.mp3,1.3137641723356008,zip
knocking01.zip,knock_on_house_wall5.mp3,1.2005215419501134,zip
knocking01.zip,knock_on_iron_tube1.mp3,1.7147392290249432,zip
knocking01.zip,knock_on_iron_tube2.mp3,1.8700453514739228,zip
knocking01.zip,knock_on_iron_tube3.mp3,1.3672562358276643,zip
knocking01.zip,knock_on_iron_tube4.mp3,1.4984807256235828,zip
knocking01.zip,knock_on_iron_tube5.mp3,1.7183219954648525,zip
knocking01.zip,knock_on_iron_tube6.mp3,1.0313151927437643,zip
knocking01.zip,knock_on_microwave1.mp3,1.0943537414965987,zip
knocking01.zip,knock_on_microwave2.mp3,2.399092970521542,zip
knocking01.zip,knock_on_microwave3.mp3,1.0064172335600907,zip
knocking01.zip,knock_on_microwave4.mp3,0.8041950113378685,zip
knocking01.zip,knock_on_microwave5.mp3,1.1894331065759638,zip
knocking01.zip,knock_on_mtl_door1.mp3,3.48,zip
knocking01.zip,knock_on_mtl_door2.mp3,2.352,zip
knocking01.zip,knock_on_mtl_door3.mp3,1.68,zip
knocking01.zip,knock_on_mtl_door4.mp3,2.04,zip
knocking01.zip,knock_on_mtl_door5.mp3,2.592,zip
knocking01.zip,knock_on_thick_glass1.mp3,1.1543083900226758,zip
knocking01.zip,knock_on_thick_glass2.mp3,1.194829931972789,zip
knocking01.zip,knock_on_thick_glass3.mp3,1.3200680272108845,zip
knocking01.zip,knock_on_thick_glass4.mp3,0.7352154195011338,zip
knocking01.zip,knock_on_thin_board1.mp3,1.3055102040816327,zip
knocking01.zip,knock_on_thin_board2.mp3,1.0829024943310657,zip
knocking01.zip,knock_on_thin_board3.mp3,0.7428344671201814,zip
knocking01.zip,knock_on_thin_board4.mp3,0.6485714285714286,zip
knocking01.zip,knock_on_washer1.mp3,2.179092970521542,zip
knocking01.zip,knock_on_washer2.mp3,1.1394104308390023,zip
knocking01.zip,knock_on_washer3.mp3,4.186825396825397,zip
knocking01.zip,knock_on_wdn_pillar1.mp3,1.134625850340136,zip
knocking01.zip,knock_on_wdn_pillar2.mp3,1.2183125,zip
knocking01.zip,knock_on_wdn_pillar3.mp3,1.7919274376417234,zip
knocking01.zip,knock_on_wdn_pillar4.mp3,1.3528571428571428,zip
knocking01.zip,knock_on_wdn_pillar5.mp3,1.29281179138322,zip
knocking01.zip,knock_on_wdn_wall1.mp3,1.448140589569161,zip
knocking01.zip,knock_on_wdn_wall2.mp3,1.4018140589569161,zip
knocking01.zip,knock_on_wdn_wall3.mp3,0.7532879818594105,zip
knocking01.zip,knock_on_wdn_wall4.mp3,1.6315419501133788,zip
horror02.zip,air_leak1.mp3,8.629659863945578,zip
horror02.zip,air_leak2.mp3,6.407324263038549,zip
horror02.zip,air_leak3.mp3,29.85827664399093,zip
horror02.zip,air_leak4.mp3,17.806621315192743,zip
horror02.zip,air_pump.mp3,5.8106575963718825,zip
horror02.zip,bathtub_splash.mp3,16.82092970521542,zip
horror02.zip,bleep1sec.mp3,1.0,zip
horror02.zip,bleep2sec.mp3,2.0,zip
horror02.zip,bleep_harf.mp3,0.5,zip
horror02.zip,books_fall1.mp3,4.052879818594104,zip
horror02.zip,books_fall2.mp3,5.463061224489796,zip
horror02.zip,cameras_shoot.mp3,5.647278911564626,zip
horror02.zip,dangerous_car.mp3,10.057097505668935,zip
horror02.zip,dragging.mp3,7.58328798185941,zip
horror02.zip,dripping.mp3,8.088,zip
horror02.zip,drop_cell_phone.mp3,1.7603333333333333,zip
horror02.zip,drowning.mp3,21.648,zip
horror02.zip,earthquake_start.mp3,20.58448979591837,zip
horror02.zip,excretion1.mp3,2.834965986394558,zip
horror02.zip,excretion2.mp3,0.4582766439909297,zip
horror02.zip,fall_to_floor.mp3,1.122562358276644,zip
horror02.zip,fall_to_Tatami.mp3,2.2093197278911565,zip
horror02.zip,hellfire.mp3,22.0,zip
horror02.zip,house_fire.mp3,33.76907029478458,zip
horror02.zip,jet_crash.mp3,20.856825396825396,zip
horror02.zip,kick_cell_phone.mp3,2.1562916666666667,zip
horror02.zip,motor_drill.mp3,15.739342403628118,zip
horror02.zip,old_man_breath1.mp3,7.152290249433107,zip
horror02.zip,old_man_breath2.mp3,79.32004535147392,zip
horror02.zip,open_the_door1.mp3,1.9167573696145124,zip
horror02.zip,open_the_door2.mp3,1.5811111111111111,zip
horror02.zip,open_the_door3.mp3,1.7494784580498866,zip
horror02.zip,run_in_forest.mp3,21.288956916099774,zip
horror02.zip,salad_dressing.mp3,0.5184353741496599,zip
horror02.zip,salad_dressing1.mp3,1.1480045351473922,zip
horror02.zip,salad_dressing2.mp3,6.091678004535147,zip
horror02.zip,salad_dressing3.mp3,10.148004535147392,zip
horror02.zip,salad_dressing4.mp3,7.915918367346939,zip
horror02.zip,scavenge_garbage.mp3,13.64419501133787,zip
horror02.zip,shake_mesh_fence.mp3,3.062854166666667,zip
horror02.zip,slide_down_hill.mp3,5.629024943310657,zip
horror02.zip,slip_in_bath1.mp3,2.8086621315192746,zip
horror02.zip,slip_in_bath2.mp3,4.222380952380952,zip
horror02.zip,tear_clothes1.mp3,1.069002267573696,zip
horror02.zip,tear_clothes2.mp3,2.875192743764172,zip
horror02.zip,trample_ground.mp3,5.7582708333333334,zip
horror02.zip,wall_pounding1.mp3,1.0540416666666668,zip
horror02.zip,wall_pounding2.mp3,1.704,zip
horror02.zip,woman_after_run1.mp3,13.6000625,zip
horror02.zip,woman_after_run2.mp3,14.860375,zip
horror02.zip,women_hyperpnea1.mp3,16.275458333333333,zip
horror02.zip,women_hyperpnea2.mp3,13.013104166666666,zip
horror02.zip,women_hyperpnea3.mp3,13.168916666666666,zip
putting01.zip,bag_on_car_seat.mp3,0.7649206349206349,zip
putting01.zip,dishes_on_cloth.mp3,0.6453333333333333,zip
putting01.zip,kettle_on_gas_stove.mp3,2.330702947845805,zip
putting01.zip,lift_bag.mp3,0.37866666666666665,zip
putting01.zip,lift_plastic_bag.mp3,1.7524583333333332,zip
putting01.zip,lift_ring_of_keys.mp3,1.4435374149659863,zip
putting01.zip,lift_trash_bag.mp3,1.331315192743764,zip
putting01.zip,place_glass_water1.mp3,0.7010657596371882,zip
putting01.zip,place_glass_water2.mp3,0.4979818594104308,zip
putting01.zip,place_heavy_vase.mp3,1.100907029478458,zip
putting01.zip,place_plastic_cup.mp3,0.3227437641723356,zip
putting01.zip,put_bag_roughly.mp3,0.36933333333333335,zip
putting01.zip,put_ballpoint_pen.mp3,0.2863945578231292,zip
putting01.zip,put_book1.mp3,0.9706666666666667,zip
putting01.zip,put_book2.mp3,0.632,zip
putting01.zip,put_book3.mp3,1.2373333333333334,zip
putting01.zip,put_book4.mp3,0.464,zip
putting01.zip,put_cardboard_box.mp3,0.650952380952381,zip
putting01.zip,put_CD_case1.mp3,0.6233786848072562,zip
putting01.zip,put_CD_case2.mp3,0.2810204081632653,zip
putting01.zip,put_cell_phone.mp3,0.5073922902494331,zip
putting01.zip,put_cup_on_table.mp3,0.312,zip
putting01.zip,put_DVD_case1.mp3,0.2806575963718821,zip
putting01.zip,put_DVD_case2.mp3,0.4191609977324263,zip
putting01.zip,put_empty_bottle.mp3,0.6294784580498867,zip
putting01.zip,put_empty_cup.mp3,0.6930625,zip
putting01.zip,put_empty_glass.mp3,0.35533333333333333,zip
putting01.zip,put_empty_plate.mp3,0.7388333333333333,zip
putting01.zip,put_filled_bottle.mp3,0.8054648526077097,zip
putting01.zip,put_frying_pan.mp3,0.5281179138321995,zip
putting01.zip,put_heavy_box.mp3,0.7505895691609977,zip
putting01.zip,put_large_bag.mp3,0.6346666666666667,zip
putting01.zip,put_light_object.mp3,0.384,zip
putting01.zip,put_pencil.mp3,0.408,zip
putting01.zip,put_plastic_bag.mp3,1.0566041666666666,zip
putting01.zip,put_ring_of_keys.mp3,0.8624716553287982,zip
putting01.zip,put_scissors.mp3,0.31222222222222223,zip
putting01.zip,put_shoes.mp3,0.8858730158730159,zip
putting01.zip,put_thermos_bottle.mp3,0.6730612244897959,zip
putting01.zip,put_tray.mp3,1.5716780045351475,zip
putting01.zip,put_utility_cutter.mp3,0.41219954648526075,zip
putting01.zip,put_vial.mp3,0.25666666666666665,zip
putting01.zip,throw_away_trash.mp3,1.1797052154195011,zip
playing01.zip,a_Go_stone.mp3,0.2567083333333333,zip
playing01.zip,deal_cards1.mp3,0.7743537414965986,zip
playing01.zip,deal_cards2.mp3,2.967097505668934,zip
playing01.zip,deal_cards3.mp3,4.454195011337869,zip
playing01.zip,deal_cards4.mp3,16.024943310657598,zip
playing01.zip,dice1.mp3,4.116190476190476,zip
playing01.zip,dice2.mp3,3.245283446712018,zip
playing01.zip,dice3.mp3,3.3840136054421768,zip
playing01.zip,dices4.mp3,3.6701133786848072,zip
playing01.zip,drop_Shogi_piece1.mp3,0.7131746031746031,zip
playing01.zip,drop_Shogi_piece2.mp3,1.0168934240362812,zip
playing01.zip,guitar1.mp3,6.022675736961451,zip
playing01.zip,guitar2.mp3,4.705668934240363,zip
playing01.zip,guitar3.mp3,5.369614512471656,zip
playing01.zip,guitar4.mp3,4.876190476190477,zip
playing01.zip,guitar5.mp3,5.201269841269841,zip
playing01.zip,guitar6.mp3,4.551111111111111,zip
playing01.zip,guitar7.mp3,7.848344671201814,zip
playing01.zip,Jenga.mp3,1.9095011337868482,zip
playing01.zip,Jpn_drum_rythm.mp3,21.463219954648526,zip
playing01.zip,Jpn_L_drum1.mp3,1.503219954648526,zip
playing01.zip,Jpn_L_drum2.mp3,5.4123809523809525,zip
playing01.zip,Jpn_S_drum.mp3,0.9229931972789116,zip
playing01.zip,large_drum1.mp3,2.1646875,zip
playing01.zip,large_drum2.mp3,2.238503401360544,zip
playing01.zip,large_drum3.mp3,5.2385034013605445,zip
playing01.zip,pianoA.mp3,4.0751020408163265,zip
playing01.zip,pianoB.mp3,4.0751020408163265,zip
playing01.zip,pianoC.mp3,4.0751020408163265,zip
playing01.zip,pianoC2.mp3,4.0751020408163265,zip
playing01.zip,pianoD.mp3,4.0751020408163265,zip
playing01.zip,pianoE.mp3,4.0751020408163265,zip
playing01.zip,pianoF.mp3,4.0751020408163265,zip
playing01.zip,pianoG.mp3,4.0751020408163265,zip
playing01.zip,Shogi1.mp3,0.24353741496598638,zip
playing01.zip,Shogi2.mp3,0.5445351473922903,zip
playing01.zip,Shogi3.mp3,1.0594104308390022,zip
playing01.zip,Shogi4.mp3,0.6671428571428571,zip
playing01.zip,Shogi5.mp3,0.475124716553288,zip
playing01.zip,sounds_Hyoshigi1.mp3,0.5218140589569161,zip
playing01.zip,sounds_Hyoshigi2.mp3,0.6131065759637189,zip
playing01.zip,sounds_Hyoshigi3.mp3,0.6889115646258503,zip
playing01.zip,TTL_Star.mp3,36.84,zip
horror01.zip,1000hz_noise.mp3,30.0,zip
horror01.zip,1500hz_noise.mp3,30.0,zip
horror01.zip,2400hz_noise.mp3,30.0,zip
horror01.zip,300hz_noise.mp3,30.0,zip
horror01.zip,600hz_noise.mp3,30.0,zip
horror01.zip,black_hole1.mp3,22.949041666666666,zip
horror01.zip,black_hole2.mp3,24.864354166666665,zip
horror01.zip,bullying.mp3,25.196916099773244,zip
horror01.zip,bummer1.mp3,6.247125,zip
horror01.zip,bummer2.mp3,7.9926458333333334,zip
horror01.zip,bummer3.mp3,8.715729166666666,zip
horror01.zip,bummer4.mp3,3.3438125,zip
horror01.zip,bummer5.mp3,3.020208333333333,zip
horror01.zip,complaints.mp3,3.245079365079365,zip
horror01.zip,creepy_breath1.mp3,46.26446712018141,zip
horror01.zip,creepy_breath2.mp3,57.95700680272109,zip
horror01.zip,creep_up_on.mp3,9.615056689342403,zip
horror01.zip,dark_bell.mp3,21.44,zip
horror01.zip,dark_entrance.mp3,8.238253968253968,zip
horror01.zip,death_sound1.mp3,20.0,zip
horror01.zip,death_sound2.mp3,20.0,zip
horror01.zip,death_sound3.mp3,20.0,zip
horror01.zip,death_sound4.mp3,19.75,zip
horror01.zip,dimensional_rift.mp3,30.167891156462584,zip
horror01.zip,dog_bark_dream.mp3,22.704,zip
horror01.zip,door_of_spacetime.mp3,13.776,zip
horror01.zip,fly_in_head.mp3,10.0,zip
horror01.zip,gain_weight.mp3,6.144,zip
horror01.zip,ghost_call.mp3,11.328,zip
horror01.zip,ghost_passed.mp3,7.054172335600907,zip
horror01.zip,ghost_sighs.mp3,30.216,zip
horror01.zip,grudge_of_dead.mp3,26.90612244897959,zip
horror01.zip,haunted_area1.mp3,55.17786848072562,zip
horror01.zip,haunted_area2.mp3,60.10149659863946,zip
horror01.zip,headache.mp3,12.324807256235827,zip
horror01.zip,hell_gear.mp3,7.848,zip
horror01.zip,horrific_blow1.mp3,5.592,zip
horror01.zip,horrific_blow2.mp3,5.9859183673469385,zip
horror01.zip,horror_piano1.mp3,9.11673469387755,zip
horror01.zip,horror_piano2.mp3,7.487165532879819,zip
horror01.zip,horror_piano3.mp3,4.2523356009070294,zip
horror01.zip,horror_piano4.mp3,15.941020408163265,zip
horror01.zip,horror_wind.mp3,8.76,zip
horror01.zip,howling_wind.mp3,73.62580498866213,zip
horror01.zip,inversion.mp3,6.768,zip
horror01.zip,in_dream.mp3,30.336,zip
horror01.zip,it_is_coming.mp3,28.199666666666666,zip
horror01.zip,maze.mp3,13.728,zip
horror01.zip,mental_attack1.mp3,25.215532879818593,zip
horror01.zip,mental_attack2.mp3,20.020340136054422,zip
horror01.zip,mental_attack3.mp3,7.170270833333333,zip
horror01.zip,Oriental_ghost.mp3,14.801333333333334,zip
horror01.zip,other_world.mp3,22.224,zip
horror01.zip,ridicule.mp3,7.262040816326531,zip
horror01.zip,suspicion1.mp3,2.736,zip
horror01.zip,suspicion2.mp3,3.024,zip
horror01.zip,suspicion3.mp3,2.544,zip
horror01.zip,tick_tock.mp3,12.096,zip
horror01.zip,tinnitus1.mp3,6.84,zip
horror01.zip,tinnitus2.mp3,4.224,zip
horror01.zip,tinnitus3.mp3,8.710385487528345,zip
horror01.zip,tinnitus4.mp3,3.6048979591836736,zip
horror01.zip,tinnitus5.mp3,5.159002267573696,zip
horror01.zip,white_noise1.mp3,5.064,zip
horror01.zip,white_noise2.mp3,4.896,zip
nature01.zip,black_cicadas1.mp3,77.448,zip
nature01.zip,black_cicadas2.mp3,65.5725,zip
nature01.zip,black_cicadas3.mp3,289.4351473922903,zip
nature01.zip,blizzard.mp3,35.16,zip
nature01.zip,break_branchs1.mp3,0.809795918367347,zip
nature01.zip,break_branchs2.mp3,2.84734693877551,zip
nature01.zip,cave_stream1.mp3,53.22013605442177,zip
nature01.zip,cave_stream2.mp3,65.8053514739229,zip
nature01.zip,children_at_Mt_stream.mp3,36.4669387755102,zip
nature01.zip,cold_air_draft1.mp3,10.282666666666668,zip
nature01.zip,cold_air_draft2.mp3,12.373333333333333,zip
nature01.zip,cricket.mp3,69.79918367346939,zip
nature01.zip,fall_riverside_dawn.mp3,54.778775510204085,zip
nature01.zip,fall_riverside_night1.mp3,46.288979591836735,zip
nature01.zip,fall_riverside_night2.mp3,129.6457142857143,zip
nature01.zip,family_on_beach1.mp3,48.248163265306125,zip
nature01.zip,family_on_beach2.mp3,41.2734693877551,zip
nature01.zip,fire1.mp3,7.157551020408163,zip
nature01.zip,fire2.mp3,5.381224489795918,zip
nature01.zip,fire3.mp3,3.98702947845805,zip
nature01.zip,fire4.mp3,4.5,zip
nature01.zip,frog.mp3,2.7806122448979593,zip
nature01.zip,frogs1.mp3,11.784,zip
nature01.zip,frogs2.mp3,36.84,zip
nature01.zip,gale_blow_trees1.mp3,33.98603174603175,zip
nature01.zip,gale_blow_trees2.mp3,20.967551020408163,zip
nature01.zip,gloomy_rainy_day.mp3,62.51390022675737,zip
nature01.zip,haevy_rain.mp3,14.232,zip
nature01.zip,insects_sing_in_fall1.mp3,93.67510204081633,zip
nature01.zip,insects_sing_in_fall2.mp3,52.76734693877551,zip
nature01.zip,insects_sing_in_fall3.mp3,101.30285714285715,zip
nature01.zip,insects_sing_in_fall4.mp3,128.78367346938776,zip
nature01.zip,insects_sing_in_fall5.mp3,52.819591836734695,zip
nature01.zip,insects_sing_in_fall6.mp3,59.00480725623583,zip
nature01.zip,insects_sing_in_fall7.mp3,73.20854875283446,zip
nature01.zip,insects_sing_in_fall8.mp3,62.87963718820862,zip
nature01.zip,lightning_nearby1.mp3,35.19136054421769,zip
nature01.zip,lightning_nearby2.mp3,11.563537414965987,zip
nature01.zip,lightning_nearby3.mp3,25.774149659863944,zip
nature01.zip,light_rain_thunder1.mp3,60.3718820861678,zip
nature01.zip,light_rain_thunder2.mp3,73.776,zip
nature01.zip,mountain_stream.mp3,66.37714285714286,zip
nature01.zip,Mt_stream.mp3,13.68,zip
nature01.zip,night_wind1.mp3,30.36,zip
nature01.zip,night_wind2.mp3,90.4736875,zip
nature01.zip,rainfall_band.mp3,459.0846485260771,zip
nature01.zip,rain_and_car1.mp3,23.962993197278912,zip
nature01.zip,rain_and_car2.mp3,41.64,zip
nature01.zip,rain_loop.mp3,7.656,zip
nature01.zip,rumbling_earth.mp3,20.0,zip
nature01.zip,sand_flows.mp3,6.802947845804988,zip
nature01.zip,shelter_from_rain1.mp3,50.0381875,zip
nature01.zip,shelter_from_rain2.mp3,34.151020833333334,zip
nature01.zip,shelter_from_rain3.mp3,117.63310657596372,zip
nature01.zip,shower_let_up.mp3,333.45961451247166,zip
nature01.zip,small_cave_stream.mp3,13.68,zip
nature01.zip,small_waterfall.mp3,164.2610625,zip
nature01.zip,Smr_Mt_top_meadows1.mp3,50.35877551020408,zip
nature01.zip,Smr_Mt_top_meadows2.mp3,30.255419501133787,zip
nature01.zip,Smr_Mt_top_meadows3.mp3,56.363174603174606,zip
nature01.zip,Smr_rain_shower.mp3,83.83800453514739,zip
nature01.zip,spring_water_on_Mt1.mp3,111.79167800453514,zip
nature01.zip,spring_water_on_Mt2.mp3,224.7358276643991,zip
nature01.zip,storm1.mp3,29.328,zip
nature01.zip,storm2.mp3,41.352,zip
nature01.zip,storm_at_riverside.mp3,366.01421768707485,zip
nature01.zip,storm_coming1.mp3,36.24,zip
nature01.zip,storm_coming2.mp3,112.776,zip
nature01.zip,storm_hit_window1.mp3,68.57027210884354,zip
nature01.zip,storm_hit_window2.mp3,68.08526077097505,zip
nature01.zip,storm_hit_window3.mp3,34.3691156462585,zip
nature01.zip,storm_hit_window4.mp3,73.88809523809523,zip
nature01.zip,storm_hit_window5.mp3,133.74002267573695,zip
nature01.zip,storm_hit_window6.mp3,58.916938775510204,zip
nature01.zip,stream1.mp3,76.81498866213153,zip
nature01.zip,stream2.mp3,57.73002267573696,zip
nature01.zip,stream3.mp3,288.6501133786848,zip
nature01.zip,strong_wind1.mp3,26.667551020408162,zip
nature01.zip,strong_wind2.mp3,9.188888888888888,zip
nature01.zip,summer_beach1.mp3,70.84408163265306,zip
nature01.zip,summer_beach2.mp3,30.87673469387755,zip
nature01.zip,summer_mountains1.mp3,23.875918367346937,zip
nature01.zip,summer_mountains2.mp3,74.73632653061225,zip
nature01.zip,summer_mountains3.mp3,121.5936507936508,zip
nature01.zip,summer_mountains4.mp3,50.86131519274377,zip
nature01.zip,swim_underwater.mp3,2.470702947845805,zip
nature01.zip,swollen_river.mp3,62.05558333333333,zip
nature01.zip,thunder1.mp3,25.68,zip
nature01.zip,watch_raining.mp3,97.848,zip
nature01.zip,waterfall1.mp3,33.761814058956915,zip
nature01.zip,waves_on_beach1.mp3,10.56,zip
nature01.zip,waves_on_beach2.mp3,121.69736961451247,zip
anime01.zip,Asian_opening1.mp3,7.632,zip
anime01.zip,Asian_opening2.mp3,10.224,zip
anime01.zip,bad_ending.mp3,11.875458333333333,zip
anime01.zip,by_chance.mp3,0.809795918367347,zip
anime01.zip,carnivorous_plant.mp3,0.39328798185941044,zip
anime01.zip,child_bully.mp3,11.8521768707483,zip
anime01.zip,drop1.mp3,2.403265306122449,zip
anime01.zip,drop2.mp3,2.1681632653061222,zip
anime01.zip,drop3.mp3,1.8615873015873017,zip
anime01.zip,drop_impact1.mp3,3.6245124716553287,zip
anime01.zip,drop_impact2.mp3,3.082448979591837,zip
anime01.zip,dwarf_footsteps.mp3,2.3248979591836734,zip
anime01.zip,endless_farts.mp3,5.5030833333333335,zip
anime01.zip,fanfare1.mp3,14.15750566893424,zip
anime01.zip,fanfare2.mp3,12.852244897959183,zip
anime01.zip,flying_pan.mp3,0.98,zip
anime01.zip,foreboding1.mp3,2.6644897959183673,zip
anime01.zip,foreboding2.mp3,1.4106122448979592,zip
anime01.zip,funny.mp3,8.397074829931972,zip
anime01.zip,harmonic_noise.mp3,15.0,zip
anime01.zip,hide1.mp3,2.742857142857143,zip
anime01.zip,hide2.mp3,3.4020181405895693,zip
anime01.zip,hide3.mp3,4.160816326530612,zip
anime01.zip,hurry_up.mp3,12.740625,zip
anime01.zip,idiot.mp3,7.784489795918367,zip
anime01.zip,Ikkyu_san.mp3,7.08,zip
anime01.zip,illusion_sword.mp3,3.0020861678004533,zip
anime01.zip,limp.mp3,2.27265306122449,zip
anime01.zip,loser.mp3,4.608027210884353,zip
anime01.zip,lost_memories.mp3,5.12,zip
anime01.zip,Lum_chan.mp3,4.270408163265306,zip
anime01.zip,marimba.mp3,3.4267573696145126,zip
anime01.zip,ninja_alter_egos.mp3,1.6936054421768707,zip
anime01.zip,obake.mp3,3.9183673469387754,zip
anime01.zip,packun_eating.mp3,0.5091609977324263,zip
anime01.zip,poka.mp3,0.6596458333333334,zip
anime01.zip,pop_into_head1.mp3,1.239501133786848,zip
anime01.zip,pop_into_head2.mp3,2.0,zip
anime01.zip,pop_into_head3.mp3,1.5,zip
anime01.zip,poyo.mp3,0.7836734693877551,zip
anime01.zip,praying.mp3,9.978639455782313,zip
anime01.zip,question.mp3,0.5485714285714286,zip
anime01.zip,requiem1.mp3,16.185192743764173,zip
anime01.zip,requiem2.mp3,13.236848072562358,zip
anime01.zip,scene_change1.mp3,9.672,zip
anime01.zip,scene_change10.mp3,8.15328798185941,zip
anime01.zip,scene_change11.mp3,13.806938775510204,zip
anime01.zip,scene_change12.mp3,20.17439909297052,zip
anime01.zip,scene_change13.mp3,18.131927437641725,zip
anime01.zip,scene_change14.mp3,9.340861678004535,zip
anime01.zip,scene_change15.mp3,6.005804988662131,zip
anime01.zip,scene_change16.mp3,6.1545124716553286,zip
anime01.zip,scene_change17.mp3,7.036270833333333,zip
anime01.zip,scene_change18.mp3,4.7155555555555555,zip
anime01.zip,scene_change19.mp3,9.91235827664399,zip
anime01.zip,scene_change2.mp3,11.377709750566893,zip
anime01.zip,scene_change20.mp3,6.974467120181406,zip
anime01.zip,scene_change21.mp3,13.866825396825396,zip
anime01.zip,scene_change3.mp3,6.347551020408163,zip
anime01.zip,scene_change4.mp3,8.393219954648526,zip
anime01.zip,scene_change5.mp3,2.3774583333333332,zip
anime01.zip,scene_change6.mp3,3.493854875283447,zip
anime01.zip,scene_change7.mp3,5.48859410430839,zip
anime01.zip,scene_change8.mp3,12.01530612244898,zip
anime01.zip,scene_change9.mp3,9.30798185941043,zip
anime01.zip,silent_ending.mp3,10.0,zip
anime01.zip,spring.mp3,1.9740816326530612,zip
anime01.zip,stamp.mp3,0.39183673469387753,zip
anime01.zip,start_adventure.mp3,11.32047619047619,zip
anime01.zip,strange_tinnitus.mp3,6.4321541950113374,zip
anime01.zip,surprise.mp3,0.984,zip
anime01.zip,s_c_dulcimer1.mp3,4.128,zip
anime01.zip,s_c_dulcimer2.mp3,3.768,zip
anime01.zip,s_c_harp1.mp3,3.816,zip
anime01.zip,s_c_harp2.mp3,4.848,zip
anime01.zip,s_c_piano1.mp3,2.472,zip
anime01.zip,s_c_piano2.mp3,2.688,zip
anime01.zip,transform.mp3,3.733265306122449,zip
anime01.zip,which_way.mp3,5.134580498866213,zip
car01.zip,12v_socket1.mp3,0.8712471655328798,zip
car01.zip,12v_socket2.mp3,0.615578231292517,zip
car01.zip,back_up_car.mp3,24.398072562358276,zip
car01.zip,buckle_up1.mp3,1.9969160997732427,zip
car01.zip,buckle_up2.mp3,1.0125170068027212,zip
car01.zip,buckle_up3.mp3,2.658095238095238,zip
car01.zip,buckle_up4.mp3,0.46750566893424034,zip
car01.zip,car_alarm1.mp3,11.176417233560091,zip
car01.zip,car_alarm2.mp3,11.176417233560091,zip
car01.zip,car_dome_light1.mp3,0.33607709750566894,zip
car01.zip,car_dome_light2.mp3,0.3165532879818594,zip
car01.zip,car_pass_by.mp3,12.659979166666666,zip
car01.zip,change_gears1.mp3,1.5801133786848072,zip
car01.zip,cl_car_door1.mp3,0.4468707482993197,zip
car01.zip,cl_car_glv_box.mp3,0.8162585034013605,zip
car01.zip,cl_Kei_car_door1.mp3,0.768,zip
car01.zip,cl_Kei_car_door2.mp3,0.5680045351473922,zip
car01.zip,cl_Kei_car_trunk.mp3,1.9733333333333334,zip
car01.zip,cl_pwr_window1.mp3,3.8096825396825396,zip
car01.zip,cl_pwr_window2.mp3,4.8841269841269845,zip
car01.zip,cl_pwr_window3.mp3,1.2113151927437642,zip
car01.zip,drive_Kei_car1.mp3,41.84235827664399,zip
car01.zip,drive_Kei_car2.mp3,32.708662131519276,zip
car01.zip,drive_on_freeway1.mp3,33.29183333333334,zip
car01.zip,drive_on_freeway2.mp3,23.979604166666668,zip
car01.zip,freeway_tunnel1.mp3,62.75533333333333,zip
car01.zip,freeway_tunnel2.mp3,61.087875,zip
car01.zip,freeway_tunnel3.mp3,80.20897916666667,zip
car01.zip,freeway_tunnel4.mp3,31.624666666666666,zip
car01.zip,honking1.mp3,0.5388662131519274,zip
car01.zip,honking2.mp3,0.5947165532879819,zip
car01.zip,honking3.mp3,0.8429024943310658,zip
car01.zip,honking4.mp3,1.9718820861678004,zip
car01.zip,honking5.mp3,3.139229024943311,zip
car01.zip,kei_car_engine1.mp3,9.91954648526077,zip
car01.zip,kei_car_engine2.mp3,20.304,zip
car01.zip,left_key_in_car.mp3,20.157278911564624,zip
car01.zip,op_car_door1.mp3,0.7501814058956916,zip
car01.zip,op_car_door2.mp3,0.6491383219954648,zip
car01.zip,op_car_glv_box.mp3,0.7684807256235827,zip
car01.zip,op_Kei_car_door1.mp3,0.981609977324263,zip
car01.zip,op_Kei_car_door2.mp3,0.24666666666666667,zip
car01.zip,op_Kei_car_trunk.mp3,0.38866213151927437,zip
car01.zip,op_pwr_window1.mp3,3.8782766439909295,zip
car01.zip,op_pwr_window2.mp3,5.489024943310658,zip
car01.zip,op_pwr_window3.mp3,0.8571655328798186,zip
car01.zip,pull_e_brake1.mp3,0.5025396825396825,zip
car01.zip,pull_e_brake2.mp3,0.5952607709750567,zip
car01.zip,release_e_brake.mp3,1.1627437641723355,zip
car01.zip,seat_belt1.mp3,0.7328344671201814,zip
car01.zip,seat_belt2.mp3,0.8660997732426304,zip
car01.zip,seat_belt3.mp3,0.7836054421768708,zip
car01.zip,stop_my_car.mp3,16.4478125,zip
car01.zip,unbuckle1.mp3,1.8180498866213153,zip
car01.zip,unbuckle2.mp3,1.7067800453514739,zip
car01.zip,unbuckle3.mp3,0.5887755102040816,zip
car01.zip,windshield_wipers1.mp3,1.9912244897959184,zip
car01.zip,windshield_wipers2.mp3,65.22707482993198,zip
car01.zip,windshield_wipers3.mp3,66.78385487528345,zip
car01.zip,windshield_wipers4.mp3,62.63387755102041,zip
arms01.zip,8bit_laser1.mp3,0.47020408163265304,zip
arms01.zip,8bit_laser2.mp3,0.2873469387755102,zip
arms01.zip,8bit_laser3.mp3,0.5224489795918368,zip
arms01.zip,8bit_laser4.mp3,0.4973922902494331,zip
arms01.zip,8bit_laser5.mp3,0.4973922902494331,zip
arms01.zip,8bit_laser6.mp3,0.5224489795918368,zip
arms01.zip,8bit_laser7.mp3,1.2016326530612245,zip
arms01.zip,8bit_shoot1.mp3,1.0710204081632653,zip
arms01.zip,8bit_shoot2.mp3,0.36072562358276644,zip
arms01.zip,8bit_shoot3.mp3,0.2612244897959184,zip
arms01.zip,8bit_shoot4.mp3,0.2100453514739229,zip
arms01.zip,8bit_shoot5.mp3,0.3673015873015873,zip
arms01.zip,atomic_bomb.mp3,38.82138321995465,zip
arms01.zip,cannon1.mp3,2.3510204081632655,zip
arms01.zip,destruction1.mp3,2.455510204081633,zip
arms01.zip,destruction2.mp3,4.548662131519275,zip
arms01.zip,destruction3.mp3,3.489795918367347,zip
arms01.zip,explosion1.mp3,5.148775510204081,zip
arms01.zip,explosions.mp3,11.740861678004535,zip
arms01.zip,game_explosion1.mp3,1.1517460317460317,zip
arms01.zip,game_explosion2.mp3,2.619614512471655,zip
arms01.zip,game_explosion3.mp3,0.6901587301587302,zip
arms01.zip,game_explosion4.mp3,1.1508163265306122,zip
arms01.zip,game_explosion5.mp3,0.7847392290249433,zip
arms01.zip,game_explosion6.mp3,0.580952380952381,zip
arms01.zip,game_explosion7.mp3,1.030612244897959,zip
arms01.zip,game_explosion8.mp3,0.8182766439909297,zip
arms01.zip,game_explosion9.mp3,1.0221995464852607,zip
arms01.zip,lasergun.mp3,0.7696598639455783,zip
arms01.zip,laser_beam1.mp3,1.4889795918367348,zip
arms01.zip,laser_beam2.mp3,0.8620408163265306,zip
arms01.zip,laser_beam3.mp3,1.7514739229024943,zip
arms01.zip,laser_beam4.mp3,1.7514739229024943,zip
arms01.zip,laser_beam5.mp3,1.7514739229024943,zip
arms01.zip,laser_beam6.mp3,1.7514739229024943,zip
arms01.zip,laser_beam7.mp3,1.7514739229024943,zip
arms01.zip,laser_beam8.mp3,1.7514739229024943,zip
arms01.zip,launcher1.mp3,1.305328798185941,zip
arms01.zip,launcher2.mp3,2.063673469387755,zip
arms01.zip,launcher3.mp3,2.9257142857142857,zip
arms01.zip,launcher4.mp3,3.030204081632653,zip
arms01.zip,launcher5.mp3,2.482698412698413,zip
arms01.zip,launcher6.mp3,2.247596371882086,zip
arms01.zip,launcher7.mp3,2.0445578231292516,zip
arms01.zip,launcher8.mp3,3.2653061224489797,zip
arms01.zip,launchers.mp3,2.873469387755102,zip
arms01.zip,launch_land.mp3,12.199183673469388,zip
arms01.zip,machinegun.mp3,3.156190476190476,zip
arms01.zip,mini_bomb1.mp3,0.6087074829931973,zip
arms01.zip,mini_bomb2.mp3,0.9142857142857143,zip
arms01.zip,mini_laser.mp3,0.8620408163265306,zip
arms01.zip,pyo1.mp3,0.5111458333333333,zip
arms01.zip,pyo2.mp3,2.328,zip
arms01.zip,rapid_fire_laser.mp3,1.3061224489795917,zip
arms01.zip,small_explosion1.mp3,2.137845804988662,zip
arms01.zip,small_explosion2.mp3,3.0,zip
arms01.zip,small_explosion3.mp3,5.002018140589569,zip
human01.zip,blow_nose.mp3,1.512,zip
human01.zip,brush_teeth1.mp3,6.936,zip
human01.zip,brush_teeth2.mp3,20.088,zip
human01.zip,clap_alone1.mp3,4.963265306122449,zip
human01.zip,clap_alone2.mp3,4.728163265306122,zip
human01.zip,clap_alone3.mp3,4.571428571428571,zip
human01.zip,down_bldg_stairs.mp3,15.36,zip
human01.zip,down_stairs1.mp3,11.391678004535148,zip
human01.zip,fart1.mp3,0.8629166666666667,zip
human01.zip,finger_snap.mp3,0.23759637188208615,zip
human01.zip,gasp1.mp3,0.264,zip
human01.zip,girl_voice1.mp3,0.3382086167800454,zip
human01.zip,gnash.mp3,4.426303854875283,zip
human01.zip,heartbeats.mp3,13.986621315192744,zip
human01.zip,hiking1.mp3,82.72571428571429,zip
human01.zip,hiking2.mp3,43.10349206349206,zip
human01.zip,hungry.mp3,1.3037868480725623,zip
human01.zip,kiss1.mp3,0.1759375,zip
human01.zip,kiss2.mp3,1.608,zip
human01.zip,man_cough1.mp3,7.612902494331066,zip
human01.zip,man_cough2.mp3,6.321746031746032,zip
human01.zip,man_gargle1.mp3,1.353718820861678,zip
human01.zip,man_gargle2.mp3,4.911020408163266,zip
human01.zip,man_hiccup1.mp3,0.408,zip
human01.zip,man_hiccup2.mp3,0.44825396825396824,zip
human01.zip,man_sneezing1.mp3,1.584,zip
human01.zip,man_sneezing2.mp3,1.272,zip
human01.zip,nail_clippers.mp3,1.32,zip
human01.zip,run1.mp3,4.4785208333333335,zip
human01.zip,run_in_hall.mp3,6.96,zip
human01.zip,run_in_house.mp3,3.936,zip
human01.zip,run_on_gravel.mp3,2.376,zip
human01.zip,run_on_leaves1.mp3,11.296009070294785,zip
human01.zip,run_on_leaves2.mp3,12.38204081632653,zip
human01.zip,scratch.mp3,1.7333333333333334,zip
human01.zip,snap1.mp3,0.4845625,zip
human01.zip,snap2.mp3,0.6687916666666667,zip
human01.zip,snap3.mp3,6.3645578231292514,zip
human01.zip,sniffle.mp3,0.8680498866213152,zip
human01.zip,snoring.mp3,4.512,zip
human01.zip,start_running.mp3,4.044829931972789,zip
human01.zip,surprising_girl.mp3,0.3873469387755102,zip
human01.zip,swallowing.mp3,0.384,zip
human01.zip,up_stairs1.mp3,9.39578231292517,zip
human01.zip,up_stairs2.mp3,5.371269841269841,zip
human01.zip,walk_at_night.mp3,12.097333333333333,zip
human01.zip,walk_aut_evening.mp3,30.56530612244898,zip
human01.zip,walk_floor_shoes1.mp3,2.5861224489795918,zip
human01.zip,walk_floor_shoes2.mp3,3.1375056689342404,zip
human01.zip,walk_floor_slowly1.mp3,7.993650793650794,zip
human01.zip,walk_floor_slowly2.mp3,5.485714285714286,zip
human01.zip,walk_in_forest1.mp3,40.272562358276645,zip
human01.zip,walk_in_forest2.mp3,65.21009070294785,zip
human01.zip,walk_in_snowstorm.mp3,22.8561875,zip
human01.zip,walk_on_floor1.mp3,2.136,zip
human01.zip,walk_on_floor2.mp3,7.944,zip
human01.zip,walk_on_gravel.mp3,7.127,zip
human01.zip,walk_on_ground.mp3,7.032,zip
human01.zip,walk_on_leaves1.mp3,31.19174603174603,zip
human01.zip,walk_on_snow.mp3,9.006,zip
human01.zip,whistle1.mp3,1.272,zip
human01.zip,whistle2.mp3,1.4889791666666667,zip
human01.zip,whistle3.mp3,1.296,zip
human01.zip,woman_cough1.mp3,1.2108163265306122,zip
human01.zip,woman_cough2.mp3,5.066689342403628,zip
human01.zip,woman_cough3.mp3,4.596281179138322,zip
human01.zip,woman_gargle.mp3,4.016666666666667,zip
animals01.zip,blue_rock_thrush.mp3,18.8784375,zip
animals01.zip,buzzard.mp3,2.4245625,zip
animals01.zip,cat1a.mp3,1.416,zip
animals01.zip,cat1b.mp3,1.0448979591836736,zip
animals01.zip,cat1c.mp3,1.155375,zip
animals01.zip,cat2a.mp3,2.058185941043084,zip
animals01.zip,cat2b.mp3,1.301814058956916,zip
animals01.zip,cat3a.mp3,1.56,zip
animals01.zip,cat3b.mp3,1.044421768707483,zip
animals01.zip,cat3c.mp3,1.384875283446712,zip
animals01.zip,cat4a.mp3,7.871995464852608,zip
animals01.zip,cat4b.mp3,23.136984126984128,zip
animals01.zip,cat5a.mp3,1.4160090702947845,zip
animals01.zip,cats_fighting.mp3,65.424,zip
animals01.zip,cat_purring.mp3,6.1387755102040815,zip
animals01.zip,cat_sweet_voice1.mp3,1.2807256235827664,zip
animals01.zip,cat_sweet_voice2.mp3,1.0478684807256236,zip
animals01.zip,cat_sweet_voice3.mp3,1.5958049886621315,zip
animals01.zip,cat_sweet_voice4.mp3,6.521609977324263,zip
animals01.zip,chicks.mp3,10.37061224489796,zip
animals01.zip,cow1.mp3,2.4424943310657596,zip
animals01.zip,crow1.mp3,3.4858956916099775,zip
animals01.zip,crow2.mp3,2.00562358276644,zip
animals01.zip,crow3.mp3,1.544467120181406,zip
animals01.zip,crow4.mp3,2.789297052154195,zip
animals01.zip,crow5.mp3,5.636643990929705,zip
animals01.zip,crow6.mp3,5.001768707482993,zip
animals01.zip,crow7.mp3,2.7834920634920635,zip
animals01.zip,crows.mp3,15.535396825396825,zip
animals01.zip,daurian_redstart.mp3,40.290680272108844,zip
animals01.zip,dog1a.mp3,0.984172335600907,zip
animals01.zip,dog1b.mp3,0.4633333333333333,zip
animals01.zip,dog2a.mp3,1.5451473922902494,zip
animals01.zip,dog2b.mp3,1.0786167800453514,zip
animals01.zip,dog3a.mp3,2.434104308390023,zip
animals01.zip,dog_barking1.mp3,37.30598639455782,zip
animals01.zip,dog_barking2.mp3,16.61387755102041,zip
animals01.zip,female_cat1.mp3,0.8976417233560091,zip
animals01.zip,flamingos_at_zoo1.mp3,48.9241875,zip
animals01.zip,flamingos_at_zoo2.mp3,45.950520833333336,zip
animals01.zip,flamingos_at_zoo3.mp3,45.23522916666667,zip
animals01.zip,flapping_wings.mp3,1.8274149659863945,zip
animals01.zip,give_me_food.mp3,6.719002267573696,zip
animals01.zip,grebe_couple.mp3,9.946916099773242,zip
animals01.zip,heron1.mp3,0.9029791666666667,zip
animals01.zip,heron2.mp3,0.8061666666666667,zip
animals01.zip,howling.mp3,4.609160997732427,zip
animals01.zip,Jpn_white_eye1.mp3,6.764729166666666,zip
animals01.zip,like_chick.mp3,1.453877551020408,zip
animals01.zip,little_grebe1.mp3,3.9966875,zip
animals01.zip,little_grebe2.mp3,2.4194375,zip
animals01.zip,magpie1.mp3,0.7914739229024943,zip
animals01.zip,mallard1.mp3,2.2150340136054423,zip
animals01.zip,maltese_dog1.mp3,0.6525,zip
animals01.zip,maltese_dog2.mp3,0.6740416666666667,zip
animals01.zip,maltese_dog3.mp3,0.6712925170068027,zip
animals01.zip,maltese_dog4.mp3,0.8711791383219954,zip
animals01.zip,maltese_dog5.mp3,1.5121768707482994,zip
animals01.zip,maltese_dog6.mp3,0.9832879818594105,zip
animals01.zip,maltese_dog7.mp3,1.893106575963719,zip
animals01.zip,old_cat1.mp3,1.2592517006802721,zip
animals01.zip,old_cat2.mp3,1.2298412698412697,zip
animals01.zip,old_cat3.mp3,1.3533560090702947,zip
animals01.zip,owl.mp3,5.04,zip
animals01.zip,panda.mp3,1.3349659863945578,zip
animals01.zip,play_with_me.mp3,3.7533125,zip
animals01.zip,small_dog1.mp3,4.060479166666667,zip
animals01.zip,small_dog2.mp3,5.835238095238095,zip
animals01.zip,sparrows.mp3,13.04111111111111,zip
animals01.zip,swallows.mp3,19.024395833333333,zip
animals01.zip,take_me1.mp3,3.2274791666666665,zip
animals01.zip,take_me2.mp3,6.168020833333333,zip
animals01.zip,talking_dog.mp3,5.536604166666667,zip
animals01.zip,tropical_bird1.mp3,0.9129166666666667,zip
animals01.zip,tropical_bird2.mp3,0.5747291666666666,zip
animals01.zip,tropical_bird3.mp3,0.7759166666666667,zip
animals01.zip,wagtail.mp3,4.391395833333333,zip
animals01.zip,warbler1.mp3,2.8194104308390022,zip
animals01.zip,warbler2.mp3,2.937845804988662,zip
animals01.zip,warbler3.mp3,118.85090702947846,zip
french01.zip,Airport_Annonce_Arrive.mp3,7.261958333333333,zip
french01.zip,Airport_Annonce_Depart.mp3,28.467479166666667,zip
french01.zip,Airport_Terminal_building.mp3,247.6978125,zip
french01.zip,Manchester_aeroport_messages.mp3,78.34689583333333,zip
french01.zip,AmbExtRueLyonFontaine1MS.mp3,89.82716666666667,zip
french01.zip,AmbRueGaiteApresLaPluie1.mp3,118.64733333333334,zip
french01.zip,AmbRueGaiteApresLaPluie2.mp3,125.057875,zip
french01.zip,AmbRueGaiteApresLaPluie3.mp3,151.72710416666666,zip
french01.zip,Amb_Rue_Calme1.mp3,134.87114583333334,zip
french01.zip,Amb_Rue_Calme2.mp3,176.0251875,zip
french01.zip,Amb_Rue_Calme3.mp3,155.65189583333333,zip
french01.zip,Amb_Rue_Pietonne.mp3,99.29358333333333,zip
french01.zip,Amb_Rue_Pietonne_Abbesse.mp3,130.43145833333332,zip
french01.zip,Amb_toit_de_Paris.mp3,91.86541666666666,zip
french01.zip,Voix_Ext_Terrasse_Cafe.mp3,64.65097916666667,zip
french01.zip,Vx_Ext_Rue_Pigalle.mp3,86.4298125,zip
french01.zip,Airmatin.mp3,34.568395833333334,zip
french01.zip,Amb_Air_Oiseaux_Jardin1.mp3,57.781416666666665,zip
french01.zip,Amb_Air_Oiseaux_Jardin2.mp3,103.9060625,zip
french01.zip,Amb_Campagne_Eq.mp3,99.8689375,zip
french01.zip,Amb_Camp_Chevres1.mp3,75.67179166666666,zip
french01.zip,Amb_Camp_Chevres2.mp3,100.11910416666667,zip
french01.zip,Amb_Grenouilles_Marais.mp3,64.352,zip
french01.zip,Atmos_champs_oliviers_Oiseaux.mp3,45.941270833333334,zip
french01.zip,Campagne_Ferme.mp3,81.9244375,zip
french01.zip,Fd_Oiso_Large.mp3,41.77133333333333,zip
french01.zip,Ferme_Ete_Matin.mp3,250.00002083333334,zip
french01.zip,Amb_Terrasse_Resto.mp3,99.70710416666667,zip
french01.zip,Atmos_grande_salle_30_pers_murmurent.mp3,80.6826875,zip
french01.zip,Chuchottements_Jeunes.mp3,52.8798125,zip
french01.zip,Conversation_2_pers_courte.mp3,38.41052083333334,zip
french01.zip,Gens_Ext_Voix_Hom.mp3,201.38666666666666,zip
french01.zip,Gens_Ext_Voix_Hom1.mp3,123.51808333333334,zip
french01.zip,Gens_Ext_Voix_Hom2.mp3,49.198375,zip
french01.zip,Reception_20_pers_proche_parquet1.mp3,152.56347916666667,zip
french01.zip,Reception_20_pers_proche_parquet_calme2.mp3,127.16797916666667,zip
french01.zip,Voix_Rue_Passants.mp3,49.70333333333333,zip
french01.zip,Walla_Meridional.mp3,125.9405625,zip
french01.zip,Metro_arrivee1.mp3,27.773,zip
french01.zip,PorteMetro.mp3,15.060458333333333,zip
french01.zip,Rer_Arrivee_Ext2.mp3,31.7735625,zip
french01.zip,Rer_Arrivee_Longue3.mp3,49.42247916666667,zip
french01.zip,Rer_Arrivee_Porte4.mp3,44.28,zip
french01.zip,Rer_Dem_Arrivee.mp3,125.68154166666666,zip
french01.zip,Pass_Tgv_Eloigne1.mp3,43.88183333333333,zip
french01.zip,Pass_Tgv_Long_Eloigne2.mp3,22.0,zip
french01.zip,Pass_Tgv_Long_Proche3.mp3,14.197875,zip
french01.zip,Pass_Tgv_Proche4.mp3,9.232270833333333,zip
french01.zip,Pass_Tgv_Proche_Klaxon.mp3,10.8778125,zip
french01.zip,AmbVillageNuitApresPluie.mp3,172.816625,zip
french01.zip,AmbVillageNuitChien1.mp3,6.8685,zip
french01.zip,AmbVillageNuitChien2.mp3,21.160833333333333,zip
french01.zip,AmbVillageNuitChien3.mp3,19.382770833333332,zip
french01.zip,Amb_Marche_Dans_Village.mp3,59.739125,zip
french01.zip,Atmos_ruelle_village_FRA.mp3,121.06685416666667,zip
french01.zip,Place_Petanque_Ok.mp3,79.27902083333333,zip
acoustica.zip,airplane2.mp3,7.251519274376418,zip
acoustica.zip,alarm1.mp3,0.6390022675736962,zip
acoustica.zip,am2.mp3,10.612244897959183,zip
acoustica.zip,bigfart.mp3,6.575963718820861,zip
acoustica.zip,big_door_shut.mp3,1.5145578231292518,zip
acoustica.zip,boilingwater1a.mp3,5.488571428571428,zip
acoustica.zip,bookclose2.mp3,0.27537414965986395,zip
acoustica.zip,chainsaw2.mp3,16.338866213151928,zip
acoustica.zip,chandler1.mp3,2.111201814058957,zip
acoustica.zip,chandler10.mp3,0.9638095238095238,zip
acoustica.zip,chandler11.mp3,0.41306122448979593,zip
acoustica.zip,chandler12.mp3,1.285079365079365,zip
acoustica.zip,chandler13.mp3,1.3768707482993197,zip
acoustica.zip,chandler14.mp3,0.5507482993197279,zip
acoustica.zip,chandler15.mp3,1.0097052154195012,zip
acoustica.zip,chandler16.mp3,0.6884353741496598,zip
acoustica.zip,chandler17.mp3,1.1473922902494331,zip
acoustica.zip,chandler18.mp3,1.285079365079365,zip
acoustica.zip,chandler19.mp3,2.57015873015873,zip
acoustica.zip,chandler2.mp3,1.1014965986394558,zip
acoustica.zip,chandler20.mp3,3.671655328798186,zip
acoustica.zip,chandler21.mp3,0.45895691609977324,zip
acoustica.zip,chandler22.mp3,0.27537414965986395,zip
acoustica.zip,chandler23.mp3,1.1473922902494331,zip
acoustica.zip,chandler24.mp3,0.5507482993197279,zip
acoustica.zip,chandler25.mp3,0.6884353741496598,zip
acoustica.zip,chandler3.mp3,0.41306122448979593,zip
acoustica.zip,chandler4.mp3,0.6884353741496598,zip
acoustica.zip,chandler5.mp3,4.222403628117914,zip
acoustica.zip,chandler6.mp3,1.0556009070294785,zip
acoustica.zip,chandler7.mp3,1.0556009070294785,zip
acoustica.zip,chandler8.mp3,0.8720181405895692,zip
acoustica.zip,chandler9.mp3,0.36716553287981857,zip
acoustica.zip,churchbell1.mp3,2.8134693877551022,zip
acoustica.zip,clock10g.mp3,9.999092970521541,zip
acoustica.zip,comet1.mp3,4.773151927437642,zip
acoustica.zip,comet2.mp3,2.799637188208617,zip
acoustica.zip,crow1a.mp3,0.3689795918367347,zip
acoustica.zip,crow2a.mp3,0.3689795918367347,zip
acoustica.zip,cybermail2.mp3,3.5798639455782313,zip
acoustica.zip,feedback2.mp3,0.8620408163265306,zip
acoustica.zip,fm2.mp3,11.106757369614513,zip
acoustica.zip,heartbeat1.mp3,8.662131519274377,zip
acoustica.zip,hen2.mp3,3.5975510204081633,zip
acoustica.zip,hiss2.mp3,5.553378684807257,zip
acoustica.zip,horse1a.mp3,2.0755102040816324,zip
acoustica.zip,jet2.mp3,17.941632653061223,zip
acoustica.zip,lamb.mp3,0.8763265306122449,zip
acoustica.zip,musclecar2.mp3,6.884353741496598,zip
acoustica.zip,pager.mp3,2.0408163265306123,zip
acoustica.zip,pageturn1.mp3,0.27537414965986395,zip
acoustica.zip,policesiren2.mp3,9.206349206349206,zip
acoustica.zip,racecar1a.mp3,6.180408163265306,zip
acoustica.zip,rain.mp3,6.838458049886621,zip
acoustica.zip,register.mp3,1.6063492063492064,zip
acoustica.zip,restwalla2.mp3,14.319455782312925,zip
acoustica.zip,siren1.mp3,4.081904761904762,zip
acoustica.zip,splat1a.mp3,0.09179138321995464,zip
acoustica.zip,splat2a.mp3,0.13768707482993198,zip
acoustica.zip,splat3a.mp3,0.22947845804988662,zip
acoustica.zip,thunder.mp3,9.592199546485261,zip
acoustica.zip,wind.mp3,10.601904761904763,zip
acoustica.zip,wolves.mp3,9.387755102040817,zip
acoustica.zip,zipperdn1.mp3,0.276734693877551,zip
acoustica.zip,zipperdn2.mp3,0.7379591836734694,zip
acoustica.zip,zipperup1.mp3,0.18448979591836734,zip
acoustica.zip,zipperup2.mp3,0.6457142857142857,zip
monster01.zip,browbeat.mp3,1.2400907029478458,zip
monster01.zip,bull_monster.mp3,7.919251700680272,zip
monster01.zip,cosmic_zoo.mp3,64.20755102040816,zip
monster01.zip,crude_laughter.mp3,5.839818594104308,zip
monster01.zip,death_rattle.mp3,6.528888888888889,zip
monster01.zip,devil_groan1.mp3,3.4481632653061225,zip
monster01.zip,devil_groan2.mp3,1.2001814058956917,zip
monster01.zip,devil_groan3.mp3,7.215600907029478,zip
monster01.zip,devil_laugh1.mp3,8.951292517006802,zip
monster01.zip,devil_laugh2.mp3,9.380861678004536,zip
monster01.zip,devil_laugh3.mp3,6.635102040816326,zip
monster01.zip,devil_scared1.mp3,1.7095691609977324,zip
monster01.zip,devil_scared2.mp3,1.740045351473923,zip
monster01.zip,dragon_breath1.mp3,5.764195011337868,zip
monster01.zip,dragon_breath2.mp3,5.5902040816326535,zip
monster01.zip,dragon_growl.mp3,4.0307916666666666,zip
monster01.zip,dragon_roar.mp3,6.61546485260771,zip
monster01.zip,dragon_sigh.mp3,1.6359791666666668,zip
monster01.zip,eaten_by_a_monster1.mp3,4.729251700680272,zip
monster01.zip,eaten_by_a_monster2.mp3,1.0448979591836736,zip
monster01.zip,giant_footstep.mp3,2.2475833333333335,zip
monster01.zip,giant_walk.mp3,9.03,zip
monster01.zip,monster_eating1.mp3,16.073015873015873,zip
monster01.zip,monster_eating2.mp3,15.27873015873016,zip
monster01.zip,monster_eating3.mp3,15.09297052154195,zip
monster01.zip,monster_eating4.mp3,17.647687074829932,zip
monster01.zip,monster_groan1.mp3,9.218321995464853,zip
monster01.zip,monster_groan2.mp3,3.4017233560090703,zip
monster01.zip,monster_groan3.mp3,4.666848072562359,zip
monster01.zip,monster_heartbeats1.mp3,8.228571428571428,zip
monster01.zip,monster_heartbeats2.mp3,7.1053061224489795,zip
monster01.zip,monster_heartbeats3.mp3,3.996734693877551,zip
monster01.zip,monster_heartbeats4.mp3,18.928321995464852,zip
monster01.zip,monster_mourn.mp3,7.918004535147392,zip
monster01.zip,monster_snore.mp3,7.703219954648526,zip
monster01.zip,UMA_scream.mp3,2.76,zip
monster01.zip,wind_monster1.mp3,8.855510204081632,zip
monster01.zip,wind_monster2.mp3,10.49845804988662,zip
monster01.zip,wind_monster3.mp3,2.75156462585034,zip
monster01.zip,zombie_eating1.mp3,15.950145833333334,zip
monster01.zip,zombie_eating2.mp3,28.272,zip
environment01.zip,1min_siren.mp3,64.28804988662131,zip
environment01.zip,ambulance_pass.mp3,16.488,zip
environment01.zip,ambulance_siren.mp3,2.472,zip
environment01.zip,arcade.mp3,58.27655328798186,zip
environment01.zip,auto_door.mp3,1.8,zip
environment01.zip,boat_racing.mp3,167.9267120181406,zip
environment01.zip,bustling_station.mp3,361.28437641723355,zip
environment01.zip,cafe_waitress.mp3,28.272,zip
environment01.zip,can_from_VM.mp3,3.4465,zip
environment01.zip,city_daytime.mp3,57.6,zip
environment01.zip,city_traffic.mp3,86.52345833333334,zip
environment01.zip,cls_hotel_door1.mp3,2.8087755102040814,zip
environment01.zip,cls_hotel_door2.mp3,1.5117913832199545,zip
environment01.zip,cls_wndw_safe_lock.mp3,5.19922902494331,zip
environment01.zip,coin_into_VM.mp3,2.4173541666666667,zip
environment01.zip,coke_machine1.mp3,9.752380952380953,zip
environment01.zip,coke_machine2.mp3,8.8770625,zip
environment01.zip,conveni_office.mp3,80.40660416666667,zip
environment01.zip,crowded_cafe.mp3,40.536,zip
environment01.zip,daytime_traffic.mp3,49.728,zip
environment01.zip,dock1.mp3,31.085714285714285,zip
environment01.zip,dock2.mp3,279.5591875,zip
environment01.zip,downtown_night.mp3,39.888,zip
environment01.zip,elevator_button.mp3,0.7473696145124716,zip
environment01.zip,elevator_down1.mp3,29.978208333333335,zip
environment01.zip,elevator_down2.mp3,30.946734693877552,zip
environment01.zip,elevator_up1.mp3,33.63041666666667,zip
environment01.zip,elevator_up2.mp3,27.75548752834467,zip
environment01.zip,enter_Konbini.mp3,2.463310657596372,zip
environment01.zip,escalator1.mp3,122.33367346938776,zip
environment01.zip,escalator2.mp3,33.78206349206349,zip
environment01.zip,fall_streets1.mp3,79.83020408163266,zip
environment01.zip,fire_engines.mp3,47.87469387755102,zip
environment01.zip,fire_engine_pass.mp3,39.984,zip
environment01.zip,fire_engine_start.mp3,58.88580498866213,zip
environment01.zip,gro_store_cashier.mp3,45.48,zip
environment01.zip,hand_dryer1.mp3,20.490136054421768,zip
environment01.zip,hand_dryer2.mp3,16.7843537414966,zip
environment01.zip,hotel_card_key.mp3,3.3679591836734692,zip
environment01.zip,hotel_shower1.mp3,177.59009070294783,zip
environment01.zip,hotel_shower2.mp3,62.52607709750567,zip
environment01.zip,Jpn_back_alley.mp3,32.883809523809525,zip
environment01.zip,Konbini.mp3,65.448,zip
environment01.zip,mailbox1.mp3,1.1083673469387756,zip
environment01.zip,mailbox2.mp3,3.8968707482993197,zip
environment01.zip,mall_in_airport.mp3,41.112,zip
environment01.zip,morning_city.mp3,16.248,zip
environment01.zip,op_hotel_door1.mp3,4.120952380952381,zip
environment01.zip,op_wndw_safe_lock.mp3,14.335442176870748,zip
environment01.zip,pachinko1.mp3,33.6,zip
environment01.zip,pachinko2.mp3,215.00061224489795,zip
environment01.zip,port_unload.mp3,68.26666666666667,zip
environment01.zip,post_office.mp3,56.904,zip
environment01.zip,rain_building1.mp3,311.9891156462585,zip
environment01.zip,rain_building2.mp3,112.4331746031746,zip
environment01.zip,rain_building3.mp3,90.31700680272108,zip
environment01.zip,shopping_mall1.mp3,35.904,zip
environment01.zip,summer_city1.mp3,110.2106,zip
environment01.zip,summer_city2.mp3,80.952,zip
environment01.zip,summer_city3.mp3,34.488,zip
environment01.zip,summer_city4.mp3,173.448,zip
environment01.zip,summer_city5.mp3,37.68,zip
environment01.zip,tofu_truck.mp3,12.968616780045352,zip
environment01.zip,ubn_intersection1.mp3,476.8890022675737,zip
environment01.zip,ubn_intersection2.mp3,180.984,zip
environment01.zip,walk_to_work.mp3,67.92,zip
environment01.zip,wet_road1.mp3,233.5435827664399,zip
environment01.zip,wide_area_siren.mp3,34.272,zip
event01.zip,after_game.mp3,95.744,zip
event01.zip,applause.mp3,59.5587074829932,zip
event01.zip,balloons_burst2.mp3,4.411904761904762,zip
event01.zip,balloon_bounce.mp3,5.903696145124717,zip
event01.zip,balloon_burst1.mp3,0.6136281179138322,zip
event01.zip,baseball_cheer1.mp3,10.133333333333333,zip
event01.zip,baseball_cheer2.mp3,12.629333333333333,zip
event01.zip,baseball_cheer3.mp3,7.530666666666667,zip
event01.zip,baseball_cheer4.mp3,7.125333333333334,zip
event01.zip,baseball_cheer5.mp3,3.7866666666666666,zip
event01.zip,blow_up_balloon.mp3,7.83172335600907,zip
event01.zip,buzzer1.mp3,24.336,zip
event01.zip,buzzer2.mp3,15.696,zip
event01.zip,cheers1.mp3,14.506666666666666,zip
event01.zip,cheers2.mp3,7.093333333333334,zip
event01.zip,clap_in_hall.mp3,14.521473922902494,zip
event01.zip,comm_center1.mp3,40.85666666666667,zip
event01.zip,comm_center2.mp3,42.098979166666666,zip
event01.zip,comm_center3.mp3,51.67347916666667,zip
event01.zip,concert_seats1.mp3,103.42920833333334,zip
event01.zip,concert_seats2.mp3,168.6155,zip
event01.zip,conductor_enter.mp3,35.00366666666667,zip
event01.zip,crowded_hall1.mp3,26.424,zip
event01.zip,crowded_hall2.mp3,14.568,zip
event01.zip,crowded_hall3.mp3,179.21102083333332,zip
event01.zip,crowded_seats.mp3,27.384,zip
event01.zip,deflate_balloons.mp3,16.979,zip
event01.zip,firework1.mp3,8.034104308390022,zip
event01.zip,firework2.mp3,5.231746031746032,zip
event01.zip,fireworks1.mp3,300.55909297052153,zip
event01.zip,fireworks2.mp3,106.99755102040817,zip
event01.zip,fireworks_fest1.mp3,37.87716666666667,zip
event01.zip,fireworks_fest2.mp3,54.474895833333335,zip
event01.zip,fireworks_fest3.mp3,72.83379166666667,zip
event01.zip,Hyoshigi.mp3,84.24378684807256,zip
event01.zip,Japanese_fest1.mp3,77.864125,zip
event01.zip,Jpn_baseball1.mp3,79.44533333333334,zip
event01.zip,Jpn_baseball2.mp3,75.94666666666667,zip
event01.zip,Jpn_baseball3.mp3,68.01066666666667,zip
event01.zip,Jpn_baseball4.mp3,89.77066666666667,zip
event01.zip,Jpn_baseball5.mp3,39.552,zip
event01.zip,Jpn_baseball6.mp3,52.906666666666666,zip
event01.zip,Jpn_baseball7.mp3,44.544,zip
event01.zip,kindergartners.mp3,90.15089583333334,zip
event01.zip,long_clap1.mp3,37.608,zip
event01.zip,long_clap2.mp3,28.944,zip
event01.zip,Ozeki_fight.mp3,87.35337868480725,zip
event01.zip,party_hubbub1.mp3,21.576,zip
event01.zip,party_hubbub2.mp3,34.776,zip
event01.zip,party_popper1.mp3,0.7575510204081632,zip
event01.zip,party_popper2.mp3,0.6227083333333333,zip
event01.zip,party_poppers3.mp3,3.2895416666666666,zip
event01.zip,performers_enter.mp3,71.47127083333334,zip
event01.zip,roller_coaster1.mp3,80.08854166666667,zip
event01.zip,roller_coaster2.mp3,11.2019375,zip
event01.zip,rummage_sale.mp3,46.71908333333333,zip
event01.zip,short_clap1.mp3,9.96,zip
event01.zip,short_clap2.mp3,6.348004535147393,zip
event01.zip,short_clap3.mp3,6.653083333333333,zip
event01.zip,short_clap4.mp3,6.340916666666667,zip
event01.zip,short_clap5.mp3,14.299291666666667,zip
event01.zip,slope_car1.mp3,77.173375,zip
event01.zip,slope_car2.mp3,64.32025,zip
event01.zip,slope_car_start.mp3,3.998666666666667,zip
event01.zip,sparklers1.mp3,17.438480725623585,zip
event01.zip,sparklers2.mp3,27.071292517006803,zip
event01.zip,stadium_fireworks.mp3,13.610666666666667,zip
event01.zip,sumo1.mp3,18.106326530612243,zip
event01.zip,sumo2.mp3,40.61997732426304,zip
event01.zip,sumo3.mp3,24.456643990929706,zip
event01.zip,sumo4.mp3,51.442743764172334,zip
event01.zip,sumo5.mp3,98.30603174603175,zip
event01.zip,sumo6.mp3,54.881519274376416,zip
event01.zip,sumo7.mp3,64.1308843537415,zip
event01.zip,s_roller_coaster1.mp3,35.81755102040816,zip
event01.zip,s_roller_coaster2.mp3,12.860181405895691,zip
event01.zip,three_cheers.mp3,13.584,zip
event01.zip,town_sumr_fest1.mp3,110.89850340136054,zip
event01.zip,town_sumr_fest2.mp3,80.61968253968254,zip
event01.zip,town_sumr_fest3.mp3,34.83936507936508,zip
event01.zip,tuning.mp3,69.65075,zip
event01.zip,Yokozuna_enter.mp3,71.75650793650793,zip
event01.zip,Yokozuna_fight1.mp3,93.1430612244898,zip
event01.zip,Yokozuna_fight2.mp3,87.24852607709751,zip
event01.zip,Yumitori_shiki.mp3,41.31124716553288,zip
sf01.zip,8bit_computer.mp3,5.458004535147392,zip
sf01.zip,alarm_signal.mp3,3.984,zip
sf01.zip,alian_heart.mp3,5.926530612244898,zip
sf01.zip,aliens_convo.mp3,17.184,zip
sf01.zip,alien_beam.mp3,4.103832199546486,zip
sf01.zip,bass_buzzer.mp3,3.7616326530612243,zip
sf01.zip,control_buttons.mp3,2.871791383219955,zip
sf01.zip,cosmic_signal1.mp3,22.413061224489795,zip
sf01.zip,cosmic_signal2.mp3,62.35387755102041,zip
sf01.zip,current_noise.mp3,20.969795918367346,zip
sf01.zip,electric_shock1.mp3,4.996530612244898,zip
sf01.zip,electric_shock2.mp3,5.007687074829932,zip
sf01.zip,electric_shock3.mp3,8.863401360544218,zip
sf01.zip,ele_restraint.mp3,1.026031746031746,zip
sf01.zip,ele_shock_wave.mp3,5.2483673469387755,zip
sf01.zip,energy_lab_explosion.mp3,10.07798185941043,zip
sf01.zip,factory_siren1.mp3,5.064,zip
sf01.zip,factory_siren2.mp3,13.114829931972789,zip
sf01.zip,game_helicopter.mp3,5.495170068027211,zip
sf01.zip,gear_rotation1.mp3,16.896,zip
sf01.zip,gear_rotation2.mp3,29.184,zip
sf01.zip,g_robot_punch1.mp3,2.074784580498866,zip
sf01.zip,g_robot_punch2.mp3,2.074784580498866,zip
sf01.zip,g_robot_punch3.mp3,2.074784580498866,zip
sf01.zip,g_robot_punches.mp3,3.154512471655329,zip
sf01.zip,g_robot_walk1.mp3,8.219,zip
sf01.zip,g_robot_walk2.mp3,5.60075,zip
sf01.zip,g_robot_walk3.mp3,4.334625,zip
sf01.zip,hypnotic_ray.mp3,3.971496598639456,zip
sf01.zip,inside_ufo1.mp3,12.528083333333333,zip
sf01.zip,inside_ufo2.mp3,10.419270833333334,zip
sf01.zip,jamming.mp3,6.504,zip
sf01.zip,laputa.mp3,4.702040816326531,zip
sf01.zip,light_saber1.mp3,1.7703541666666667,zip
sf01.zip,light_saber2.mp3,1.1751875,zip
sf01.zip,light_saber3.mp3,0.9686666666666667,zip
sf01.zip,machine_engine.mp3,10.031020408163265,zip
sf01.zip,nurse_call1.mp3,2.246530612244898,zip
sf01.zip,nurse_call2.mp3,11.56671201814059,zip
sf01.zip,out_of_control.mp3,5.537959183673469,zip
sf01.zip,poor_elec_contact.mp3,12.836916099773243,zip
sf01.zip,sf_palice_car.mp3,8.473378684807257,zip
sf01.zip,sinus_rhythm.mp3,8.6595,zip
sf01.zip,system_malfunction.mp3,54.853038548752835,zip
sf01.zip,time_machine.mp3,27.262666666666668,zip
sf01.zip,time_travel.mp3,24.672,zip
sf01.zip,ufo.mp3,4.911020408163266,zip
sf01.zip,ufo_energy1.mp3,7.970916666666667,zip
sf01.zip,ufo_energy2.mp3,10.000479166666667,zip
sf01.zip,ufo_landing.mp3,14.953356009070294,zip
sf01.zip,ufo_take_off.mp3,14.993922902494331,zip
sf01.zip,unanalyzable.mp3,2.27265306122449,zip
sf01.zip,vibration_noise.mp3,5.016,zip
environment02.zip,asphalt_work1.mp3,76.85224489795918,zip
environment02.zip,asphalt_work2.mp3,13.491020408163266,zip
environment02.zip,asphalt_work3.mp3,36.85278911564626,zip
environment02.zip,building_home1.mp3,22.77877551020408,zip
environment02.zip,building_home2.mp3,90.6507029478458,zip
environment02.zip,building_home3.mp3,35.01931972789116,zip
environment02.zip,cargo_trucks.mp3,39.05451247165533,zip
environment02.zip,cargo_truck_pass.mp3,11.107482993197278,zip
environment02.zip,city_road1.mp3,56.842448979591836,zip
environment02.zip,city_road2.mp3,109.04090702947846,zip
environment02.zip,city_road3.mp3,56.832,zip
environment02.zip,construction1.mp3,33.32596371882086,zip
environment02.zip,construction2.mp3,162.6632879818594,zip
environment02.zip,construction_site.mp3,29.72154195011338,zip
environment02.zip,demolish_building1.mp3,27.58530612244898,zip
environment02.zip,demolish_building2.mp3,25.768344671201813,zip
environment02.zip,demolish_building3.mp3,40.542040816326534,zip
environment02.zip,demolish_house1.mp3,70.23755102040816,zip
environment02.zip,demolish_house2.mp3,73.18839002267573,zip
environment02.zip,demolish_house3.mp3,32.14358276643991,zip
environment02.zip,demolish_house4.mp3,50.2437641723356,zip
environment02.zip,drill_concrete.mp3,35.90485260770975,zip
environment02.zip,eatery_exh_fan.mp3,10.0176875,zip
environment02.zip,elct_rotary_cutter1.mp3,14.207278911564625,zip
environment02.zip,elct_rotary_cutter2.mp3,22.657097505668933,zip
environment02.zip,excavator.mp3,28.789354166666666,zip
environment02.zip,factory_drainage.mp3,22.927583333333335,zip
environment02.zip,factory_exh_fan.mp3,13.4098125,zip
environment02.zip,factory_outside.mp3,49.68072562358277,zip
environment02.zip,garbage_truck.mp3,97.92609977324263,zip
environment02.zip,generator_like.mp3,11.7435,zip
environment02.zip,hammering_nails1.mp3,8.498503401360544,zip
environment02.zip,hammering_nails2.mp3,11.083310657596371,zip
environment02.zip,hammering_nails3.mp3,16.500476190476192,zip
environment02.zip,hammering_nails4.mp3,2.177687074829932,zip
environment02.zip,hammering_nails5.mp3,4.067709750566894,zip
environment02.zip,hit_wood_floor1.mp3,1.2666666666666666,zip
environment02.zip,hit_wood_floor2.mp3,0.7347845804988662,zip
environment02.zip,home_remodeling1.mp3,60.0971201814059,zip
environment02.zip,home_remodeling2.mp3,10.251995464852607,zip
environment02.zip,Jpn_biker_gang2.mp3,14.832,zip
environment02.zip,Jpn_biker_gangs1.mp3,34.248,zip
environment02.zip,large_vent.mp3,20.020385487528344,zip
environment02.zip,nail_gun1.mp3,0.7256009070294784,zip
environment02.zip,nail_gun2.mp3,7.035442176870748,zip
environment02.zip,night_urban_road1.mp3,73.872,zip
environment02.zip,night_urban_road2.mp3,27.816,zip
environment02.zip,night_urban_road3.mp3,108.39075,zip
environment02.zip,power_drill1.mp3,15.998548752834466,zip
environment02.zip,power_drill2.mp3,11.23845804988662,zip
environment02.zip,power_shovel1.mp3,60.61414965986395,zip
environment02.zip,power_shovel2.mp3,45.12560090702948,zip
environment02.zip,pumping_concrete.mp3,101.23274376417234,zip
environment02.zip,river_dredging1.mp3,138.03285416666668,zip
environment02.zip,river_dredging2.mp3,98.1590625,zip
environment02.zip,river_dredging3.mp3,115.4293125,zip
environment02.zip,river_dredging4.mp3,56.35402083333334,zip
environment02.zip,river_dredging5.mp3,63.269333333333336,zip
environment02.zip,short_tunnel_road1.mp3,85.70335416666667,zip
environment02.zip,short_tunnel_road2.mp3,21.760583333333333,zip
environment02.zip,town_road1.mp3,97.75596371882087,zip
environment02.zip,town_road2.mp3,35.97721088435374,zip
environment02.zip,truck_pass1.mp3,13.305034013605443,zip
environment02.zip,truck_pass2.mp3,54.52045351473923,zip
environment02.zip,truck_turn.mp3,22.6162358276644,zip
openclose01.zip,accordion_screen1.mp3,1.7445578231292518,zip
openclose01.zip,accordion_screen2.mp3,1.6441043083900226,zip
openclose01.zip,accordion_screen3.mp3,1.5986848072562359,zip
openclose01.zip,close_bedroom_door.mp3,1.392,zip
openclose01.zip,close_cabinet.mp3,0.48,zip
openclose01.zip,close_door.mp3,1.3317233560090702,zip
openclose01.zip,close_door_slowly.mp3,1.9941496598639457,zip
openclose01.zip,close_glass_window.mp3,5.76,zip
openclose01.zip,close_locker.mp3,0.5075416666666667,zip
openclose01.zip,close_metal_door.mp3,3.48,zip
openclose01.zip,close_office_locker.mp3,0.8664375,zip
openclose01.zip,close_small_window.mp3,2.2947392290249433,zip
openclose01.zip,cl_alum_BR_door1.mp3,3.6768480725623585,zip
openclose01.zip,cl_alum_BR_door2.mp3,1.0791836734693878,zip
openclose01.zip,cl_CD_jewel_case.mp3,0.5707709750566894,zip
openclose01.zip,cl_chest_drawer1.mp3,1.920498866213152,zip
openclose01.zip,cl_chest_drawer2.mp3,1.692766439909297,zip
openclose01.zip,cl_chest_drawer3.mp3,1.4315873015873015,zip
openclose01.zip,cl_clear_umbrella.mp3,1.695532879818594,zip
openclose01.zip,cl_dish_drawer.mp3,2.6750340136054422,zip
openclose01.zip,cl_DVD_case.mp3,0.28285714285714286,zip
openclose01.zip,cl_flip_phone.mp3,0.36975056689342406,zip
openclose01.zip,cl_fold_bathtub_cover.mp3,2.592,zip
openclose01.zip,cl_glass_pill_bottle.mp3,4.383083900226757,zip
openclose01.zip,cl_Jpn_slide_ent_door.mp3,3.5311458333333334,zip
openclose01.zip,cl_metal_shed_door.mp3,2.1587708333333335,zip
openclose01.zip,cl_metal_tool_box.mp3,0.908639455782313,zip
openclose01.zip,cl_plastic_tool_box.mp3,2.64,zip
openclose01.zip,cl_umbrella.mp3,1.4866213151927439,zip
openclose01.zip,cl_washer.mp3,1.792312925170068,zip
openclose01.zip,cl_wood_drawer.mp3,1.296,zip
openclose01.zip,cl_wood_slide_door.mp3,3.216,zip
openclose01.zip,curtain_window_AM.mp3,13.2,zip
openclose01.zip,curtain_window_night.mp3,44.352,zip
openclose01.zip,Fusuma_sliding_doors.mp3,2.712,zip
openclose01.zip,hard_to_cl_window.mp3,4.128,zip
openclose01.zip,hard_to_op_window.mp3,3.24,zip
openclose01.zip,large_curtains1.mp3,4.4222222222222225,zip
openclose01.zip,large_curtains2.mp3,3.4603174603174605,zip
openclose01.zip,large_curtains3.mp3,2.667278911564626,zip
openclose01.zip,large_curtains4.mp3,3.0095691609977324,zip
openclose01.zip,large_curtains5.mp3,1.9777097505668935,zip
openclose01.zip,large_curtains6.mp3,2.6438775510204082,zip
openclose01.zip,large_curtains7.mp3,3.2777777777777777,zip
openclose01.zip,lower_blinds.mp3,1.2480725623582767,zip
openclose01.zip,old_wood_BR_door.mp3,2.688,zip
openclose01.zip,old_wood_slide_door1.mp3,1.9517233560090703,zip
openclose01.zip,old_wood_slide_door2.mp3,2.818299319727891,zip
openclose01.zip,open_bedroom_door.mp3,1.104,zip
openclose01.zip,open_cabinet.mp3,0.696,zip
openclose01.zip,open_glass_window.mp3,5.136,zip
openclose01.zip,open_locker.mp3,0.8987291666666667,zip
openclose01.zip,open_metal_door1.mp3,2.112,zip
openclose01.zip,open_metal_door2.mp3,7.344,zip
openclose01.zip,open_office_locker.mp3,2.0857916666666667,zip
openclose01.zip,open_small_window.mp3,3.689047619047619,zip
openclose01.zip,open_window_wind.mp3,6.953038548752835,zip
openclose01.zip,op_alum_BR_door1.mp3,3.5335374149659864,zip
openclose01.zip,op_alum_BR_door2.mp3,1.7748072562358277,zip
openclose01.zip,op_CD_jewel_case.mp3,0.29297052154195014,zip
openclose01.zip,op_chest_drawer1.mp3,2.5400226757369615,zip
openclose01.zip,op_chest_drawer2.mp3,1.245034013605442,zip
openclose01.zip,op_chest_drawer3.mp3,1.1582993197278912,zip
openclose01.zip,op_dish_drawer.mp3,2.3142857142857145,zip
openclose01.zip,op_DVD_case.mp3,0.47138321995464855,zip
openclose01.zip,op_flip_phone.mp3,0.5219501133786848,zip
openclose01.zip,op_fold_bathtub_cover.mp3,3.816,zip
openclose01.zip,op_glass_pill_bottle.mp3,3.3044444444444445,zip
openclose01.zip,op_Jpn_slide_ent_door.mp3,2.9587083333333335,zip
openclose01.zip,op_metal_shed_door.mp3,2.8442083333333334,zip
openclose01.zip,op_metal_tool_box.mp3,0.6069160997732427,zip
openclose01.zip,op_plastic_tool_box.mp3,2.328,zip
openclose01.zip,op_washer.mp3,1.3425850340136054,zip
openclose01.zip,op_wood_drawer.mp3,1.08,zip
openclose01.zip,op_wood_slide_door.mp3,3.216,zip
openclose01.zip,peek_through_blinds.mp3,0.5035827664399093,zip
openclose01.zip,put_up_clear_umbr.mp3,1.1673696145124717,zip
openclose01.zip,put_up_umbrella.mp3,1.212721088435374,zip
openclose01.zip,raise_blinds1.mp3,1.608,zip
openclose01.zip,raise_blinds2.mp3,1.5412244897959184,zip
openclose01.zip,roller_shutter_door1.mp3,5.616,zip
openclose01.zip,roller_shutter_door2.mp3,4.2,zip
openclose01.zip,roller_shutter_door3.mp3,4.248,zip
openclose01.zip,sheer_curtains1.mp3,0.96,zip
openclose01.zip,sheer_curtains2.mp3,0.888,zip
openclose01.zip,slide_screen_door1.mp3,1.2,zip
openclose01.zip,slide_screen_door2.mp3,1.0089791666666668,zip
attack01.zip,crash.mp3,0.7930385487528344,zip
attack01.zip,damaged1.mp3,0.3657142857142857,zip
attack01.zip,damaged2.mp3,0.3160770975056689,zip
attack01.zip,damaged3.mp3,0.2873469387755102,zip
attack01.zip,damaged4.mp3,0.2873469387755102,zip
attack01.zip,damaged5.mp3,0.39183673469387753,zip
attack01.zip,damaged6.mp3,0.3189342403628118,zip
attack01.zip,damaged7.mp3,0.809795918367347,zip
attack01.zip,defense1.mp3,0.16016666666666668,zip
attack01.zip,flying_pan.mp3,0.98,zip
attack01.zip,heavy_punch1.mp3,0.23863945578231294,zip
attack01.zip,heavy_punch2.mp3,0.44913832199546483,zip
attack01.zip,heavy_punch3.mp3,0.523673469387755,zip
attack01.zip,heavy_punch4.mp3,0.6559637188208617,zip
attack01.zip,heavy_punch5.mp3,0.7856916099773242,zip
attack01.zip,jab.mp3,0.4423958333333333,zip
attack01.zip,kick1.mp3,0.2753333333333333,zip
attack01.zip,kick2.mp3,0.466125,zip
attack01.zip,knock_on_wall.mp3,0.432,zip
attack01.zip,knock_out.mp3,1.5884791666666667,zip
attack01.zip,knock_out_3.mp3,2.540208333333333,zip
attack01.zip,KungFu_swish1.mp3,0.37014583333333334,zip
attack01.zip,KungFu_swish2.mp3,0.5196666666666667,zip
attack01.zip,KungFu_swish3.mp3,0.6563333333333333,zip
attack01.zip,KungFu_swish4.mp3,0.7646458333333334,zip
attack01.zip,light_punch1.mp3,0.264,zip
attack01.zip,make_fist.mp3,1.4325850340136055,zip
attack01.zip,medium_punch1.mp3,0.20633333333333334,zip
attack01.zip,medium_punch2.mp3,0.363,zip
attack01.zip,medium_punch3.mp3,0.495,zip
attack01.zip,punch2a.mp3,0.6249206349206349,zip
attack01.zip,punch2b.mp3,0.8517687074829932,zip
attack01.zip,punch2c.mp3,0.8140362811791383,zip
attack01.zip,punch31.mp3,3.5789791666666666,zip
attack01.zip,scifi_attack1.mp3,1.3611337868480726,zip
attack01.zip,scifi_attack2.mp3,1.5837868480725623,zip
attack01.zip,scifi_attack3.mp3,1.6578004535147393,zip
attack01.zip,scifi_attack4.mp3,2.0695238095238095,zip
attack01.zip,scifi_attack5.mp3,3.645895691609977,zip
attack01.zip,slash_attack1.mp3,1.0704308390022677,zip
attack01.zip,slash_attack2.mp3,1.4657596371882087,zip
attack01.zip,slash_attack3.mp3,3.014875283446712,zip
attack01.zip,straight_punch.mp3,0.6477551020408163,zip
attack01.zip,swing1.mp3,0.4999166666666667,zip
attack01.zip,swing2.mp3,0.6064166666666667,zip
attack01.zip,swing3.mp3,1.0898541666666666,zip
attack01.zip,swing4.mp3,5.594125,zip
attack01.zip,swish1_1.mp3,0.432,zip
attack01.zip,swish1_2.mp3,0.36054166666666665,zip
attack01.zip,swish1_3.mp3,0.4013333333333333,zip
attack01.zip,swish1_4.mp3,0.5066666666666667,zip
attack01.zip,swish2_1.mp3,0.6,zip
attack01.zip,swish2_2.mp3,0.6790208333333333,zip
attack01.zip,swish2_3.mp3,0.8643541666666666,zip
attack01.zip,turning_kick.mp3,0.450875,zip
attack01.zip,whip.mp3,0.5859863945578231,zip
game01.zip,blip01.mp3,0.5746938775510204,zip
game01.zip,blip02.mp3,0.313469387755102,zip
game01.zip,blip03.mp3,0.2873469387755102,zip
game01.zip,blip04.mp3,0.313469387755102,zip
game01.zip,button01a.mp3,0.264,zip
game01.zip,button01b.mp3,0.672,zip
game01.zip,button02a.mp3,0.456,zip
game01.zip,button02b.mp3,0.768,zip
game01.zip,button03a.mp3,0.336,zip
game01.zip,button03b.mp3,0.768,zip
game01.zip,button04a.mp3,0.336,zip
game01.zip,button04b.mp3,0.744,zip
game01.zip,button05.mp3,1.8687755102040817,zip
game01.zip,button06.mp3,1.8687755102040817,zip
game01.zip,cat_like1a.mp3,0.6002267573696145,zip
game01.zip,cat_like1b.mp3,1.1697278911564626,zip
game01.zip,cat_like2a.mp3,0.6215419501133786,zip
game01.zip,cat_like2b.mp3,1.1078458049886621,zip
game01.zip,cat_like3a.mp3,0.5575963718820862,zip
game01.zip,cat_like3b.mp3,1.150861678004535,zip
game01.zip,cat_like4a.mp3,0.6570521541950113,zip
game01.zip,cat_like4b.mp3,1.1456689342403628,zip
game01.zip,coin01.mp3,0.47020408163265304,zip
game01.zip,coin02.mp3,0.47020408163265304,zip
game01.zip,coin03.mp3,0.39183673469387753,zip
game01.zip,coin04.mp3,0.4179591836734694,zip
game01.zip,coin05.mp3,0.9142857142857143,zip
game01.zip,coin06.mp3,0.8881632653061224,zip
game01.zip,coin07.mp3,0.9142857142857143,zip
game01.zip,coin08.mp3,0.8881632653061224,zip
game01.zip,correct_answer1.mp3,1.536,zip
game01.zip,correct_answer2.mp3,1.392,zip
game01.zip,correct_answer3.mp3,2.448,zip
game01.zip,death01.mp3,0.80140589569161,zip
game01.zip,death02.mp3,0.8138095238095238,zip
game01.zip,death03.mp3,1.4098185941043084,zip
game01.zip,death04.mp3,1.2619727891156463,zip
game01.zip,death05.mp3,0.8753061224489795,zip
game01.zip,death06.mp3,1.5214739229024943,zip
game01.zip,death07.mp3,1.5759183673469388,zip
game01.zip,death08.mp3,0.7626530612244898,zip
game01.zip,jump01.mp3,0.5224489795918368,zip
game01.zip,jump02.mp3,0.39183673469387753,zip
game01.zip,jump03.mp3,0.9404081632653061,zip
game01.zip,jump04.mp3,0.4963265306122449,zip
game01.zip,jump05.mp3,0.9404081632653061,zip
game01.zip,jump06.mp3,0.3395918367346939,zip
game01.zip,jump07.mp3,0.2873469387755102,zip
game01.zip,jump08.mp3,0.3395918367346939,zip
game01.zip,jump09.mp3,0.4963265306122449,zip
game01.zip,jump10.mp3,0.7053061224489796,zip
game01.zip,jump11.mp3,1.4628571428571429,zip
game01.zip,jump12.mp3,0.4440816326530612,zip
game01.zip,jump13.mp3,0.8620408163265306,zip
game01.zip,pickup01.mp3,0.47020408163265304,zip
game01.zip,pickup02.mp3,0.4440816326530612,zip
game01.zip,pickup03.mp3,0.4440816326530612,zip
game01.zip,pickup04.mp3,0.4179591836734694,zip
game01.zip,poka01.mp3,0.23510204081632652,zip
game01.zip,poka02.mp3,0.23510204081632652,zip
game01.zip,poka03.mp3,0.2612244897959184,zip
game01.zip,powerdown01.mp3,0.47020408163265304,zip
game01.zip,powerdown02.mp3,0.47020408163265304,zip
game01.zip,powerdown03.mp3,0.8359183673469388,zip
game01.zip,powerdown04.mp3,0.9142857142857143,zip
game01.zip,powerdown05.mp3,0.4963265306122449,zip
game01.zip,powerdown06.mp3,0.5746938775510204,zip
game01.zip,powerdown07.mp3,1.0672108843537416,zip
game01.zip,powerup01.mp3,0.5746938775510204,zip
game01.zip,powerup02.mp3,0.9404081632653061,zip
game01.zip,powerup03.mp3,0.2873469387755102,zip
game01.zip,powerup04.mp3,0.626938775510204,zip
game01.zip,powerup05.mp3,0.5746938775510204,zip
game01.zip,powerup06.mp3,0.5746938775510204,zip
game01.zip,powerup07.mp3,0.626938775510204,zip
game01.zip,powerup08.mp3,0.9142857142857143,zip
game01.zip,powerup09.mp3,0.7575510204081632,zip
game01.zip,powerup10.mp3,0.5485714285714286,zip
game01.zip,select01.mp3,0.2612244897959184,zip
game01.zip,select02.mp3,0.2873469387755102,zip
game01.zip,select03.mp3,0.313469387755102,zip
game01.zip,select04.mp3,0.23510204081632652,zip
game01.zip,select05.mp3,0.23510204081632652,zip
game01.zip,select06.mp3,0.23510204081632652,zip
game01.zip,select07.mp3,0.23510204081632652,zip
game01.zip,select08.mp3,0.2873469387755102,zip
game01.zip,select09.mp3,0.5746938775510204,zip
game01.zip,select10.mp3,0.6530612244897959,zip
game01.zip,sh_pickup01.mp3,0.23510204081632652,zip
game01.zip,sh_pickup02.mp3,0.23510204081632652,zip
game01.zip,sh_pickup03.mp3,0.2089795918367347,zip
knocking01,knock_on_concrete3.mp3,0.5375283446712018,extracted
knocking01,knock_on_glass_door6.mp3,3.8549886621315195,extracted
knocking01,knock_on_washer1.mp3,2.179092970521542,extracted
knocking01,knock_on_iron_tube5.mp3,1.7183219954648525,extracted
knocking01,knock_on_iron_tube4.mp3,1.4984807256235828,extracted
knocking01,knock_on_concrete2.mp3,0.8280725623582766,extracted
knocking01,knock_on_washer2.mp3,1.1394104308390023,extracted
knocking01,knock_on_glass_door5.mp3,0.9404308390022675,extracted
knocking01,knock_on_iron_tube6.mp3,1.0313151927437643,extracted
knocking01,knock_on_microwave4.mp3,0.8041950113378685,extracted
knocking01,knock_on_microwave5.mp3,1.1894331065759638,extracted
knocking01,knock_on_glass_door4.mp3,1.3704761904761904,extracted
knocking01,knock_on_washer3.mp3,4.186825396825397,extracted
knocking01,knock_on_concrete1.mp3,1.1589115646258503,extracted
knocking01,hit_desk1.mp3,0.6322448979591837,extracted
knocking01,knock_on_microwave1.mp3,1.0943537414965987,extracted
knocking01,knock_on_iron_tube3.mp3,1.3672562358276643,extracted
knocking01,knock_on_iron_tube2.mp3,1.8700453514739228,extracted
knocking01,knock_on_glass_door1.mp3,1.8744897959183673,extracted
knocking01,knock_on_glass_door3.mp3,2.5620861678004534,extracted
knocking01,knock_on_microwave2.mp3,2.399092970521542,extracted
knocking01,knock_on_iron_tube1.mp3,1.7147392290249432,extracted
knocking01,knock_on_microwave3.mp3,1.0064172335600907,extracted
knocking01,knock_on_glass_door2.mp3,1.507845804988662,extracted
knocking01,knock_on_mtl_door1.mp3,3.48,extracted
knocking01,knock_on_thick_glass4.mp3,0.7352154195011338,extracted
knocking01,knock_on_mtl_door2.mp3,2.352,extracted
knocking01,knock_on_mtl_door3.mp3,1.68,extracted
knocking01,knock_on_thick_glass3.mp3,1.3200680272108845,extracted
knocking01,knock_on_thick_glass2.mp3,1.194829931972789,extracted
knocking01,hit_table1.mp3,0.8607709750566893,extracted
knocking01,knock_on_mtl_door4.mp3,2.04,extracted
knocking01,knock_on_thick_glass1.mp3,1.1543083900226758,extracted
knocking01,knock_on_mtl_door5.mp3,2.592,extracted
knocking01,knock_on_thin_board4.mp3,0.6485714285714286,extracted
knocking01,knock_on_BR_door2.mp3,1.9448979591836735,extracted
knocking01,hit_wdn_pillar3.mp3,0.7846258503401361,extracted
knocking01,knock_on_floor2.mp3,1.1136961451247165,extracted
knocking01,knock_on_wdn_pillar1.mp3,1.134625850340136,extracted
knocking01,knock_on_floor3.mp3,1.051859410430839,extracted
knocking01,hit_wdn_pillar2.mp3,0.6668480725623582,extracted
knocking01,knock_on_BR_door3.mp3,1.5915646258503402,extracted
knocking01,knock_on_BR_door1.mp3,1.7017460317460318,extracted
knocking01,knock_on_wdn_wall4.mp3,1.6315419501133788,extracted
knocking01,knock_on_floor1.mp3,1.3153741496598639,extracted
knocking01,knock_on_wdn_pillar3.mp3,1.7919274376417234,extracted
knocking01,knock_on_wdn_pillar2.mp3,1.2183125,extracted
knocking01,hit_concrete_wall4.mp3,1.972721088435374,extracted
knocking01,hit_wdn_pillar1.mp3,0.8852834467120182,extracted
knocking01,knock_on_BR_door4.mp3,0.9905442176870748,extracted
knocking01,knock_on_thin_board2.mp3,1.0829024943310657,extracted
knocking01,knock_on_wdn_wall1.mp3,1.448140589569161,extracted
knocking01,knock_on_floor4.mp3,0.6384126984126984,extracted
knocking01,knock_on_floor5.mp3,1.1818140589569162,extracted
knocking01,hit_concrete_wall1.mp3,1.4633560090702948,extracted
knocking01,knock_on_thin_board3.mp3,0.7428344671201814,extracted
knocking01,knock_on_thin_board1.mp3,1.3055102040816327,extracted
knocking01,knock_on_wdn_wall2.mp3,1.4018140589569161,extracted
knocking01,hit_concrete_wall3.mp3,0.8119274376417234,extracted
knocking01,knock_on_wdn_pillar5.mp3,1.29281179138322,extracted
knocking01,knock_on_wdn_pillar4.mp3,1.3528571428571428,extracted
knocking01,hit_concrete_wall2.mp3,1.2543310657596372,extracted
knocking01,knock_on_wdn_wall3.mp3,0.7532879818594105,extracted
knocking01,hit_house_wall2.mp3,1.0396825396825398,extracted
knocking01,knock_on_house_wall1.mp3,1.7644444444444445,extracted
knocking01,knock_on_Fusuma6.mp3,4.030317460317461,extracted
knocking01,knocked_in_BR4.mp3,2.3377097505668933,extracted
knocking01,knock_on_Fusuma4.mp3,1.260045351473923,extracted
knocking01,hit_house_wall1.mp3,2.0056462585034014,extracted
knocking01,knock_on_house_wall2.mp3,1.5147845804988662,extracted
knocking01,knock_on_house_wall3.mp3,0.8897278911564626,extracted
knocking01,knock_on_Fusuma5.mp3,1.0065079365079366,extracted
knocking01,knocked_at_door2.mp3,3.13843537414966,extracted
knocking01,knocked_in_BR3.mp3,2.00875283446712,extracted
knocking01,knock_on_Fusuma1.mp3,1.3731519274376418,extracted
knocking01,knock_on_door3.mp3,2.0382312925170067,extracted
knocking01,knock_on_door2.mp3,0.84,extracted
knocking01,knocked_in_BR2.mp3,4.476303854875283,extracted
knocking01,knocked_at_door3.mp3,1.6146485260770975,extracted
knocking01,knocked_at_door1.mp3,1.1517687074829932,extracted
knocking01,knock_on_Fusuma2.mp3,3.548843537414966,extracted
knocking01,knock_on_house_wall4.mp3,1.3137641723356008,extracted
knocking01,knock_on_house_wall5.mp3,1.2005215419501134,extracted
knocking01,knock_on_door1.mp3,1.104,extracted
knocking01,knock_on_Fusuma3.mp3,2.1679591836734695,extracted
knocking01,knocked_in_BR1.mp3,1.5970521541950113,extracted
daily01,crash_empty_can2.mp3,1.8894331065759638,extracted
daily01,turn_key5.mp3,0.9634240362811791,extracted
daily01,zipper3.mp3,0.8398412698412698,extracted
daily01,zipper2.mp3,1.2,extracted
daily01,sweep2.mp3,12.348095238095238,extracted
daily01,trample_PET2.mp3,1.8946031746031746,extracted
daily01,turn_key4.mp3,1.2618367346938775,extracted
daily01,crash_empty_can3.mp3,1.7082086167800454,extracted
daily01,crash_empty_can1.mp3,1.4754875283446711,extracted
daily01,turn_key6.mp3,2.315056689342404,extracted
daily01,zipper1.mp3,1.56,extracted
daily01,sweep1.mp3,6.4399319727891156,extracted
daily01,trample_PET1.mp3,0.9987074829931972,extracted
daily01,cls_door_light.mp3,2.4607936507936508,extracted
daily01,turn_key3.mp3,1.273625,extracted
daily01,mail_box_C.mp3,4.256303854875283,extracted
daily01,turn_balcony_key.mp3,0.6715192743764172,extracted
daily01,turn_key2.mp3,0.3004375,extracted
daily01,clean_up_glass.mp3,13.19578231292517,extracted
daily01,pull_key1.mp3,0.624,extracted
daily01,spray_long.mp3,5.712,extracted
daily01,cup_break.mp3,1.5322448979591836,extracted
daily01,turn_key1.mp3,0.3657142857142857,extracted
daily01,shake_piggy_bank1.mp3,1.5267120181405895,extracted
daily01,coin_roll.mp3,1.555736961451247,extracted
daily01,from_balcony2.mp3,3.4899773242630387,extracted
daily01,cls_back_door.mp3,3.2534920634920637,extracted
daily01,shake_piggy_bank2.mp3,1.0100680272108844,extracted
daily01,from_balcony1.mp3,2.4070068027210882,extracted
daily01,throw_away_can3.mp3,0.6638775510204081,extracted
daily01,cls_door_lock.mp3,1.786077097505669,extracted
daily01,door_chime1.mp3,1.0448958333333334,extracted
daily01,door_chime0.mp3,4.032,extracted
daily01,out_on_balcony2.mp3,7.723854875283447,extracted
daily01,dig_toolbox.mp3,21.696,extracted
daily01,shake_PET2.mp3,3.9886167800453514,extracted
daily01,mail_box1.mp3,4.728,extracted
daily01,mist_spray1.mp3,0.4084807256235828,extracted
daily01,bottles_cans.mp3,4.403520833333333,extracted
daily01,throw_away_can2.mp3,0.8452154195011338,extracted
daily01,insert_key1.mp3,0.6741723356009071,extracted
daily01,turn_screwdriver.mp3,7.392,extracted
daily01,door_chimes.mp3,3.448166666666667,extracted
daily01,door_chime2.mp3,1.4367291666666666,extracted
daily01,put_glass_in_bag.mp3,2.44859410430839,extracted
daily01,door_chime3.mp3,5.818820861678004,extracted
daily01,out_on_balcony1.mp3,1.183174603174603,extracted
daily01,mail_box2.mp3,3.942040816326531,extracted
daily01,shake_PET1.mp3,1.6109297052154194,extracted
daily01,mist_spray2.mp3,0.7738321995464853,extracted
daily01,cans_in_grbg_bag.mp3,14.56185941043084,extracted
daily01,throw_away_can1.mp3,1.0293877551020407,extracted
daily01,turn_classic_key2.mp3,1.0022222222222221,extracted
daily01,shake_pill1.mp3,1.032,extracted
daily01,lock_wood_door2.mp3,1.27297052154195,extracted
daily01,search_in_drawer1.mp3,5.854399092970522,extracted
daily01,pencil_roll.mp3,1.8666666666666667,extracted
daily01,empty_can_roll.mp3,1.968,extracted
daily01,wring_out_rag.mp3,9.17015873015873,extracted
daily01,crash_PET4.mp3,1.6863718820861677,extracted
daily01,turn_classic_key1.mp3,0.8500680272108844,extracted
daily01,shake_pill2.mp3,1.0539455782312925,extracted
daily01,shake_pill3.mp3,0.888,extracted
daily01,lock_wood_door1.mp3,0.696984126984127,extracted
daily01,search_in_drawer2.mp3,6.092607709750567,extracted
daily01,shake_crisp_bag2.mp3,1.4682086167800454,extracted
daily01,crash_PET1.mp3,1.5302721088435374,extracted
daily01,lawn_mower.mp3,19.433401360544217,extracted
daily01,spray_short.mp3,1.9929791666666667,extracted
daily01,lengthen_measure1.mp3,1.0578684807256236,extracted
daily01,door_bell.mp3,4.848,extracted
daily01,magic_tape.mp3,0.2924263038548753,extracted
daily01,shake_crisp_bag1.mp3,1.1535600907029477,extracted
daily01,crash_PET2.mp3,2.0106575963718822,extracted
daily01,shake_pill4.mp3,1.2927891156462585,extracted
daily01,shake_pill5.mp3,1.7273015873015873,extracted
daily01,crash_PET3.mp3,0.7335374149659863,extracted
daily01,brushing_teeth.mp3,6.24,extracted
daily01,polish1.mp3,1.7229705215419502,extracted
daily01,mail_box_O.mp3,8.34453514739229,extracted
daily01,shake_small_box.mp3,0.912,extracted
daily01,polish2.mp3,1.68140589569161,extracted
daily01,glass_break.mp3,1.982267573696145,extracted
daily01,op_door_with_key1.mp3,2.496,extracted
daily01,empty_glass_roll.mp3,2.2663492063492066,extracted
daily01,fall_coin1.mp3,3.9460317460317462,extracted
daily01,op_door_with_key2.mp3,4.128,extracted
daily01,fall_coin2.mp3,1.6719274376417232,extracted
daily01,op_back_door.mp3,2.6959863945578233,extracted
sports01,starting_bell.mp3,2.016020833333333,extracted
sports01,stopwatch2.mp3,0.6667573696145125,extracted
sports01,basketball_training2.mp3,83.98086167800453,extracted
sports01,pupil2.mp3,41.352,extracted
sports01,mens_vb4.mp3,59.242448979591835,extracted
sports01,basketball_training3.mp3,34.175170068027214,extracted
sports01,mens_Kendo4.mp3,176.6574149659864,extracted
sports01,stopwatch1.mp3,0.45439909297052156,extracted
sports01,basketball_training1.mp3,98.54875283446712,extracted
sports01,pupil1.mp3,28.2,extracted
sports01,ending_bell.mp3,2.5121315192743765,extracted
sports01,mens_Kendo5.mp3,240.5122902494331,extracted
sports01,school_exam.mp3,28.51031746031746,extracted
sports01,mens_Kendo1.mp3,71.42458049886622,extracted
sports01,men_basketball1.mp3,129.35231292517005,extracted
sports01,mens_vb3.mp3,19.23269841269841,extracted
sports01,mens_vb2.mp3,106.03541950113379,extracted
sports01,slide_tackle1.mp3,1.8217233560090702,extracted
sports01,mens_Kendo2.mp3,66.2465306122449,extracted
sports01,men_basketball2.mp3,122.57852607709751,extracted
sports01,mens_vb1.mp3,40.259138321995465,extracted
sports01,men_basketball3.mp3,94.28714285714285,extracted
sports01,slide_tackle2.mp3,5.604535147392291,extracted
sports01,mens_Kendo3.mp3,83.9633560090703,extracted
sports01,basketball_buzzer1.mp3,1.7341043083900227,extracted
sports01,boxing3.mp3,181.9820625,extracted
sports01,boxing1.mp3,181.8360625,extracted
sports01,school_ground_kids.mp3,70.29747916666666,extracted
sports01,basketball_buzzer2.mp3,1.865827664399093,extracted
sports01,Kendo_spectator2.mp3,25.44907029478458,extracted
sports01,dinner_chime.mp3,3.5830385487528345,extracted
sports01,Kendo_spectator1.mp3,39.62485260770975,extracted
sports01,finishing_bell.mp3,3.9447916666666667,extracted
sports01,shrill_whistle4.mp3,3.1115419501133785,extracted
sports01,crowded_sch_gym2.mp3,27.956825396825398,extracted
sports01,exciting_fight1.mp3,181.91397916666668,extracted
sports01,soccer_spectator.mp3,82.401179138322,extracted
sports01,shrill_whistle5.mp3,1.2061224489795919,extracted
sports01,bb_dribbling.mp3,18.263650793650793,extracted
sports01,bb_shooting.mp3,11.267278911564626,extracted
sports01,exciting_fight3.mp3,200.5119375,extracted
sports01,crowded_sch_gym1.mp3,67.88353741496599,extracted
sports01,exciting_fight2.mp3,182.36725,extracted
sports01,shrill_whistle6.mp3,0.9603401360544218,extracted
sports01,mens_Judo2.mp3,60.148866213151926,extracted
sports01,shrill_whistle2.mp3,1.9731972789115646,extracted
sports01,vb_women.mp3,121.84102040816326,extracted
sports01,womens_cheer.mp3,6.919546485260771,extracted
sports01,shrill_whistle3.mp3,2.1104761904761906,extracted
sports01,mens_Judo1.mp3,43.075215419501134,extracted
sports01,shrill_whistle1.mp3,2.2084580498866213,extracted
sports01,Jpn_sch_chime.mp3,14.304,extracted
sports01,tko_bell.mp3,4.253958333333333,extracted
sports01,womens_Kendo1.mp3,264.4926984126984,extracted
sports01,womens_vb1.mp3,102.7225850340136,extracted
sports01,badminton1.mp3,125.57351473922903,extracted
sports01,badminton3.mp3,62.69387755102041,extracted
sports01,womens_Kendo2.mp3,67.43074829931973,extracted
sports01,womens_vb2.mp3,260.31310657596373,extracted
sports01,womens_vb3.mp3,167.14884353741496,extracted
sports01,womens_Kendo3.mp3,57.492607709750565,extracted
sports01,badminton2.mp3,73.56081632653061,extracted
sports01,class_door2.mp3,2.818299319727891,extracted
sports01,boys_baseball1.mp3,22.981950113378684,extracted
sports01,wire_mesh.mp3,1.352562358276644,extracted
sports01,class_door1.mp3,1.9517233560090703,extracted
sports01,dodge_ball.mp3,0.483968253968254,extracted
sports01,boys_baseball2.mp3,50.61950113378685,extracted
sports01,womens_vb4.mp3,91.39374149659864,extracted
sports01,ping_pong1.mp3,81.907875,extracted
sports01,womens_vb5.mp3,85.44943310657597,extracted
sports01,boys_baseball3.mp3,30.418140589569163,extracted
sports01,badminton4.mp3,25.797369614512473,extracted
daily02,from_s_drawer.mp3,3.3143990929705214,extracted
daily02,rub_paper2.mp3,7.892108843537415,extracted
daily02,peel_off.mp3,0.28662131519274375,extracted
daily02,write_with_pen.mp3,26.90612244897959,extracted
daily02,straw_bubbly1.mp3,16.46548752834467,extracted
daily02,throw_trash.mp3,0.5079365079365079,extracted
daily02,paper_box_cutter.mp3,0.9953968253968254,extracted
daily02,take_match_box.mp3,5.316031746031746,extracted
daily02,write_with_pencil.mp3,42.68607709750567,extracted
daily02,draw_with_maker.mp3,29.961791383219953,extracted
daily02,rub_paper1.mp3,8.992040816326531,extracted
daily02,straw_bubbly2.mp3,4.551111111111111,extracted
daily02,spray_can_cap2.mp3,0.3529251700680272,extracted
daily02,tear_nws_pprs3.mp3,8.897210884353742,extracted
daily02,spray_can_cap1.mp3,1.1329024943310657,extracted
daily02,in_plastic_bag.mp3,16.564580498866214,extracted
daily02,close_umbrella.mp3,9.383,extracted
daily02,scissors4.mp3,0.26145124716553286,extracted
daily02,break_cardboard1.mp3,3.7993650793650793,extracted
daily02,piggy_bank2.mp3,0.6987755102040817,extracted
daily02,empty_wn_bottles1.mp3,1.0096145124716553,extracted
daily02,break_cardboard3.mp3,1.869047619047619,extracted
daily02,put_up_umbrella.mp3,36.80825,extracted
daily02,break_cardboard2.mp3,1.3266439909297052,extracted
daily02,piggy_bank1.mp3,0.9433106575963719,extracted
daily02,empty_wn_bottles2.mp3,0.8978004535147392,extracted
daily02,sit_on_leather_chair2.mp3,2.983514739229025,extracted
daily02,scissors3.mp3,2.661451247165533,extracted
daily02,read_book_quickly.mp3,4.272,extracted
daily02,scissors2.mp3,1.368,extracted
daily02,light_match2.mp3,7.251360544217687,extracted
daily02,crumpled_paper1.mp3,4.330521541950113,extracted
daily02,cut_cord.mp3,0.48811791383219955,extracted
daily02,sit_on_leather_chair1.mp3,1.28297052154195,extracted
daily02,crumpled_paper3.mp3,8.675487528344672,extracted
daily02,take_wet_wipes.mp3,0.9904761904761905,extracted
daily02,scissors1.mp3,0.528,extracted
daily02,search_inside_trash.mp3,8.456229166666667,extracted
daily02,crumpled_paper2.mp3,4.25437641723356,extracted
daily02,light_match1.mp3,4.02562358276644,extracted
daily02,scrape_wood_wall.mp3,8.78888888888889,extracted
daily02,flip_calendar.mp3,1.410204081632653,extracted
daily02,read_book.mp3,0.9154375,extracted
daily02,chair_with_wheels.mp3,1.6803401360544217,extracted
daily02,clink_my_keys.mp3,1.584,extracted
daily02,read_newspaper.mp3,2.328,extracted
daily02,stapler.mp3,0.576,extracted
daily02,chair_on_wall1.mp3,0.7483673469387755,extracted
daily02,in_s_drawer.mp3,2.4621315192743762,extracted
daily02,rustle_of_clothes.mp3,3.312,extracted
daily02,remove_pen_cap.mp3,0.3141043083900227,extracted
daily02,write_with_maker.mp3,21.235555555555557,extracted
daily02,close_dictionary.mp3,0.3558049886621315,extracted
daily02,take_off_jumper1.mp3,4.602743764172335,extracted
daily02,chair_on_wall2.mp3,1.1982766439909298,extracted
daily02,lighter.mp3,0.6789795918367347,extracted
daily02,paper_scissors2.mp3,4.625056689342403,extracted
daily02,plastic_umbrella1.mp3,30.028291666666668,extracted
daily02,wine_bottles3.mp3,3.108798185941043,extracted
daily02,take_tissue1.mp3,0.48,extracted
daily02,tear_paper1.mp3,0.6,extracted
daily02,wine_bottles2.mp3,1.9998866213151927,extracted
daily02,inside_paper.mp3,5.952,extracted
daily02,drain_droplets_umbr.mp3,3.3335416666666666,extracted
daily02,tear_nws_ppr1.mp3,2.975124716553288,extracted
daily02,clink_my_change.mp3,1.584,extracted
daily02,scotch_tape.mp3,2.064,extracted
daily02,paper_scissors1.mp3,4.416604166666667,extracted
daily02,sit_on_pipe_chair.mp3,1.5370294784580498,extracted
daily02,plastic_umbrella2.mp3,21.520791666666668,extracted
daily02,cap_pen.mp3,0.6507482993197279,extracted
daily02,take_tissue3.mp3,1.0811791383219955,extracted
daily02,wine_bottles1.mp3,1.6738775510204082,extracted
daily02,take_tissue2.mp3,0.6922448979591836,extracted
daily02,tear_paper2.mp3,3.384,extracted
daily02,plastic_umbrella3.mp3,6.156041666666667,extracted
daily02,tear_nws_ppr2.mp3,3.1064399092970523,extracted
daily02,tick_box_cutter.mp3,0.648,extracted
daily02,pull_chair.mp3,0.984,extracted
daily02,pencil_sharpner1.mp3,6.264625850340136,extracted
daily02,take_pen.mp3,2.577777777777778,extracted
daily02,rub_tatami_mat.mp3,6.601451247165532,extracted
daily02,mechanical_pencil3.mp3,3.596349206349206,extracted
daily02,mechanical_pencil2.mp3,0.7215873015873016,extracted
daily02,slide_shelf.mp3,1.6098639455782313,extracted
daily02,pencil_sharpner2.mp3,4.740113378684807,extracted
daily02,ballpoint_pen.mp3,0.24666666666666667,extracted
daily02,plastic_bag.mp3,13.32,extracted
daily02,mechanical_pencil1.mp3,0.21922902494331065,extracted
daily02,crumpled_nws_ppr.mp3,3.8997959183673467,extracted
