source,filename,path,duration_seconds,duration_minutes,source_type
otologic_sounds_smart/Instruments Percussion,トライアングル03-1(長).mp3,ビブラスラップ02/トライアングル03-1(長).mp3,16.51612244897959,0.2752687074829932,extracted
otologic_sounds_smart/Instruments Percussion,ビブラスラップ01-7(低　短　リバーブ).mp3,ビブラスラップ02/ビブラスラップ01-7(低　短　リバーブ).mp3,5.042244897959184,0.08403741496598639,extracted
otologic_sounds_smart/Instruments Percussion,ビブラスラップ01-8(低　長　リバーブ).mp3,ビブラスラップ02/ビブラスラップ01-8(低　長　リバーブ).mp3,7.0718367346938775,0.1178639455782313,extracted
otologic_sounds_smart/Instruments Percussion,トライアングル03-2(短).mp3,ビブラスラップ02/トライアングル03-2(短).mp3,6.628480725623583,0.11047467876039305,extracted
otologic_sounds_smart/Instruments Percussion,カウベル01-7(リバーブ).mp3,カウベル01/カウベル01-7(リバーブ).mp3,5.069138321995465,0.08448563869992441,extracted
otologic_sounds_smart/Instruments Percussion,ビブラスラップ01-4(低　長).mp3,フレクサトーン01/ビブラスラップ01-4(低　長).mp3,5.603673469387755,0.09339455782312925,extracted
otologic_sounds_smart/Instruments Percussion,フィンガーシンバル02-2(長).mp3,効果音＞パーカッション/フィンガーシンバル02-2(長).mp3,13.759614512471655,0.22932690854119425,extracted
otologic_sounds_smart/Instruments Percussion,フィンガーシンバル02-1(短).mp3,効果音＞パーカッション/フィンガーシンバル02-1(短).mp3,6.2759183673469385,0.10459863945578231,extracted
otologic_sounds_smart/Instruments Percussion,フィンガーシンバル02-3(短).mp3,効果音＞パーカッション/フィンガーシンバル02-3(短).mp3,6.582040816326531,0.10970068027210884,extracted
otologic_sounds_smart/Instruments Percussion,タンバリン04-07(パターン).mp3,タンバリン05/タンバリン04-07(パターン).mp3,5.988253968253968,0.0998042328042328,extracted
otologic_sounds_smart/Instruments Percussion,トライアングル01-1(単音　長).mp3,トライアングル03/トライアングル01-1(単音　長).mp3,9.224875283446712,0.15374792139077853,extracted
otologic_sounds_smart/Instruments Percussion,トライアングル02-7(単音).mp3,トライアングル03/トライアングル02-7(単音).mp3,16.092403628117914,0.2682067271352986,extracted
otologic_sounds_smart/Instruments Percussion,トライアングル01-3(単音　長).mp3,トライアングル03/トライアングル01-3(単音　長).mp3,9.318684807256236,0.1553114134542706,extracted
otologic_sounds_smart/Instruments Percussion,トライアングル02-6(ロール　短).mp3,トライアングル03/トライアングル02-6(ロール　短).mp3,5.567324263038548,0.09278873771730914,extracted
otologic_sounds_smart/Instruments Percussion,トライアングル01-6(ロール　短).mp3,トライアングル02/トライアングル01-6(ロール　短).mp3,6.244240362811792,0.10407067271352986,extracted
otologic_sounds_smart/Instruments Percussion,トライアングル01-7(単音).mp3,トライアングル02/トライアングル01-7(単音).mp3,11.050612244897959,0.1841768707482993,extracted
otologic_sounds_smart/Instruments Percussion,トライアングル01-5(ロール　長).mp3,トライアングル02/トライアングル01-5(ロール　長).mp3,11.121972789115647,0.18536621315192744,extracted
otologic_sounds_smart/Instruments Percussion,トライアングル02-5(ロール　長).mp3,ビブラスラップ01/トライアングル02-5(ロール　長).mp3,10.808480725623582,0.1801413454270597,extracted
otologic_sounds_smart/Instruments Percussion,トライアングル02-1(単音　長).mp3,ビブラスラップ01/トライアングル02-1(単音　長).mp3,11.307006802721089,0.1884501133786848,extracted
otologic_sounds_smart/Instruments Percussion,トライアングル02-3(単音　長).mp3,ビブラスラップ01/トライアングル02-3(単音　長).mp3,11.501655328798186,0.19169425547996977,extracted
otologic_sounds_smart/Instruments Percussion,ビブラスラップ02-4(ディレイ).mp3,フレクサトーン02/ビブラスラップ02-4(ディレイ).mp3,6.097687074829932,0.10162811791383221,extracted
otologic_sounds_smart/Instruments Percussion,ビブラスラップ02-1(長).mp3,フレクサトーン02/ビブラスラップ02-1(長).mp3,6.722290249433106,0.1120381708238851,extracted
otologic_sounds_smart/Instruments Percussion,フィンガーシンバル02-4(長).mp3,フィンガーシンバル03/フィンガーシンバル02-4(長).mp3,13.145804988662132,0.21909674981103552,extracted
otologic_sounds_smart/Instruments Percussion,フィンガーシンバル01-2(リバーブ　長).mp3,フィンガーシンバル03/フィンガーシンバル01-2(リバーブ　長).mp3,11.968979591836735,0.1994829931972789,extracted
otologic_sounds_smart/Instruments Percussion,フィンガーシンバル01-4(リバーブ　長).mp3,フィンガーシンバル03/フィンガーシンバル01-4(リバーブ　長).mp3,12.327392290249433,0.20545653817082388,extracted
otologic_sounds_smart/Instruments Percussion,フィンガーシンバル01-6(ドライ　長).mp3,フィンガーシンバル02/フィンガーシンバル01-6(ドライ　長).mp3,9.021337868480726,0.15035563114134545,extracted
otologic_sounds_smart/Instruments Percussion,フィンガーシンバル01-8(ドライ　長).mp3,フィンガーシンバル02/フィンガーシンバル01-8(ドライ　長).mp3,8.888616780045352,0.14814361300075587,extracted
otologic_sounds_smart/Pc,PC　駆動音03-11(遠い　ロング).mp3,PC　駆動音03/PC　駆動音03-11(遠い　ロング).mp3,66.06480725623582,1.1010801209372638,extracted
otologic_sounds_smart/Pc,PC　駆動音03-09(遠い　強制シャットダウン).mp3,PC　駆動音03/PC　駆動音03-09(遠い　強制シャットダウン).mp3,13.148934240362811,0.21914890400604686,extracted
otologic_sounds_smart/Pc,PC　駆動音02-01(オンオフ).mp3,PC　駆動音03/PC　駆動音02-01(オンオフ).mp3,65.7565306122449,1.0959421768707485,extracted
otologic_sounds_smart/Pc,PC　駆動音03-13(遠い　ルームノイズ).mp3,PC　駆動音03/PC　駆動音03-13(遠い　ルームノイズ).mp3,65.96095238095238,1.0993492063492063,extracted
otologic_sounds_smart/Pc,PC　駆動音02-02(オンオフ).mp3,PC　駆動音03/PC　駆動音02-02(オンオフ).mp3,75.75965986394557,1.2626609977324261,extracted
otologic_sounds_smart/Pc,PC　駆動音02-03(強制シャットダウン).mp3,PC　駆動音03/PC　駆動音02-03(強制シャットダウン).mp3,7.982517006802721,0.1330419501133787,extracted
otologic_sounds_smart/Pc,PC　駆動音03-12(遠い　ロング).mp3,PC　駆動音03/PC　駆動音03-12(遠い　ロング).mp3,66.269410430839,1.1044901738473167,extracted
otologic_sounds_smart/Pc,PC　駆動音02-08(ロング).mp3,PC　駆動音02/PC　駆動音02-08(ロング).mp3,66.61761904761904,1.1102936507936507,extracted
otologic_sounds_smart/Pc,PC　駆動音02-10(遠い　オンオフ).mp3,PC　駆動音02/PC　駆動音02-10(遠い　オンオフ).mp3,77.50283446712018,1.2917139077853363,extracted
otologic_sounds_smart/Pc,PC　駆動音02-07(ロング).mp3,PC　駆動音02/PC　駆動音02-07(ロング).mp3,65.83303854875284,1.0972173091458806,extracted
otologic_sounds_smart/Pc,PC　駆動音02-09(遠い　オンオフ).mp3,PC　駆動音02/PC　駆動音02-09(遠い　オンオフ).mp3,66.10238095238095,1.1017063492063492,extracted
otologic_sounds_smart/Pc,PC　駆動音02-04(強制シャットダウン).mp3,PC　駆動音02/PC　駆動音02-04(強制シャットダウン).mp3,7.668548752834467,0.12780914588057446,extracted
otologic_sounds_smart/Pc,PC　駆動音02-06(ロング).mp3,PC　駆動音02/PC　駆動音02-06(ロング).mp3,66.6780045351474,1.1113000755857898,extracted
otologic_sounds_smart/Pc,PC　駆動音02-11(遠い　強制シャットダウン).mp3,PC　駆動音02/PC　駆動音02-11(遠い　強制シャットダウン).mp3,6.949365079365079,0.11582275132275131,extracted
otologic_sounds_smart/Pc,フロッピードライブ02-2(動作音).mp3,フロッピードライブ01/フロッピードライブ02-2(動作音).mp3,15.120090702947845,0.25200151171579743,extracted
otologic_sounds_smart/Pc,光学ドライブ01-4(動作音).mp3,フロッピードライブ01/光学ドライブ01-4(動作音).mp3,17.101179138321996,0.2850196523053666,extracted
otologic_sounds_smart/Pc,フロッピードライブ02-1(動作音).mp3,フロッピードライブ01/フロッピードライブ02-1(動作音).mp3,16.817913832199547,0.28029856386999247,extracted
otologic_sounds_smart/Pc,光学ドライブ01-3(動作音).mp3,フロッピードライブ01/光学ドライブ01-3(動作音).mp3,27.186371882086167,0.4531061980347694,extracted
otologic_sounds_smart/Pc,光学ドライブ03-2(動作音).mp3,光学ドライブ01/光学ドライブ03-2(動作音).mp3,132.07850340136054,2.2013083900226755,extracted
otologic_sounds_smart/Pc,光学ドライブ03-3(動作音).mp3,光学ドライブ01/光学ドライブ03-3(動作音).mp3,37.8,0.63,extracted
otologic_sounds_smart/Pc,光学ドライブ02-1(動作音).mp3,光学ドライブ01/光学ドライブ02-1(動作音).mp3,25.940385487528346,0.43233975812547243,extracted
otologic_sounds_smart/Pc,光学ドライブ03-4(動作音).mp3,光学ドライブ01/光学ドライブ03-4(動作音).mp3,26.33015873015873,0.4388359788359788,extracted
otologic_sounds_smart/Pc,ハードディスクドライブ02-1(動作音).mp3,ハードディスクドライブ01/ハードディスクドライブ02-1(動作音).mp3,23.109931972789116,0.3851655328798186,extracted
otologic_sounds_smart/Pc,ハードディスクドライブ01-4(動作音).mp3,ハードディスクドライブ01/ハードディスクドライブ01-4(動作音).mp3,25.779909297052154,0.4296651549508692,extracted
otologic_sounds_smart/Pc,ハードディスクドライブ01-3(動作音).mp3,ハードディスクドライブ01/ハードディスクドライブ01-3(動作音).mp3,11.320725623582767,0.18867876039304612,extracted
otologic_sounds_smart/Pc,ハードディスクドライブ01-2(動作音).mp3,ハードディスクドライブ01/ハードディスクドライブ01-2(動作音).mp3,12.231587301587302,0.20385978835978838,extracted
otologic_sounds_smart/Pc,ハードディスクドライブ02-2(動作音).mp3,ハードディスクドライブ01/ハードディスクドライブ02-2(動作音).mp3,32.582585034013604,0.5430430839002267,extracted
otologic_sounds_smart/Pc,ハードディスクドライブ01-1(動作音).mp3,ハードディスクドライブ01/ハードディスクドライブ01-1(動作音).mp3,17.87952380952381,0.29799206349206353,extracted
otologic_sounds_smart/Pc,OS効果音03-プレビュー.mp3,OS効果音04/OS効果音03-プレビュー.mp3,42.449342403628116,0.7074890400604686,extracted
otologic_sounds_smart/Pc,OS効果音02-プレビュー.mp3,OS効果音02/OS効果音02-プレビュー.mp3,10.002607709750567,0.1667101284958428,extracted
otologic_sounds_smart/Pc,PC　駆動音03-05(ロング).mp3,効果音＞PC・その他/PC　駆動音03-05(ロング).mp3,66.44408163265307,1.1074013605442177,extracted
otologic_sounds_smart/Pc,PC　駆動音03-07(遠い　オンオフ).mp3,効果音＞PC・その他/PC　駆動音03-07(遠い　オンオフ).mp3,52.41995464852608,0.873665910808768,extracted
otologic_sounds_smart/Pc,OS効果音04-プレビュー.mp3,効果音＞PC・その他/OS効果音04-プレビュー.mp3,22.309433106575963,0.37182388510959935,extracted
otologic_sounds_smart/Pc,PC　駆動音03-03(強制シャットダウン).mp3,効果音＞PC・その他/PC　駆動音03-03(強制シャットダウン).mp3,12.768843537414966,0.2128140589569161,extracted
otologic_sounds_smart/Pc,PC　駆動音03-01(オンオフ).mp3,効果音＞PC・その他/PC　駆動音03-01(オンオフ).mp3,49.59342403628118,0.8265570672713529,extracted
otologic_sounds_smart/Pc,PC　駆動音03-08(遠い　オンオフ).mp3,効果音＞PC・その他/PC　駆動音03-08(遠い　オンオフ).mp3,53.28927437641723,0.8881545729402872,extracted
otologic_sounds_smart/Pc,PC　駆動音03-02(オンオフ).mp3,効果音＞PC・その他/PC　駆動音03-02(オンオフ).mp3,49.70331065759637,0.8283885109599395,extracted
otologic_sounds_smart/Pc,PC　駆動音03-06(ロング).mp3,効果音＞PC・その他/PC　駆動音03-06(ロング).mp3,66.66442176870748,1.1110736961451246,extracted
otologic_sounds_smart/Pc,OS効果音01-23(スピーカー　電話).mp3,ダイヤルアップ接続音01/OS効果音01-23(スピーカー　電話).mp3,8.0837641723356,0.13472940287226,extracted
otologic_sounds_smart/Pc,ダイヤルアップ接続音01-1.mp3,ダイヤルアップ接続音01/ダイヤルアップ接続音01-1.mp3,24.881315192743763,0.4146885865457294,extracted
otologic_sounds_smart/Pc,OS効果音01-11(電話).mp3,ダイヤルアップ接続音01/OS効果音01-11(電話).mp3,8.03702947845805,0.13395049130763417,extracted
otologic_sounds_smart/Pc,PC　駆動音02-17(遠い　ルームノイズ).mp3,PC　駆動音01/PC　駆動音02-17(遠い　ルームノイズ).mp3,66.36746031746031,1.1061243386243385,extracted
otologic_sounds_smart/Pc,PC　駆動音01-02(オンオフ).mp3,PC　駆動音01/PC　駆動音01-02(オンオフ).mp3,75.73891156462585,1.2623151927437641,extracted
otologic_sounds_smart/Pc,PC　駆動音02-16(遠い　ロング).mp3,PC　駆動音01/PC　駆動音02-16(遠い　ロング).mp3,64.95585034013605,1.0825975056689343,extracted
otologic_sounds_smart/Pc,PC　駆動音01-01(オンオフ).mp3,PC　駆動音01/PC　駆動音01-01(オンオフ).mp3,104.59553287981859,1.7432588813303098,extracted
otologic_sounds_smart/Pc,PC　駆動音02-14(遠い　ロング).mp3,PC　駆動音01/PC　駆動音02-14(遠い　ロング).mp3,66.38480725623583,1.1064134542705972,extracted
otologic_sounds_smart/Pc,PC　駆動音02-15(遠い　ロング).mp3,PC　駆動音01/PC　駆動音02-15(遠い　ロング).mp3,65.8852380952381,1.0980873015873016,extracted
otologic_sounds_smart/Pc,PC　駆動音02-12(遠い　強制シャットダウン).mp3,PC　駆動音01/PC　駆動音02-12(遠い　強制シャットダウン).mp3,6.288027210884354,0.10480045351473924,extracted
otologic_sounds_smart/Pc,光学ドライブ02-3(動作音).mp3,フロッピードライブ02/光学ドライブ02-3(動作音).mp3,38.21834467120181,0.6369724111866969,extracted
otologic_sounds_smart/Pc,光学ドライブ02-2(動作音).mp3,フロッピードライブ02/光学ドライブ02-2(動作音).mp3,39.489614512471654,0.6581602418745276,extracted
otologic_sounds_smart/Pc,光学ドライブ01-1(動作音).mp3,フロッピードライブ02/光学ドライブ01-1(動作音).mp3,43.361655328798186,0.7226942554799698,extracted
otologic_sounds_smart/Pc,光学ドライブ01-2(動作音).mp3,フロッピードライブ02/光学ドライブ01-2(動作音).mp3,22.716349206349207,0.3786058201058201,extracted
otologic_sounds_smart/Pc,ハードディスクドライブ03-2(動作音).mp3,ハードディスクドライブ02/ハードディスクドライブ03-2(動作音).mp3,61.11333333333334,1.0185555555555557,extracted
otologic_sounds_smart/Pc,ハードディスクドライブ03-3(強制終了).mp3,ハードディスクドライブ02/ハードディスクドライブ03-3(強制終了).mp3,5.894240362811791,0.09823733938019652,extracted
otologic_sounds_smart/Pc,ハードディスクドライブ03-1(動作音).mp3,ハードディスクドライブ02/ハードディスクドライブ03-1(動作音).mp3,20.45503401360544,0.3409172335600907,extracted
otologic_sounds_smart/Pc,PC　駆動音01-17(遠い　ルームノイズ).mp3,光学ドライブ02/PC　駆動音01-17(遠い　ルームノイズ).mp3,65.33197278911565,1.0888662131519276,extracted
otologic_sounds_smart/Pc,PC　駆動音01-15(遠い　ロング).mp3,光学ドライブ02/PC　駆動音01-15(遠い　ロング).mp3,65.97662131519274,1.0996103552532124,extracted
otologic_sounds_smart/Pc,光学ドライブ03-1(動作音).mp3,光学ドライブ02/光学ドライブ03-1(動作音).mp3,58.310521541950116,0.9718420256991686,extracted
otologic_sounds_smart/Pc,PC　駆動音01-14(遠い　ロング).mp3,光学ドライブ02/PC　駆動音01-14(遠い　ロング).mp3,66.37600907029478,1.1062668178382464,extracted
otologic_sounds_smart/Pc,PC　駆動音01-11(遠い　強制シャットダウン).mp3,光学ドライブ02/PC　駆動音01-11(遠い　強制シャットダウン).mp3,6.212199546485261,0.10353665910808768,extracted
otologic_sounds_smart/Pc,PC　駆動音01-12(遠い　強制シャットダウン).mp3,光学ドライブ02/PC　駆動音01-12(遠い　強制シャットダウン).mp3,6.324263038548753,0.10540438397581255,extracted
otologic_sounds_smart/Pc,PC　駆動音01-16(遠い　ロング).mp3,光学ドライブ02/PC　駆動音01-16(遠い　ロング).mp3,65.91337868480726,1.0985563114134542,extracted
otologic_sounds_smart/Pc,OS効果音01-プレビュー.mp3,OS効果音01/OS効果音01-プレビュー.mp3,21.703492063492064,0.3617248677248677,extracted
otologic_sounds_smart/Pc,フロッピードライブ01-1(動作音).mp3,ハードディスクドライブ03/フロッピードライブ01-1(動作音).mp3,34.0037641723356,0.56672940287226,extracted
otologic_sounds_smart/Pc,フロッピードライブ01-2(動作音).mp3,ハードディスクドライブ03/フロッピードライブ01-2(動作音).mp3,17.03628117913832,0.28393801965230536,extracted
otologic_sounds_smart/Pc,PC　駆動音01-06(ロング).mp3,光学ドライブ03/PC　駆動音01-06(ロング).mp3,65.97045351473923,1.0995075585789873,extracted
otologic_sounds_smart/Pc,PC　駆動音01-10(遠い　オンオフ).mp3,光学ドライブ03/PC　駆動音01-10(遠い　オンオフ).mp3,54.73553287981859,0.9122588813303099,extracted
otologic_sounds_smart/Pc,PC　駆動音01-09(遠い　オンオフ).mp3,光学ドライブ03/PC　駆動音01-09(遠い　オンオフ).mp3,101.85634920634921,1.6976058201058202,extracted
otologic_sounds_smart/Pc,PC　駆動音01-07(ロング).mp3,光学ドライブ03/PC　駆動音01-07(ロング).mp3,66.67734693877551,1.1112891156462585,extracted
otologic_sounds_smart/Pc,PC　駆動音01-04(強制シャットダウン).mp3,光学ドライブ03/PC　駆動音01-04(強制シャットダウン).mp3,5.410748299319728,0.09017913832199546,extracted
otologic_sounds_smart/Pc,PC　駆動音01-03(強制シャットダウン).mp3,光学ドライブ03/PC　駆動音01-03(強制シャットダウン).mp3,6.0968027210884355,0.10161337868480726,extracted
otologic_sounds_smart/Pc,PC　駆動音01-08(ロング).mp3,光学ドライブ03/PC　駆動音01-08(ロング).mp3,66.09718820861679,1.1016198034769464,extracted
otologic_sounds_smart/Pc Mouse,PC　マウス　ムーブ04-19(遠い　木　中).mp3,PC　マウス01/PC　マウス　ムーブ04-19(遠い　木　中).mp3,5.061632653061224,0.08436054421768707,extracted
otologic_sounds_smart/Pc Mouse,PC　マウス　ムーブ04-25(遠い　ソフトパッド　中).mp3,PC　マウス01/PC　マウス　ムーブ04-25(遠い　ソフトパッド　中).mp3,5.0940589569161,0.08490098261526832,extracted
otologic_sounds_smart/Pc Mouse,PC　マウス　ムーブ04-13(ハードパッド　中).mp3,PC　マウス01/PC　マウス　ムーブ04-13(ハードパッド　中).mp3,5.203877551020408,0.0867312925170068,extracted
otologic_sounds_smart/Pc Mouse,PC　マウス　ムーブ04-14(ハードパッド　長).mp3,PC　マウス01/PC　マウス　ムーブ04-14(ハードパッド　長).mp3,5.136621315192744,0.0856103552532124,extracted
otologic_sounds_smart/Pc Mouse,PC　マウス　ムーブ03-08(ソフトパッド　長).mp3,PC　マウス　ムーブ03/PC　マウス　ムーブ03-08(ソフトパッド　長).mp3,5.34453514739229,0.0890755857898715,extracted
otologic_sounds_smart/Pc Mouse,PC　マウス　ムーブ03-14(ハードパッド　長).mp3,PC　マウス　ムーブ03/PC　マウス　ムーブ03-14(ハードパッド　長).mp3,5.448639455782313,0.09081065759637189,extracted
otologic_sounds_smart/Pc Mouse,PC　マウス　ムーブ04-31(遠い　ハードパッド　中).mp3,PC　マウス　ムーブ04/PC　マウス　ムーブ04-31(遠い　ハードパッド　中).mp3,5.203877551020408,0.0867312925170068,extracted
otologic_sounds_smart/Pc Mouse,PC　マウス　ムーブ04-32(遠い　ハードパッド　長).mp3,PC　マウス　ムーブ04/PC　マウス　ムーブ04-32(遠い　ハードパッド　長).mp3,5.136621315192744,0.0856103552532124,extracted
otologic_sounds_smart/Pc Mouse,PC　マウス　ムーブ03-26(遠い　ソフトパッド　長).mp3,PC　マウス　ムーブ02/PC　マウス　ムーブ03-26(遠い　ソフトパッド　長).mp3,5.34453514739229,0.0890755857898715,extracted
otologic_sounds_smart/Pc Mouse,PC　マウス　ムーブ03-32(遠い　ハードパッド　長).mp3,PC　マウス　ムーブ02/PC　マウス　ムーブ03-32(遠い　ハードパッド　長).mp3,5.448639455782313,0.09081065759637189,extracted
otologic_sounds_smart/Pc Mouse,PC　マウス　ムーブ04-01(木　中).mp3,PC　マウス02/PC　マウス　ムーブ04-01(木　中).mp3,5.061632653061224,0.08436054421768707,extracted
otologic_sounds_smart/Pc Mouse,PC　マウス　ムーブ04-07(ソフトパッド　中).mp3,PC　マウス02/PC　マウス　ムーブ04-07(ソフトパッド　中).mp3,5.0940589569161,0.08490098261526832,extracted
otologic_sounds_smart/Fantasize,妄想03-1(速い).mp3,効果音＞シーン・妄想/妄想03-1(速い).mp3,5.52108843537415,0.09201814058956917,extracted
otologic_sounds_smart/Fantasize,妄想03-2(遅い).mp3,効果音＞シーン・妄想/妄想03-2(遅い).mp3,5.951859410430839,0.09919765684051399,extracted
otologic_sounds_smart/Fantasize,妄想02-2(長).mp3,妄想02/妄想02-2(長).mp3,6.717437641723356,0.11195729402872259,extracted
otologic_sounds_smart/Game Other,GB　汎用01-プレビュー.mp3,GB　汎用01/GB　汎用01-プレビュー.mp3,9.911814058956915,0.16519690098261525,extracted
otologic_sounds_smart/Game Other,GB　汎用04-プレビュー.mp3,効果音＞ゲーム用セット（その他）/GB　汎用04-プレビュー.mp3,32.850090702947846,0.5475015117157974,extracted
otologic_sounds_smart/Game Other,アーケード　汎用01-14(LFO).mp3,システム音セット01/アーケード　汎用01-14(LFO).mp3,7.972698412698413,0.13287830687830687,extracted
otologic_sounds_smart/Game Other,NES　汎用02-プレビュー.mp3,NES　汎用02/NES　汎用02-プレビュー.mp3,32.331927437641724,0.5388654572940287,extracted
otologic_sounds_smart/Game Other,GB　汎用03-プレビュー.mp3,GB　汎用03/GB　汎用03-プレビュー.mp3,10.38514739229025,0.17308578987150416,extracted
otologic_sounds_smart/Game Other,GB　汎用02-プレビュー.mp3,GB　汎用02/GB　汎用02-プレビュー.mp3,10.878956916099773,0.18131594860166286,extracted
otologic_sounds_smart/Game Other,アーケード　汎用01-プレビュー.mp3,システム音セット02/アーケード　汎用01-プレビュー.mp3,25.553219954648526,0.4258869992441421,extracted
otologic_sounds_smart/Game Other,アーケード　汎用01-13(LFO).mp3,システム音セット02/アーケード　汎用01-13(LFO).mp3,7.930657596371882,0.13217762660619803,extracted
otologic_sounds_smart/Game Other,NES　汎用01-プレビュー.mp3,アーケード　汎用01/NES　汎用01-プレビュー.mp3,20.014625850340135,0.33357709750566894,extracted
otologic_sounds_smart/Soroban,そろばん01-06(上段　引く).mp3,そろばん01/そろばん01-06(上段　引く).mp3,6.261315192743764,0.10435525321239607,extracted
otologic_sounds_smart/Soroban,そろばん02-06(上段　引く).mp3,効果音＞そろばん/そろばん02-06(上段　引く).mp3,5.034036281179138,0.08390060468631896,extracted
otologic_sounds_smart/Soroban,そろばん02-01(遅い).mp3,効果音＞そろばん/そろばん02-01(遅い).mp3,16.92124716553288,0.28202078609221465,extracted
otologic_sounds_smart/Soroban,そろばん02-04(下段　引く).mp3,効果音＞そろばん/そろばん02-04(下段　引く).mp3,10.562403628117913,0.17604006046863188,extracted
otologic_sounds_smart/Soroban,そろばん02-02(速い).mp3,効果音＞そろばん/そろばん02-02(速い).mp3,5.752585034013605,0.09587641723356008,extracted
otologic_sounds_smart/Soroban,そろばん02-05(上段　足す).mp3,効果音＞そろばん/そろばん02-05(上段　足す).mp3,5.569319727891156,0.0928219954648526,extracted
otologic_sounds_smart/Soroban,そろばん02-03(下段　足す).mp3,効果音＞そろばん/そろばん02-03(下段　足す).mp3,11.660113378684807,0.19433522297808012,extracted
otologic_sounds_smart/Soroban,そろばん01-05(上段　足す).mp3,そろばん02/そろばん01-05(上段　足す).mp3,7.5876190476190475,0.12646031746031747,extracted
otologic_sounds_smart/Soroban,そろばん01-04(下段　引く).mp3,そろばん02/そろばん01-04(下段　引く).mp3,12.559614512471656,0.20932690854119426,extracted
otologic_sounds_smart/Soroban,そろばん01-02(速い).mp3,そろばん02/そろばん01-02(速い).mp3,5.5240136054421765,0.09206689342403628,extracted
otologic_sounds_smart/Soroban,そろばん01-03(下段　足す).mp3,そろばん02/そろばん01-03(下段　足す).mp3,15.0397052154195,0.250661753590325,extracted
otologic_sounds_smart/Soroban,そろばん01-01(遅い).mp3,そろばん02/そろばん01-01(遅い).mp3,13.059070294784581,0.217651171579743,extracted
otologic_sounds_smart/Theater,映写機01-4.mp3,映写機01/映写機01-4.mp3,67.47326530612244,1.1245544217687073,extracted
otologic_sounds_smart/Theater,開演ブザー02-2.mp3,映写機01/開演ブザー02-2.mp3,5.828095238095238,0.09713492063492063,extracted
otologic_sounds_smart/Theater,開演ブザー02-3.mp3,開演ブザー02/開演ブザー02-3.mp3,7.315873015873016,0.12193121693121693,extracted
otologic_sounds_smart/Theater,開演ブザー01-2.mp3,開演ブザー02/開演ブザー01-2.mp3,5.690793650793651,0.09484656084656086,extracted
otologic_sounds_smart/Theater,開演ブザー01-3.mp3,開演ブザー01/開演ブザー01-3.mp3,7.340566893424036,0.12234278155706726,extracted
otologic_sounds_smart/Theater,映写機01-3.mp3,効果音＞劇場/映写機01-3.mp3,20.19795918367347,0.3366326530612245,extracted
otologic_sounds_smart/Theater,映写機01-2.mp3,効果音＞劇場/映写機01-2.mp3,67.46034013605443,1.1243390022675739,extracted
otologic_sounds_smart/Theater,映写機01-1.mp3,効果音＞劇場/映写機01-1.mp3,20.244875283446714,0.33741458805744523,extracted
otologic_sounds_smart/Transportation,消防車　サイレン　フェイク02-5(リバーブ　サイレン).mp3,消防車　サイレン　フェイク02/消防車　サイレン　フェイク02-5(リバーブ　サイレン).mp3,8.741632653061224,0.1456938775510204,extracted
otologic_sounds_smart/Transportation,消防車　サイレン　フェイク02-8(リバーブ　ベル).mp3,消防車　サイレン　フェイク02/消防車　サイレン　フェイク02-8(リバーブ　ベル).mp3,5.086349206349206,0.08477248677248678,extracted
otologic_sounds_smart/Transportation,消防車　サイレン　フェイク02-7(リバーブ　ベル).mp3,消防車　サイレン　フェイク02/消防車　サイレン　フェイク02-7(リバーブ　ベル).mp3,7.428140589569161,0.123802343159486,extracted
otologic_sounds_smart/Transportation,消防車　サイレン　フェイク02-1(サイレン).mp3,消防車　サイレン　フェイク02/消防車　サイレン　フェイク02-1(サイレン).mp3,6.079387755102041,0.10132312925170069,extracted
otologic_sounds_smart/Transportation,消防車　サイレン　フェイク02-6(リバーブ　サイレン).mp3,消防車　サイレン　フェイク02/消防車　サイレン　フェイク02-6(リバーブ　サイレン).mp3,6.166984126984127,0.10278306878306878,extracted
otologic_sounds_smart/Transportation,消防車　サイレン　フェイク02-3(ベル).mp3,消防車　サイレン　フェイク02/消防車　サイレン　フェイク02-3(ベル).mp3,5.692653061224489,0.09487755102040815,extracted
otologic_sounds_smart/Transportation,パトカー　サイレン　フェイク02-04(遅).mp3,救急車　サイレン01/パトカー　サイレン　フェイク02-04(遅).mp3,5.905011337868481,0.09841685563114135,extracted
otologic_sounds_smart/Transportation,救急車　サイレン01-1.mp3,救急車　サイレン01/救急車　サイレン01-1.mp3,22.268072562358277,0.3711345427059713,extracted
otologic_sounds_smart/Transportation,救急車　サイレン01-2.mp3,救急車　サイレン01/救急車　サイレン01-2.mp3,22.268072562358277,0.3711345427059713,extracted
otologic_sounds_smart/Transportation,救急車　サイレン01-3L.mp3,救急車　サイレン01/救急車　サイレン01-3L.mp3,9.896916099773243,0.16494860166288738,extracted
otologic_sounds_smart/Transportation,パトカー　サイレン01-6(ドライ).mp3,パトカー　サイレン01/パトカー　サイレン01-6(ドライ).mp3,8.344285714285714,0.13907142857142857,extracted
otologic_sounds_smart/Transportation,パトカー　サイレン01-2(近い).mp3,パトカー　サイレン01/パトカー　サイレン01-2(近い).mp3,9.463492063492064,0.15772486772486774,extracted
otologic_sounds_smart/Transportation,パトカー　サイレン01-4(遠い).mp3,パトカー　サイレン01/パトカー　サイレン01-4(遠い).mp3,10.640385487528345,0.17733975812547242,extracted
otologic_sounds_smart/Transportation,パトカー　サイレン01-1(近い).mp3,パトカー　サイレン01/パトカー　サイレン01-1(近い).mp3,11.075986394557823,0.18459977324263038,extracted
otologic_sounds_smart/Transportation,パトカー　サイレン01-3(遠い).mp3,パトカー　サイレン01/パトカー　サイレン01-3(遠い).mp3,11.871904761904762,0.19786507936507938,extracted
otologic_sounds_smart/Transportation,パトカー　サイレン01-5(ドライ).mp3,パトカー　サイレン01/パトカー　サイレン01-5(ドライ).mp3,9.709478458049887,0.1618246409674981,extracted
otologic_sounds_smart/Transportation,パトカー　サイレン　フェイク02-11リバーブ　遅).mp3,パトカー　サイレン　フェイク02/パトカー　サイレン　フェイク02-11リバーブ　遅).mp3,5.939229024943311,0.09898715041572184,extracted
otologic_sounds_smart/Transportation,パトカー　サイレン　フェイク02-07(リバーブ　速).mp3,パトカー　サイレン　フェイク02/パトカー　サイレン　フェイク02-07(リバーブ　速).mp3,6.344421768707483,0.10574036281179139,extracted
otologic_sounds_smart/Transportation,パトカー　サイレン　フェイク02-10(リバーブ　遅).mp3,パトカー　サイレン　フェイク02/パトカー　サイレン　フェイク02-10(リバーブ　遅).mp3,8.533718820861678,0.1422286470143613,extracted
otologic_sounds_smart/Transportation,救急車　サイレン　フェイク02-4(低).mp3,救急車　サイレン　フェイク02/救急車　サイレン　フェイク02-4(低).mp3,11.574013605442177,0.19290022675736962,extracted
otologic_sounds_smart/Transportation,救急車　サイレン　フェイク02-2(高).mp3,救急車　サイレン　フェイク02/救急車　サイレン　フェイク02-2(高).mp3,7.692131519274376,0.12820219198790628,extracted
otologic_sounds_smart/Transportation,救急車　サイレン　フェイク02-7(リバーブ　低).mp3,救急車　サイレン　フェイク02/救急車　サイレン　フェイク02-7(リバーブ　低).mp3,5.572834467120181,0.09288057445200301,extracted
otologic_sounds_smart/Transportation,救急車　サイレン　フェイク02-8(リバーブ　低).mp3,救急車　サイレン　フェイク02/救急車　サイレン　フェイク02-8(リバーブ　低).mp3,14.20843537414966,0.23680725623582768,extracted
otologic_sounds_smart/Transportation,救急車　サイレン　フェイク02-6(リバーブ　高).mp3,救急車　サイレン　フェイク02/救急車　サイレン　フェイク02-6(リバーブ　高).mp3,10.156213151927437,0.16927021919879062,extracted
otologic_sounds_smart/Transportation,パトカー　サイレン03-08(遠い).mp3,効果音＞乗り物/パトカー　サイレン03-08(遠い).mp3,5.67907029478458,0.094651171579743,extracted
otologic_sounds_smart/Transportation,パトカー　サイレン03-04(近い).mp3,効果音＞乗り物/パトカー　サイレン03-04(近い).mp3,5.632721088435374,0.09387868480725622,extracted
otologic_sounds_smart/Transportation,パトカー　サイレン03-06(遠い).mp3,効果音＞乗り物/パトカー　サイレン03-06(遠い).mp3,29.13780045351474,0.485630007558579,extracted
otologic_sounds_smart/Transportation,パトカー　サイレン03-01(近い).mp3,効果音＞乗り物/パトカー　サイレン03-01(近い).mp3,18.216621315192743,0.3036103552532124,extracted
otologic_sounds_smart/Transportation,パトカー　サイレン03-09(ドライ).mp3,効果音＞乗り物/パトカー　サイレン03-09(ドライ).mp3,18.319251700680272,0.30532086167800454,extracted
otologic_sounds_smart/Transportation,パトカー　サイレン03-07(遠い).mp3,効果音＞乗り物/パトカー　サイレン03-07(遠い).mp3,8.352380952380953,0.13920634920634922,extracted
otologic_sounds_smart/Transportation,パトカー　サイレン03-02(近い).mp3,効果音＞乗り物/パトカー　サイレン03-02(近い).mp3,29.261655328798184,0.48769425547996975,extracted
otologic_sounds_smart/Transportation,パトカー　サイレン03-05(遠い).mp3,効果音＞乗り物/パトカー　サイレン03-05(遠い).mp3,18.228163265306122,0.30380272108843537,extracted
otologic_sounds_smart/Transportation,パトカー　サイレン03-03(近い).mp3,効果音＞乗り物/パトカー　サイレン03-03(近い).mp3,8.398616780045352,0.1399769463340892,extracted
otologic_sounds_smart/Transportation,新幹線　走行音01-2.mp3,新幹線　走行音01/新幹線　走行音01-2.mp3,120.89183673469388,2.0148639455782313,extracted
otologic_sounds_smart/Transportation,新幹線　走行音01-1.mp3,新幹線　走行音01/新幹線　走行音01-1.mp3,120.89183673469388,2.0148639455782313,extracted
otologic_sounds_smart/Transportation,パトカー　サイレン03-12(ドライ).mp3,パトカー　サイレン03/パトカー　サイレン03-12(ドライ).mp3,5.645600907029478,0.0940933484504913,extracted
otologic_sounds_smart/Transportation,パトカー　サイレン02-01(近い).mp3,パトカー　サイレン03/パトカー　サイレン02-01(近い).mp3,12.4515873015873,0.207526455026455,extracted
otologic_sounds_smart/Transportation,パトカー　サイレン02-03(近い).mp3,パトカー　サイレン03/パトカー　サイレン02-03(近い).mp3,7.462766439909297,0.12437944066515495,extracted
otologic_sounds_smart/Transportation,パトカー　サイレン02-02(近い).mp3,パトカー　サイレン03/パトカー　サイレン02-02(近い).mp3,17.62814058956916,0.293802343159486,extracted
otologic_sounds_smart/Transportation,パトカー　サイレン03-10(ドライ).mp3,パトカー　サイレン03/パトカー　サイレン03-10(ドライ).mp3,29.171768707482993,0.48619614512471654,extracted
otologic_sounds_smart/Transportation,パトカー　サイレン03-11(ドライ).mp3,パトカー　サイレン03/パトカー　サイレン03-11(ドライ).mp3,8.395918367346939,0.13993197278911565,extracted
otologic_sounds_smart/Transportation,消防車　サイレン01-14(ドライ).mp3,救急車　サイレン03/消防車　サイレン01-14(ドライ).mp3,9.131587301587302,0.1521931216931217,extracted
otologic_sounds_smart/Transportation,救急車　サイレン03-1(近い).mp3,救急車　サイレン03/救急車　サイレン03-1(近い).mp3,10.6418820861678,0.17736470143613,extracted
otologic_sounds_smart/Transportation,消防車　サイレン01-10(遠い).mp3,救急車　サイレン03/消防車　サイレン01-10(遠い).mp3,18.87544217687075,0.3145907029478458,extracted
otologic_sounds_smart/Transportation,消防車　サイレン01-12(ドライ).mp3,救急車　サイレン03/消防車　サイレン01-12(ドライ).mp3,24.76356009070295,0.41272600151171585,extracted
otologic_sounds_smart/Transportation,消防車　サイレン01-15(ドライ).mp3,救急車　サイレン03/消防車　サイレン01-15(ドライ).mp3,17.380907029478458,0.28968178382464094,extracted
otologic_sounds_smart/Transportation,救急車　サイレン03-2(近い).mp3,救急車　サイレン03/救急車　サイレン03-2(近い).mp3,12.301269841269841,0.20502116402116402,extracted
otologic_sounds_smart/Transportation,消防車　サイレン01-13(ドライ).mp3,救急車　サイレン03/消防車　サイレン01-13(ドライ).mp3,6.194784580498866,0.1032464096749811,extracted
otologic_sounds_smart/Transportation,消防車　サイレン01-11(ドライ).mp3,救急車　サイレン03/消防車　サイレン01-11(ドライ).mp3,18.28331065759637,0.3047218442932728,extracted
otologic_sounds_smart/Transportation,救急車　サイレン03-3(遠い).mp3,救急車　サイレン03/救急車　サイレン03-3(遠い).mp3,11.704195011337868,0.19506991685563113,extracted
otologic_sounds_smart/Transportation,消防車　サイレン　フェイク01-3(ベル).mp3,消防車　サイレン　フェイク01/消防車　サイレン　フェイク01-3(ベル).mp3,9.12750566893424,0.15212509448223735,extracted
otologic_sounds_smart/Transportation,消防車　サイレン　フェイク01-2(サイレン).mp3,消防車　サイレン　フェイク01/消防車　サイレン　フェイク01-2(サイレン).mp3,7.437777777777778,0.12396296296296297,extracted
otologic_sounds_smart/Transportation,消防車　サイレン　フェイク01-5(リバーブ　サイレン).mp3,消防車　サイレン　フェイク01/消防車　サイレン　フェイク01-5(リバーブ　サイレン).mp3,10.690498866213153,0.17817498110355254,extracted
otologic_sounds_smart/Transportation,消防車　サイレン　フェイク01-8(リバーブ　ベル).mp3,消防車　サイレン　フェイク01/消防車　サイレン　フェイク01-8(リバーブ　ベル).mp3,7.920816326530613,0.13201360544217688,extracted
otologic_sounds_smart/Transportation,消防車　サイレン　フェイク01-7(リバーブ　ベル).mp3,消防車　サイレン　フェイク01/消防車　サイレン　フェイク01-7(リバーブ　ベル).mp3,9.952721088435375,0.16587868480725626,extracted
otologic_sounds_smart/Transportation,消防車　サイレン　フェイク01-4(ベル).mp3,消防車　サイレン　フェイク01/消防車　サイレン　フェイク01-4(ベル).mp3,6.907619047619048,0.11512698412698413,extracted
otologic_sounds_smart/Transportation,消防車　サイレン　フェイク01-6(リバーブ　サイレン).mp3,消防車　サイレン　フェイク01/消防車　サイレン　フェイク01-6(リバーブ　サイレン).mp3,8.670340136054422,0.14450566893424038,extracted
otologic_sounds_smart/Transportation,消防車　サイレン　フェイク01-1(サイレン).mp3,消防車　サイレン　フェイク01/消防車　サイレン　フェイク01-1(サイレン).mp3,9.462244897959184,0.15770408163265306,extracted
otologic_sounds_smart/Transportation,パトカー　サイレン　フェイク01-5(リバーブ　遅).mp3,パトカー　サイレン　フェイク01/パトカー　サイレン　フェイク01-5(リバーブ　遅).mp3,10.756054421768708,0.17926757369614513,extracted
otologic_sounds_smart/Transportation,パトカー　サイレン　フェイク01-6(リバーブ　遅).mp3,パトカー　サイレン　フェイク01/パトカー　サイレン　フェイク01-6(リバーブ　遅).mp3,7.072789115646258,0.1178798185941043,extracted
otologic_sounds_smart/Transportation,パトカー　サイレン　フェイク01-8(リバーブ　速).mp3,パトカー　サイレン　フェイク01/パトカー　サイレン　フェイク01-8(リバーブ　速).mp3,6.022154195011338,0.1003692365835223,extracted
otologic_sounds_smart/Transportation,パトカー　サイレン　フェイク01-1(遅).mp3,パトカー　サイレン　フェイク01/パトカー　サイレン　フェイク01-1(遅).mp3,7.759319727891157,0.12932199546485262,extracted
otologic_sounds_smart/Transportation,パトカー　サイレン　フェイク01-3(速).mp3,パトカー　サイレン　フェイク01/パトカー　サイレン　フェイク01-3(速).mp3,5.720861678004535,0.09534769463340892,extracted
otologic_sounds_smart/Transportation,パトカー　サイレン　フェイク01-7(リバーブ　速).mp3,パトカー　サイレン　フェイク01/パトカー　サイレン　フェイク01-7(リバーブ　速).mp3,8.774557823129252,0.14624263038548752,extracted
otologic_sounds_smart/Transportation,パトカー　サイレン02-14(ドライ).mp3,パトカー　サイレン02/パトカー　サイレン02-14(ドライ).mp3,16.411179138321994,0.27351965230536657,extracted
otologic_sounds_smart/Transportation,パトカー　サイレン02-07(遠い).mp3,パトカー　サイレン02/パトカー　サイレン02-07(遠い).mp3,14.044172335600907,0.23406953892668178,extracted
otologic_sounds_smart/Transportation,パトカー　サイレン02-12(遠い　ブザー).mp3,パトカー　サイレン02/パトカー　サイレン02-12(遠い　ブザー).mp3,6.423990929705216,0.10706651549508693,extracted
otologic_sounds_smart/Transportation,パトカー　サイレン02-15(ドライ).mp3,パトカー　サイレン02/パトカー　サイレン02-15(ドライ).mp3,6.257301587301587,0.10428835978835978,extracted
otologic_sounds_smart/Transportation,パトカー　サイレン02-13(ドライ).mp3,パトカー　サイレン02/パトカー　サイレン02-13(ドライ).mp3,11.281927437641723,0.18803212396069538,extracted
otologic_sounds_smart/Transportation,パトカー　サイレン02-10(遠い).mp3,パトカー　サイレン02/パトカー　サイレン02-10(遠い).mp3,5.226598639455783,0.08710997732426304,extracted
otologic_sounds_smart/Transportation,パトカー　サイレン02-09(遠い).mp3,パトカー　サイレン02/パトカー　サイレン02-09(遠い).mp3,8.461904761904762,0.14103174603174604,extracted
otologic_sounds_smart/Transportation,パトカー　サイレン02-08(遠い).mp3,パトカー　サイレン02/パトカー　サイレン02-08(遠い).mp3,19.185306122448978,0.3197551020408163,extracted
otologic_sounds_smart/Transportation,救急車　サイレン02-4(遠い).mp3,救急車　サイレン02/救急車　サイレン02-4(遠い).mp3,5.162222222222222,0.08603703703703704,extracted
otologic_sounds_smart/Transportation,救急車　サイレン02-1(近い).mp3,救急車　サイレン02/救急車　サイレン02-1(近い).mp3,12.435600907029478,0.20726001511715797,extracted
otologic_sounds_smart/Transportation,救急車　サイレン03-5(ドライ).mp3,救急車　サイレン02/救急車　サイレン03-5(ドライ).mp3,9.597936507936508,0.15996560846560845,extracted
otologic_sounds_smart/Transportation,救急車　サイレン03-4(遠い).mp3,救急車　サイレン02/救急車　サイレン03-4(遠い).mp3,13.429795918367347,0.2238299319727891,extracted
otologic_sounds_smart/Transportation,救急車　サイレン03-6(ドライ).mp3,救急車　サイレン02/救急車　サイレン03-6(ドライ).mp3,11.05655328798186,0.184275888133031,extracted
otologic_sounds_smart/Transportation,救急車　サイレン02-3(遠い).mp3,救急車　サイレン02/救急車　サイレン02-3(遠い).mp3,12.995464852607709,0.21659108087679516,extracted
otologic_sounds_smart/Transportation,救急車　サイレン02-5(ドライ).mp3,救急車　サイレン02/救急車　サイレン02-5(ドライ).mp3,10.67687074829932,0.17794784580498868,extracted
otologic_sounds_smart/Transportation,救急車　サイレン　フェイク01-6(リバーブ　高).mp3,救急車　サイレン　フェイク01/救急車　サイレン　フェイク01-6(リバーブ　高).mp3,11.784648526077097,0.1964108087679516,extracted
otologic_sounds_smart/Transportation,救急車　サイレン　フェイク01-8(リバーブ　低).mp3,救急車　サイレン　フェイク01/救急車　サイレン　フェイク01-8(リバーブ　低).mp3,13.983832199546486,0.2330638699924414,extracted
otologic_sounds_smart/Transportation,救急車　サイレン　フェイク01-5(リバーブ　高).mp3,救急車　サイレン　フェイク01/救急車　サイレン　フェイク01-5(リバーブ　高).mp3,5.471065759637188,0.09118442932728647,extracted
otologic_sounds_smart/Transportation,救急車　サイレン　フェイク01-2(高).mp3,救急車　サイレン　フェイク01/救急車　サイレン　フェイク01-2(高).mp3,8.718027210884355,0.14530045351473925,extracted
otologic_sounds_smart/Transportation,救急車　サイレン　フェイク01-4(低).mp3,救急車　サイレン　フェイク01/救急車　サイレン　フェイク01-4(低).mp3,11.129750566893424,0.18549584278155706,extracted
otologic_sounds_smart/Transportation,救急車　サイレン　フェイク01-7(リバーブ　低).mp3,救急車　サイレン　フェイク01/救急車　サイレン　フェイク01-7(リバーブ　低).mp3,6.141020408163265,0.10235034013605442,extracted
otologic_sounds_smart/Transportation,消防車　サイレン01-09(遠い).mp3,消防車　サイレン01/消防車　サイレン01-09(遠い).mp3,11.030521541950113,0.18384202569916855,extracted
otologic_sounds_smart/Transportation,消防車　サイレン01-08(遠い).mp3,消防車　サイレン01/消防車　サイレン01-08(遠い).mp3,7.585714285714285,0.12642857142857142,extracted
otologic_sounds_smart/Transportation,消防車　サイレン01-04(近い).mp3,消防車　サイレン01/消防車　サイレン01-04(近い).mp3,10.311746031746031,0.17186243386243386,extracted
otologic_sounds_smart/Transportation,消防車　サイレン01-05(近い).mp3,消防車　サイレン01/消防車　サイレン01-05(近い).mp3,18.41530612244898,0.30692176870748294,extracted
otologic_sounds_smart/Transportation,消防車　サイレン01-07(遠い).mp3,消防車　サイレン01/消防車　サイレン01-07(遠い).mp3,24.767664399092972,0.41279440665154954,extracted
otologic_sounds_smart/Transportation,消防車　サイレン01-01(近い).mp3,消防車　サイレン01/消防車　サイレン01-01(近い).mp3,18.265532879818593,0.3044255479969766,extracted
otologic_sounds_smart/Transportation,消防車　サイレン01-06(遠い).mp3,消防車　サイレン01/消防車　サイレン01-06(遠い).mp3,18.323514739229026,0.30539191232048374,extracted
otologic_sounds_smart/Transportation,消防車　サイレン01-03(近い).mp3,消防車　サイレン01/消防車　サイレン01-03(近い).mp3,7.216598639455782,0.1202766439909297,extracted
otologic_sounds_smart/Transportation,消防車　サイレン01-02(近い).mp3,消防車　サイレン01/消防車　サイレン01-02(近い).mp3,24.846530612244898,0.41410884353741495,extracted
otologic_sounds_smart/Cyber,サイバー08-3.mp3,サイバー09/サイバー08-3.mp3,12.809251700680273,0.21348752834467122,extracted
otologic_sounds_smart/Cyber,サイバー08-2.mp3,サイバー09/サイバー08-2.mp3,6.197732426303855,0.10329554043839757,extracted
otologic_sounds_smart/Cyber,サイバー08-1.mp3,サイバー09/サイバー08-1.mp3,6.338616780045352,0.10564361300075586,extracted
otologic_sounds_smart/Cyber,サイバー08-4.mp3,サイバー09/サイバー08-4.mp3,13.436303854875284,0.22393839758125472,extracted
otologic_sounds_smart/Cyber,サイバー07-1.mp3,サイバー08/サイバー07-1.mp3,16.600181405895693,0.27666969009826153,extracted
otologic_sounds_smart/Cyber,サイバー07-3.mp3,サイバー08/サイバー07-3.mp3,16.600181405895693,0.27666969009826153,extracted
otologic_sounds_smart/Cyber,サイバー07-2.mp3,サイバー08/サイバー07-2.mp3,16.600181405895693,0.27666969009826153,extracted
otologic_sounds_smart/Cyber,サイバー01-1.mp3,サイバー01/サイバー01-1.mp3,5.2851020408163265,0.08808503401360544,extracted
otologic_sounds_smart/Cyber,サイバー01-2.mp3,サイバー01/サイバー01-2.mp3,5.3061224489795915,0.08843537414965986,extracted
otologic_sounds_smart/Cyber,サイバー20-4.mp3,サイバー21/サイバー20-4.mp3,7.975646258503401,0.13292743764172335,extracted
otologic_sounds_smart/Announce,チャイム　アナウンス02-2.mp3,チャイム　アナウンス02/チャイム　アナウンス02-2.mp3,7.244829931972789,0.12074716553287981,extracted
otologic_sounds_smart/Announce,チャイム　アナウンス02-1.mp3,チャイム　アナウンス02/チャイム　アナウンス02-1.mp3,7.244829931972789,0.12074716553287981,extracted
otologic_sounds_smart/Announce,チャイム　アナウンス07-4.mp3,チャイム　アナウンス07/チャイム　アナウンス07-4.mp3,5.76827664399093,0.0961379440665155,extracted
otologic_sounds_smart/Announce,チャイム　アナウンス07-3.mp3,チャイム　アナウンス07/チャイム　アナウンス07-3.mp3,5.67671201814059,0.09461186696900983,extracted
otologic_sounds_smart/Announce,チャイム　アナウンス07-2.mp3,チャイム　アナウンス07/チャイム　アナウンス07-2.mp3,5.772222222222222,0.09620370370370371,extracted
otologic_sounds_smart/Announce,チャイム　アナウンス07-1.mp3,チャイム　アナウンス07/チャイム　アナウンス07-1.mp3,5.579977324263038,0.09299962207105064,extracted
otologic_sounds_smart/Announce,チャイム　アナウンス09-7(4点　遅い　上昇).mp3,チャイム　アナウンス09/チャイム　アナウンス09-7(4点　遅い　上昇).mp3,9.827845804988662,0.16379743008314437,extracted
otologic_sounds_smart/Announce,チャイム　アナウンス09-8(4点　遅い　下降).mp3,チャイム　アナウンス09/チャイム　アナウンス09-8(4点　遅い　下降).mp3,9.75061224489796,0.16251020408163266,extracted
otologic_sounds_smart/Announce,チャイム　アナウンス09-6(5点　遅い　下降).mp3,チャイム　アナウンス09/チャイム　アナウンス09-6(5点　遅い　下降).mp3,10.021065759637189,0.16701776266061982,extracted
otologic_sounds_smart/Announce,チャイム　アナウンス09-4(4点　速い　下降).mp3,効果音＞アナウンス音/チャイム　アナウンス09-4(4点　速い　下降).mp3,8.163990929705216,0.13606651549508694,extracted
otologic_sounds_smart/Announce,チャイム　アナウンス09-2(5点　速い　下降).mp3,効果音＞アナウンス音/チャイム　アナウンス09-2(5点　速い　下降).mp3,8.324489795918367,0.13874149659863946,extracted
otologic_sounds_smart/Announce,チャイム　アナウンス09-5(5点　遅い　上昇).mp3,効果音＞アナウンス音/チャイム　アナウンス09-5(5点　遅い　上昇).mp3,10.020907029478458,0.1670151171579743,extracted
otologic_sounds_smart/Announce,チャイム　アナウンス09-1(5点　速い　上昇).mp3,効果音＞アナウンス音/チャイム　アナウンス09-1(5点　速い　上昇).mp3,8.224920634920634,0.13708201058201058,extracted
otologic_sounds_smart/Announce,チャイム　アナウンス09-3(4点　速い　上昇).mp3,効果音＞アナウンス音/チャイム　アナウンス09-3(4点　速い　上昇).mp3,8.261020408163265,0.13768367346938776,extracted
otologic_sounds_smart/Announce,チャイム　アナウンス07-5.mp3,チャイム　アナウンス06/チャイム　アナウンス07-5.mp3,5.692562358276644,0.09487603930461072,extracted
otologic_sounds_smart/Announce,チャイム　アナウンス07-6.mp3,チャイム　アナウンス06/チャイム　アナウンス07-6.mp3,5.88077097505669,0.09801284958427817,extracted
otologic_sounds_smart/Announce,チャイム　アナウンス01-2.mp3,チャイム　アナウンス01/チャイム　アナウンス01-2.mp3,6.0,0.1,extracted
otologic_sounds_smart/Announce,チャイム　アナウンス01-1.mp3,チャイム　アナウンス01/チャイム　アナウンス01-1.mp3,6.0,0.1,extracted
otologic_sounds_smart/Angel,天使04-2(長).mp3,効果音＞天使/天使04-2(長).mp3,9.666190476190476,0.1611031746031746,extracted
otologic_sounds_smart/Angel,天使04-1(短).mp3,効果音＞天使/天使04-1(短).mp3,7.684421768707483,0.1280736961451247,extracted
otologic_sounds_smart/Angel,天使04-3(短　ベル).mp3,効果音＞天使/天使04-3(短　ベル).mp3,7.508185941043084,0.12513643235071806,extracted
otologic_sounds_smart/Angel,天使04-4(長　ベル).mp3,天使04/天使04-4(長　ベル).mp3,9.560408163265306,0.15934013605442177,extracted
otologic_sounds_smart/Angel,天使03-2(低).mp3,天使04/天使03-2(低).mp3,5.153151927437642,0.08588586545729403,extracted
otologic_sounds_smart/Angel,天使03-1(高).mp3,天使04/天使03-1(高).mp3,5.190226757369614,0.08650377928949357,extracted
otologic_sounds_smart/Angel,天使02-1(長　ベル).mp3,天使03/天使02-1(長　ベル).mp3,6.68485260770975,0.11141421012849584,extracted
otologic_sounds_smart/Angel,天使03-3(高　リバーブ).mp3,天使03/天使03-3(高　リバーブ).mp3,8.1,0.13499999999999998,extracted
otologic_sounds_smart/Angel,天使03-4(低　リバーブ).mp3,天使03/天使03-4(低　リバーブ).mp3,8.307845804988663,0.13846409674981106,extracted
otologic_sounds_smart/Angel,天使02-3(長).mp3,天使02/天使02-3(長).mp3,6.78687074829932,0.11311451247165533,extracted
otologic_sounds_smart/Angel,天使01-1.mp3,天使01/天使01-1.mp3,7.144489795918368,0.1190748299319728,extracted
otologic_sounds_smart/Angel,天使01-2.mp3,天使01/天使01-2.mp3,6.9392517006802725,0.11565419501133788,extracted
otologic_sounds_smart/Motion Blow Away,モーション　吹き飛ぶ03-2(長).mp3,モーション　吹き飛ぶ04/モーション　吹き飛ぶ03-2(長).mp3,5.501383219954649,0.09168972033257748,extracted
otologic_sounds_smart/Instruments Sleigh_Bells,スレイベル03-09(リバーブ　叩く　弱).mp3,スレイベル03/スレイベル03-09(リバーブ　叩く　弱).mp3,93.507641723356,1.5584606953892668,extracted
otologic_sounds_smart/Instruments Sleigh_Bells,スレイベル03-11(リバーブ　振る　弱).mp3,スレイベル03/スレイベル03-11(リバーブ　振る　弱).mp3,93.76526077097506,1.5627543461829176,extracted
otologic_sounds_smart/Instruments Sleigh_Bells,スレイベル03-13(リバーブ　叩く　弱　短).mp3,スレイベル03/スレイベル03-13(リバーブ　叩く　弱　短).mp3,5.464716553287982,0.09107860922146636,extracted
otologic_sounds_smart/Instruments Sleigh_Bells,スレイベル03-14(リバーブ　叩く　強　短).mp3,スレイベル03/スレイベル03-14(リバーブ　叩く　強　短).mp3,5.145034013605442,0.08575056689342403,extracted
otologic_sounds_smart/Instruments Sleigh_Bells,スレイベル03-15(リバーブ　振る　弱　短).mp3,スレイベル03/スレイベル03-15(リバーブ　振る　弱　短).mp3,6.0318820861678,0.10053136810279667,extracted
otologic_sounds_smart/Instruments Sleigh_Bells,スレイベル03-12(リバーブ　回す　弱).mp3,スレイベル03/スレイベル03-12(リバーブ　回す　弱).mp3,94.19147392290249,1.5698578987150416,extracted
otologic_sounds_smart/Instruments Sleigh_Bells,スレイベル03-10(リバーブ　叩く　強).mp3,スレイベル03/スレイベル03-10(リバーブ　叩く　強).mp3,94.08292517006802,1.568048752834467,extracted
otologic_sounds_smart/Instruments Sleigh_Bells,スレイベル03-07(振る　弱　短).mp3,スレイベル03/スレイベル03-07(振る　弱　短).mp3,5.697573696145125,0.09495956160241875,extracted
otologic_sounds_smart/Instruments Sleigh_Bells,スレイベル04-14(リバーブ　叩く　弱　短).mp3,スレイベル04/スレイベル04-14(リバーブ　叩く　弱　短).mp3,5.650680272108843,0.0941780045351474,extracted
otologic_sounds_smart/Instruments Sleigh_Bells,スレイベル03-03(振る　弱).mp3,スレイベル04/スレイベル03-03(振る　弱).mp3,93.38172335600908,1.5563620559334845,extracted
otologic_sounds_smart/Instruments Sleigh_Bells,スレイベル03-01(叩く　弱).mp3,スレイベル04/スレイベル03-01(叩く　弱).mp3,93.11619047619048,1.551936507936508,extracted
otologic_sounds_smart/Instruments Sleigh_Bells,スレイベル04-13(リバーブ　振る　弱　短).mp3,スレイベル04/スレイベル04-13(リバーブ　振る　弱　短).mp3,6.397551020408163,0.10662585034013605,extracted
otologic_sounds_smart/Instruments Sleigh_Bells,スレイベル03-04(回す　弱).mp3,スレイベル04/スレイベル03-04(回す　弱).mp3,93.56185941043084,1.5593643235071808,extracted
otologic_sounds_smart/Instruments Sleigh_Bells,スレイベル04-16(リバーブ　回す　弱　短).mp3,スレイベル04/スレイベル04-16(リバーブ　回す　弱　短).mp3,6.299795918367347,0.10499659863945579,extracted
otologic_sounds_smart/Instruments Sleigh_Bells,スレイベル04-15(リバーブ　叩く　強　短).mp3,スレイベル04/スレイベル04-15(リバーブ　叩く　強　短).mp3,5.572630385487528,0.0928771730914588,extracted
otologic_sounds_smart/Instruments Sleigh_Bells,スレイベル03-02(叩く　強).mp3,スレイベル04/スレイベル03-02(叩く　強).mp3,93.58809523809524,1.5598015873015874,extracted
otologic_sounds_smart/Instruments Sleigh_Bells,スレイベル04-12(リバーブ　回す　弱).mp3,スレイベル04/スレイベル04-12(リバーブ　回す　弱).mp3,94.568820861678,1.5761470143613001,extracted
otologic_sounds_smart/Instruments Sleigh_Bells,スレイベル03-16(リバーブ　回す　弱　短).mp3,スレイベル02/スレイベル03-16(リバーブ　回す　弱　短).mp3,5.586394557823129,0.09310657596371882,extracted
otologic_sounds_smart/Instruments Sleigh_Bells,リングベル01-7(リバーブ　フレーズ).mp3,リングベル01/リングベル01-7(リバーブ　フレーズ).mp3,5.427006802721088,0.0904501133786848,extracted
otologic_sounds_smart/Instruments Sleigh_Bells,スレイベル04-08(回す　弱　短).mp3,効果音＞スレイベル/スレイベル04-08(回す　弱　短).mp3,5.485374149659864,0.09142290249433108,extracted
otologic_sounds_smart/Instruments Sleigh_Bells,スレイベル04-05(振る　弱　短).mp3,効果音＞スレイベル/スレイベル04-05(振る　弱　短).mp3,5.893696145124717,0.09822826908541195,extracted
otologic_sounds_smart/Instruments Sleigh_Bells,スレイベル04-04(回す　弱).mp3,効果音＞スレイベル/スレイベル04-04(回す　弱).mp3,93.86353741496599,1.5643922902494332,extracted
otologic_sounds_smart/Instruments Sleigh_Bells,スレイベル04-02(叩く　弱).mp3,効果音＞スレイベル/スレイベル04-02(叩く　弱).mp3,93.11374149659864,1.5518956916099773,extracted
otologic_sounds_smart/Instruments Sleigh_Bells,スレイベル04-03(叩く　強).mp3,効果音＞スレイベル/スレイベル04-03(叩く　強).mp3,93.65927437641723,1.5609879062736205,extracted
otologic_sounds_smart/Instruments Sleigh_Bells,スレイベル04-06(叩く　弱　短).mp3,効果音＞スレイベル/スレイベル04-06(叩く　弱　短).mp3,5.035147392290249,0.08391912320483749,extracted
otologic_sounds_smart/Instruments Sleigh_Bells,スレイベル04-11(リバーブ　叩く　強).mp3,効果音＞スレイベル/スレイベル04-11(リバーブ　叩く　強).mp3,94.34741496598639,1.5724569160997732,extracted
otologic_sounds_smart/Instruments Sleigh_Bells,スレイベル04-10(リバーブ　叩く　弱).mp3,効果音＞スレイベル/スレイベル04-10(リバーブ　叩く　弱).mp3,93.79022675736961,1.5631704459561602,extracted
otologic_sounds_smart/Instruments Sleigh_Bells,スレイベル04-01(振る　弱).mp3,効果音＞スレイベル/スレイベル04-01(振る　弱).mp3,93.68478458049887,1.5614130763416478,extracted
otologic_sounds_smart/Instruments Sleigh_Bells,スレイベル04-09(リバーブ　振る　弱).mp3,効果音＞スレイベル/スレイベル04-09(リバーブ　振る　弱).mp3,94.36351473922902,1.572725245653817,extracted
otologic_sounds_smart/Game Fighting,SNES　格闘01-プレビュー.mp3,SNES　格闘02/SNES　格闘01-プレビュー.mp3,5.278185941043084,0.0879697656840514,extracted
otologic_sounds_smart/Game Fighting,SNES　格闘04-プレビュー.mp3,SNES　格闘04/SNES　格闘04-プレビュー.mp3,11.543333333333333,0.1923888888888889,extracted
otologic_sounds_smart/Game Fighting,SNES　格闘03-プレビュー.mp3,SNES　格闘04/SNES　格闘03-プレビュー.mp3,10.427596371882085,0.17379327286470142,extracted
otologic_sounds_smart/Game Fighting,SNES　格闘02-プレビュー.mp3,SNES　格闘03/SNES　格闘02-プレビュー.mp3,10.339750566893423,0.17232917611489038,extracted
otologic_sounds_smart/Game Fighting,NES　格闘01-プレビュー.mp3,NES　格闘01/NES　格闘01-プレビュー.mp3,6.1020181405895695,0.1017003023431595,extracted
otologic_sounds_smart/Game Fighting,SNES　格闘06-プレビュー.mp3,Gen　格闘01/SNES　格闘06-プレビュー.mp3,10.635419501133788,0.17725699168556314,extracted
otologic_sounds_smart/Game Fighting,Gen　格闘01-プレビュー.mp3,効果音＞格闘ゲーム用セット/Gen　格闘01-プレビュー.mp3,9.414058956916099,0.15690098261526833,extracted
otologic_sounds_smart/Game Fighting,SNES　格闘05-プレビュー.mp3,SNES　格闘06/SNES　格闘05-プレビュー.mp3,11.866507936507936,0.19777513227513227,extracted
otologic_sounds_smart/Game Fighting,GB　格闘01-プレビュー.mp3,SNES　格闘01/GB　格闘01-プレビュー.mp3,11.426984126984127,0.19044973544973545,extracted
otologic_sounds_smart/Television,TV　ハードウェア02-04(アンテナ線　挿す).mp3,TV　消灯04/TV　ハードウェア02-04(アンテナ線　挿す).mp3,5.682403628117914,0.09470672713529857,extracted
otologic_sounds_smart/Television,TV　ハードウェア02-22(遠い　アンテナ線　挿す).mp3,TV　消灯01/TV　ハードウェア02-22(遠い　アンテナ線　挿す).mp3,5.992244897959184,0.09987074829931973,extracted
otologic_sounds_smart/Television,TV　シグナルノイズ01-1(近).mp3,TV　シグナルノイズ01/TV　シグナルノイズ01-1(近).mp3,10.513174603174603,0.17521957671957672,extracted
otologic_sounds_smart/Television,TV　シグナルノイズ01-6(レトロ).mp3,TV　シグナルノイズ01/TV　シグナルノイズ01-6(レトロ).mp3,10.394036281179138,0.1732339380196523,extracted
otologic_sounds_smart/Television,TV　シグナルノイズ01-2(遠).mp3,TV　シグナルノイズ01/TV　シグナルノイズ01-2(遠).mp3,10.404648526077098,0.17341080876795165,extracted
otologic_sounds_smart/Television,TV　シグナルノイズ01-3(レトロ).mp3,TV　シグナルノイズ01/TV　シグナルノイズ01-3(レトロ).mp3,10.49485260770975,0.17491421012849584,extracted
otologic_sounds_smart/Television,TV　シグナルノイズ01-5(遠).mp3,TV　シグナルノイズ01/TV　シグナルノイズ01-5(遠).mp3,10.381519274376418,0.17302532123960696,extracted
otologic_sounds_smart/Television,TV　シグナルノイズ01-4(近).mp3,TV　シグナルノイズ01/TV　シグナルノイズ01-4(近).mp3,10.351428571428572,0.17252380952380955,extracted
otologic_sounds_smart/Instruments Japanese,神楽鈴01-7.mp3,神楽鈴01/神楽鈴01-7.mp3,6.301292517006803,0.10502154195011339,extracted
otologic_sounds_smart/Instruments Japanese,神楽鈴03-4.mp3,拍子木02/神楽鈴03-4.mp3,6.85344671201814,0.114224111866969,extracted
otologic_sounds_smart/Instruments Japanese,拍子木02-2.mp3,拍子木03/拍子木02-2.mp3,6.423197278911565,0.10705328798185941,extracted
otologic_sounds_smart/Instruments Japanese,拍子木02-3.mp3,拍子木03/拍子木02-3.mp3,8.899818594104309,0.14833030990173848,extracted
otologic_sounds_smart/Instruments Japanese,拍子木02-1.mp3,拍子木03/拍子木02-1.mp3,7.589750566893424,0.12649584278155707,extracted
otologic_sounds_smart/Instruments Japanese,拍子木02-4.mp3,拍子木03/拍子木02-4.mp3,7.538095238095238,0.12563492063492063,extracted
otologic_sounds_smart/Instruments Japanese,神楽鈴02-7.mp3,神楽鈴03/神楽鈴02-7.mp3,8.610566893424036,0.14350944822373393,extracted
otologic_sounds_smart/Instruments Japanese,拍子木03-6.mp3,法螺貝01/拍子木03-6.mp3,10.537868480725624,0.17563114134542707,extracted
otologic_sounds_smart/Instruments Japanese,拍子木03-5.mp3,法螺貝01/拍子木03-5.mp3,8.854399092970521,0.14757331821617534,extracted
otologic_sounds_smart/Instruments Japanese,神楽鈴03-5.mp3,拍子木01/神楽鈴03-5.mp3,6.788253968253969,0.11313756613756615,extracted
otologic_sounds_smart/Instruments Japanese,神楽鈴03-6.mp3,拍子木01/神楽鈴03-6.mp3,6.67766439909297,0.11129440665154951,extracted
otologic_sounds_smart/Instruments Japanese,神楽鈴02-3.mp3,拍子木01/神楽鈴02-3.mp3,7.127437641723356,0.11879062736205594,extracted
otologic_sounds_smart/Instruments Japanese,法螺貝01-6.mp3,効果音＞和楽器/法螺貝01-6.mp3,6.427210884353742,0.1071201814058957,extracted
otologic_sounds_smart/Instruments Japanese,法螺貝01-3.mp3,効果音＞和楽器/法螺貝01-3.mp3,7.9019274376417235,0.13169879062736206,extracted
otologic_sounds_smart/Instruments Japanese,法螺貝01-1.mp3,効果音＞和楽器/法螺貝01-1.mp3,6.446780045351474,0.10744633408919123,extracted
otologic_sounds_smart/Anime Motion,アニメモーション12-6(低　ディレイ).mp3,アニメモーション12/アニメモーション12-6(低　ディレイ).mp3,5.033990929705215,0.08389984882842025,extracted
otologic_sounds_smart/Anime Motion,アニメモーション15-5(中　ディレイ).mp3,アニメモーション15/アニメモーション15-5(中　ディレイ).mp3,5.783333333333333,0.09638888888888889,extracted
otologic_sounds_smart/Anime Motion,アニメモーション15-6(低　ディレイ).mp3,アニメモーション15/アニメモーション15-6(低　ディレイ).mp3,5.3678004535147394,0.08946334089191232,extracted
otologic_sounds_smart/Anime Motion,アニメモーション15-4(高　ディレイ).mp3,効果音＞アニメモーション/アニメモーション15-4(高　ディレイ).mp3,5.6111791383219956,0.09351965230536659,extracted
otologic_sounds_smart/Packing_Materials,梱包用エアークッション01-16(遠い　ガサガサ).mp3,ダンボール01/梱包用エアークッション01-16(遠い　ガサガサ).mp3,8.467687074829932,0.1411281179138322,extracted
otologic_sounds_smart/Packing_Materials,バラ緩衝材01-16(入れる　箱).mp3,梱包紙01/バラ緩衝材01-16(入れる　箱).mp3,11.75718820861678,0.19595313681027968,extracted
otologic_sounds_smart/Packing_Materials,ダンボール03-29(遠い　畳む).mp3,気泡緩衝材01/ダンボール03-29(遠い　畳む).mp3,8.529886621315192,0.14216477702191987,extracted
otologic_sounds_smart/Packing_Materials,ダンボール02-01(開封).mp3,気泡緩衝材01/ダンボール02-01(開封).mp3,6.017165532879819,0.10028609221466364,extracted
otologic_sounds_smart/Packing_Materials,梱包紙01-14(遠い　ガサガサ).mp3,梱包用エアークッション01/梱包紙01-14(遠い　ガサガサ).mp3,6.98437641723356,0.11640627362055933,extracted
otologic_sounds_smart/Packing_Materials,バラ緩衝材01-02(ガサガサ).mp3,梱包用エアークッション01/バラ緩衝材01-02(ガサガサ).mp3,8.242176870748299,0.13736961451247165,extracted
otologic_sounds_smart/Packing_Materials,梱包紙01-06(ガサガサ).mp3,梱包用エアークッション01/梱包紙01-06(ガサガサ).mp3,6.98437641723356,0.11640627362055933,extracted
otologic_sounds_smart/Packing_Materials,ダンボール01-07(畳む).mp3,ダンボール02/ダンボール01-07(畳む).mp3,5.491995464852608,0.09153325774754346,extracted
otologic_sounds_smart/Packing_Materials,ダンボール01-08(遠い　開封).mp3,ダンボール02/ダンボール01-08(遠い　開封).mp3,5.946190476190476,0.0991031746031746,extracted
otologic_sounds_smart/Packing_Materials,ダンボール01-14(遠い　畳む).mp3,ダンボール02/ダンボール01-14(遠い　畳む).mp3,5.491995464852608,0.09153325774754346,extracted
otologic_sounds_smart/Packing_Materials,梱包用エアークッション01-06(ガサガサ).mp3,ダンボール02/梱包用エアークッション01-06(ガサガサ).mp3,8.467687074829932,0.1411281179138322,extracted
otologic_sounds_smart/Packing_Materials,ダンボール02-15(遠い　開封).mp3,ダンボール03/ダンボール02-15(遠い　開封).mp3,6.016802721088435,0.10028004535147392,extracted
otologic_sounds_smart/Packing_Materials,ダンボール01-01(開封).mp3,ダンボール03/ダンボール01-01(開封).mp3,5.946190476190476,0.0991031746031746,extracted
otologic_sounds_smart/Packing_Materials,ダンボール03-14(畳む).mp3,気泡緩衝材02/ダンボール03-14(畳む).mp3,8.529886621315192,0.14216477702191987,extracted
otologic_sounds_smart/Packing_Materials,バラ緩衝材01-19(遠い　ガサガサ).mp3,バラ緩衝材01/バラ緩衝材01-19(遠い　ガサガサ).mp3,8.242176870748299,0.13736961451247165,extracted
otologic_sounds_smart/Packing_Materials,バラ緩衝材01-33(遠い　入れる　箱).mp3,バラ緩衝材01/バラ緩衝材01-33(遠い　入れる　箱).mp3,11.75718820861678,0.19595313681027968,extracted
otologic_sounds_smart/Packing_Materials,気泡緩衝材01-11(ガサガサ).mp3,気泡緩衝材03/気泡緩衝材01-11(ガサガサ).mp3,6.037142857142857,0.10061904761904762,extracted
otologic_sounds_smart/Instruments Piano,ピアノ02-1(短).mp3,ピアノ02/ピアノ02-1(短).mp3,5.360884353741497,0.08934807256235829,extracted
otologic_sounds_smart/Instruments Piano,ピアノ02-2(長).mp3,ピアノ02/ピアノ02-2(長).mp3,7.983015873015873,0.13305026455026456,extracted
otologic_sounds_smart/Instruments Piano,ピアノ03-1(長　リバーブ).mp3,効果音＞ピアノ/ピアノ03-1(長　リバーブ).mp3,5.262063492063492,0.0877010582010582,extracted
otologic_sounds_smart/Applause Cheer,歓声　群衆02-2(中).mp3,効果音＞歓声・拍手/歓声　群衆02-2(中).mp3,9.69204081632653,0.16153401360544217,extracted
otologic_sounds_smart/Applause Cheer,歓声　群衆02-1(長).mp3,効果音＞歓声・拍手/歓声　群衆02-1(長).mp3,22.642879818594103,0.37738133030990173,extracted
otologic_sounds_smart/Applause Cheer,歓声　群衆01-2(低　中).mp3,効果音＞歓声・拍手/歓声　群衆01-2(低　中).mp3,7.533514739229025,0.12555857898715042,extracted
otologic_sounds_smart/Applause Cheer,歓声　群衆01-1(低　長).mp3,効果音＞歓声・拍手/歓声　群衆01-1(低　長).mp3,15.033537414965986,0.25055895691609975,extracted
otologic_sounds_smart/Applause Cheer,拍手　群衆02-2(中).mp3,拍手　群衆03/拍手　群衆02-2(中).mp3,5.595895691609977,0.09326492819349962,extracted
otologic_sounds_smart/Applause Cheer,拍手　群衆03-3(短).mp3,拍手　群衆03/拍手　群衆03-3(短).mp3,6.89374149659864,0.11489569160997733,extracted
otologic_sounds_smart/Applause Cheer,拍手　群衆02-1(長).mp3,拍手　群衆03/拍手　群衆02-1(長).mp3,14.515532879818593,0.24192554799697655,extracted
otologic_sounds_smart/Applause Cheer,拍手　群衆01-1(長).mp3,拍手　群衆03/拍手　群衆01-1(長).mp3,13.403151927437642,0.22338586545729405,extracted
otologic_sounds_smart/Applause Cheer,拍手04-1(長).mp3,拍手　群衆02/拍手04-1(長).mp3,21.624444444444446,0.36040740740740745,extracted
otologic_sounds_smart/Applause Cheer,拍手04-2(中).mp3,拍手　群衆02/拍手04-2(中).mp3,7.594081632653062,0.12656802721088437,extracted
otologic_sounds_smart/Applause Cheer,拍手　群衆01-2(中).mp3,拍手　群衆02/拍手　群衆01-2(中).mp3,6.323265306122449,0.10538775510204082,extracted
otologic_sounds_smart/Applause Cheer,拍手　群衆03-2(中).mp3,歓声　イェイ01/拍手　群衆03-2(中).mp3,11.202834467120182,0.18671390778533636,extracted
otologic_sounds_smart/Applause Cheer,拍手　群衆03-1(長).mp3,歓声　イェイ01/拍手　群衆03-1(長).mp3,31.16877551020408,0.5194795918367346,extracted
otologic_sounds_smart/Applause Cheer,歓声　群衆01-5(高　中).mp3,歓声　群衆02/歓声　群衆01-5(高　中).mp3,5.543038548752834,0.09238397581254724,extracted
otologic_sounds_smart/Applause Cheer,歓声　群衆01-4(高　長).mp3,歓声　群衆02/歓声　群衆01-4(高　長).mp3,11.11310657596372,0.18521844293272866,extracted
otologic_sounds_smart/Applause Cheer,拍手01-1(安定　遅い).mp3,拍手02/拍手01-1(安定　遅い).mp3,5.481224489795919,0.09135374149659864,extracted
otologic_sounds_smart/Applause Cheer,拍手02-5(遠い　中).mp3,拍手03/拍手02-5(遠い　中).mp3,6.480113378684807,0.10800188964474679,extracted
otologic_sounds_smart/Applause Cheer,拍手02-4(遠い　長).mp3,拍手03/拍手02-4(遠い　長).mp3,18.73739229024943,0.3122898715041572,extracted
otologic_sounds_smart/Applause Cheer,拍手02-2(中).mp3,拍手03/拍手02-2(中).mp3,6.230340136054422,0.1038390022675737,extracted
otologic_sounds_smart/Applause Cheer,拍手03-4(遠い　長).mp3,拍手04/拍手03-4(遠い　長).mp3,16.608662131519274,0.2768110355253212,extracted
otologic_sounds_smart/Applause Cheer,拍手02-1(長).mp3,拍手04/拍手02-1(長).mp3,18.48954648526077,0.3081591080876795,extracted
otologic_sounds_smart/Applause Cheer,拍手03-5(遠い　中).mp3,拍手04/拍手03-5(遠い　中).mp3,6.158820861678005,0.10264701436130008,extracted
otologic_sounds_smart/Applause Cheer,拍手04-5(遠い　中).mp3,拍手　群衆01/拍手04-5(遠い　中).mp3,7.1558730158730155,0.11926455026455025,extracted
otologic_sounds_smart/Applause Cheer,拍手04-4(遠い　長).mp3,拍手　群衆01/拍手04-4(遠い　長).mp3,21.38687074829932,0.35644784580498867,extracted
otologic_sounds_smart/Applause Cheer,拍手03-2(中).mp3,拍手　群衆01/拍手03-2(中).mp3,5.661269841269841,0.09435449735449736,extracted
otologic_sounds_smart/Applause Cheer,拍手03-1(長).mp3,拍手　群衆01/拍手03-1(長).mp3,16.232380952380954,0.2705396825396826,extracted
otologic_sounds_smart/Stationery,ハサミ03-4(紙を切る).mp3,効果音＞文房具/ハサミ03-4(紙を切る).mp3,9.693832199546485,0.1615638699924414,extracted
otologic_sounds_smart/Stationery,下敷き01-1.mp3,効果音＞文房具/下敷き01-1.mp3,6.422857142857143,0.10704761904761904,extracted
otologic_sounds_smart/Stationery,ハサミ02-3(紙を切る).mp3,ハサミ03/ハサミ02-3(紙を切る).mp3,5.7227210884353745,0.09537868480725624,extracted
otologic_sounds_smart/Stationery,ハサミ02-4(紙を切る).mp3,ハサミ03/ハサミ02-4(紙を切る).mp3,8.035238095238094,0.1339206349206349,extracted
otologic_sounds_smart/Countdown,カウントダウン06-4.mp3,効果音＞カウントダウン/カウントダウン06-4.mp3,11.952857142857143,0.1992142857142857,extracted
otologic_sounds_smart/Countdown,カウントダウン06-3.mp3,効果音＞カウントダウン/カウントダウン06-3.mp3,6.937142857142857,0.11561904761904761,extracted
otologic_sounds_smart/Countdown,カウントダウン04-2.mp3,カウントダウン05/カウントダウン04-2.mp3,5.165804988662131,0.08609674981103552,extracted
otologic_sounds_smart/Countdown,カウントダウン04-3.mp3,カウントダウン05/カウントダウン04-3.mp3,7.16827664399093,0.11947127739984882,extracted
otologic_sounds_smart/Countdown,カウントダウン02-2.mp3,カウントダウン02/カウントダウン02-2.mp3,5.173990929705216,0.0862331821617536,extracted
otologic_sounds_smart/Countdown,カウントダウン02-3.mp3,カウントダウン02/カウントダウン02-3.mp3,7.179886621315193,0.11966477702191988,extracted
otologic_sounds_smart/Countdown,カウントダウン02-4.mp3,カウントダウン02/カウントダウン02-4.mp3,12.213038548752834,0.2035506424792139,extracted
otologic_sounds_smart/Countdown,カウントダウン03-3.mp3,カウントダウン03/カウントダウン03-3.mp3,6.679863945578231,0.11133106575963718,extracted
otologic_sounds_smart/Countdown,カウントダウン03-4.mp3,カウントダウン03/カウントダウン03-4.mp3,11.658775510204082,0.19431292517006804,extracted
otologic_sounds_smart/Countdown,タイマー02-3(音色2　60秒).mp3,タイマー01/タイマー02-3(音色2　60秒).mp3,60.29442176870748,1.004907029478458,extracted
otologic_sounds_smart/Countdown,タイマー01-2(30秒).mp3,タイマー01/タイマー01-2(30秒).mp3,31.462131519274376,0.524368858654573,extracted
otologic_sounds_smart/Countdown,タイマー01-3(60秒).mp3,タイマー01/タイマー01-3(60秒).mp3,61.43557823129252,1.0239263038548754,extracted
otologic_sounds_smart/Countdown,タイマー02-2(音色2　30秒).mp3,タイマー01/タイマー02-2(音色2　30秒).mp3,30.310770975056688,0.5051795162509448,extracted
otologic_sounds_smart/Countdown,タイマー01-1(10秒).mp3,タイマー01/タイマー01-1(10秒).mp3,11.444149659863946,0.1907358276643991,extracted
otologic_sounds_smart/Countdown,カウントダウン04-4.mp3,カウントダウン04/カウントダウン04-4.mp3,12.179909297052154,0.20299848828420256,extracted
otologic_sounds_smart/Countdown,カウントダウン01-3.mp3,カウントダウン01/カウントダウン01-3.mp3,7.33265306122449,0.1222108843537415,extracted
otologic_sounds_smart/Countdown,カウントダウン01-2.mp3,カウントダウン01/カウントダウン01-2.mp3,5.344875283446712,0.08908125472411187,extracted
otologic_sounds_smart/Countdown,カウントダウン01-4.mp3,カウントダウン01/カウントダウン01-4.mp3,12.346553287981859,0.205775888133031,extracted
otologic_sounds_smart/Countdown,カウントダウン05-1.mp3,カウントダウン06/カウントダウン05-1.mp3,5.009047619047619,0.08348412698412698,extracted
otologic_sounds_smart/Countdown,カウントダウン05-2.mp3,カウントダウン06/カウントダウン05-2.mp3,7.973628117913832,0.13289380196523054,extracted
otologic_sounds_smart/Countdown,カウントダウン05-3.mp3,カウントダウン06/カウントダウン05-3.mp3,12.989614512471656,0.21649357520786092,extracted
otologic_sounds_smart/Countdown,タイマー02-2(音色1　30秒).mp3,タイマー02/タイマー02-2(音色1　30秒).mp3,30.40875283446712,0.5068125472411187,extracted
otologic_sounds_smart/Countdown,タイマー02-1(音色2　10秒).mp3,タイマー02/タイマー02-1(音色2　10秒).mp3,10.294126984126985,0.17156878306878307,extracted
otologic_sounds_smart/Countdown,タイマー02-3(音色1　60秒).mp3,タイマー02/タイマー02-3(音色1　60秒).mp3,60.36074829931973,1.006012471655329,extracted
otologic_sounds_smart/Countdown,タイマー02-1(音色1　10秒).mp3,タイマー02/タイマー02-1(音色1　10秒).mp3,10.428503401360544,0.17380839002267573,extracted
otologic_sounds_smart/Camera Motion,カメラモーション08-5(リバーブ).mp3,カメラモーション10/カメラモーション08-5(リバーブ).mp3,5.316507936507937,0.08860846560846561,extracted
otologic_sounds_smart/Camera Motion,カメラモーション08-8(リバーブ).mp3,カメラモーション09/カメラモーション08-8(リバーブ).mp3,5.81124716553288,0.09685411942554799,extracted
otologic_sounds_smart/Camera Motion,カメラモーション07-5(リバーブ).mp3,カメラモーション08/カメラモーション07-5(リバーブ).mp3,5.116167800453515,0.08526946334089192,extracted
otologic_sounds_smart/Camera Motion,カメラモーション07-6(リバーブ).mp3,カメラモーション08/カメラモーション07-6(リバーブ).mp3,5.933015873015873,0.09888359788359788,extracted
otologic_sounds_smart/Camera Motion,カメラモーション07-8(リバーブ).mp3,カメラモーション08/カメラモーション07-8(リバーブ).mp3,5.43530612244898,0.09058843537414966,extracted
otologic_sounds_smart/Camera Motion,カメラモーション07-7(リバーブ).mp3,カメラモーション08/カメラモーション07-7(リバーブ).mp3,6.47655328798186,0.10794255479969767,extracted
otologic_sounds_smart/Retroanimeaccent,レトロアニメ　アクセント02-3(低　長).mp3,レトロアニメ　アクセント03/レトロアニメ　アクセント02-3(低　長).mp3,5.442857142857143,0.09071428571428572,extracted
otologic_sounds_smart/Washing Machines,洗濯機　ドラム式01-18(衣類　ガサガサ).mp3,洗濯機　ドラム式01/洗濯機　ドラム式01-18(衣類　ガサガサ).mp3,6.643265306122449,0.11072108843537415,extracted
otologic_sounds_smart/Washing Machines,洗濯機　ドラム式01-19(衣類　取り出す).mp3,洗濯機　ドラム式01/洗濯機　ドラム式01-19(衣類　取り出す).mp3,5.144535147392291,0.08574225245653817,extracted
otologic_sounds_smart/Washing Machines,洗濯機　ドラム式01-17(衣類　入れる　強).mp3,洗濯機　ドラム式01/洗濯機　ドラム式01-17(衣類　入れる　強).mp3,5.505396825396826,0.09175661375661376,extracted
otologic_sounds_smart/Washing Machines,洗濯機　ドラム式　動作音01-21(遠い　脱水).mp3,洗濯機　ドラム式　動作音01/洗濯機　ドラム式　動作音01-21(遠い　脱水).mp3,184.34678004535147,3.072446334089191,extracted
otologic_sounds_smart/Washing Machines,洗濯機　ドラム式　動作音01-20(遠い　脱水).mp3,洗濯機　ドラム式　動作音01/洗濯機　ドラム式　動作音01-20(遠い　脱水).mp3,205.84777777777776,3.430796296296296,extracted
otologic_sounds_smart/Washing Machines,洗濯機　ドラム式　動作音01-22(遠い　乾燥).mp3,洗濯機　ドラム式　動作音01/洗濯機　ドラム式　動作音01-22(遠い　乾燥).mp3,65.04009070294785,1.0840015117157975,extracted
otologic_sounds_smart/Washing Machines,洗濯機　ドラム式　動作音01-19(遠い　注水).mp3,効果音＞洗濯機/洗濯機　ドラム式　動作音01-19(遠い　注水).mp3,16.93482993197279,0.2822471655328798,extracted
otologic_sounds_smart/Washing Machines,洗濯機　ドラム式　動作音01-14(遠い　洗う).mp3,効果音＞洗濯機/洗濯機　ドラム式　動作音01-14(遠い　洗う).mp3,61.762585034013604,1.02937641723356,extracted
otologic_sounds_smart/Washing Machines,洗濯機　ドラム式　動作音01-11(ノイズ).mp3,効果音＞洗濯機/洗濯機　ドラム式　動作音01-11(ノイズ).mp3,22.192290249433107,0.3698715041572184,extracted
otologic_sounds_smart/Washing Machines,洗濯機　ドラム式　動作音01-01(洗う).mp3,効果音＞洗濯機/洗濯機　ドラム式　動作音01-01(洗う).mp3,61.92575963718821,1.032095993953137,extracted
otologic_sounds_smart/Washing Machines,洗濯機　ドラム式　動作音01-16(遠い　洗う).mp3,効果音＞洗濯機/洗濯機　ドラム式　動作音01-16(遠い　洗う).mp3,71.41421768707482,1.1902369614512471,extracted
otologic_sounds_smart/Washing Machines,洗濯機　ドラム式　動作音01-09(乾燥).mp3,効果音＞洗濯機/洗濯機　ドラム式　動作音01-09(乾燥).mp3,65.04009070294785,1.0840015117157975,extracted
otologic_sounds_smart/Washing Machines,洗濯機　ドラム式　動作音01-03(洗う).mp3,効果音＞洗濯機/洗濯機　ドラム式　動作音01-03(洗う).mp3,72.4965306122449,1.2082755102040816,extracted
otologic_sounds_smart/Washing Machines,洗濯機　ドラム式　動作音01-02(洗う).mp3,効果音＞洗濯機/洗濯機　ドラム式　動作音01-02(洗う).mp3,26.13875283446712,0.43564588057445197,extracted
otologic_sounds_smart/Washing Machines,洗濯機　ドラム式　動作音01-08(脱水).mp3,効果音＞洗濯機/洗濯機　ドラム式　動作音01-08(脱水).mp3,186.12539682539682,3.102089947089947,extracted
otologic_sounds_smart/Washing Machines,洗濯機　ドラム式　動作音01-10(重量検知).mp3,効果音＞洗濯機/洗濯機　ドラム式　動作音01-10(重量検知).mp3,24.187460317460317,0.4031243386243386,extracted
otologic_sounds_smart/Washing Machines,洗濯機　ドラム式　動作音01-18(遠い　注水).mp3,効果音＞洗濯機/洗濯機　ドラム式　動作音01-18(遠い　注水).mp3,17.084807256235827,0.28474678760393046,extracted
otologic_sounds_smart/Washing Machines,洗濯機　ドラム式　動作音01-15(遠い　洗う).mp3,効果音＞洗濯機/洗濯機　ドラム式　動作音01-15(遠い　洗う).mp3,24.26607709750567,0.40443461829176114,extracted
otologic_sounds_smart/Washing Machines,洗濯機　ドラム式　動作音01-06(注水).mp3,効果音＞洗濯機/洗濯機　ドラム式　動作音01-06(注水).mp3,16.93482993197279,0.2822471655328798,extracted
otologic_sounds_smart/Washing Machines,洗濯機　ドラム式　動作音01-07(脱水).mp3,効果音＞洗濯機/洗濯機　ドラム式　動作音01-07(脱水).mp3,206.8321088435374,3.447201814058957,extracted
otologic_sounds_smart/Washing Machines,洗濯機　ドラム式　動作音01-04(注水).mp3,効果音＞洗濯機/洗濯機　ドラム式　動作音01-04(注水).mp3,30.194625850340135,0.5032437641723356,extracted
otologic_sounds_smart/Washing Machines,洗濯機　ドラム式　動作音01-05(注水).mp3,効果音＞洗濯機/洗濯機　ドラム式　動作音01-05(注水).mp3,17.921836734693876,0.2986972789115646,extracted
otologic_sounds_smart/Washing Machines,洗濯機　ドラム式　動作音01-17(遠い　注水).mp3,効果音＞洗濯機/洗濯機　ドラム式　動作音01-17(遠い　注水).mp3,30.194625850340135,0.5032437641723356,extracted
otologic_sounds_smart/Washing Machines,洗濯機　ドラム式01-36(遠い　衣類　ガサガサ).mp3,洗濯機　ドラム式　ビープ01/洗濯機　ドラム式01-36(遠い　衣類　ガサガサ).mp3,5.916213151927438,0.09860355253212397,extracted
otologic_sounds_smart/Washing Machines,洗濯機　ドラム式　ビープ01-07(メロディー).mp3,洗濯機　ドラム式　ビープ01/洗濯機　ドラム式　ビープ01-07(メロディー).mp3,10.671247165532879,0.177854119425548,extracted
otologic_sounds_smart/Washing Machines,洗濯機　ドラム式　ビープ01-14(遠い　メロディー).mp3,洗濯機　ドラム式　ビープ01/洗濯機　ドラム式　ビープ01-14(遠い　メロディー).mp3,10.845668934240363,0.18076114890400605,extracted
otologic_sounds_smart/Washing Machines,洗濯機　ドラム式01-35(遠い　衣類　入れる　強).mp3,洗濯機　ドラム式　ビープ01/洗濯機　ドラム式01-35(遠い　衣類　入れる　強).mp3,5.505396825396826,0.09175661375661376,extracted
otologic_sounds_smart/Pendulum Clock,振り子時計　チャイム05-7(遠い　長).mp3,効果音＞振り子時計/振り子時計　チャイム05-7(遠い　長).mp3,9.00156462585034,0.15002607709750568,extracted
otologic_sounds_smart/Pendulum Clock,振り子時計　チャイム04-01(ノイズ除去　短).mp3,効果音＞振り子時計/振り子時計　チャイム04-01(ノイズ除去　短).mp3,9.587006802721088,0.15978344671201813,extracted
otologic_sounds_smart/Pendulum Clock,振り子時計　チャイム05-4(セット).mp3,効果音＞振り子時計/振り子時計　チャイム05-4(セット).mp3,23.328662131519273,0.3888110355253212,extracted
otologic_sounds_smart/Pendulum Clock,振り子時計　チャイム05-1(短).mp3,効果音＞振り子時計/振り子時計　チャイム05-1(短).mp3,5.973560090702948,0.09955933484504914,extracted
otologic_sounds_smart/Pendulum Clock,振り子時計　チャイム05-2(中).mp3,効果音＞振り子時計/振り子時計　チャイム05-2(中).mp3,7.036485260770975,0.11727475434618292,extracted
otologic_sounds_smart/Pendulum Clock,振り子時計　チャイム05-3(長).mp3,効果音＞振り子時計/振り子時計　チャイム05-3(長).mp3,9.00156462585034,0.15002607709750568,extracted
otologic_sounds_smart/Pendulum Clock,振り子時計　チャイム05-8(遠い　セット).mp3,効果音＞振り子時計/振り子時計　チャイム05-8(遠い　セット).mp3,23.328662131519273,0.3888110355253212,extracted
otologic_sounds_smart/Pendulum Clock,振り子時計　チャイム04-02(ノイズ除去　中).mp3,効果音＞振り子時計/振り子時計　チャイム04-02(ノイズ除去　中).mp3,11.39233560090703,0.18987226001511717,extracted
otologic_sounds_smart/Pendulum Clock,振り子時計　チャイム05-5(遠い　短).mp3,効果音＞振り子時計/振り子時計　チャイム05-5(遠い　短).mp3,5.973560090702948,0.09955933484504914,extracted
otologic_sounds_smart/Pendulum Clock,振り子時計　チャイム04-03(ノイズ除去　長).mp3,効果音＞振り子時計/振り子時計　チャイム04-03(ノイズ除去　長).mp3,13.650385487528345,0.2275064247921391,extracted
otologic_sounds_smart/Pendulum Clock,振り子時計　チャイム05-6(遠い　中).mp3,効果音＞振り子時計/振り子時計　チャイム05-6(遠い　中).mp3,7.036485260770975,0.11727475434618292,extracted
otologic_sounds_smart/Pendulum Clock,振り子時計　チャイム04-04(短).mp3,効果音＞振り子時計/振り子時計　チャイム04-04(短).mp3,10.960113378684808,0.18266855631141346,extracted
otologic_sounds_smart/Pendulum Clock,振り子時計　ハードウェア02-09(遠い　チクタク).mp3,振り子時計　チャイム01/振り子時計　ハードウェア02-09(遠い　チクタク).mp3,14.0,0.23333333333333334,extracted
otologic_sounds_smart/Pendulum Clock,振り子時計　ハードウェア01-12(遠い　チクタク).mp3,振り子時計　ハードウェア01/振り子時計　ハードウェア01-12(遠い　チクタク).mp3,16.99984126984127,0.2833306878306878,extracted
otologic_sounds_smart/Pendulum Clock,振り子時計　ハードウェア01-13(遠い　巻き上げる).mp3,振り子時計　ハードウェア01/振り子時計　ハードウェア01-13(遠い　巻き上げる).mp3,6.638276643990929,0.11063794406651549,extracted
otologic_sounds_smart/Pendulum Clock,振り子時計　チャイム03-14(遠い　高　セット).mp3,振り子時計　チャイム04/振り子時計　チャイム03-14(遠い　高　セット).mp3,39.78224489795918,0.6630374149659863,extracted
otologic_sounds_smart/Pendulum Clock,振り子時計　チャイム03-09(遠い　低).mp3,振り子時計　チャイム04/振り子時計　チャイム03-09(遠い　低).mp3,18.358866213151927,0.3059811035525321,extracted
otologic_sounds_smart/Pendulum Clock,振り子時計　チャイム02-02(ノイズ除去　中).mp3,振り子時計　チャイム04/振り子時計　チャイム02-02(ノイズ除去　中).mp3,10.34952380952381,0.1724920634920635,extracted
otologic_sounds_smart/Pendulum Clock,振り子時計　チャイム03-11(遠い　高).mp3,振り子時計　チャイム04/振り子時計　チャイム03-11(遠い　高).mp3,13.517052154195012,0.22528420256991685,extracted
otologic_sounds_smart/Pendulum Clock,振り子時計　チャイム03-13(遠い　低　セット).mp3,振り子時計　チャイム04/振り子時計　チャイム03-13(遠い　低　セット).mp3,51.637142857142855,0.8606190476190476,extracted
otologic_sounds_smart/Pendulum Clock,振り子時計　チャイム03-06(低　セット).mp3,振り子時計　チャイム04/振り子時計　チャイム03-06(低　セット).mp3,51.637142857142855,0.8606190476190476,extracted
otologic_sounds_smart/Pendulum Clock,振り子時計　チャイム03-08(遠い　低).mp3,振り子時計　チャイム04/振り子時計　チャイム03-08(遠い　低).mp3,13.13514739229025,0.2189191232048375,extracted
otologic_sounds_smart/Pendulum Clock,振り子時計　チャイム03-12(遠い　駆動音).mp3,振り子時計　チャイム04/振り子時計　チャイム03-12(遠い　駆動音).mp3,12.353106575963718,0.2058851095993953,extracted
otologic_sounds_smart/Pendulum Clock,振り子時計　チャイム03-10(遠い　高).mp3,振り子時計　チャイム04/振り子時計　チャイム03-10(遠い　高).mp3,10.043356009070294,0.16738926681783822,extracted
otologic_sounds_smart/Pendulum Clock,振り子時計　チャイム02-01(ノイズ除去　短).mp3,振り子時計　チャイム04/振り子時計　チャイム02-01(ノイズ除去　短).mp3,9.225056689342404,0.1537509448223734,extracted
otologic_sounds_smart/Pendulum Clock,振り子時計　チャイム03-07(高　セット).mp3,振り子時計　チャイム04/振り子時計　チャイム03-07(高　セット).mp3,39.78224489795918,0.6630374149659863,extracted
otologic_sounds_smart/Pendulum Clock,振り子時計　チャイム02-07(All).mp3,振り子時計　チャイム03/振り子時計　チャイム02-07(All).mp3,263.3374829931973,4.388958049886622,extracted
otologic_sounds_smart/Pendulum Clock,振り子時計　チャイム02-10(遠い　長).mp3,振り子時計　チャイム03/振り子時計　チャイム02-10(遠い　長).mp3,16.055895691609976,0.2675982615268329,extracted
otologic_sounds_smart/Pendulum Clock,振り子時計　チャイム02-11(遠い　All).mp3,振り子時計　チャイム03/振り子時計　チャイム02-11(遠い　All).mp3,249.18081632653062,4.153013605442177,extracted
otologic_sounds_smart/Pendulum Clock,振り子時計　チャイム02-08(遠い　短).mp3,振り子時計　チャイム03/振り子時計　チャイム02-08(遠い　短).mp3,11.337891156462584,0.18896485260770973,extracted
otologic_sounds_smart/Pendulum Clock,振り子時計　チャイム02-03(ノイズ除去　長).mp3,振り子時計　チャイム03/振り子時計　チャイム02-03(ノイズ除去　長).mp3,11.896009070294784,0.1982668178382464,extracted
otologic_sounds_smart/Pendulum Clock,振り子時計　チャイム01-2(中).mp3,振り子時計　チャイム03/振り子時計　チャイム01-2(中).mp3,8.668571428571429,0.14447619047619048,extracted
otologic_sounds_smart/Pendulum Clock,振り子時計　チャイム01-1(短).mp3,振り子時計　チャイム03/振り子時計　チャイム01-1(短).mp3,7.0685714285714285,0.11780952380952381,extracted
otologic_sounds_smart/Pendulum Clock,振り子時計　チャイム02-09(遠い　中).mp3,振り子時計　チャイム03/振り子時計　チャイム02-09(遠い　中).mp3,12.660181405895692,0.21100302343159485,extracted
otologic_sounds_smart/Pendulum Clock,振り子時計　チャイム02-06(長).mp3,振り子時計　チャイム03/振り子時計　チャイム02-06(長).mp3,17.22721088435374,0.2871201814058957,extracted
otologic_sounds_smart/Pendulum Clock,振り子時計　チャイム02-04(短).mp3,振り子時計　チャイム03/振り子時計　チャイム02-04(短).mp3,12.836417233560091,0.21394028722600153,extracted
otologic_sounds_smart/Pendulum Clock,振り子時計　チャイム02-05(中).mp3,振り子時計　チャイム03/振り子時計　チャイム02-05(中).mp3,13.7418820861678,0.22903136810279667,extracted
otologic_sounds_smart/Pendulum Clock,振り子時計　ハードウェア02-01(チクタク).mp3,振り子時計　チャイム02/振り子時計　ハードウェア02-01(チクタク).mp3,14.0,0.23333333333333334,extracted
otologic_sounds_smart/Pendulum Clock,振り子時計　チャイム01-4(All).mp3,振り子時計　チャイム02/振り子時計　チャイム01-4(All).mp3,173.7435827664399,2.8957263794406654,extracted
otologic_sounds_smart/Pendulum Clock,振り子時計　チャイム01-5(遠い　短).mp3,振り子時計　チャイム02/振り子時計　チャイム01-5(遠い　短).mp3,7.0685714285714285,0.11780952380952381,extracted
otologic_sounds_smart/Pendulum Clock,振り子時計　チャイム01-6(遠い　中).mp3,振り子時計　チャイム02/振り子時計　チャイム01-6(遠い　中).mp3,8.668571428571429,0.14447619047619048,extracted
otologic_sounds_smart/Pendulum Clock,振り子時計　チャイム01-8(遠い　All).mp3,振り子時計　チャイム02/振り子時計　チャイム01-8(遠い　All).mp3,173.7435827664399,2.8957263794406654,extracted
otologic_sounds_smart/Pendulum Clock,振り子時計　チャイム01-7(遠い　長).mp3,振り子時計　チャイム02/振り子時計　チャイム01-7(遠い　長).mp3,11.329909297052154,0.1888318216175359,extracted
otologic_sounds_smart/Pendulum Clock,振り子時計　チャイム01-3(長).mp3,振り子時計　チャイム02/振り子時計　チャイム01-3(長).mp3,11.329909297052154,0.1888318216175359,extracted
otologic_sounds_smart/Pendulum Clock,振り子時計　チャイム04-10(遠い　長).mp3,振り子時計　チャイム05/振り子時計　チャイム04-10(遠い　長).mp3,14.340204081632653,0.2390034013605442,extracted
otologic_sounds_smart/Pendulum Clock,振り子時計　チャイム03-03(高).mp3,振り子時計　チャイム05/振り子時計　チャイム03-03(高).mp3,10.043356009070294,0.16738926681783822,extracted
otologic_sounds_smart/Pendulum Clock,振り子時計　チャイム03-01(低).mp3,振り子時計　チャイム05/振り子時計　チャイム03-01(低).mp3,13.13514739229025,0.2189191232048375,extracted
otologic_sounds_smart/Pendulum Clock,振り子時計　チャイム04-11(遠い　All).mp3,振り子時計　チャイム05/振り子時計　チャイム04-11(遠い　All).mp3,209.16142857142856,3.486023809523809,extracted
otologic_sounds_smart/Pendulum Clock,振り子時計　チャイム04-08(遠い　短).mp3,振り子時計　チャイム05/振り子時計　チャイム04-08(遠い　短).mp3,10.736893424036282,0.17894822373393804,extracted
otologic_sounds_smart/Pendulum Clock,振り子時計　チャイム04-07(All).mp3,振り子時計　チャイム05/振り子時計　チャイム04-07(All).mp3,209.16142857142856,3.486023809523809,extracted
otologic_sounds_smart/Pendulum Clock,振り子時計　チャイム03-05(駆動音).mp3,振り子時計　チャイム05/振り子時計　チャイム03-05(駆動音).mp3,12.353106575963718,0.2058851095993953,extracted
otologic_sounds_smart/Pendulum Clock,振り子時計　チャイム04-09(遠い　中).mp3,振り子時計　チャイム05/振り子時計　チャイム04-09(遠い　中).mp3,12.090793650793652,0.20151322751322753,extracted
otologic_sounds_smart/Pendulum Clock,振り子時計　チャイム04-05(中).mp3,振り子時計　チャイム05/振り子時計　チャイム04-05(中).mp3,12.304852607709751,0.20508087679516251,extracted
otologic_sounds_smart/Pendulum Clock,振り子時計　チャイム04-06(長).mp3,振り子時計　チャイム05/振り子時計　チャイム04-06(長).mp3,14.520861678004534,0.24201436130007556,extracted
otologic_sounds_smart/Pendulum Clock,振り子時計　チャイム03-04(高).mp3,振り子時計　チャイム05/振り子時計　チャイム03-04(高).mp3,13.517052154195012,0.22528420256991685,extracted
otologic_sounds_smart/Pendulum Clock,振り子時計　チャイム03-02(低).mp3,振り子時計　チャイム05/振り子時計　チャイム03-02(低).mp3,18.358866213151927,0.3059811035525321,extracted
otologic_sounds_smart/Pendulum Clock,振り子時計　ハードウェア01-02(巻き上げる).mp3,振り子時計　ハードウェア02/振り子時計　ハードウェア01-02(巻き上げる).mp3,6.638276643990929,0.11063794406651549,extracted
otologic_sounds_smart/Pendulum Clock,振り子時計　ハードウェア01-01(チクタク).mp3,振り子時計　ハードウェア02/振り子時計　ハードウェア01-01(チクタク).mp3,16.99984126984127,0.2833306878306878,extracted
otologic_sounds_smart/News Accent,ニュース　テロップ05-プレビュー.mp3,効果音＞ニュース　テロップ/ニュース　テロップ05-プレビュー.mp3,6.622312925170068,0.1103718820861678,extracted
otologic_sounds_smart/News Accent,ニュース　テロップ02-1.mp3,ニュース　テロップ03/ニュース　テロップ02-1.mp3,6.3841269841269845,0.10640211640211641,extracted
otologic_sounds_smart/News Accent,ニュース　テロップ02-プレビュー.mp3,ニュース　テロップ03/ニュース　テロップ02-プレビュー.mp3,6.3841269841269845,0.10640211640211641,extracted
otologic_sounds_smart/News Accent,ニュース　テロップ03-プレビュー.mp3,ニュース　テロップ04/ニュース　テロップ03-プレビュー.mp3,6.12843537414966,0.102140589569161,extracted
otologic_sounds_smart/News Accent,ニュース　テロップ04-プレビュー.mp3,ニュース　テロップ05/ニュース　テロップ04-プレビュー.mp3,7.7785714285714285,0.12964285714285714,extracted
otologic_sounds_smart/News Accent,ニュース　テロップ01-プレビュー.mp3,ニュース　テロップ02/ニュース　テロップ01-プレビュー.mp3,7.642630385487529,0.12737717309145882,extracted
otologic_sounds_smart/News Accent,ニュース　テロップ01-1.mp3,ニュース　テロップ01/ニュース　テロップ01-1.mp3,5.4,0.09000000000000001,extracted
otologic_sounds_smart/Facility Road,横断歩道　誘導音02-1.mp3,横断歩道　誘導音03/横断歩道　誘導音02-1.mp3,30.389342403628117,0.5064890400604686,extracted
otologic_sounds_smart/Facility Road,横断歩道　誘導音02-2.mp3,横断歩道　誘導音03/横断歩道　誘導音02-2.mp3,17.45768707482993,0.2909614512471655,extracted
otologic_sounds_smart/Facility Road,横断歩道　誘導音02-3.mp3,横断歩道　誘導音02/横断歩道　誘導音02-3.mp3,31.533174603174604,0.52555291005291,extracted
otologic_sounds_smart/Facility Road,横断歩道　誘導音02-4.mp3,横断歩道　誘導音02/横断歩道　誘導音02-4.mp3,18.5821768707483,0.309702947845805,extracted
otologic_sounds_smart/Facility Road,横断歩道　誘導音01-1(ループ).mp3,横断歩道　誘導音02/横断歩道　誘導音01-1(ループ).mp3,12.113560090702947,0.20189266817838245,extracted
otologic_sounds_smart/Facility Road,横断歩道　誘導音03-1(ループ).mp3,効果音＞設備・横断歩道/横断歩道　誘導音03-1(ループ).mp3,6.0,0.1,extracted
otologic_sounds_smart/Facility Road,横断歩道　誘導音03-3(ループ).mp3,効果音＞設備・横断歩道/横断歩道　誘導音03-3(ループ).mp3,6.0,0.1,extracted
otologic_sounds_smart/Facility Road,横断歩道　誘導音03-2(ループ).mp3,効果音＞設備・横断歩道/横断歩道　誘導音03-2(ループ).mp3,6.3750113378684805,0.10625018896447468,extracted
otologic_sounds_smart/Facility Road,横断歩道　誘導音03-4(ループ).mp3,効果音＞設備・横断歩道/横断歩道　誘導音03-4(ループ).mp3,6.000725623582767,0.10001209372637945,extracted
otologic_sounds_smart/Facility Road,横断歩道　誘導音01-2(ループ).mp3,横断歩道　誘導音01/横断歩道　誘導音01-2(ループ).mp3,12.113560090702947,0.20189266817838245,extracted
otologic_sounds_smart/Facility Road,横断歩道　誘導音01-4(ループ).mp3,横断歩道　誘導音01/横断歩道　誘導音01-4(ループ).mp3,8.005283446712019,0.13342139077853366,extracted
otologic_sounds_smart/Facility Road,横断歩道　誘導音01-3(ループ).mp3,横断歩道　誘導音01/横断歩道　誘導音01-3(ループ).mp3,8.0,0.13333333333333333,extracted
otologic_sounds_smart/Writing_Material,鉛筆削り02-1(削る).mp3,鉛筆削り01/鉛筆削り02-1(削る).mp3,6.5265759637188205,0.10877626606198035,extracted
otologic_sounds_smart/Writing_Material,鉛筆削り02-2(削る).mp3,鉛筆削り01/鉛筆削り02-2(削る).mp3,8.961383219954648,0.14935638699924414,extracted
otologic_sounds_smart/Writing_Material,鉛筆削り01-1(削る).mp3,鉛筆削り01/鉛筆削り01-1(削る).mp3,8.021791383219954,0.1336965230536659,extracted
otologic_sounds_smart/Writing_Material,フェルトペン02-2(書く).mp3,フェルトペン02/フェルトペン02-2(書く).mp3,14.20748299319728,0.23679138321995466,extracted
otologic_sounds_smart/Writing_Material,フェルトペン02-1(書く).mp3,フェルトペン02/フェルトペン02-1(書く).mp3,21.801995464852606,0.36336659108087677,extracted
otologic_sounds_smart/Writing_Material,シャープペン01-01(書く).mp3,鉛筆01/シャープペン01-01(書く).mp3,16.011904761904763,0.26686507936507936,extracted
otologic_sounds_smart/Writing_Material,シャープペン01-02(書く).mp3,鉛筆01/シャープペン01-02(書く).mp3,16.02467120181406,0.26707785336356765,extracted
otologic_sounds_smart/Writing_Material,シャープペン01-03(書く).mp3,鉛筆01/シャープペン01-03(書く).mp3,15.869637188208618,0.2644939531368103,extracted
otologic_sounds_smart/Writing_Material,ペン立て01-4(ガサゴソ).mp3,ペン立て01/ペン立て01-4(ガサゴソ).mp3,5.127913832199546,0.0854652305366591,extracted
otologic_sounds_smart/Writing_Material,フェルトペン03-01(書く).mp3,効果音＞筆記用具/フェルトペン03-01(書く).mp3,11.154920634920636,0.18591534391534392,extracted
otologic_sounds_smart/Writing_Material,鉛筆01-03(書く).mp3,効果音＞筆記用具/鉛筆01-03(書く).mp3,17.028049886621314,0.28380083144368856,extracted
otologic_sounds_smart/Writing_Material,鉛筆01-02(書く).mp3,効果音＞筆記用具/鉛筆01-02(書く).mp3,21.331065759637188,0.3555177626606198,extracted
otologic_sounds_smart/Writing_Material,フェルトペン03-02(書く).mp3,効果音＞筆記用具/フェルトペン03-02(書く).mp3,9.394172335600906,0.15656953892668177,extracted
otologic_sounds_smart/Writing_Material,鉛筆01-01(書く).mp3,効果音＞筆記用具/鉛筆01-01(書く).mp3,18.781020408163265,0.3130170068027211,extracted
otologic_sounds_smart/Writing_Material,ボールペン01-01(書く).mp3,シャープペン01/ボールペン01-01(書く).mp3,14.94562358276644,0.2490937263794407,extracted
otologic_sounds_smart/Writing_Material,ボールペン01-03(書く).mp3,シャープペン01/ボールペン01-03(書く).mp3,13.073310657596371,0.21788851095993952,extracted
otologic_sounds_smart/Writing_Material,ボールペン01-02(書く).mp3,シャープペン01/ボールペン01-02(書く).mp3,12.729138321995466,0.2121523053665911,extracted
otologic_sounds_smart/Writing_Material,筆箱01-6(ガサガサ).mp3,鉛筆削り03/筆箱01-6(ガサガサ).mp3,6.5,0.10833333333333334,extracted
otologic_sounds_smart/Doorbell,ドアベル　ピンポン02-3.mp3,ドアベル　メロディー01/ドアベル　ピンポン02-3.mp3,5.66015873015873,0.09433597883597883,extracted
otologic_sounds_smart/Doorbell,ドアベル　ピンポン02-6.mp3,ドアベル　ピンポン02/ドアベル　ピンポン02-6.mp3,5.66015873015873,0.09433597883597883,extracted
otologic_sounds_smart/Doorbell,ドアベル　メロディー01-1.mp3,効果音＞ドアベル/ドアベル　メロディー01-1.mp3,5.543786848072562,0.09239644746787604,extracted
otologic_sounds_smart/Doorbell,ドアベル　メロディー01-2.mp3,効果音＞ドアベル/ドアベル　メロディー01-2.mp3,5.543786848072562,0.09239644746787604,extracted
otologic_sounds_smart/Cuckoo Clock,鳩時計02-05(ベル　リバーブ　中).mp3,効果音＞鳩時計/鳩時計02-05(ベル　リバーブ　中).mp3,5.12671201814059,0.08544520030234316,extracted
otologic_sounds_smart/Cuckoo Clock,鳩時計02-03(ベル　長).mp3,効果音＞鳩時計/鳩時計02-03(ベル　長).mp3,6.176893424036281,0.10294822373393803,extracted
otologic_sounds_smart/Cuckoo Clock,鳩時計02-06(ベル　リバーブ　長).mp3,効果音＞鳩時計/鳩時計02-06(ベル　リバーブ　長).mp3,6.526984126984127,0.10878306878306879,extracted
otologic_sounds_smart/Cuckoo Clock,鳩時計01-10(遠い　短).mp3,鳩時計01/鳩時計01-10(遠い　短).mp3,6.885646258503401,0.11476077097505669,extracted
otologic_sounds_smart/Cuckoo Clock,鳩時計01-07(短).mp3,鳩時計01/鳩時計01-07(短).mp3,6.806077097505669,0.11343461829176114,extracted
otologic_sounds_smart/Cuckoo Clock,鳩時計01-08(中).mp3,鳩時計01/鳩時計01-08(中).mp3,10.50920634920635,0.17515343915343917,extracted
otologic_sounds_smart/Cuckoo Clock,鳩時計01-09(長).mp3,鳩時計01/鳩時計01-09(長).mp3,17.953537414965986,0.29922562358276644,extracted
otologic_sounds_smart/Cuckoo Clock,鳩時計01-06(ノイズ除去　リバーブ　長).mp3,鳩時計01/鳩時計01-06(ノイズ除去　リバーブ　長).mp3,8.987619047619047,0.14979365079365078,extracted
otologic_sounds_smart/Cuckoo Clock,鳩時計01-12(遠い　長).mp3,鳩時計01/鳩時計01-12(遠い　長).mp3,18.079047619047618,0.3013174603174603,extracted
otologic_sounds_smart/Cuckoo Clock,鳩時計01-05(ノイズ除去　リバーブ　中).mp3,鳩時計01/鳩時計01-05(ノイズ除去　リバーブ　中).mp3,5.96718820861678,0.09945313681027966,extracted
otologic_sounds_smart/Cuckoo Clock,鳩時計01-11(遠い　中).mp3,鳩時計01/鳩時計01-11(遠い　中).mp3,10.724807256235827,0.17874678760393045,extracted
otologic_sounds_smart/Cuckoo Clock,鳩時計01-03(ノイズ除去　長).mp3,鳩時計02/鳩時計01-03(ノイズ除去　長).mp3,6.1926077097505665,0.10321012849584278,extracted
otologic_sounds_smart/Cuckoo Clock,鳩時計02-12(リバーブ　長).mp3,鳩時計02/鳩時計02-12(リバーブ　長).mp3,5.710498866213152,0.09517498110355253,extracted
otologic_sounds_smart/Camera,カメラ　インスタント01-10(フラッシュ　チャージ).mp3,カメラ　インスタント01/カメラ　インスタント01-10(フラッシュ　チャージ).mp3,5.278934240362812,0.0879822373393802,extracted
otologic_sounds_smart/Camera,カメラ　コンデジ01-03(シャッター).mp3,効果音＞カメラ/カメラ　コンデジ01-03(シャッター).mp3,5.04530612244898,0.08408843537414966,extracted
otologic_sounds_smart/Camera,カメラ　使い捨て01-6(フラッシュ　チャージ).mp3,カメラ　使い捨て01/カメラ　使い捨て01-6(フラッシュ　チャージ).mp3,7.760408163265306,0.12934013605442177,extracted
otologic_sounds_smart/Phrase,フレーズ04-2.mp3,フレーズ04/フレーズ04-2.mp3,7.083922902494331,0.11806538170823885,extracted
otologic_sounds_smart/Phrase,フレーズ04-1.mp3,フレーズ05/フレーズ04-1.mp3,7.083922902494331,0.11806538170823885,extracted
otologic_sounds_smart/Lottery Drawing Bingo,抽選箱02-02(ガサガサ).mp3,抽選箱02/抽選箱02-02(ガサガサ).mp3,12.025056689342403,0.20041761148904005,extracted
otologic_sounds_smart/Lottery Drawing Bingo,当選ベル02-01(強).mp3,抽選器　ガラポン01/当選ベル02-01(強).mp3,7.681383219954649,0.1280230536659108,extracted
otologic_sounds_smart/Lottery Drawing Bingo,抽選器　ガラポン01-22(玉　入れる).mp3,抽選器　ガラポン01/抽選器　ガラポン01-22(玉　入れる).mp3,7.120226757369615,0.11867044595616025,extracted
otologic_sounds_smart/Lottery Drawing Bingo,抽選器　ガラポン01-15(少ない　回す　長).mp3,抽選器　ガラポン01/抽選器　ガラポン01-15(少ない　回す　長).mp3,6.35780045351474,0.10596334089191232,extracted
otologic_sounds_smart/Lottery Drawing Bingo,当選ベル02-02(強).mp3,抽選器　ガラポン01/当選ベル02-02(強).mp3,6.695328798185941,0.11158881330309903,extracted
otologic_sounds_smart/Lottery Drawing Bingo,ビンゴマシーン01-11(ボール　入れる).mp3,ビンゴマシーン　デジタル02/ビンゴマシーン01-11(ボール　入れる).mp3,5.115895691609977,0.08526492819349962,extracted
otologic_sounds_smart/Lottery Drawing Bingo,ビンゴマシーン01-10(回す　長).mp3,ビンゴマシーン　デジタル02/ビンゴマシーン01-10(回す　長).mp3,6.707482993197279,0.11179138321995465,extracted
otologic_sounds_smart/Lottery Drawing Bingo,ビンゴマシーン　デジタル02-1(プリセット　スピーカー).mp3,ビンゴマシーン　デジタル02/ビンゴマシーン　デジタル02-1(プリセット　スピーカー).mp3,14.393015873015873,0.2398835978835979,extracted
otologic_sounds_smart/Lottery Drawing Bingo,当選ベル02-10(遠い　強).mp3,当選ベル02/当選ベル02-10(遠い　強).mp3,7.503174603174603,0.12505291005291005,extracted
otologic_sounds_smart/Lottery Drawing Bingo,当選ベル02-11(遠い　弱).mp3,当選ベル02/当選ベル02-11(遠い　弱).mp3,7.37453514739229,0.12290891912320484,extracted
otologic_sounds_smart/Lottery Drawing Bingo,当選ベル02-09(遠い　強).mp3,当選ベル02/当選ベル02-09(遠い　強).mp3,6.695328798185941,0.11158881330309903,extracted
otologic_sounds_smart/Lottery Drawing Bingo,当選ベル02-07(弱).mp3,当選ベル02/当選ベル02-07(弱).mp3,6.371337868480726,0.10618896447467877,extracted
otologic_sounds_smart/Lottery Drawing Bingo,当選ベル02-03(強).mp3,当選ベル02/当選ベル02-03(強).mp3,7.503174603174603,0.12505291005291005,extracted
otologic_sounds_smart/Lottery Drawing Bingo,当選ベル02-05(弱).mp3,当選ベル02/当選ベル02-05(弱).mp3,6.183786848072562,0.1030631141345427,extracted
otologic_sounds_smart/Lottery Drawing Bingo,当選ベル02-08(遠い　強).mp3,当選ベル02/当選ベル02-08(遠い　強).mp3,7.681383219954649,0.1280230536659108,extracted
otologic_sounds_smart/Lottery Drawing Bingo,当選ベル01-02(強).mp3,当選ベル02/当選ベル01-02(強).mp3,6.472539682539683,0.10787566137566137,extracted
otologic_sounds_smart/Lottery Drawing Bingo,当選ベル02-06(弱).mp3,当選ベル02/当選ベル02-06(弱).mp3,8.306031746031746,0.13843386243386244,extracted
otologic_sounds_smart/Lottery Drawing Bingo,当選ベル02-13(遠い　弱).mp3,当選ベル02/当選ベル02-13(遠い　弱).mp3,7.893151927437642,0.1315525321239607,extracted
otologic_sounds_smart/Lottery Drawing Bingo,当選ベル02-04(弱).mp3,当選ベル02/当選ベル02-04(弱).mp3,7.648412698412699,0.127473544973545,extracted
otologic_sounds_smart/Lottery Drawing Bingo,当選ベル02-12(遠い　弱).mp3,当選ベル02/当選ベル02-12(遠い　弱).mp3,5.889319727891157,0.09815532879818595,extracted
otologic_sounds_smart/Lottery Drawing Bingo,当選ベル01-01(強).mp3,当選ベル02/当選ベル01-01(強).mp3,7.877687074829932,0.13129478458049887,extracted
otologic_sounds_smart/Lottery Drawing Bingo,当選ベル02-14(遠い　弱).mp3,当選ベル02/当選ベル02-14(遠い　弱).mp3,6.255487528344672,0.10425812547241119,extracted
otologic_sounds_smart/Lottery Drawing Bingo,抽選器　ガラポン01-10(回す　長).mp3,効果音＞くじ・抽選・ビンゴ/抽選器　ガラポン01-10(回す　長).mp3,5.425192743764172,0.0904198790627362,extracted
otologic_sounds_smart/Lottery Drawing Bingo,抽選器　ガラポン01-09(回す　長).mp3,効果音＞くじ・抽選・ビンゴ/抽選器　ガラポン01-09(回す　長).mp3,7.3730612244897955,0.12288435374149659,extracted
otologic_sounds_smart/Lottery Drawing Bingo,抽選箱01-02(ガサガサ).mp3,抽選箱01/抽選箱01-02(ガサガサ).mp3,6.0101133786848076,0.10016855631141346,extracted
otologic_sounds_smart/Lottery Drawing Bingo,ビンゴマシーン　デジタル01-1(プリセット　スピーカー).mp3,ビンゴマシーン　デジタル01/ビンゴマシーン　デジタル01-1(プリセット　スピーカー).mp3,8.022131519274376,0.13370219198790628,extracted
otologic_sounds_smart/Lottery Drawing Bingo,ビンゴマシーン　デジタル01-5(シャッフル　ドライ).mp3,ビンゴマシーン　デジタル01/ビンゴマシーン　デジタル01-5(シャッフル　ドライ).mp3,9.415873015873016,0.15693121693121695,extracted
otologic_sounds_smart/Lottery Drawing Bingo,ビンゴマシーン　デジタル01-2(シャッフル　スピーカー).mp3,ビンゴマシーン　デジタル01/ビンゴマシーン　デジタル01-2(シャッフル　スピーカー).mp3,9.320136054421768,0.15533560090702947,extracted
otologic_sounds_smart/Lottery Drawing Bingo,ビンゴマシーン　デジタル02-3(シャッフル　スピーカー).mp3,ビンゴマシーン　デジタル01/ビンゴマシーン　デジタル02-3(シャッフル　スピーカー).mp3,13.854807256235828,0.23091345427059715,extracted
otologic_sounds_smart/Lottery Drawing Bingo,ビンゴマシーン　デジタル02-7(シャッフル　ドライ).mp3,ビンゴマシーン　デジタル01/ビンゴマシーン　デジタル02-7(シャッフル　ドライ).mp3,13.923832199546485,0.2320638699924414,extracted
otologic_sounds_smart/Lottery Drawing Bingo,当選ベル01-04(強).mp3,当選ベル01/当選ベル01-04(強).mp3,9.455804988662132,0.15759674981103552,extracted
otologic_sounds_smart/Lottery Drawing Bingo,当選ベル01-14(遠い　弱).mp3,当選ベル01/当選ベル01-14(遠い　弱).mp3,6.909342403628118,0.1151557067271353,extracted
otologic_sounds_smart/Lottery Drawing Bingo,当選ベル01-12(遠い　強).mp3,当選ベル01/当選ベル01-12(遠い　強).mp3,8.817913832199546,0.14696523053665908,extracted
otologic_sounds_smart/Lottery Drawing Bingo,当選ベル01-06(弱).mp3,当選ベル01/当選ベル01-06(弱).mp3,7.499115646258503,0.12498526077097506,extracted
otologic_sounds_smart/Lottery Drawing Bingo,当選ベル01-13(遠い　弱).mp3,当選ベル01/当選ベル01-13(遠い　弱).mp3,8.00609977324263,0.1334349962207105,extracted
otologic_sounds_smart/Lottery Drawing Bingo,当選ベル01-08(弱).mp3,当選ベル01/当選ベル01-08(弱).mp3,7.832199546485261,0.13053665910808768,extracted
otologic_sounds_smart/Lottery Drawing Bingo,当選ベル01-15(遠い　弱).mp3,当選ベル01/当選ベル01-15(遠い　弱).mp3,9.843968253968255,0.16406613756613758,extracted
otologic_sounds_smart/Lottery Drawing Bingo,当選ベル01-11(遠い　強).mp3,当選ベル01/当選ベル01-11(遠い　強).mp3,6.29453514739229,0.10490891912320484,extracted
otologic_sounds_smart/Lottery Drawing Bingo,当選ベル01-16(遠い　弱).mp3,当選ベル01/当選ベル01-16(遠い　弱).mp3,7.391269841269842,0.1231878306878307,extracted
otologic_sounds_smart/Lottery Drawing Bingo,当選ベル01-10(遠い　強).mp3,当選ベル01/当選ベル01-10(遠い　強).mp3,6.2929705215419505,0.10488284202569917,extracted
otologic_sounds_smart/Lottery Drawing Bingo,当選ベル01-07(弱).mp3,当選ベル01/当選ベル01-07(弱).mp3,10.327097505668934,0.1721182917611489,extracted
otologic_sounds_smart/Lottery Drawing Bingo,当選ベル01-09(遠い　強).mp3,当選ベル01/当選ベル01-09(遠い　強).mp3,7.607482993197279,0.12679138321995465,extracted
otologic_sounds_smart/Lottery Drawing Bingo,当選ベル01-05(弱).mp3,当選ベル01/当選ベル01-05(弱).mp3,8.591700680272108,0.14319501133786847,extracted
otologic_sounds_smart/Lottery Drawing Bingo,当選ベル01-03(強).mp3,当選ベル01/当選ベル01-03(強).mp3,7.035850340136054,0.11726417233560091,extracted
otologic_sounds_smart/Lottery Drawing Bingo,ビンゴマシーン02-10(回す　長).mp3,ビンゴマシーン01/ビンゴマシーン02-10(回す　長).mp3,6.52015873015873,0.10866931216931217,extracted
otologic_sounds_smart/Lottery Drawing Bingo,ビンゴマシーン02-11(回す　早).mp3,ビンゴマシーン01/ビンゴマシーン02-11(回す　早).mp3,6.912108843537415,0.11520181405895692,extracted
otologic_sounds_smart/Dizzy,オノマトペ　めまい01-5(遅　長).mp3,オノマトペ　めまい01/オノマトペ　めまい01-5(遅　長).mp3,20.950204081632652,0.34917006802721084,extracted
otologic_sounds_smart/Dizzy,オノマトペ　めまい01-3(速　ループ).mp3,オノマトペ　めまい01/オノマトペ　めまい01-3(速　ループ).mp3,7.336848072562359,0.12228080120937264,extracted
otologic_sounds_smart/Dizzy,オノマトペ　めまい01-6(遅　ループ).mp3,オノマトペ　めまい01/オノマトペ　めまい01-6(遅　ループ).mp3,9.595510204081632,0.1599251700680272,extracted
otologic_sounds_smart/Dizzy,オノマトペ　めまい03-3(速　長).mp3,効果音＞オノマトペ・めまい/オノマトペ　めまい03-3(速　長).mp3,12.529886621315192,0.20883144368858655,extracted
otologic_sounds_smart/Dizzy,オノマトペ　めまい03-2(速　中).mp3,効果音＞オノマトペ・めまい/オノマトペ　めまい03-2(速　中).mp3,5.627369614512472,0.09378949357520787,extracted
otologic_sounds_smart/Dizzy,オノマトペ　めまい02-2(速　長).mp3,オノマトペ　めまい03/オノマトペ　めまい02-2(速　長).mp3,21.891632653061226,0.3648605442176871,extracted
otologic_sounds_smart/Dizzy,オノマトペ　めまい03-6(遅　長).mp3,オノマトペ　めまい03/オノマトペ　めまい03-6(遅　長).mp3,11.092879818594104,0.18488133030990175,extracted
otologic_sounds_smart/Dizzy,オノマトペ　めまい02-3(速　ループ).mp3,オノマトペ　めまい03/オノマトペ　めまい02-3(速　ループ).mp3,5.345714285714286,0.0890952380952381,extracted
otologic_sounds_smart/Dizzy,オノマトペ　めまい01-2(速　長).mp3,オノマトペ　めまい02/オノマトペ　めまい01-2(速　長).mp3,20.492834467120183,0.3415472411186697,extracted
otologic_sounds_smart/Dizzy,オノマトペ　めまい02-5(遅　長).mp3,オノマトペ　めまい02/オノマトペ　めまい02-5(遅　長).mp3,20.108707482993196,0.3351451247165533,extracted
otologic_sounds_smart/Game Rpg,SNES　RPG05-プレビュー.mp3,効果音＞RPG用セット/SNES　RPG05-プレビュー.mp3,14.567369614512472,0.24278949357520788,extracted
otologic_sounds_smart/Game Rpg,NES　RPG02-プレビュー.mp3,効果音＞RPG用セット/NES　RPG02-プレビュー.mp3,18.18546485260771,0.30309108087679515,extracted
otologic_sounds_smart/Game Rpg,SNES　RPG03-9(崩壊).mp3,効果音＞RPG用セット/SNES　RPG03-9(崩壊).mp3,10.818140589569161,0.180302343159486,extracted
otologic_sounds_smart/Game Rpg,SNES　RPG03-プレビュー.mp3,効果音＞RPG用セット/SNES　RPG03-プレビュー.mp3,10.55374149659864,0.17589569160997734,extracted
otologic_sounds_smart/Game Rpg,NES　RPG01-プレビュー.mp3,効果音＞RPG用セット/NES　RPG01-プレビュー.mp3,13.442789115646258,0.22404648526077098,extracted
otologic_sounds_smart/Game Rpg,SNES　RPG01-プレビュー.mp3,効果音＞RPG用セット/SNES　RPG01-プレビュー.mp3,10.577414965986394,0.17629024943310656,extracted
otologic_sounds_smart/Game Rpg,GB　RPG01-プレビュー.mp3,効果音＞RPG用セット/GB　RPG01-プレビュー.mp3,5.968208616780045,0.09947014361300076,extracted
otologic_sounds_smart/Game Rpg,NES　RPG03-プレビュー.mp3,効果音＞RPG用セット/NES　RPG03-プレビュー.mp3,9.082199546485262,0.15136999244142102,extracted
otologic_sounds_smart/Game Rpg,SNES　RPG04-プレビュー.mp3,効果音＞RPG用セット/SNES　RPG04-プレビュー.mp3,23.69997732426304,0.39499962207105066,extracted
otologic_sounds_smart/Game Rpg,NES　RPG02-11(崩壊).mp3,効果音＞RPG用セット/NES　RPG02-11(崩壊).mp3,5.431179138321996,0.0905196523053666,extracted
otologic_sounds_smart/Game Rpg,SNES　RPG02-プレビュー.mp3,効果音＞RPG用セット/SNES　RPG02-プレビュー.mp3,5.599977324263039,0.09333295540438398,extracted
otologic_sounds_smart/Recent.Html,公衆電話01-06(ボタン　シングル　弱).mp3,モーション　俊敏15/公衆電話01-06(ボタン　シングル　弱).mp3,14.394149659863945,0.23990249433106575,extracted
otologic_sounds_smart/Recent.Html,公衆電話01-05(ボタン　シングル　強).mp3,モーション　俊敏15/公衆電話01-05(ボタン　シングル　強).mp3,9.46204081632653,0.15770068027210885,extracted
otologic_sounds_smart/Recent.Html,公衆電話01-04(ボタン　シングル　中).mp3,モーション　俊敏15/公衆電話01-04(ボタン　シングル　中).mp3,9.223015873015873,0.15371693121693122,extracted
otologic_sounds_smart/Recent.Html,公衆電話01-03(ボタン　パターン　弱).mp3,モーション　俊敏15/公衆電話01-03(ボタン　パターン　弱).mp3,11.794240362811792,0.19657067271352985,extracted
otologic_sounds_smart/Bell Accent,ベルアクセント03-4(チャイム　ディレイ).mp3,ベルアクセント04/ベルアクセント03-4(チャイム　ディレイ).mp3,7.5298866213151925,0.1254981103552532,extracted
otologic_sounds_smart/Bell Accent,ベルアクセント02-3(ディレイ).mp3,ベルアクセント03/ベルアクセント02-3(ディレイ).mp3,5.503990929705216,0.0917331821617536,extracted
otologic_sounds_smart/Bell Accent,ベルアクセント02-4(ディレイ).mp3,ベルアクセント03/ベルアクセント02-4(ディレイ).mp3,5.431201814058957,0.09052003023431594,extracted
otologic_sounds_smart/Bell Accent,ベルアクセント03-2(ディレイ).mp3,ベルアクセント05/ベルアクセント03-2(ディレイ).mp3,7.467913832199547,0.12446523053665912,extracted
otologic_sounds_smart/Bell Accent,ベルアクセント04-4(低　ディレイ).mp3,ベルアクセント05/ベルアクセント04-4(低　ディレイ).mp3,5.487551020408163,0.09145918367346938,extracted
otologic_sounds_smart/Bell Accent,ベルアクセント09-2(ディレイ).mp3,ベルアクセント11/ベルアクセント09-2(ディレイ).mp3,9.415941043083901,0.15693235071806502,extracted
otologic_sounds_smart/Bell Accent,ベルアクセント07-1(高　ディレイ).mp3,ベルアクセント10/ベルアクセント07-1(高　ディレイ).mp3,5.542743764172336,0.0923790627362056,extracted
otologic_sounds_smart/Bell Accent,ベルアクセント07-2(低　ディレイ).mp3,ベルアクセント10/ベルアクセント07-2(低　ディレイ).mp3,5.766145124716553,0.09610241874527589,extracted
otologic_sounds_smart/Bell Accent,ベルアクセント04-3(高　ディレイ).mp3,ベルアクセント06/ベルアクセント04-3(高　ディレイ).mp3,5.560113378684807,0.09266855631141345,extracted
otologic_sounds_smart/Bell Accent,ベルアクセント01-4(ディレイ).mp3,ベルアクセント01/ベルアクセント01-4(ディレイ).mp3,6.70312925170068,0.111718820861678,extracted
otologic_sounds_smart/Bell Accent,ベルアクセント01-3(ディレイ).mp3,ベルアクセント01/ベルアクセント01-3(ディレイ).mp3,6.627460317460318,0.11045767195767196,extracted
otologic_sounds_smart/Bell Accent,ベルアクセント13-1(高).mp3,効果音＞ベルアクセント/ベルアクセント13-1(高).mp3,5.39859410430839,0.08997656840513983,extracted
otologic_sounds_smart/Bell Accent,ベルアクセント12-1(高).mp3,効果音＞ベルアクセント/ベルアクセント12-1(高).mp3,6.230544217687075,0.1038424036281179,extracted
otologic_sounds_smart/Bell Accent,ベルアクセント13-2(低).mp3,効果音＞ベルアクセント/ベルアクセント13-2(低).mp3,5.379047619047619,0.08965079365079366,extracted
otologic_sounds_smart/Bell Accent,ベルアクセント12-2(低).mp3,ベルアクセント13/ベルアクセント12-2(低).mp3,8.312698412698413,0.13854497354497355,extracted
otologic_sounds_smart/Bell Accent,ベルアクセント11-1(ディレイ).mp3,ベルアクセント13/ベルアクセント11-1(ディレイ).mp3,5.684807256235827,0.09474678760393046,extracted
otologic_sounds_smart/Printer,プリンター01-1.mp3,プリンター01/プリンター01-1.mp3,33.68875283446712,0.5614792139077853,extracted
otologic_sounds_smart/Printer,プリンター01-3.mp3,プリンター01/プリンター01-3.mp3,14.312403628117913,0.23854006046863188,extracted
otologic_sounds_smart/Printer,プリンター02-36(遠い　インク　交換).mp3,プリンター01/プリンター02-36(遠い　インク　交換).mp3,15.481904761904762,0.258031746031746,extracted
otologic_sounds_smart/Printer,プリンター01-6(On).mp3,プリンター01/プリンター01-6(On).mp3,18.806802721088435,0.31344671201814056,extracted
otologic_sounds_smart/Printer,プリンター02-02(印刷　複数).mp3,効果音＞プリンター/プリンター02-02(印刷　複数).mp3,23.622902494331065,0.3937150415721844,extracted
otologic_sounds_smart/Printer,プリンター02-06(スキャン).mp3,効果音＞プリンター/プリンター02-06(スキャン).mp3,35.080340136054424,0.584672335600907,extracted
otologic_sounds_smart/Printer,プリンター02-03(印刷　カラー).mp3,効果音＞プリンター/プリンター02-03(印刷　カラー).mp3,28.491315192743762,0.474855253212396,extracted
otologic_sounds_smart/Printer,プリンター02-04(コピー).mp3,効果音＞プリンター/プリンター02-04(コピー).mp3,16.58297052154195,0.2763828420256991,extracted
otologic_sounds_smart/Printer,プリンター02-01(印刷).mp3,効果音＞プリンター/プリンター02-01(印刷).mp3,16.548367346938775,0.27580612244897956,extracted
otologic_sounds_smart/Printer,プリンター02-07(クリーニング).mp3,効果音＞プリンター/プリンター02-07(クリーニング).mp3,27.141043083900225,0.45235071806500377,extracted
otologic_sounds_smart/Printer,プリンター02-18(インク　交換).mp3,プリンター02/プリンター02-18(インク　交換).mp3,15.633809523809523,0.26056349206349205,extracted
otologic_sounds_smart/Printer,プリンター02-21(遠い　印刷　カラー).mp3,プリンター02/プリンター02-21(遠い　印刷　カラー).mp3,28.105124716553288,0.4684187452758881,extracted
otologic_sounds_smart/Printer,プリンター02-20(遠い　印刷　複数).mp3,プリンター02/プリンター02-20(遠い　印刷　複数).mp3,23.09641723356009,0.3849402872260015,extracted
otologic_sounds_smart/Printer,プリンター02-22(遠い　コピー).mp3,プリンター02/プリンター02-22(遠い　コピー).mp3,16.114648526077097,0.2685774754346183,extracted
otologic_sounds_smart/Printer,プリンター02-24(遠い　スキャン).mp3,プリンター02/プリンター02-24(遠い　スキャン).mp3,35.34077097505669,0.5890128495842782,extracted
otologic_sounds_smart/Printer,プリンター02-25(遠い　クリーニング).mp3,プリンター02/プリンター02-25(遠い　クリーニング).mp3,26.972879818594105,0.44954799697656844,extracted
otologic_sounds_smart/Printer,プリンター02-19(遠い　印刷).mp3,プリンター02/プリンター02-19(遠い　印刷).mp3,16.02467120181406,0.26707785336356765,extracted
otologic_sounds_smart/Electric Shock,電撃04-2(長).mp3,電撃05/電撃04-2(長).mp3,11.787891156462585,0.19646485260770977,extracted
otologic_sounds_smart/Electric Shock,電撃04-1(中).mp3,電撃06/電撃04-1(中).mp3,6.922766439909297,0.11537944066515494,extracted
otologic_sounds_smart/Game Sports,SNES　サッカー01-プレビュー.mp3,SNES　野球01/SNES　サッカー01-プレビュー.mp3,17.736303854875285,0.29560506424792143,extracted
otologic_sounds_smart/Game Sports,SNES　野球01-プレビュー.mp3,効果音＞スポーツゲーム用セット/SNES　野球01-プレビュー.mp3,12.326122448979591,0.20543537414965984,extracted
otologic_sounds_smart/Game Sports,SNES　サッカー01-08(歓声).mp3,SNES　サッカー01/SNES　サッカー01-08(歓声).mp3,6.989297052154195,0.11648828420256992,extracted
otologic_sounds_smart/Game Sports,SNES　ゴルフ01-プレビュー.mp3,SNES　サッカー01/SNES　ゴルフ01-プレビュー.mp3,8.645396825396825,0.14408994708994707,extracted
otologic_sounds_smart/Church Bells,鐘　教会02-12(遠い　低　長).mp3,鐘　教会01/鐘　教会02-12(遠い　低　長).mp3,17.896621315192743,0.29827702191987904,extracted
otologic_sounds_smart/Church Bells,鐘　教会01-4(遠い　短).mp3,鐘　教会01/鐘　教会01-4(遠い　短).mp3,10.724263038548752,0.17873771730914587,extracted
otologic_sounds_smart/Church Bells,鐘　教会01-5(遠い　中).mp3,鐘　教会01/鐘　教会01-5(遠い　中).mp3,12.000907029478459,0.20001511715797432,extracted
otologic_sounds_smart/Church Bells,鐘　教会01-3(長).mp3,鐘　教会01/鐘　教会01-3(長).mp3,14.370725623582766,0.23951209372637944,extracted
otologic_sounds_smart/Church Bells,鐘　教会01-1(短).mp3,鐘　教会01/鐘　教会01-1(短).mp3,10.931269841269842,0.1821878306878307,extracted
otologic_sounds_smart/Church Bells,鐘　教会01-2(中).mp3,鐘　教会01/鐘　教会01-2(中).mp3,11.916507936507937,0.19860846560846562,extracted
otologic_sounds_smart/Church Bells,鐘　教会01-6(遠い　長).mp3,鐘　教会01/鐘　教会01-6(遠い　長).mp3,14.32904761904762,0.23881746031746032,extracted
otologic_sounds_smart/Church Bells,鐘　教会03-01(高　短).mp3,効果音＞教会の鐘/鐘　教会03-01(高　短).mp3,9.62687074829932,0.16044784580498866,extracted
otologic_sounds_smart/Church Bells,鐘　教会03-02(高　中).mp3,効果音＞教会の鐘/鐘　教会03-02(高　中).mp3,11.388684807256237,0.1898114134542706,extracted
otologic_sounds_smart/Church Bells,鐘　教会03-06(遠い　高　長).mp3,効果音＞教会の鐘/鐘　教会03-06(遠い　高　長).mp3,14.621043083900227,0.24368405139833713,extracted
otologic_sounds_smart/Church Bells,鐘　教会03-03(高　長).mp3,効果音＞教会の鐘/鐘　教会03-03(高　長).mp3,15.142426303854876,0.2523737717309146,extracted
otologic_sounds_smart/Church Bells,鐘　教会03-05(遠い　高　中).mp3,効果音＞教会の鐘/鐘　教会03-05(遠い　高　中).mp3,11.314603174603175,0.18857671957671956,extracted
otologic_sounds_smart/Church Bells,鐘　教会03-07(低　短).mp3,効果音＞教会の鐘/鐘　教会03-07(低　短).mp3,11.610657596371881,0.19351095993953135,extracted
otologic_sounds_smart/Church Bells,鐘　教会03-04(遠い　高　短).mp3,効果音＞教会の鐘/鐘　教会03-04(遠い　高　短).mp3,9.470952380952381,0.15784920634920635,extracted
otologic_sounds_smart/Church Bells,鐘　教会03-08(低　中).mp3,効果音＞教会の鐘/鐘　教会03-08(低　中).mp3,13.675510204081633,0.2279251700680272,extracted
otologic_sounds_smart/Church Bells,鐘　教会02-07(低　短).mp3,鐘　教会02/鐘　教会02-07(低　短).mp3,11.266575963718822,0.18777626606198036,extracted
otologic_sounds_smart/Church Bells,鐘　教会02-06(遠い　高　長).mp3,鐘　教会02/鐘　教会02-06(遠い　高　長).mp3,15.09108843537415,0.2515181405895692,extracted
otologic_sounds_smart/Church Bells,鐘　教会02-08(低　中).mp3,鐘　教会02/鐘　教会02-08(低　中).mp3,12.929705215419501,0.21549508692365835,extracted
otologic_sounds_smart/Church Bells,鐘　教会02-05(遠い　高　中).mp3,鐘　教会02/鐘　教会02-05(遠い　高　中).mp3,11.92156462585034,0.19869274376417234,extracted
otologic_sounds_smart/Church Bells,鐘　教会02-09(低　長).mp3,鐘　教会02/鐘　教会02-09(低　長).mp3,16.58018140589569,0.2763363567649282,extracted
otologic_sounds_smart/Church Bells,鐘　教会02-10(遠い　低　短).mp3,鐘　教会02/鐘　教会02-10(遠い　低　短).mp3,12.333197278911564,0.2055532879818594,extracted
otologic_sounds_smart/Church Bells,鐘　教会02-11(遠い　低　中).mp3,鐘　教会02/鐘　教会02-11(遠い　低　中).mp3,14.237392290249433,0.23728987150415723,extracted
otologic_sounds_smart/Church Bells,鐘　教会03-12(遠い　低　長).mp3,鐘　教会03/鐘　教会03-12(遠い　低　長).mp3,17.392585034013607,0.2898764172335601,extracted
otologic_sounds_smart/Church Bells,鐘　教会02-03(高　長).mp3,鐘　教会03/鐘　教会02-03(高　長).mp3,14.030340136054422,0.2338390022675737,extracted
otologic_sounds_smart/Church Bells,鐘　教会03-09(低　長).mp3,鐘　教会03/鐘　教会03-09(低　長).mp3,17.937210884353743,0.29895351473922904,extracted
otologic_sounds_smart/Church Bells,鐘　教会02-04(遠い　高　短).mp3,鐘　教会03/鐘　教会02-04(遠い　高　短).mp3,10.480272108843538,0.17467120181405896,extracted
otologic_sounds_smart/Church Bells,鐘　教会02-02(高　中).mp3,鐘　教会03/鐘　教会02-02(高　中).mp3,10.954648526077097,0.18257747543461827,extracted
otologic_sounds_smart/Church Bells,鐘　教会02-01(高　短).mp3,鐘　教会03/鐘　教会02-01(高　短).mp3,9.394512471655329,0.15657520786092213,extracted
otologic_sounds_smart/Church Bells,鐘　教会03-11(遠い　低　中).mp3,鐘　教会03/鐘　教会03-11(遠い　低　中).mp3,13.476916099773243,0.22461526832955406,extracted
otologic_sounds_smart/Church Bells,鐘　教会03-10(遠い　低　短).mp3,鐘　教会03/鐘　教会03-10(遠い　低　短).mp3,11.245464852607709,0.18742441421012848,extracted
otologic_sounds_smart/Negative,オノマトペ　ネガティブ06-3(ディレイ).mp3,オノマトペ　ネガティブ06/オノマトペ　ネガティブ06-3(ディレイ).mp3,5.727120181405896,0.0954520030234316,extracted
otologic_sounds_smart/Negative,オノマトペ　ネガティブ11-1(低).mp3,オノマトペ　ネガティブ12/オノマトペ　ネガティブ11-1(低).mp3,6.366712018140589,0.10611186696900982,extracted
otologic_sounds_smart/Negative,オノマトペ　ネガティブ15-4(音色2　ディレイ).mp3,オノマトペ　ネガティブ15/オノマトペ　ネガティブ15-4(音色2　ディレイ).mp3,5.090907029478458,0.08484845049130764,extracted
otologic_sounds_smart/Negative,オノマトペ　ネガティブ15-3(音色1　ディレイ).mp3,オノマトペ　ネガティブ15/オノマトペ　ネガティブ15-3(音色1　ディレイ).mp3,5.044172335600907,0.08406953892668177,extracted
otologic_sounds_smart/Negative,オノマトペ　ネガティブ12-1(リバーブ).mp3,オノマトペ　ネガティブ13/オノマトペ　ネガティブ12-1(リバーブ).mp3,5.137074829931973,0.08561791383219955,extracted
otologic_sounds_smart/Negative,オノマトペ　ネガティブ04-3.mp3,オノマトペ　ネガティブ04/オノマトペ　ネガティブ04-3.mp3,5.080657596371882,0.08467762660619803,extracted
otologic_sounds_smart/Negative,オノマトペ　ネガティブ04-2.mp3,オノマトペ　ネガティブ04/オノマトペ　ネガティブ04-2.mp3,6.043424036281179,0.10072373393801964,extracted
otologic_sounds_smart/Negative,オノマトペ　ネガティブ04-1.mp3,オノマトペ　ネガティブ04/オノマトペ　ネガティブ04-1.mp3,5.718027210884354,0.09530045351473923,extracted
otologic_sounds_smart/Negative,オノマトペ　ネガティブ03-1(長).mp3,オノマトペ　ネガティブ03/オノマトペ　ネガティブ03-1(長).mp3,5.6446485260770976,0.0940774754346183,extracted
otologic_sounds_smart/Negative,オノマトペ　ネガティブ05-2(ディレイ).mp3,オノマトペ　ネガティブ05/オノマトペ　ネガティブ05-2(ディレイ).mp3,8.830975056689342,0.14718291761148902,extracted
otologic_sounds_smart/Negative,オノマトペ　ネガティブ05-3(長).mp3,オノマトペ　ネガティブ05/オノマトペ　ネガティブ05-3(長).mp3,7.61750566893424,0.12695842781557068,extracted
otologic_sounds_smart/Negative,オノマトペ　ネガティブ05-1(ドライ).mp3,オノマトペ　ネガティブ05/オノマトペ　ネガティブ05-1(ドライ).mp3,5.240045351473923,0.08733408919123205,extracted
otologic_sounds_smart/Negative,オノマトペ　ネガティブ09-3(ディレイ).mp3,オノマトペ　ネガティブ10/オノマトペ　ネガティブ09-3(ディレイ).mp3,6.874761904761905,0.11457936507936509,extracted
otologic_sounds_smart/Game Shooter,GB　シューティング01-プレビュー.mp3,SNES　シューティング01/GB　シューティング01-プレビュー.mp3,11.856575963718821,0.1976095993953137,extracted
otologic_sounds_smart/Game Shooter,NES　シューティング01-プレビュー.mp3,NES　シューティング01/NES　シューティング01-プレビュー.mp3,7.639795918367347,0.1273299319727891,extracted
otologic_sounds_smart/Game Shooter,SNES　シューティング02-プレビュー.mp3,効果音＞シューティングゲーム用セット/SNES　シューティング02-プレビュー.mp3,19.989183673469388,0.3331530612244898,extracted
otologic_sounds_smart/Game Shooter,SNES　シューティング01-プレビュー.mp3,SNES　シューティング02/SNES　シューティング01-プレビュー.mp3,12.410226757369614,0.2068371126228269,extracted
otologic_sounds_smart/Game Shooter,アーケード　シューティング01-4(LFO).mp3,アーケード　シューティング01/アーケード　シューティング01-4(LFO).mp3,7.225464852607709,0.12042441421012849,extracted
otologic_sounds_smart/Game Shooter,アーケード　シューティング01-プレビュー.mp3,アーケード　シューティング01/アーケード　シューティング01-プレビュー.mp3,13.083378684807256,0.21805631141345427,extracted
otologic_sounds_smart/Quiz,結果発表02-2.mp3,結果発表02/結果発表02-2.mp3,6.275079365079365,0.10458465608465609,extracted
otologic_sounds_smart/Quiz,結果発表02-1.mp3,結果発表02/結果発表02-1.mp3,8.465351473922903,0.14108919123204838,extracted
otologic_sounds_smart/Quiz,結果発表01-3.mp3,結果発表01/結果発表01-3.mp3,10.57297052154195,0.1762161753590325,extracted
otologic_sounds_smart/Quiz,結果発表01-2.mp3,結果発表01/結果発表01-2.mp3,8.194716553287982,0.13657860922146636,extracted
otologic_sounds_smart/Quiz,結果発表01-1.mp3,結果発表01/結果発表01-1.mp3,6.60514739229025,0.11008578987150416,extracted
otologic_sounds_smart/Motion Tremble,モーション　震える01-1(速　ループ).mp3,モーション　震える01/モーション　震える01-1(速　ループ).mp3,9.544943310657596,0.15908238851095993,extracted
otologic_sounds_smart/Motion Tremble,モーション　震える01-2(遅　ループ).mp3,モーション　震える01/モーション　震える01-2(遅　ループ).mp3,9.512857142857143,0.15854761904761905,extracted
otologic_sounds_smart/Motion Tremble,モーション　震える02-2(長).mp3,モーション　震える02/モーション　震える02-2(長).mp3,8.247845804988662,0.13746409674981103,extracted
otologic_sounds_smart/Motion Tremble,モーション　震える03-2(長).mp3,モーション　震える04/モーション　震える03-2(長).mp3,5.4333786848072565,0.09055631141345427,extracted
otologic_sounds_smart/Motion Tremble,モーション　震える04-2(長).mp3,効果音＞モーション・震える/モーション　震える04-2(長).mp3,11.052018140589569,0.18420030234315948,extracted
otologic_sounds_smart/Onmtp Others,オノマトペ　ゴゴゴゴ04-1(長).mp3,オノマトペ　メラメラ02/オノマトペ　ゴゴゴゴ04-1(長).mp3,8.590498866213151,0.1431749811035525,extracted
otologic_sounds_smart/Onmtp Others,オノマトペ　メラメラ01-1(長).mp3,オノマトペ　メラメラ03/オノマトペ　メラメラ01-1(長).mp3,8.488684807256236,0.14147808012093727,extracted
otologic_sounds_smart/Onmtp Others,オノマトペ　メラメラ02-2(短).mp3,オノマトペ　メラメラ03/オノマトペ　メラメラ02-2(短).mp3,5.780453514739229,0.09634089191232048,extracted
otologic_sounds_smart/Onmtp Others,オノマトペ　ゴゴゴゴ02-2(強　短).mp3,オノマトペ　ゴゴゴゴ04/オノマトペ　ゴゴゴゴ02-2(強　短).mp3,7.284920634920635,0.1214153439153439,extracted
otologic_sounds_smart/Onmtp Others,オノマトペ　ゴゴゴゴ02-1(強).mp3,オノマトペ　ゴゴゴゴ04/オノマトペ　ゴゴゴゴ02-1(強).mp3,32.92977324263038,0.5488295540438397,extracted
otologic_sounds_smart/Onmtp Others,オノマトペ　ゴゴゴゴ02-4(弱　短).mp3,オノマトペ　ゴゴゴゴ03/オノマトペ　ゴゴゴゴ02-4(弱　短).mp3,7.274784580498866,0.1212464096749811,extracted
otologic_sounds_smart/Onmtp Others,オノマトペ　ゴゴゴゴ02-3(弱).mp3,オノマトペ　ゴゴゴゴ03/オノマトペ　ゴゴゴゴ02-3(弱).mp3,32.15260770975057,0.5358767951625095,extracted
otologic_sounds_smart/Onmtp Others,オノマトペ　ゴゴゴゴ03-1(長).mp3,オノマトペ　メラメラ01/オノマトペ　ゴゴゴゴ03-1(長).mp3,10.790975056689343,0.1798495842781557,extracted
otologic_sounds_smart/Onmtp Others,オノマトペ　ゴゴゴゴ03-2(短).mp3,オノマトペ　メラメラ01/オノマトペ　ゴゴゴゴ03-2(短).mp3,7.775011337868481,0.129583522297808,extracted
otologic_sounds_smart/Onmtp Others,オノマトペ　ゴゴゴゴ01-2(短).mp3,オノマトペ　ゴゴゴゴ02/オノマトペ　ゴゴゴゴ01-2(短).mp3,6.31,0.10516666666666666,extracted
otologic_sounds_smart/Onmtp Others,オノマトペ　ゴゴゴゴ01-1(長).mp3,オノマトペ　ゴゴゴゴ02/オノマトペ　ゴゴゴゴ01-1(長).mp3,26.133786848072564,0.43556311413454274,extracted
otologic_sounds_smart/Onmtp Others,オノマトペ　メラメラ02-1(長).mp3,効果音＞オノマトペ・その他/オノマトペ　メラメラ02-1(長).mp3,15.46827664399093,0.25780461073318217,extracted
otologic_sounds_smart/Onmtp Others,オノマトペ　メラメラ03-1(長).mp3,効果音＞オノマトペ・その他/オノマトペ　メラメラ03-1(長).mp3,8.36077097505669,0.1393461829176115,extracted
otologic_sounds_smart/Onmtp Others,オノマトペ　メラメラ03-2(短).mp3,効果音＞オノマトペ・その他/オノマトペ　メラメラ03-2(短).mp3,6.095215419501134,0.10158692365835223,extracted
otologic_sounds_smart/Game Racing,GB　レース01-プレビュー.mp3,SNES　レース01/GB　レース01-プレビュー.mp3,17.448979591836736,0.29081632653061223,extracted
otologic_sounds_smart/Game Racing,GB　レース01-02(エンジン).mp3,GB　レース01/GB　レース01-02(エンジン).mp3,22.832562358276643,0.3805427059712774,extracted
otologic_sounds_smart/Game Racing,SNES　レース02-01(エンジン).mp3,効果音＞レースゲーム用セット/SNES　レース02-01(エンジン).mp3,31.41011337868481,0.5235018896447469,extracted
otologic_sounds_smart/Game Racing,SNES　レース02-04(スターティンググリッド).mp3,効果音＞レースゲーム用セット/SNES　レース02-04(スターティンググリッド).mp3,9.39657596371882,0.1566095993953137,extracted
otologic_sounds_smart/Game Racing,SNES　レース02-プレビュー.mp3,効果音＞レースゲーム用セット/SNES　レース02-プレビュー.mp3,21.670566893424038,0.36117611489040063,extracted
otologic_sounds_smart/Game Racing,SNES　レース01-01(エンジン).mp3,SNES　レース02/SNES　レース01-01(エンジン).mp3,25.548662131519276,0.42581103552532124,extracted
otologic_sounds_smart/Game Racing,SNES　レース01-プレビュー.mp3,SNES　レース02/SNES　レース01-プレビュー.mp3,20.95045351473923,0.34917422524565384,extracted
otologic_sounds_smart/Game Racing,SNES　レース01-04(スターティンググリッド).mp3,SNES　レース02/SNES　レース01-04(スターティンググリッド).mp3,10.5018820861678,0.17503136810279668,extracted
otologic_sounds_smart/Game Racing,NES　レース01-プレビュー.mp3,NES　レース01/NES　レース01-プレビュー.mp3,12.005011337868481,0.20008352229780801,extracted
otologic_sounds_smart/Game Racing,NES　レース01-1(エンジン).mp3,NES　レース01/NES　レース01-1(エンジン).mp3,20.29092970521542,0.33818216175359034,extracted
otologic_sounds_smart/Household Others,飲料缶　プルタブ01-1.mp3,飲料缶　プルタブ01/飲料缶　プルタブ01-1.mp3,9.298730158730159,0.15497883597883597,extracted
otologic_sounds_smart/Others,競技用ゴング02-8.mp3,競技用ゴング02/競技用ゴング02-8.mp3,5.265102040816327,0.08775170068027212,extracted
otologic_sounds_smart/Others,単音・シリアス01-2.mp3,単音・シリアス01/単音・シリアス01-2.mp3,5.544331065759637,0.09240551776266062,extracted
otologic_sounds_smart/Others,アラーム01-2L.mp3,アラーム02/アラーム01-2L.mp3,8.727278911564627,0.14545464852607712,extracted
otologic_sounds_smart/Others,アラーム01-1L.mp3,アラーム02/アラーム01-1L.mp3,8.727278911564627,0.14545464852607712,extracted
otologic_sounds_smart/Others,ショートブリッジ06-up.mp3,ショートブリッジ16/ショートブリッジ06-up.mp3,5.0705895691609975,0.08450982615268329,extracted
otologic_sounds_smart/Others,ショートブリッジ06-down.mp3,ショートブリッジ16/ショートブリッジ06-down.mp3,5.0705895691609975,0.08450982615268329,extracted
otologic_sounds_smart/Others,ショートブリッジ06-2.mp3,ショートブリッジ16/ショートブリッジ06-2.mp3,6.895396825396825,0.11492328042328043,extracted
otologic_sounds_smart/Others,ショートブリッジ16-3.mp3,ショートブリッジ29/ショートブリッジ16-3.mp3,6.6275963718820865,0.11045993953136811,extracted
otologic_sounds_smart/Others,ショートブリッジ16-2.mp3,ショートブリッジ29/ショートブリッジ16-2.mp3,5.466666666666667,0.09111111111111111,extracted
otologic_sounds_smart/Others,ショートブリッジ06-1.mp3,ショートブリッジ29/ショートブリッジ06-1.mp3,8.770793650793651,0.1461798941798942,extracted
otologic_sounds_smart/Others,場面効果音17-2.mp3,場面効果音17/場面効果音17-2.mp3,8.066598639455782,0.13444331065759635,extracted
otologic_sounds_smart/Others,場面効果音17-3.mp3,場面効果音17/場面効果音17-3.mp3,13.211201814058956,0.2201866969009826,extracted
otologic_sounds_smart/Others,場面効果音17-4L.mp3,場面効果音17/場面効果音17-4L.mp3,5.748412698412698,0.09580687830687831,extracted
otologic_sounds_smart/Flashback,回想01-2(長).mp3,回想01/回想01-2(長).mp3,7.78453514739229,0.12974225245653817,extracted
otologic_sounds_smart/Flashback,回想05-1(短).mp3,回想06/回想05-1(短).mp3,5.8185714285714285,0.09697619047619048,extracted
otologic_sounds_smart/Flashback,回想05-2(長).mp3,回想06/回想05-2(長).mp3,8.96578231292517,0.14942970521541948,extracted
otologic_sounds_smart/Flashback,回想06-1(中).mp3,回想08/回想06-1(中).mp3,5.19031746031746,0.086505291005291,extracted
otologic_sounds_smart/Flashback,回想07-2(長).mp3,回想08/回想07-2(長).mp3,6.8808843537414965,0.1146814058956916,extracted
otologic_sounds_smart/Flashback,回想07-3(短　ディレイ).mp3,回想08/回想07-3(短　ディレイ).mp3,7.724988662131519,0.12874981103552532,extracted
otologic_sounds_smart/Flashback,回想08-3(短　ディレイ).mp3,回想09/回想08-3(短　ディレイ).mp3,7.075578231292517,0.11792630385487528,extracted
otologic_sounds_smart/Flashback,回想06-3(長).mp3,回想07/回想06-3(長).mp3,11.605124716553288,0.19341874527588812,extracted
otologic_sounds_smart/Flashback,回想04-2(長).mp3,回想05/回想04-2(長).mp3,5.643287981859411,0.09405479969765684,extracted
otologic_sounds_smart/Flashback,回想01-1(中).mp3,回想02/回想01-1(中).mp3,5.093741496598639,0.08489569160997731,extracted
otologic_sounds_smart/Flashback,回想02-2(短).mp3,回想02/回想02-2(短).mp3,5.748140589569161,0.09580234315948602,extracted
otologic_sounds_smart/Flashback,回想02-1(長).mp3,回想03/回想02-1(長).mp3,11.377120181405896,0.18961866969009827,extracted
otologic_sounds_smart/Flashback,回想03-2(長).mp3,回想03/回想03-2(長).mp3,6.637641723356009,0.11062736205593349,extracted
otologic_sounds_smart/Flashback,回想03-1(短).mp3,回想04/回想03-1(短).mp3,5.661224489795918,0.09435374149659864,extracted
otologic_sounds_smart/Flashback,回想09-2(長).mp3,効果音＞シーン・回想/回想09-2(長).mp3,7.252879818594105,0.12088133030990174,extracted
otologic_sounds_smart/Books,新聞01-4(めくる).mp3,新聞01/新聞01-4(めくる).mp3,6.420498866213152,0.10700831443688587,extracted
otologic_sounds_smart/Books,本03-4(めくる).mp3,効果音＞本・雑誌・冊子/本03-4(めくる).mp3,6.946916099773243,0.11578193499622072,extracted
otologic_sounds_smart/Books,本03-3(めくる).mp3,効果音＞本・雑誌・冊子/本03-3(めくる).mp3,5.202267573696145,0.08670445956160241,extracted
otologic_sounds_smart/Books,本03-5(パラパラ).mp3,効果音＞本・雑誌・冊子/本03-5(パラパラ).mp3,6.060589569160998,0.1010098261526833,extracted
otologic_sounds_smart/Books,雑誌01-3(めくる).mp3,雑誌01/雑誌01-3(めくる).mp3,7.644013605442177,0.12740022675736962,extracted
otologic_sounds_smart/Facility Railway,改札　誘導音01-4(ループ).mp3,改札　誘導音01/改札　誘導音01-4(ループ).mp3,14.0,0.23333333333333334,extracted
otologic_sounds_smart/Facility Railway,改札　誘導音01-2(ループ).mp3,改札　誘導音01/改札　誘導音01-2(ループ).mp3,14.0,0.23333333333333334,extracted
otologic_sounds_smart/Facility Railway,改札　誘導音01-5(ループ).mp3,改札　誘導音01/改札　誘導音01-5(ループ).mp3,14.0,0.23333333333333334,extracted
otologic_sounds_smart/Facility Railway,改札　誘導音01-3(ループ).mp3,改札　誘導音01/改札　誘導音01-3(ループ).mp3,14.0,0.23333333333333334,extracted
otologic_sounds_smart/Facility Railway,改札　誘導音01-6(ループ).mp3,改札　誘導音01/改札　誘導音01-6(ループ).mp3,14.0,0.23333333333333334,extracted
otologic_sounds_smart/Facility Railway,改札　誘導音01-1(ループ).mp3,改札　誘導音01/改札　誘導音01-1(ループ).mp3,14.0,0.23333333333333334,extracted
otologic_sounds_smart/Facility Railway,踏切　警報音01-2.mp3,効果音＞設備・鉄道/踏切　警報音01-2.mp3,22.515510204081632,0.3752585034013605,extracted
otologic_sounds_smart/Facility Railway,踏切　警報音01-1.mp3,効果音＞設備・鉄道/踏切　警報音01-1.mp3,20.596621315192746,0.3432770219198791,extracted
otologic_sounds_smart/Cell_Phone,スマートフォン　アラーム01-01(ドライ).mp3,フィーチャーフォン　着信音02/スマートフォン　アラーム01-01(ドライ).mp3,12.392222222222221,0.20653703703703702,extracted
otologic_sounds_smart/Cell_Phone,フィーチャーフォン　着信音01-8(リバーブ　低).mp3,フィーチャーフォン　着信音02/フィーチャーフォン　着信音01-8(リバーブ　低).mp3,12.697142857142858,0.21161904761904762,extracted
otologic_sounds_smart/Cell_Phone,フィーチャーフォン　着信音01-5(リバーブ　高).mp3,フィーチャーフォン　着信音02/フィーチャーフォン　着信音01-5(リバーブ　高).mp3,10.15657596371882,0.16927626606198035,extracted
otologic_sounds_smart/Cell_Phone,フィーチャーフォン　着信音01-6(リバーブ　高).mp3,フィーチャーフォン　着信音02/フィーチャーフォン　着信音01-6(リバーブ　高).mp3,7.292879818594105,0.12154799697656841,extracted
otologic_sounds_smart/Cell_Phone,スマートフォン　アラーム01-02(ドライ).mp3,フィーチャーフォン　着信音02/スマートフォン　アラーム01-02(ドライ).mp3,12.61140589569161,0.21019009826152682,extracted
otologic_sounds_smart/Cell_Phone,スマートフォン　アラーム01-03(ドライ).mp3,フィーチャーフォン　着信音02/スマートフォン　アラーム01-03(ドライ).mp3,7.139183673469388,0.11898639455782313,extracted
otologic_sounds_smart/Cell_Phone,フィーチャーフォン　着信音01-7(リバーブ　低).mp3,フィーチャーフォン　着信音02/フィーチャーフォン　着信音01-7(リバーブ　低).mp3,12.046712018140589,0.2007785336356765,extracted
otologic_sounds_smart/Cell_Phone,スマートフォン　アラーム01プレビュー.mp3,フィーチャーフォン　着信音02/スマートフォン　アラーム01プレビュー.mp3,65.27920634920635,1.0879867724867724,extracted
otologic_sounds_smart/Cell_Phone,フィーチャーフォン　着信音01-4(低).mp3,フィーチャーフォン　着信音02/フィーチャーフォン　着信音01-4(低).mp3,10.675963718820862,0.17793272864701437,extracted
otologic_sounds_smart/Cell_Phone,スマートフォン　着信音03-03(ドライ).mp3,効果音＞携帯電話/スマートフォン　着信音03-03(ドライ).mp3,10.105011337868481,0.16841685563114134,extracted
otologic_sounds_smart/Cell_Phone,スマートフォン　着信音03-プレビュー.mp3,効果音＞携帯電話/スマートフォン　着信音03-プレビュー.mp3,62.03371882086168,1.033895313681028,extracted
otologic_sounds_smart/Cell_Phone,スマートフォン　着信音03-05(ドライ).mp3,効果音＞携帯電話/スマートフォン　着信音03-05(ドライ).mp3,19.833242630385488,0.3305540438397581,extracted
otologic_sounds_smart/Cell_Phone,スマートフォン　着信音03-07(スピーカー).mp3,効果音＞携帯電話/スマートフォン　着信音03-07(スピーカー).mp3,9.789637188208618,0.16316061980347696,extracted
otologic_sounds_smart/Cell_Phone,スマートフォン　着信音03-02(ドライ).mp3,効果音＞携帯電話/スマートフォン　着信音03-02(ドライ).mp3,9.789637188208618,0.16316061980347696,extracted
otologic_sounds_smart/Cell_Phone,スマートフォン　着信音03-04(ドライ).mp3,効果音＞携帯電話/スマートフォン　着信音03-04(ドライ).mp3,12.66530612244898,0.21108843537414967,extracted
otologic_sounds_smart/Cell_Phone,スマートフォン　着信音03-08(スピーカー).mp3,効果音＞携帯電話/スマートフォン　着信音03-08(スピーカー).mp3,10.105011337868481,0.16841685563114134,extracted
otologic_sounds_smart/Cell_Phone,スマートフォン　着信音03-01(ドライ).mp3,効果音＞携帯電話/スマートフォン　着信音03-01(ドライ).mp3,12.292267573696146,0.20487112622826908,extracted
otologic_sounds_smart/Cell_Phone,スマートフォン　着信音03-06(スピーカー).mp3,効果音＞携帯電話/スマートフォン　着信音03-06(スピーカー).mp3,12.292267573696146,0.20487112622826908,extracted
otologic_sounds_smart/Cell_Phone,スマートフォン　着信音03-09(スピーカー).mp3,効果音＞携帯電話/スマートフォン　着信音03-09(スピーカー).mp3,12.66530612244898,0.21108843537414967,extracted
otologic_sounds_smart/Cell_Phone,スマートフォン　UIサウンド03-プレビュー.mp3,効果音＞携帯電話/スマートフォン　UIサウンド03-プレビュー.mp3,31.296031746031748,0.5216005291005291,extracted
otologic_sounds_smart/Cell_Phone,携帯電話　バイブレーション02-03(クッション).mp3,携帯電話　バイブレーション02/携帯電話　バイブレーション02-03(クッション).mp3,9.056145124716553,0.1509357520786092,extracted
otologic_sounds_smart/Cell_Phone,携帯電話　バイブレーション02-08(毛布).mp3,携帯電話　バイブレーション02/携帯電話　バイブレーション02-08(毛布).mp3,9.006349206349206,0.1501058201058201,extracted
otologic_sounds_smart/Cell_Phone,携帯電話　バイブレーション02-09(毛布).mp3,携帯電話　バイブレーション02/携帯電話　バイブレーション02-09(毛布).mp3,9.08952380952381,0.15149206349206348,extracted
otologic_sounds_smart/Cell_Phone,携帯電話　バイブレーション02-01(クッション).mp3,携帯電話　バイブレーション02/携帯電話　バイブレーション02-01(クッション).mp3,9.028707482993198,0.15047845804988663,extracted
otologic_sounds_smart/Cell_Phone,携帯電話　バイブレーション02-05(手).mp3,携帯電話　バイブレーション02/携帯電話　バイブレーション02-05(手).mp3,9.038775510204081,0.15064625850340135,extracted
otologic_sounds_smart/Cell_Phone,携帯電話　バイブレーション02-02(クッション).mp3,携帯電話　バイブレーション02/携帯電話　バイブレーション02-02(クッション).mp3,8.985827664399093,0.14976379440665155,extracted
otologic_sounds_smart/Cell_Phone,携帯電話　バイブレーション02-07(毛布).mp3,携帯電話　バイブレーション02/携帯電話　バイブレーション02-07(毛布).mp3,9.021768707482993,0.15036281179138322,extracted
otologic_sounds_smart/Cell_Phone,携帯電話　バイブレーション02-06(手).mp3,携帯電話　バイブレーション02/携帯電話　バイブレーション02-06(手).mp3,9.080204081632653,0.15133673469387754,extracted
otologic_sounds_smart/Cell_Phone,携帯電話　バイブレーション02-04(手).mp3,携帯電話　バイブレーション02/携帯電話　バイブレーション02-04(手).mp3,9.030090702947845,0.15050151171579743,extracted
otologic_sounds_smart/Cell_Phone,携帯電話　バイブレーション03-17(毛布).mp3,携帯電話　バイブレーション03/携帯電話　バイブレーション03-17(毛布).mp3,8.007052154195012,0.13345086923658353,extracted
otologic_sounds_smart/Cell_Phone,携帯電話　バイブレーション03-16(毛布).mp3,携帯電話　バイブレーション03/携帯電話　バイブレーション03-16(毛布).mp3,7.497437641723356,0.1249572940287226,extracted
otologic_sounds_smart/Cell_Phone,携帯電話　バイブレーション03-15(毛布).mp3,携帯電話　バイブレーション03/携帯電話　バイブレーション03-15(毛布).mp3,5.992108843537415,0.09986848072562358,extracted
otologic_sounds_smart/Cell_Phone,スマートフォン　タイピング01-2(速い).mp3,スマートフォン　タイピング01/スマートフォン　タイピング01-2(速い).mp3,8.690975056689343,0.14484958427815572,extracted
otologic_sounds_smart/Cell_Phone,スマートフォン　タイピング01-1(遅い).mp3,スマートフォン　タイピング01/スマートフォン　タイピング01-1(遅い).mp3,17.052290249433106,0.28420483749055175,extracted
otologic_sounds_smart/Cell_Phone,スマートフォン　タイピング01-6(スピーカー　速い).mp3,スマートフォン　タイピング01/スマートフォン　タイピング01-6(スピーカー　速い).mp3,8.690975056689343,0.14484958427815572,extracted
otologic_sounds_smart/Cell_Phone,スマートフォン　タイピング01-5(スピーカー　遅い).mp3,スマートフォン　タイピング01/スマートフォン　タイピング01-5(スピーカー　遅い).mp3,17.052290249433106,0.28420483749055175,extracted
otologic_sounds_smart/Cell_Phone,フィーチャーフォン　着信音01-3(低).mp3,スマートフォン　着信音01/フィーチャーフォン　着信音01-3(低).mp3,10.6340589569161,0.17723431594860167,extracted
otologic_sounds_smart/Cell_Phone,フィーチャーフォン　着信音01-1(高).mp3,スマートフォン　着信音01/フィーチャーフォン　着信音01-1(高).mp3,8.130385487528345,0.1355064247921391,extracted
otologic_sounds_smart/Cell_Phone,フィーチャーフォン　着信音02-プレビュー.mp3,スマートフォン　着信音01/フィーチャーフォン　着信音02-プレビュー.mp3,7.262426303854875,0.12104043839758125,extracted
otologic_sounds_smart/Cell_Phone,フィーチャーフォン　着信音01-2(高).mp3,スマートフォン　着信音01/フィーチャーフォン　着信音01-2(高).mp3,5.283106575963719,0.08805177626606198,extracted
otologic_sounds_smart/Cell_Phone,スマートフォン　UIサウンド02-プレビュー.mp3,スマートフォン　UIサウンド02/スマートフォン　UIサウンド02-プレビュー.mp3,23.917256235827665,0.39862093726379444,extracted
otologic_sounds_smart/Cell_Phone,スマートフォン　UIサウンド01-プレビュー.mp3,スマートフォン　ロック_アンロック02/スマートフォン　UIサウンド01-プレビュー.mp3,11.417233560090702,0.1902872260015117,extracted
otologic_sounds_smart/Cell_Phone,スマートフォン　アラーム01-16(スピーカー).mp3,スマートフォン　アラーム01/スマートフォン　アラーム01-16(スピーカー).mp3,6.579455782312925,0.10965759637188208,extracted
otologic_sounds_smart/Cell_Phone,スマートフォン　アラーム01-15(スピーカー).mp3,スマートフォン　アラーム01/スマートフォン　アラーム01-15(スピーカー).mp3,11.539637188208618,0.19232728647014363,extracted
otologic_sounds_smart/Cell_Phone,携帯電話　バイブレーション03-01(クッション).mp3,スマートフォン　アラーム01/携帯電話　バイブレーション03-01(クッション).mp3,6.0,0.1,extracted
otologic_sounds_smart/Cell_Phone,フィーチャーフォン　アラーム01-2.mp3,スマートフォン　アラーム01/フィーチャーフォン　アラーム01-2.mp3,8.075011337868482,0.13458352229780804,extracted
otologic_sounds_smart/Cell_Phone,フィーチャーフォン　アラーム01-1.mp3,スマートフォン　アラーム01/フィーチャーフォン　アラーム01-1.mp3,7.9740816326530615,0.1329013605442177,extracted
otologic_sounds_smart/Cell_Phone,スマートフォン　アラーム01-18(スピーカー).mp3,スマートフォン　アラーム01/スマートフォン　アラーム01-18(スピーカー).mp3,6.020204081632653,0.10033673469387755,extracted
otologic_sounds_smart/Cell_Phone,フィーチャーフォン　アラーム01-プレビュー.mp3,スマートフォン　アラーム01/フィーチャーフォン　アラーム01-プレビュー.mp3,23.05,0.38416666666666666,extracted
otologic_sounds_smart/Cell_Phone,スマートフォン　アラーム01-06(ドライ).mp3,フィーチャーフォン　着信音01/スマートフォン　アラーム01-06(ドライ).mp3,11.539637188208618,0.19232728647014363,extracted
otologic_sounds_smart/Cell_Phone,スマートフォン　アラーム01-10(スピーカー).mp3,フィーチャーフォン　着信音01/スマートフォン　アラーム01-10(スピーカー).mp3,12.392222222222221,0.20653703703703702,extracted
otologic_sounds_smart/Cell_Phone,スマートフォン　アラーム01-07(ドライ).mp3,フィーチャーフォン　着信音01/スマートフォン　アラーム01-07(ドライ).mp3,6.579455782312925,0.10965759637188208,extracted
otologic_sounds_smart/Cell_Phone,スマートフォン　アラーム01-12(スピーカー).mp3,フィーチャーフォン　着信音01/スマートフォン　アラーム01-12(スピーカー).mp3,7.139183673469388,0.11898639455782313,extracted
otologic_sounds_smart/Cell_Phone,スマートフォン　アラーム01-09(ドライ).mp3,フィーチャーフォン　着信音01/スマートフォン　アラーム01-09(ドライ).mp3,6.020204081632653,0.10033673469387755,extracted
otologic_sounds_smart/Cell_Phone,スマートフォン　アラーム01-14(スピーカー).mp3,フィーチャーフォン　着信音01/スマートフォン　アラーム01-14(スピーカー).mp3,5.011995464852608,0.08353325774754346,extracted
otologic_sounds_smart/Cell_Phone,スマートフォン　アラーム01-05(ドライ).mp3,フィーチャーフォン　着信音01/スマートフォン　アラーム01-05(ドライ).mp3,5.011995464852608,0.08353325774754346,extracted
otologic_sounds_smart/Cell_Phone,スマートフォン　アラーム01-11(スピーカー).mp3,フィーチャーフォン　着信音01/スマートフォン　アラーム01-11(スピーカー).mp3,12.61140589569161,0.21019009826152682,extracted
otologic_sounds_smart/Cell_Phone,携帯電話　バイブレーション01-1(クッション).mp3,携帯電話　バイブレーション01/携帯電話　バイブレーション01-1(クッション).mp3,6.418616780045351,0.10697694633408919,extracted
otologic_sounds_smart/Cell_Phone,携帯電話　バイブレーション02-11(机).mp3,携帯電話　バイブレーション01/携帯電話　バイブレーション02-11(机).mp3,9.010997732426304,0.1501832955404384,extracted
otologic_sounds_smart/Cell_Phone,携帯電話　バイブレーション01-6(机).mp3,携帯電話　バイブレーション01/携帯電話　バイブレーション01-6(机).mp3,7.602834467120181,0.12671390778533637,extracted
otologic_sounds_smart/Cell_Phone,携帯電話　バイブレーション01-3(クロス).mp3,携帯電話　バイブレーション01/携帯電話　バイブレーション01-3(クロス).mp3,6.417482993197279,0.10695804988662132,extracted
otologic_sounds_smart/Cell_Phone,携帯電話　バイブレーション01-2(クッション).mp3,携帯電話　バイブレーション01/携帯電話　バイブレーション01-2(クッション).mp3,7.6210204081632655,0.1270170068027211,extracted
otologic_sounds_smart/Cell_Phone,携帯電話　バイブレーション02-10(机).mp3,携帯電話　バイブレーション01/携帯電話　バイブレーション02-10(机).mp3,9.025646258503402,0.15042743764172337,extracted
otologic_sounds_smart/Cell_Phone,携帯電話　バイブレーション01-5(机).mp3,携帯電話　バイブレーション01/携帯電話　バイブレーション01-5(机).mp3,6.419773242630385,0.10699622071050642,extracted
otologic_sounds_smart/Cell_Phone,携帯電話　バイブレーション01-4(クロス).mp3,携帯電話　バイブレーション01/携帯電話　バイブレーション01-4(クロス).mp3,7.615124716553288,0.12691874527588812,extracted
otologic_sounds_smart/Cell_Phone,携帯電話　バイブレーション02-12(机).mp3,携帯電話　バイブレーション01/携帯電話　バイブレーション02-12(机).mp3,9.062743764172335,0.15104572940287225,extracted
otologic_sounds_smart/Cell_Phone,携帯電話　バイブレーション03-09(手).mp3,フィーチャーフォン　アラーム01/携帯電話　バイブレーション03-09(手).mp3,7.494625850340136,0.12491043083900227,extracted
otologic_sounds_smart/Cell_Phone,携帯電話　バイブレーション03-02(クッション).mp3,フィーチャーフォン　アラーム01/携帯電話　バイブレーション03-02(クッション).mp3,7.521882086167801,0.12536470143613002,extracted
otologic_sounds_smart/Cell_Phone,携帯電話　バイブレーション03-08(手).mp3,フィーチャーフォン　アラーム01/携帯電話　バイブレーション03-08(手).mp3,6.001541950113379,0.10002569916855632,extracted
otologic_sounds_smart/Cell_Phone,携帯電話　バイブレーション03-10(手).mp3,フィーチャーフォン　アラーム01/携帯電話　バイブレーション03-10(手).mp3,8.096643990929705,0.1349440665154951,extracted
otologic_sounds_smart/Cell_Phone,携帯電話　バイブレーション03-03(クッション).mp3,フィーチャーフォン　アラーム01/携帯電話　バイブレーション03-03(クッション).mp3,7.736190476190476,0.12893650793650793,extracted
otologic_sounds_smart/Cell_Phone,スマートフォン　着信音02-05(ドライ).mp3,スマートフォン　着信音03/スマートフォン　着信音02-05(ドライ).mp3,18.27077097505669,0.30451284958427816,extracted
otologic_sounds_smart/Cell_Phone,スマートフォン　着信音02-07(スピーカー).mp3,スマートフォン　着信音03/スマートフォン　着信音02-07(スピーカー).mp3,9.979750566893424,0.1663291761148904,extracted
otologic_sounds_smart/Cell_Phone,スマートフォン　着信音02-03(ドライ).mp3,スマートフォン　着信音03/スマートフォン　着信音02-03(ドライ).mp3,9.313061224489797,0.15521768707482994,extracted
otologic_sounds_smart/Cell_Phone,スマートフォン　着信音02-04(ドライ).mp3,スマートフォン　着信音03/スマートフォン　着信音02-04(ドライ).mp3,8.685736961451248,0.14476228269085414,extracted
otologic_sounds_smart/Cell_Phone,スマートフォン　着信音02-08(スピーカー).mp3,スマートフォン　着信音03/スマートフォン　着信音02-08(スピーカー).mp3,9.313061224489797,0.15521768707482994,extracted
otologic_sounds_smart/Cell_Phone,スマートフォン　着信音02-02(ドライ).mp3,スマートフォン　着信音03/スマートフォン　着信音02-02(ドライ).mp3,9.979750566893424,0.1663291761148904,extracted
otologic_sounds_smart/Cell_Phone,スマートフォン　着信音02-01(ドライ).mp3,スマートフォン　着信音03/スマートフォン　着信音02-01(ドライ).mp3,16.7778231292517,0.27963038548752833,extracted
otologic_sounds_smart/Cell_Phone,スマートフォン　着信音02-プレビュー.mp3,スマートフォン　着信音03/スマートフォン　着信音02-プレビュー.mp3,61.63925170068027,1.0273208616780045,extracted
otologic_sounds_smart/Cell_Phone,スマートフォン　着信音02-06(スピーカー).mp3,スマートフォン　着信音03/スマートフォン　着信音02-06(スピーカー).mp3,16.7778231292517,0.27963038548752833,extracted
otologic_sounds_smart/Cell_Phone,スマートフォン　着信音03-10(スピーカー).mp3,スマートフォン　着信音03/スマートフォン　着信音03-10(スピーカー).mp3,19.833242630385488,0.3305540438397581,extracted
otologic_sounds_smart/Cell_Phone,スマートフォン　タイピング02-02(速い).mp3,スマートフォン　タイピング02/スマートフォン　タイピング02-02(速い).mp3,8.312925170068027,0.13854875283446713,extracted
otologic_sounds_smart/Cell_Phone,スマートフォン　タイピング02-01(遅い).mp3,スマートフォン　タイピング02/スマートフォン　タイピング02-01(遅い).mp3,15.468253968253968,0.2578042328042328,extracted
otologic_sounds_smart/Cell_Phone,スマートフォン　タイピング02-06(スピーカー　遅い).mp3,スマートフォン　タイピング02/スマートフォン　タイピング02-06(スピーカー　遅い).mp3,15.468253968253968,0.2578042328042328,extracted
otologic_sounds_smart/Cell_Phone,スマートフォン　タイピング02-07(スピーカー　速い).mp3,スマートフォン　タイピング02/スマートフォン　タイピング02-07(スピーカー　速い).mp3,8.312925170068027,0.13854875283446713,extracted
otologic_sounds_smart/Cell_Phone,スマートフォン　着信音01-01(ドライ).mp3,スマートフォン　着信音02/スマートフォン　着信音01-01(ドライ).mp3,7.719727891156462,0.12866213151927436,extracted
otologic_sounds_smart/Cell_Phone,スマートフォン　着信音02-10(スピーカー).mp3,スマートフォン　着信音02/スマートフォン　着信音02-10(スピーカー).mp3,18.27077097505669,0.30451284958427816,extracted
otologic_sounds_smart/Cell_Phone,スマートフォン　着信音01-プレビュー.mp3,スマートフォン　着信音02/スマートフォン　着信音01-プレビュー.mp3,17.401179138321996,0.2900196523053666,extracted
otologic_sounds_smart/Cell_Phone,スマートフォン　着信音01-06(スピーカー).mp3,スマートフォン　着信音02/スマートフォン　着信音01-06(スピーカー).mp3,7.719727891156462,0.12866213151927436,extracted
otologic_sounds_smart/Cell_Phone,スマートフォン　着信音02-09(スピーカー).mp3,スマートフォン　着信音02/スマートフォン　着信音02-09(スピーカー).mp3,8.685736961451248,0.14476228269085414,extracted
otologic_sounds_smart/Cell_Phone,携帯電話　ハードウェア02-09(ボタン).mp3,携帯電話　ハードウェア02/携帯電話　ハードウェア02-09(ボタン).mp3,7.534671201814059,0.12557785336356767,extracted
otologic_sounds_smart/Cell_Phone,携帯電話　ハードウェア02-04(ボタン　ビープ).mp3,携帯電話　ハードウェア02/携帯電話　ハードウェア02-04(ボタン　ビープ).mp3,7.620702947845805,0.1270117157974301,extracted
otologic_sounds_smart/Cell_Phone,携帯電話　ハードウェア02-10(ボタン).mp3,携帯電話　ハードウェア02/携帯電話　ハードウェア02-10(ボタン).mp3,11.665351473922902,0.1944225245653817,extracted
otologic_sounds_smart/Cell_Phone,携帯電話　ハードウェア02-05(ボタン　ビープ).mp3,携帯電話　ハードウェア02/携帯電話　ハードウェア02-05(ボタン　ビープ).mp3,11.617052154195012,0.1936175359032502,extracted
otologic_sounds_smart/Pa Equipment,マイク　フィードバック01-作例.mp3,効果音＞PA機器/マイク　フィードバック01-作例.mp3,10.882721088435375,0.18137868480725625,extracted
otologic_sounds_smart/Pa Equipment,マイク　フィードバック01-4.mp3,効果音＞PA機器/マイク　フィードバック01-4.mp3,6.620136054421769,0.11033560090702949,extracted
otologic_sounds_smart/Pa Equipment,メガホン　ノイズ01-3(ルーム　雑音).mp3,メガホン　ノイズ01/メガホン　ノイズ01-3(ルーム　雑音).mp3,16.06605442176871,0.2677675736961451,extracted
otologic_sounds_smart/Pa Equipment,メガホン　ノイズ01-1(ドライ　雑音).mp3,メガホン　ノイズ01/メガホン　ノイズ01-1(ドライ　雑音).mp3,15.602743764172336,0.2600457294028723,extracted
otologic_sounds_smart/Multi Accent,マルチアクセント11-4(高　ディレイ).mp3,マルチアクセント12/マルチアクセント11-4(高　ディレイ).mp3,5.835532879818594,0.0972588813303099,extracted
otologic_sounds_smart/Multi Accent,マルチアクセント11-3(低　ディレイ).mp3,マルチアクセント12/マルチアクセント11-3(低　ディレイ).mp3,5.834149659863946,0.0972358276643991,extracted
otologic_sounds_smart/Multi Accent,マルチアクセント10-1(低).mp3,マルチアクセント12/マルチアクセント10-1(低).mp3,7.262176870748299,0.12103628117913832,extracted
otologic_sounds_smart/Multi Accent,マルチアクセント07-2(高).mp3,マルチアクセント08/マルチアクセント07-2(高).mp3,6.177324263038549,0.10295540438397581,extracted
otologic_sounds_smart/Multi Accent,マルチアクセント05-4(低　ディレイ).mp3,マルチアクセント06/マルチアクセント05-4(低　ディレイ).mp3,6.452721088435374,0.1075453514739229,extracted
otologic_sounds_smart/Multi Accent,マルチアクセント01-2(ディレイ).mp3,マルチアクセント01/マルチアクセント01-2(ディレイ).mp3,6.234648526077097,0.10391080876795163,extracted
otologic_sounds_smart/Multi Accent,マルチアクセント06-1(長).mp3,マルチアクセント07/マルチアクセント06-1(長).mp3,7.718390022675737,0.12863983371126228,extracted
otologic_sounds_smart/Multi Accent,マルチアクセント08-1(長).mp3,マルチアクセント09/マルチアクセント08-1(長).mp3,6.511451247165533,0.10852418745275888,extracted
otologic_sounds_smart/Multi Accent,マルチアクセント08-3(ディレイ).mp3,マルチアクセント09/マルチアクセント08-3(ディレイ).mp3,6.873378684807256,0.11455631141345426,extracted
otologic_sounds_smart/Multi Accent,マルチアクセント07-1(低).mp3,マルチアクセント09/マルチアクセント07-1(低).mp3,8.148027210884354,0.13580045351473924,extracted
otologic_sounds_smart/Multi Accent,マルチアクセント10-6(高　ディレイ).mp3,マルチアクセント10/マルチアクセント10-6(高　ディレイ).mp3,7.918163265306123,0.13196938775510206,extracted
otologic_sounds_smart/Multi Accent,マルチアクセント10-5(低　ディレイ).mp3,マルチアクセント11/マルチアクセント10-5(低　ディレイ).mp3,8.354149659863946,0.1392358276643991,extracted
otologic_sounds_smart/Multi Accent,マルチアクセント10-2(高).mp3,マルチアクセント11/マルチアクセント10-2(高).mp3,5.780408163265306,0.09634013605442177,extracted
otologic_sounds_smart/Multi Accent,マルチアクセント05-5(中　ディレイ).mp3,マルチアクセント05/マルチアクセント05-5(中　ディレイ).mp3,6.46546485260771,0.10775774754346183,extracted
otologic_sounds_smart/Multi Accent,マルチアクセント05-6(高　ディレイ).mp3,マルチアクセント05/マルチアクセント05-6(高　ディレイ).mp3,6.568185941043084,0.1094697656840514,extracted
otologic_sounds_smart/Multi Accent,マルチアクセント04-4(長　高).mp3,マルチアクセント04/マルチアクセント04-4(長　高).mp3,5.020136054421768,0.0836689342403628,extracted
otologic_sounds_smart/Multi Accent,マルチアクセント03-1(低).mp3,マルチアクセント03/マルチアクセント03-1(低).mp3,5.6689569160997735,0.09448261526832956,extracted
otologic_sounds_smart/Multi Accent,マルチアクセント03-2(高).mp3,マルチアクセント03/マルチアクセント03-2(高).mp3,5.651156462585034,0.09418594104308389,extracted
otologic_sounds_smart/City_Ambi,雑踏　改札前01-1.mp3,雑踏　街頭02/雑踏　改札前01-1.mp3,150.88294784580498,2.514715797430083,extracted
otologic_sounds_smart/City_Ambi,雑踏　街頭02-2.mp3,効果音＞雑踏/雑踏　街頭02-2.mp3,119.89149659863945,1.9981916099773243,extracted
otologic_sounds_smart/City_Ambi,雑踏　街頭02-1.mp3,効果音＞雑踏/雑踏　街頭02-1.mp3,115.64637188208617,1.9274395313681028,extracted
otologic_sounds_smart/City_Ambi,雑踏　街頭01-1.mp3,雑踏　改札前01/雑踏　街頭01-1.mp3,60.41233560090703,1.0068722600151172,extracted
otologic_sounds_smart/City_Ambi,雑踏　街頭01-2.mp3,雑踏　街頭01/雑踏　街頭01-2.mp3,60.41233560090703,1.0068722600151172,extracted
otologic_sounds_smart/City_Ambi,雑踏　お祭り01-1.mp3,雑踏　お祭り01/雑踏　お祭り01-1.mp3,155.00530612244899,2.583421768707483,extracted
otologic_sounds_smart/School_Bell,チャイム　学校05-05(速　中).mp3,効果音＞学校のチャイム/チャイム　学校05-05(速　中).mp3,12.498299319727892,0.2083049886621315,extracted
otologic_sounds_smart/School_Bell,チャイム　学校05-02(遅　中).mp3,効果音＞学校のチャイム/チャイム　学校05-02(遅　中).mp3,15.731632653061224,0.2621938775510204,extracted
otologic_sounds_smart/School_Bell,チャイム　学校05-06(速　短).mp3,効果音＞学校のチャイム/チャイム　学校05-06(速　短).mp3,9.559183673469388,0.15931972789115648,extracted
otologic_sounds_smart/School_Bell,チャイム　学校05-01(遅　長).mp3,効果音＞学校のチャイム/チャイム　学校05-01(遅　長).mp3,25.147142857142857,0.4191190476190476,extracted
otologic_sounds_smart/School_Bell,チャイム　学校05-08(遠い　遅　中).mp3,効果音＞学校のチャイム/チャイム　学校05-08(遠い　遅　中).mp3,16.788662131519274,0.2798110355253212,extracted
otologic_sounds_smart/School_Bell,チャイム　学校05-04(速　長).mp3,効果音＞学校のチャイム/チャイム　学校05-04(速　長).mp3,17.464875283446712,0.2910812547241119,extracted
otologic_sounds_smart/School_Bell,チャイム　学校05-07(遠い　遅　長).mp3,効果音＞学校のチャイム/チャイム　学校05-07(遠い　遅　長).mp3,26.536507936507938,0.4422751322751323,extracted
otologic_sounds_smart/School_Bell,チャイム　学校05-03(遅　短).mp3,効果音＞学校のチャイム/チャイム　学校05-03(遅　短).mp3,10.46736961451247,0.17445616024187452,extracted
otologic_sounds_smart/School_Bell,チャイム　学校03-10(遠い　速　長).mp3,チャイム　学校03/チャイム　学校03-10(遠い　速　長).mp3,20.615668934240365,0.3435944822373394,extracted
otologic_sounds_smart/School_Bell,チャイム　学校03-11(遠い　速　中).mp3,チャイム　学校03/チャイム　学校03-11(遠い　速　中).mp3,13.728843537414965,0.2288140589569161,extracted
otologic_sounds_smart/School_Bell,チャイム　学校03-09(遠い　遅　短).mp3,チャイム　学校03/チャイム　学校03-09(遠い　遅　短).mp3,13.004580498866213,0.21674300831443688,extracted
otologic_sounds_smart/School_Bell,チャイム　学校03-08(遠い　遅　中).mp3,チャイム　学校03/チャイム　学校03-08(遠い　遅　中).mp3,18.78845804988662,0.3131409674981104,extracted
otologic_sounds_smart/School_Bell,チャイム　学校03-07(遠い　遅　長).mp3,チャイム　学校03/チャイム　学校03-07(遠い　遅　長).mp3,29.154308390022674,0.48590513983371125,extracted
otologic_sounds_smart/School_Bell,チャイム　学校02-01(遅　長).mp3,チャイム　学校03/チャイム　学校02-01(遅　長).mp3,25.63986394557823,0.4273310657596372,extracted
otologic_sounds_smart/School_Bell,チャイム　学校02-02(遅　中).mp3,チャイム　学校03/チャイム　学校02-02(遅　中).mp3,15.331519274376417,0.255525321239607,extracted
otologic_sounds_smart/School_Bell,チャイム　学校03-12(遠い　速　短).mp3,チャイム　学校03/チャイム　学校03-12(遠い　速　短).mp3,9.973015873015873,0.1662169312169312,extracted
otologic_sounds_smart/School_Bell,チャイム　学校03-05(速　中).mp3,チャイム　学校04/チャイム　学校03-05(速　中).mp3,10.951995464852608,0.18253325774754348,extracted
otologic_sounds_smart/School_Bell,チャイム　学校03-06(速　短).mp3,チャイム　学校04/チャイム　学校03-06(速　短).mp3,6.978095238095238,0.11630158730158731,extracted
otologic_sounds_smart/School_Bell,チャイム　学校03-02(遅　中).mp3,チャイム　学校04/チャイム　学校03-02(遅　中).mp3,16.24138321995465,0.2706897203325775,extracted
otologic_sounds_smart/School_Bell,チャイム　学校03-01(遅　長).mp3,チャイム　学校04/チャイム　学校03-01(遅　長).mp3,26.973628117913833,0.4495604686318972,extracted
otologic_sounds_smart/School_Bell,チャイム　学校04-5(遠い　中).mp3,チャイム　学校04/チャイム　学校04-5(遠い　中).mp3,17.35795918367347,0.28929931972789114,extracted
otologic_sounds_smart/School_Bell,チャイム　学校03-04(速　長).mp3,チャイム　学校04/チャイム　学校03-04(速　長).mp3,17.75562358276644,0.295927059712774,extracted
otologic_sounds_smart/School_Bell,チャイム　学校03-03(遅　短).mp3,チャイム　学校04/チャイム　学校03-03(遅　短).mp3,10.45124716553288,0.17418745275888134,extracted
otologic_sounds_smart/School_Bell,チャイム　学校04-6(遠い　短).mp3,チャイム　学校04/チャイム　学校04-6(遠い　短).mp3,12.052086167800454,0.20086810279667422,extracted
otologic_sounds_smart/School_Bell,チャイム　学校05-11(遠い　速　中).mp3,チャイム　学校05/チャイム　学校05-11(遠い　速　中).mp3,12.884807256235828,0.21474678760393046,extracted
otologic_sounds_smart/School_Bell,チャイム　学校05-10(遠い　速　長).mp3,チャイム　学校05/チャイム　学校05-10(遠い　速　長).mp3,18.314648526077097,0.3052441421012849,extracted
otologic_sounds_smart/School_Bell,チャイム　学校05-09(遠い　遅　短).mp3,チャイム　学校05/チャイム　学校05-09(遠い　遅　短).mp3,12.281156462585034,0.2046859410430839,extracted
otologic_sounds_smart/School_Bell,チャイム　学校04-1(長).mp3,チャイム　学校05/チャイム　学校04-1(長).mp3,26.659138321995464,0.4443189720332577,extracted
otologic_sounds_smart/School_Bell,チャイム　学校04-4(遠い　長).mp3,チャイム　学校05/チャイム　学校04-4(遠い　長).mp3,28.168140589569163,0.4694690098261527,extracted
otologic_sounds_smart/School_Bell,チャイム　学校04-3(短).mp3,チャイム　学校05/チャイム　学校04-3(短).mp3,11.523514739229025,0.19205857898715042,extracted
otologic_sounds_smart/School_Bell,チャイム　学校04-2(中).mp3,チャイム　学校05/チャイム　学校04-2(中).mp3,15.857006802721088,0.26428344671201814,extracted
otologic_sounds_smart/School_Bell,チャイム　学校05-12(遠い　速　短).mp3,チャイム　学校05/チャイム　学校05-12(遠い　速　短).mp3,10.881882086167801,0.18136470143613,extracted
otologic_sounds_smart/School_Bell,チャイム　学校02-08(遠い　遅　中).mp3,チャイム　学校02/チャイム　学校02-08(遠い　遅　中).mp3,17.837868480725625,0.29729780801209377,extracted
otologic_sounds_smart/School_Bell,チャイム　学校02-03(遅　短).mp3,チャイム　学校02/チャイム　学校02-03(遅　短).mp3,9.77265306122449,0.16287755102040818,extracted
otologic_sounds_smart/School_Bell,チャイム　学校02-09(遠い　遅　短).mp3,チャイム　学校02/チャイム　学校02-09(遠い　遅　短).mp3,12.248231292517007,0.2041371882086168,extracted
otologic_sounds_smart/School_Bell,チャイム　学校02-04(速　長).mp3,チャイム　学校02/チャイム　学校02-04(速　長).mp3,18.578775510204082,0.3096462585034014,extracted
otologic_sounds_smart/School_Bell,チャイム　学校02-07(遠い　遅　長).mp3,チャイム　学校02/チャイム　学校02-07(遠い　遅　長).mp3,27.442698412698412,0.4573783068783069,extracted
otologic_sounds_smart/School_Bell,チャイム　学校02-06(速　短).mp3,チャイム　学校02/チャイム　学校02-06(速　短).mp3,8.024625850340136,0.1337437641723356,extracted
otologic_sounds_smart/School_Bell,チャイム　学校02-05(速　中).mp3,チャイム　学校02/チャイム　学校02-05(速　中).mp3,11.628367346938775,0.1938061224489796,extracted
otologic_sounds_smart/School_Bell,チャイム　学校02-11(遠い　速　中).mp3,チャイム　学校01/チャイム　学校02-11(遠い　速　中).mp3,13.51498866213152,0.22524981103552533,extracted
otologic_sounds_smart/School_Bell,チャイム　学校01-2(普通　速).mp3,チャイム　学校01/チャイム　学校01-2(普通　速).mp3,28.002721088435376,0.4667120181405896,extracted
otologic_sounds_smart/School_Bell,チャイム　学校02-10(遠い　速　長).mp3,チャイム　学校01/チャイム　学校02-10(遠い　速　長).mp3,20.946349206349208,0.34910582010582014,extracted
otologic_sounds_smart/School_Bell,チャイム　学校01-3(ホラー　遅).mp3,チャイム　学校01/チャイム　学校01-3(ホラー　遅).mp3,28.793832199546486,0.4798972033257748,extracted
otologic_sounds_smart/School_Bell,チャイム　学校01-4(ホラー　速).mp3,チャイム　学校01/チャイム　学校01-4(ホラー　速).mp3,23.98374149659864,0.39972902494331064,extracted
otologic_sounds_smart/School_Bell,チャイム　学校02-12(遠い　速　短).mp3,チャイム　学校01/チャイム　学校02-12(遠い　速　短).mp3,10.293356009070294,0.1715559334845049,extracted
otologic_sounds_smart/School_Bell,チャイム　学校01-1(普通　遅).mp3,チャイム　学校01/チャイム　学校01-1(普通　遅).mp3,31.570226757369614,0.5261704459561602,extracted
otologic_sounds_smart/Heartbeat,心拍04-6(速　リバーブ　短).mp3,心拍04/心拍04-6(速　リバーブ　短).mp3,5.17671201814059,0.08627853363567649,extracted
otologic_sounds_smart/Heartbeat,心拍04-8(中　ループ).mp3,心拍04/心拍04-8(中　ループ).mp3,7.117845804988662,0.1186307634164777,extracted
otologic_sounds_smart/Heartbeat,心拍04-7(遅　ループ).mp3,心拍04/心拍04-7(遅　ループ).mp3,10.018163265306123,0.16696938775510206,extracted
otologic_sounds_smart/Heartbeat,心拍03-2(速　リバーブ).mp3,心拍03/心拍03-2(速　リバーブ).mp3,10.944331065759638,0.18240551776266062,extracted
otologic_sounds_smart/Heartbeat,心拍03-3(遅　ループ).mp3,心拍03/心拍03-3(遅　ループ).mp3,10.677006802721088,0.1779501133786848,extracted
otologic_sounds_smart/Heartbeat,心拍03-1(遅　リバーブ).mp3,心拍03/心拍03-1(遅　リバーブ).mp3,13.922721088435374,0.23204535147392288,extracted
otologic_sounds_smart/Heartbeat,心拍02-3(遅　リバーブ).mp3,心拍02/心拍02-3(遅　リバーブ).mp3,12.00702947845805,0.20011715797430082,extracted
otologic_sounds_smart/Heartbeat,心拍02-2(速　ループ).mp3,心拍02/心拍02-2(速　ループ).mp3,6.286643990929705,0.10477739984882842,extracted
otologic_sounds_smart/Heartbeat,心拍02-1(遅　ループ).mp3,心拍02/心拍02-1(遅　ループ).mp3,9.987142857142857,0.16645238095238094,extracted
otologic_sounds_smart/Heartbeat,心拍03-4(速　ループ).mp3,心拍02/心拍03-4(速　ループ).mp3,7.423106575963719,0.12371844293272866,extracted
otologic_sounds_smart/Heartbeat,心拍04-1(遅　リバーブ).mp3,効果音＞心音/心拍04-1(遅　リバーブ).mp3,12.560294784580499,0.209338246409675,extracted
otologic_sounds_smart/Heartbeat,心拍04-3(速　リバーブ).mp3,効果音＞心音/心拍04-3(速　リバーブ).mp3,7.5429251700680275,0.1257154195011338,extracted
otologic_sounds_smart/Heartbeat,心拍04-2(中　リバーブ).mp3,効果音＞心音/心拍04-2(中　リバーブ).mp3,9.992585034013606,0.16654308390022676,extracted
otologic_sounds_smart/Heartbeat,心拍01-2(ループ).mp3,心拍01/心拍01-2(ループ).mp3,5.051065759637188,0.08418442932728647,extracted
otologic_sounds_smart/Heartbeat,心拍01-3(ループ).mp3,心拍01/心拍01-3(ループ).mp3,6.6860090702947845,0.11143348450491307,extracted
otologic_sounds_smart/Heartbeat,心拍01-1(ループ).mp3,心拍01/心拍01-1(ループ).mp3,9.599841269841269,0.15999735449735447,extracted
otologic_sounds_smart/Heartbeat,心拍02-4(速　リバーブ).mp3,心拍01/心拍02-4(速　リバーブ).mp3,8.618820861678005,0.1436470143613001,extracted
otologic_sounds_smart/Human Hands,フィンガースナップ　フォーリー04-3(ディレイ).mp3,フィンガースナップ　フォーリー05/フィンガースナップ　フォーリー04-3(ディレイ).mp3,5.671541950113379,0.09452569916855631,extracted
otologic_sounds_smart/Human Hands,フィンガースナップ　シンセ01-2(ディレイ).mp3,フィンガースナップ　フォーリー01/フィンガースナップ　シンセ01-2(ディレイ).mp3,5.033673469387755,0.08389455782312924,extracted
otologic_sounds_smart/Warning,警告音　サイレン02-04(速　短).mp3,警告音　サイレン02/警告音　サイレン02-04(速　短).mp3,5.056349206349206,0.08427248677248676,extracted
otologic_sounds_smart/Warning,警告音　サイレン03-12(リバーブ　低　長).mp3,警告音　サイレン02/警告音　サイレン03-12(リバーブ　低　長).mp3,7.522539682539683,0.1253756613756614,extracted
otologic_sounds_smart/Warning,警告音　サイレン02-02(遅　長).mp3,警告音　サイレン02/警告音　サイレン02-02(遅　長).mp3,12.50095238095238,0.20834920634920634,extracted
otologic_sounds_smart/Warning,警告音　サイレン03-11(リバーブ　低　中).mp3,警告音　サイレン02/警告音　サイレン03-11(リバーブ　低　中).mp3,5.320385487528345,0.08867309145880574,extracted
otologic_sounds_smart/Warning,警告音　サイレン02-05(速　長).mp3,警告音　サイレン02/警告音　サイレン02-05(速　長).mp3,8.35984126984127,0.13933068783068783,extracted
otologic_sounds_smart/Warning,警告音　サイレン02-01(遅　短).mp3,警告音　サイレン02/警告音　サイレン02-01(遅　短).mp3,6.9905442176870745,0.11650907029478458,extracted
otologic_sounds_smart/Warning,警告音　サイレン05-10(リバーブ　速　長).mp3,警告音　サイレン05/警告音　サイレン05-10(リバーブ　速　長).mp3,7.367687074829932,0.12279478458049886,extracted
otologic_sounds_smart/Warning,警告音　サイレン04-02(低　長).mp3,警告音　サイレン05/警告音　サイレン04-02(低　長).mp3,5.693560090702948,0.09489266817838246,extracted
otologic_sounds_smart/Warning,警告音　サイレン05-12(リバーブ　遅　長).mp3,警告音　サイレン05/警告音　サイレン05-12(リバーブ　遅　長).mp3,12.98514739229025,0.2164191232048375,extracted
otologic_sounds_smart/Warning,警告音　サイレン04-06(高　長).mp3,警告音　サイレン05/警告音　サイレン04-06(高　長).mp3,5.78671201814059,0.09644520030234317,extracted
otologic_sounds_smart/Warning,警告音　サイレン05-11(リバーブ　遅　中).mp3,警告音　サイレン05/警告音　サイレン05-11(リバーブ　遅　中).mp3,7.720544217687075,0.12867573696145124,extracted
otologic_sounds_smart/Warning,警告音　サイレン04-12(リバーブ　高　長).mp3,警告音　サイレン04/警告音　サイレン04-12(リバーブ　高　長).mp3,7.923038548752834,0.13205064247921391,extracted
otologic_sounds_smart/Warning,警告音　サイレン04-10(リバーブ　低　長).mp3,警告音　サイレン04/警告音　サイレン04-10(リバーブ　低　長).mp3,7.973809523809524,0.1328968253968254,extracted
otologic_sounds_smart/Warning,警告音　サイレン04-11(リバーブ　高　中).mp3,警告音　サイレン04/警告音　サイレン04-11(リバーブ　高　中).mp3,5.468979591836734,0.09114965986394558,extracted
otologic_sounds_smart/Warning,警告音　サイレン04-09(リバーブ　低　中).mp3,警告音　サイレン04/警告音　サイレン04-09(リバーブ　低　中).mp3,5.227324263038549,0.08712207105064247,extracted
otologic_sounds_smart/Warning,警告音　サイレン03-10(リバーブ　高　長).mp3,警告音　サイレン03/警告音　サイレン03-10(リバーブ　高　長).mp3,7.082040816326531,0.11803401360544218,extracted
otologic_sounds_smart/Warning,警告音　サイレン03-09(リバーブ　高　中).mp3,警告音　サイレン03/警告音　サイレン03-09(リバーブ　高　中).mp3,5.148412698412699,0.08580687830687832,extracted
otologic_sounds_smart/Warning,警告音　サイレン01-1.mp3,警告音　サイレン01/警告音　サイレン01-1.mp3,32.0,0.5333333333333333,extracted
otologic_sounds_smart/Warning,警告音　サイレン01-3.mp3,警告音　サイレン01/警告音　サイレン01-3.mp3,32.0,0.5333333333333333,extracted
otologic_sounds_smart/Warning,警告音　サイレン01-2.mp3,警告音　サイレン01/警告音　サイレン01-2.mp3,32.0,0.5333333333333333,extracted
otologic_sounds_smart/Warning,警告音　サイレン02-09(リバーブ　速　短).mp3,警告音　サイレン01/警告音　サイレン02-09(リバーブ　速　短).mp3,6.023514739229025,0.10039191232048375,extracted
otologic_sounds_smart/Warning,警告音　サイレン02-07(リバーブ　遅　短).mp3,警告音　サイレン01/警告音　サイレン02-07(リバーブ　遅　短).mp3,8.257052154195012,0.1376175359032502,extracted
otologic_sounds_smart/Warning,警告音　サイレン02-08(リバーブ　遅　長).mp3,警告音　サイレン01/警告音　サイレン02-08(リバーブ　遅　長).mp3,13.745918367346938,0.2290986394557823,extracted
otologic_sounds_smart/Warning,警告音　サイレン02-10(リバーブ　速　長).mp3,警告音　サイレン01/警告音　サイレン02-10(リバーブ　速　長).mp3,9.377551020408163,0.15629251700680272,extracted
otologic_sounds_smart/Warning,警告音　サイレン05-06(遅　長).mp3,効果音＞警告音/警告音　サイレン05-06(遅　長).mp3,12.007755102040816,0.20012925170068027,extracted
otologic_sounds_smart/Warning,警告音　サイレン05-05(遅　中).mp3,効果音＞警告音/警告音　サイレン05-05(遅　中).mp3,6.562925170068027,0.10938208616780046,extracted
otologic_sounds_smart/Warning,警告音　サイレン05-02(速　長).mp3,効果音＞警告音/警告音　サイレン05-02(速　長).mp3,6.394739229024943,0.10657898715041572,extracted
otologic_sounds_smart/Motion Swish,モーション　スイング08-6(高　長).mp3,モーション　スイング08/モーション　スイング08-6(高　長).mp3,7.68485260770975,0.1280808767951625,extracted
otologic_sounds_smart/Motion Swish,モーション　スイング08-5(低　長).mp3,モーション　スイング08/モーション　スイング08-5(低　長).mp3,10.83984126984127,0.18066402116402117,extracted
otologic_sounds_smart/Motion Swish,モーション　スイング08-4(中　長).mp3,モーション　スイング08/モーション　スイング08-4(中　長).mp3,9.160748299319728,0.15267913832199548,extracted
otologic_sounds_smart/Flash,オノマトペ　光る05-4(高　ディレイ).mp3,オノマトペ　光る06/オノマトペ　光る05-4(高　ディレイ).mp3,5.455963718820862,0.09093272864701436,extracted
otologic_sounds_smart/Flash,オノマトペ　光る02-4(高　ディレイ).mp3,オノマトペ　光る01/オノマトペ　光る02-4(高　ディレイ).mp3,5.146757369614512,0.0857792894935752,extracted
otologic_sounds_smart/Flash,オノマトペ　光る12-2(ディレイ).mp3,オノマトペ　光る14/オノマトペ　光る12-2(ディレイ).mp3,6.352834467120181,0.10588057445200302,extracted
otologic_sounds_smart/Flash,オノマトペ　光る13-3(低　長).mp3,オノマトペ　光る14/オノマトペ　光る13-3(低　長).mp3,5.424557823129252,0.0904092970521542,extracted
otologic_sounds_smart/Flash,オノマトペ　光る14-4(低　ディレイ).mp3,効果音＞オノマトペ・光る/オノマトペ　光る14-4(低　ディレイ).mp3,5.861337868480725,0.09768896447467876,extracted
otologic_sounds_smart/Flash,オノマトペ　光る14-3(高　ディレイ).mp3,効果音＞オノマトペ・光る/オノマトペ　光る14-3(高　ディレイ).mp3,5.349160997732426,0.08915268329554044,extracted
otologic_sounds_smart/Flash,オノマトペ　光る02-2(低　ディレイ).mp3,オノマトペ　光る02/オノマトペ　光る02-2(低　ディレイ).mp3,5.122834467120182,0.08538057445200303,extracted
otologic_sounds_smart/Flash,オノマトペ　光る05-8(低　ディレイ).mp3,オノマトペ　光る05/オノマトペ　光る05-8(低　ディレイ).mp3,6.411519274376417,0.10685865457294028,extracted
otologic_sounds_smart/Instruments,メトロノーム01-03((ベル　単音).mp3,メトロノーム02/メトロノーム01-03((ベル　単音).mp3,5.130748299319728,0.0855124716553288,extracted
otologic_sounds_smart/Instruments,メトロノーム01-04(クリック　ループ　速).mp3,メトロノーム02/メトロノーム01-04(クリック　ループ　速).mp3,6.0,0.1,extracted
otologic_sounds_smart/Instruments,メトロノーム01-01(ベル　クリック　中).mp3,メトロノーム02/メトロノーム01-01(ベル　クリック　中).mp3,12.31857142857143,0.20530952380952383,extracted
otologic_sounds_smart/Instruments,メトロノーム01-02(ベル　クリック　遅).mp3,メトロノーム02/メトロノーム01-02(ベル　クリック　遅).mp3,16.27004535147392,0.2711674225245654,extracted
otologic_sounds_smart/Instruments,オルゴール　フォーリー03-1(巻く).mp3,オルゴール01/オルゴール　フォーリー03-1(巻く).mp3,7.0528344671201815,0.1175472411186697,extracted
otologic_sounds_smart/Instruments,オルゴール　フォーリー03-2(駆動).mp3,オルゴール　フォーリー03/オルゴール　フォーリー03-2(駆動).mp3,272.38736961451247,4.539789493575208,extracted
otologic_sounds_smart/Instruments,オルゴール　フォーリー03-3(駆動　ループ).mp3,オルゴール　フォーリー03/オルゴール　フォーリー03-3(駆動　ループ).mp3,7.325600907029479,0.12209334845049132,extracted
otologic_sounds_smart/Instruments,オルゴール　フォーリー02-1(クランク).mp3,オルゴール　フォーリー03/オルゴール　フォーリー02-1(クランク).mp3,41.41122448979592,0.690187074829932,extracted
otologic_sounds_smart/Instruments,オルゴール　フォーリー01-1(巻く).mp3,オルゴール　フォーリー02/オルゴール　フォーリー01-1(巻く).mp3,7.610204081632653,0.12683673469387755,extracted
otologic_sounds_smart/Instruments,メトロノーム01-06(クリック　ループ　遅).mp3,メトロノーム01/メトロノーム01-06(クリック　ループ　遅).mp3,15.428571428571429,0.2571428571428572,extracted
otologic_sounds_smart/Instruments,メトロノーム01-05(クリック　ループ　中).mp3,メトロノーム01/メトロノーム01-05(クリック　ループ　中).mp3,9.0,0.15,extracted
otologic_sounds_smart/Instruments,メトロノーム01-10(遠い　クリック　ループ　速).mp3,メトロノーム01/メトロノーム01-10(遠い　クリック　ループ　速).mp3,6.0,0.1,extracted
otologic_sounds_smart/Instruments,メトロノーム01-08(遠い　ベル　クリック　遅).mp3,メトロノーム01/メトロノーム01-08(遠い　ベル　クリック　遅).mp3,16.332086167800455,0.2722014361300076,extracted
otologic_sounds_smart/Instruments,メトロノーム01-07(遠い　ベル　クリック　中).mp3,メトロノーム01/メトロノーム01-07(遠い　ベル　クリック　中).mp3,12.356938775510205,0.20594897959183675,extracted
otologic_sounds_smart/Instruments,オルゴール02-2(リバーブ　長).mp3,オルゴール02/オルゴール02-2(リバーブ　長).mp3,8.650158730158731,0.1441693121693122,extracted
otologic_sounds_smart/Instruments,オルゴール02-1(リバーブ　短).mp3,オルゴール02/オルゴール02-1(リバーブ　短).mp3,7.79530612244898,0.129921768707483,extracted
otologic_sounds_smart/Instruments,メトロノーム01-11(遠い　クリック　ループ　中).mp3,オルゴール02/メトロノーム01-11(遠い　クリック　ループ　中).mp3,9.0,0.15,extracted
otologic_sounds_smart/Instruments,メトロノーム01-12(遠い　クリック　ループ　遅).mp3,オルゴール02/メトロノーム01-12(遠い　クリック　ループ　遅).mp3,15.428571428571429,0.2571428571428572,extracted
otologic_sounds_smart/Instruments,メトロノーム02-4(低　ベル　クリック　遅).mp3,効果音＞楽器（その他）/メトロノーム02-4(低　ベル　クリック　遅).mp3,8.727278911564627,0.14545464852607712,extracted
otologic_sounds_smart/Instruments,メトロノーム02-2(高　ベル　クリック　遅).mp3,効果音＞楽器（その他）/メトロノーム02-2(高　ベル　クリック　遅).mp3,8.727256235827664,0.14545427059712773,extracted
otologic_sounds_smart/Instruments,オルゴール　フォーリー01-3(駆動).mp3,オルゴール　フォーリー01/オルゴール　フォーリー01-3(駆動).mp3,112.65589569160997,1.8775982615268327,extracted
otologic_sounds_smart/Ding,オノマトペ　チーン04-3(ディレイ).mp3,効果音＞オノマトペ・チーン/オノマトペ　チーン04-3(ディレイ).mp3,5.57281179138322,0.09288019652305367,extracted
otologic_sounds_smart/Ding,オノマトペ　チーン03-1(低　長).mp3,効果音＞オノマトペ・チーン/オノマトペ　チーン03-1(低　長).mp3,7.4189795918367345,0.12364965986394558,extracted
otologic_sounds_smart/Ding,オノマトペ　チーン03-4(高　長).mp3,オノマトペ　チーン04/オノマトペ　チーン03-4(高　長).mp3,6.650725623582766,0.11084542705971277,extracted
otologic_sounds_smart/Party_Goods,投げテープ01-6(ノイズ).mp3,パフパフラッパ01/投げテープ01-6(ノイズ).mp3,5.448798185941043,0.09081330309901739,extracted
otologic_sounds_smart/Party_Goods,風船01-02(空気を抜く).mp3,投げテープ01/風船01-02(空気を抜く).mp3,6.503786848072562,0.10839644746787604,extracted
otologic_sounds_smart/Party_Goods,風船01-01(膨らませる).mp3,投げテープ01/風船01-01(膨らませる).mp3,9.02392290249433,0.15039871504157218,extracted
otologic_sounds_smart/Percussive Accent,打楽器アクセント01-2(ディレイ).mp3,打楽器アクセント01/打楽器アクセント01-2(ディレイ).mp3,5.524988662131519,0.09208314436885864,extracted
otologic_sounds_smart/Motion Speed Lines,モーション　スピード線04-2(長).mp3,モーション　スピード線04/モーション　スピード線04-2(長).mp3,7.999637188208617,0.1333272864701436,extracted
otologic_sounds_smart/Motion Speed Lines,モーション　スピード線02-1(ドライ).mp3,モーション　スピード線02/モーション　スピード線02-1(ドライ).mp3,7.663469387755102,0.12772448979591836,extracted
otologic_sounds_smart/Motion Speed Lines,モーション　スピード線02-2(ディレイ).mp3,モーション　スピード線02/モーション　スピード線02-2(ディレイ).mp3,15.089478458049886,0.2514913076341648,extracted
otologic_sounds_smart/Motion Speed Lines,モーション　スピード線05-4(高　長).mp3,モーション　スピード線05/モーション　スピード線05-4(高　長).mp3,7.983650793650794,0.13306084656084657,extracted
otologic_sounds_smart/Motion Speed Lines,モーション　スピード線09-1(低　長).mp3,効果音＞モーション・スピード線/モーション　スピード線09-1(低　長).mp3,7.028480725623583,0.11714134542705971,extracted
otologic_sounds_smart/Motion Speed Lines,モーション　スピード線06-2(短).mp3,モーション　スピード線07/モーション　スピード線06-2(短).mp3,6.341020408163265,0.10568367346938776,extracted
otologic_sounds_smart/Motion Speed Lines,モーション　スピード線06-1(長).mp3,モーション　スピード線07/モーション　スピード線06-1(長).mp3,10.84156462585034,0.18069274376417235,extracted
otologic_sounds_smart/Motion Speed Lines,モーション　スピード線07-3(ディレイ).mp3,モーション　スピード線07/モーション　スピード線07-3(ディレイ).mp3,8.290113378684808,0.13816855631141348,extracted
otologic_sounds_smart/Motion Speed Lines,モーション　スピード線08-3(長).mp3,モーション　スピード線08/モーション　スピード線08-3(長).mp3,6.946326530612245,0.11577210884353742,extracted
otologic_sounds_smart/Motion Speed Lines,モーション　スピード線07-1(長).mp3,モーション　スピード線08/モーション　スピード線07-1(長).mp3,5.631904761904762,0.09386507936507936,extracted
otologic_sounds_smart/Motion Speed Lines,モーション　スピード線05-1(低　短).mp3,モーション　スピード線06/モーション　スピード線05-1(低　短).mp3,5.331519274376417,0.08885865457294027,extracted
otologic_sounds_smart/Motion Speed Lines,モーション　スピード線05-2(低　長).mp3,モーション　スピード線06/モーション　スピード線05-2(低　長).mp3,10.024013605442176,0.16706689342403627,extracted
otologic_sounds_smart/Motion Speed Lines,モーション　スピード線06-3(ディレイ).mp3,モーション　スピード線06/モーション　スピード線06-3(ディレイ).mp3,15.151587301587302,0.25252645502645504,extracted
otologic_sounds_smart/Motion Speed Lines,モーション　スピード線01-4(長　ディレイ).mp3,モーション　スピード線01/モーション　スピード線01-4(長　ディレイ).mp3,6.880725623582767,0.11467876039304611,extracted
otologic_sounds_smart/Ambi Texture,テクスチャー　環境02-1.mp3,効果音＞テクスチャー/テクスチャー　環境02-1.mp3,179.36755102040817,2.9894591836734694,extracted
otologic_sounds_smart/Ambi Texture,テクスチャー　環境02-2.mp3,テクスチャー　環境02/テクスチャー　環境02-2.mp3,179.36755102040817,2.9894591836734694,extracted
otologic_sounds_smart/Ambi Texture,テクスチャー　環境01-1.mp3,テクスチャー　環境01/テクスチャー　環境01-1.mp3,126.6232879818594,2.11038813303099,extracted
otologic_sounds_smart/Instruments Mallet,グロッケン03-4(高　ディレイ).mp3,効果音＞鍵盤打楽器/グロッケン03-4(高　ディレイ).mp3,5.076371882086168,0.08460619803476946,extracted
otologic_sounds_smart/Noise,ホワイトノイズ01-3(ループ).mp3,効果音＞ノイズ/ホワイトノイズ01-3(ループ).mp3,5.05047619047619,0.08417460317460317,extracted
otologic_sounds_smart/Noise,ブラウンノイズ01-2(ステレオ　ループ).mp3,ピンクノイズ01/ブラウンノイズ01-2(ステレオ　ループ).mp3,10.05578231292517,0.16759637188208618,extracted
otologic_sounds_smart/Noise,ブラウンノイズ01-4(モノ　ループ).mp3,ブラウンノイズ01/ブラウンノイズ01-4(モノ　ループ).mp3,10.05578231292517,0.16759637188208618,extracted
otologic_sounds_smart/Noise,ピンクノイズ01-3(ループ).mp3,ホワイトノイズ/ピンクノイズ01-3(ループ).mp3,5.050997732426304,0.08418329554043841,extracted
otologic_sounds_smart/Panic,オノマトペ　慌てる01-1(低).mp3,オノマトペ　慌てる01/オノマトペ　慌てる01-1(低).mp3,18.24126984126984,0.304021164021164,extracted
otologic_sounds_smart/Panic,オノマトペ　慌てる02-4(遅).mp3,オノマトペ　慌てる01/オノマトペ　慌てる02-4(遅).mp3,6.2443764172335605,0.10407294028722601,extracted
otologic_sounds_smart/Panic,オノマトペ　慌てる01-2(高).mp3,オノマトペ　慌てる01/オノマトペ　慌てる01-2(高).mp3,18.166938775510204,0.30278231292517005,extracted
otologic_sounds_smart/Panic,オノマトペ　慌てる05-2(遅).mp3,オノマトペ　慌てる06/オノマトペ　慌てる05-2(遅).mp3,5.497845804988662,0.0916307634164777,extracted
otologic_sounds_smart/Panic,オノマトペ　慌てる06-4(遅　長).mp3,オノマトペ　慌てる06/オノマトペ　慌てる06-4(遅　長).mp3,22.08877551020408,0.3681462585034013,extracted
otologic_sounds_smart/Panic,オノマトペ　慌てる05-1(遅).mp3,オノマトペ　慌てる06/オノマトペ　慌てる05-1(遅).mp3,6.650430839002268,0.11084051398337112,extracted
otologic_sounds_smart/Panic,オノマトペ　慌てる07-3(低　長).mp3,効果音＞オノマトペ・慌てる/オノマトペ　慌てる07-3(低　長).mp3,16.176757369614513,0.26961262282690857,extracted
otologic_sounds_smart/Panic,オノマトペ　慌てる07-2(低　中).mp3,効果音＞オノマトペ・慌てる/オノマトペ　慌てる07-2(低　中).mp3,5.578684807256236,0.09297808012093726,extracted
otologic_sounds_smart/Panic,オノマトペ　慌てる07-6(高　長).mp3,オノマトペ　慌てる07/オノマトペ　慌てる07-6(高　長).mp3,14.789886621315192,0.2464981103552532,extracted
otologic_sounds_smart/Panic,オノマトペ　慌てる06-2(速　長).mp3,オノマトペ　慌てる07/オノマトペ　慌てる06-2(速　長).mp3,13.643401360544217,0.22739002267573696,extracted
otologic_sounds_smart/Panic,オノマトペ　慌てる04-2(高).mp3,オノマトペ　慌てる05/オノマトペ　慌てる04-2(高).mp3,5.753083900226757,0.09588473167044595,extracted
otologic_sounds_smart/Panic,オノマトペ　慌てる05-4(速).mp3,オノマトペ　慌てる05/オノマトペ　慌てる05-4(速).mp3,9.172517006802721,0.15287528344671203,extracted
otologic_sounds_smart/Panic,オノマトペ　慌てる05-3(速).mp3,オノマトペ　慌てる05/オノマトペ　慌てる05-3(速).mp3,7.789297052154195,0.12982161753590324,extracted
otologic_sounds_smart/Panic,オノマトペ　慌てる04-1(高).mp3,オノマトペ　慌てる05/オノマトペ　慌てる04-1(高).mp3,6.397369614512471,0.10662282690854119,extracted
otologic_sounds_smart/Panic,オノマトペ　慌てる02-3(遅).mp3,オノマトペ　慌てる02/オノマトペ　慌てる02-3(遅).mp3,7.253424036281179,0.12089040060468631,extracted
otologic_sounds_smart/Panic,オノマトペ　慌てる02-1(速).mp3,オノマトペ　慌てる02/オノマトペ　慌てる02-1(速).mp3,5.498208616780046,0.09163681027966743,extracted
otologic_sounds_smart/Panic,オノマトペ　慌てる03-4(遅).mp3,オノマトペ　慌てる03/オノマトペ　慌てる03-4(遅).mp3,11.851383219954648,0.1975230536659108,extracted
otologic_sounds_smart/Panic,オノマトペ　慌てる03-2(速).mp3,オノマトペ　慌てる03/オノマトペ　慌てる03-2(速).mp3,9.15607709750567,0.1526012849584278,extracted
otologic_sounds_smart/Panic,オノマトペ　慌てる03-3(遅).mp3,オノマトペ　慌てる03/オノマトペ　慌てる03-3(遅).mp3,12.215578231292517,0.20359297052154193,extracted
otologic_sounds_smart/Panic,オノマトペ　慌てる04-4(低).mp3,オノマトペ　慌てる04/オノマトペ　慌てる04-4(低).mp3,6.796598639455782,0.1132766439909297,extracted
otologic_sounds_smart/Panic,オノマトペ　慌てる04-3(低).mp3,オノマトペ　慌てる04/オノマトペ　慌てる04-3(低).mp3,6.4026077097505665,0.10671012849584277,extracted
otologic_sounds_smart/Panic,オノマトペ　慌てる03-1(速).mp3,オノマトペ　慌てる04/オノマトペ　慌てる03-1(速).mp3,9.146621315192744,0.15244368858654575,extracted
otologic_sounds_smart/Inspiration,ひらめき07-4(低　ディレイ).mp3,ひらめき07/ひらめき07-4(低　ディレイ).mp3,5.630430839002267,0.09384051398337112,extracted
otologic_sounds_smart/Inspiration,ひらめき07-2(高　ディレイ).mp3,ひらめき07/ひらめき07-2(高　ディレイ).mp3,5.636780045351474,0.09394633408919123,extracted
otologic_sounds_smart/Inspiration,ひらめき09-2(高　ディレイ).mp3,ひらめき10/ひらめき09-2(高　ディレイ).mp3,5.71734693877551,0.0952891156462585,extracted
otologic_sounds_smart/Inspiration,ひらめき09-4(低　ディレイ).mp3,ひらめき10/ひらめき09-4(低　ディレイ).mp3,5.665374149659864,0.09442290249433107,extracted
otologic_sounds_smart/Calculators,電卓02-03(机　単発).mp3,電卓02/電卓02-03(机　単発).mp3,10.934761904761904,0.18224603174603174,extracted
otologic_sounds_smart/Calculators,電卓02-01(机　パターン).mp3,電卓02/電卓02-01(机　パターン).mp3,10.812267573696145,0.18020445956160241,extracted
otologic_sounds_smart/Calculators,電卓02-06(手　パターン).mp3,電卓02/電卓02-06(手　パターン).mp3,10.677845804988662,0.17796409674981103,extracted
otologic_sounds_smart/Calculators,電卓02-07(手　パターン).mp3,電卓02/電卓02-07(手　パターン).mp3,6.236371882086168,0.1039395313681028,extracted
otologic_sounds_smart/Calculators,電卓02-02(机　パターン).mp3,電卓02/電卓02-02(机　パターン).mp3,6.339863945578231,0.10566439909297051,extracted
otologic_sounds_smart/Calculators,電卓02-08(手　単発).mp3,電卓02/電卓02-08(手　単発).mp3,7.720997732426304,0.1286832955404384,extracted
otologic_sounds_smart/Calculators,電卓03-17(遠い　単発　中).mp3,電卓03/電卓03-17(遠い　単発　中).mp3,7.751156462585034,0.1291859410430839,extracted
otologic_sounds_smart/Calculators,電卓03-16(遠い　パターン).mp3,電卓03/電卓03-16(遠い　パターン).mp3,5.9373242630385485,0.0989554043839758,extracted
otologic_sounds_smart/Calculators,電卓03-15(遠い　パターン).mp3,電卓03/電卓03-15(遠い　パターン).mp3,11.574761904761905,0.19291269841269842,extracted
otologic_sounds_smart/Calculators,電卓03-18(遠い　単発　弱).mp3,電卓03/電卓03-18(遠い　単発　弱).mp3,6.700770975056689,0.11167951625094481,extracted
otologic_sounds_smart/Calculators,電卓03-01(パターン).mp3,電卓04/電卓03-01(パターン).mp3,11.574761904761905,0.19291269841269842,extracted
otologic_sounds_smart/Calculators,電卓03-03(単発　中).mp3,電卓04/電卓03-03(単発　中).mp3,7.751156462585034,0.1291859410430839,extracted
otologic_sounds_smart/Calculators,電卓04-18(遠い　単発　弱).mp3,電卓04/電卓04-18(遠い　単発　弱).mp3,8.309614512471656,0.13849357520786093,extracted
otologic_sounds_smart/Calculators,電卓03-02(パターン).mp3,電卓04/電卓03-02(パターン).mp3,5.9373242630385485,0.0989554043839758,extracted
otologic_sounds_smart/Calculators,電卓03-04(単発　弱).mp3,電卓04/電卓03-04(単発　弱).mp3,6.700770975056689,0.11167951625094481,extracted
otologic_sounds_smart/Calculators,電卓04-01(パターン).mp3,効果音＞電卓/電卓04-01(パターン).mp3,10.944693877551021,0.18241156462585034,extracted
otologic_sounds_smart/Calculators,電卓04-15(遠い　パターン).mp3,効果音＞電卓/電卓04-15(遠い　パターン).mp3,10.944693877551021,0.18241156462585034,extracted
otologic_sounds_smart/Calculators,電卓04-17(遠い　単発　中).mp3,効果音＞電卓/電卓04-17(遠い　単発　中).mp3,10.669183673469387,0.17781972789115646,extracted
otologic_sounds_smart/Calculators,電卓04-16(遠い　パターン).mp3,効果音＞電卓/電卓04-16(遠い　パターン).mp3,5.552267573696145,0.09253779289493576,extracted
otologic_sounds_smart/Calculators,電卓04-03(単発　中).mp3,効果音＞電卓/電卓04-03(単発　中).mp3,10.669183673469387,0.17781972789115646,extracted
otologic_sounds_smart/Calculators,電卓04-02(パターン).mp3,効果音＞電卓/電卓04-02(パターン).mp3,5.552267573696145,0.09253779289493576,extracted
otologic_sounds_smart/Calculators,電卓04-04(単発　弱).mp3,効果音＞電卓/電卓04-04(単発　弱).mp3,8.309614512471656,0.13849357520786093,extracted
otologic_sounds_smart/Calculators,電卓01-02(パターン).mp3,電卓01/電卓01-02(パターン).mp3,7.318004535147392,0.12196674225245654,extracted
otologic_sounds_smart/Calculators,電卓01-05(単発　弱).mp3,電卓01/電卓01-05(単発　弱).mp3,8.286961451247166,0.13811602418745275,extracted
otologic_sounds_smart/Calculators,電卓01-04(単発　強).mp3,電卓01/電卓01-04(単発　強).mp3,9.099501133786848,0.1516583522297808,extracted
otologic_sounds_smart/Calculators,電卓01-03(単発　中).mp3,電卓01/電卓01-03(単発　中).mp3,12.526757369614513,0.20877928949357522,extracted
otologic_sounds_smart/Calculators,電卓01-01(パターン).mp3,電卓01/電卓01-01(パターン).mp3,11.467596371882086,0.19112660619803476,extracted
otologic_sounds_smart/Stopwatch,ストップウォッチ　機械式01-11(チクタク　手).mp3,ストップウォッチ　機械式01/ストップウォッチ　機械式01-11(チクタク　手).mp3,11.6,0.19333333333333333,extracted
otologic_sounds_smart/Stopwatch,ストップウォッチ　機械式01-12(チクタク　机).mp3,ストップウォッチ　機械式01/ストップウォッチ　機械式01-12(チクタク　机).mp3,12.0,0.2,extracted
otologic_sounds_smart/Stopwatch,ストップウォッチ　機械式01-13(巻き上げる).mp3,ストップウォッチ　機械式01/ストップウォッチ　機械式01-13(巻き上げる).mp3,5.295578231292517,0.0882596371882086,extracted
otologic_sounds_smart/Explosion,爆発08-3(長　近い).mp3,効果音＞爆発/爆発08-3(長　近い).mp3,13.736031746031745,0.22893386243386243,extracted
otologic_sounds_smart/Explosion,爆発08-1(長).mp3,効果音＞爆発/爆発08-1(長).mp3,12.682857142857143,0.2113809523809524,extracted
otologic_sounds_smart/Explosion,爆発03-2(短).mp3,爆発03/爆発03-2(短).mp3,5.421179138321995,0.09035298563869992,extracted
otologic_sounds_smart/Explosion,爆発03-1(長).mp3,爆発03/爆発03-1(長).mp3,6.82952380952381,0.11382539682539683,extracted
otologic_sounds_smart/Explosion,爆発05-2(長).mp3,爆発05/爆発05-2(長).mp3,5.461972789115646,0.0910328798185941,extracted
otologic_sounds_smart/Explosion,爆発02-1(長).mp3,爆発02/爆発02-1(長).mp3,5.573696145124717,0.0928949357520786,extracted
otologic_sounds_smart/Explosion,爆発07-2(近い).mp3,爆発08/爆発07-2(近い).mp3,5.634557823129252,0.0939092970521542,extracted
otologic_sounds_smart/Explosion,爆発07-1(ドライ).mp3,爆発08/爆発07-1(ドライ).mp3,5.427845804988662,0.09046409674981103,extracted
otologic_sounds_smart/Explosion,爆発07-3(遠い).mp3,爆発08/爆発07-3(遠い).mp3,10.421315192743764,0.1736885865457294,extracted
otologic_sounds_smart/Explosion,爆発06-4(長　遠い).mp3,爆発06/爆発06-4(長　遠い).mp3,6.604603174603175,0.11007671957671958,extracted
otologic_sounds_smart/Footsteps,足音02-6L.mp3,足音02/足音02-6L.mp3,9.286213151927438,0.15477021919879064,extracted
otologic_sounds_smart/Footsteps,足音02-3L.mp3,足音02/足音02-3L.mp3,9.286213151927438,0.15477021919879064,extracted
otologic_sounds_smart/Footsteps,足音02-5L.mp3,足音02/足音02-5L.mp3,9.842789115646259,0.16404648526077098,extracted
otologic_sounds_smart/Footsteps,足音02-4L.mp3,足音02/足音02-4L.mp3,9.765442176870748,0.16275736961451245,extracted
otologic_sounds_smart/Footsteps,足音02-1L.mp3,足音03/足音02-1L.mp3,9.765442176870748,0.16275736961451245,extracted
otologic_sounds_smart/Footsteps,足音03-6.mp3,足音03/足音03-6.mp3,11.092063492063492,0.18486772486772488,extracted
otologic_sounds_smart/Footsteps,足音02-2L.mp3,足音03/足音02-2L.mp3,9.842789115646259,0.16404648526077098,extracted
otologic_sounds_smart/Footsteps,足音03-5.mp3,足音03/足音03-5.mp3,12.234195011337869,0.2039032501889645,extracted
otologic_sounds_smart/Footsteps,足音01-2L.mp3,足音01/足音01-2L.mp3,10.491224489795918,0.17485374149659863,extracted
otologic_sounds_smart/Footsteps,足音01-3L.mp3,足音01/足音01-3L.mp3,17.83607709750567,0.2972679516250945,extracted
otologic_sounds_smart/Footsteps,足音01-1L.mp3,足音01/足音01-1L.mp3,9.490045351473922,0.15816742252456537,extracted
otologic_sounds_smart/Footsteps,足音03-3L.mp3,効果音＞足音/足音03-3L.mp3,9.311655328798185,0.15519425547996976,extracted
otologic_sounds_smart/Footsteps,足音03-2L.mp3,効果音＞足音/足音03-2L.mp3,9.844149659863946,0.16406916099773244,extracted
otologic_sounds_smart/Footsteps,足音03-4.mp3,効果音＞足音/足音03-4.mp3,11.890090702947846,0.19816817838246412,extracted
otologic_sounds_smart/Footsteps,足音03-1L.mp3,効果音＞足音/足音03-1L.mp3,9.77968253968254,0.162994708994709,extracted
otologic_sounds_smart/Game Action,GB　アクション01-プレビュー.mp3,SNES　アクション01/GB　アクション01-プレビュー.mp3,10.983582766439909,0.1830597127739985,extracted
otologic_sounds_smart/Game Action,NES　アクション01-プレビュー.mp3,GB　アクション01/NES　アクション01-プレビュー.mp3,11.774036281179137,0.1962339380196523,extracted
otologic_sounds_smart/Game Action,アーケード　アクション01-プレビュー.mp3,アーケード　アクション01/アーケード　アクション01-プレビュー.mp3,5.614807256235828,0.0935801209372638,extracted
otologic_sounds_smart/Game Action,SNES　アクション01-プレビュー.mp3,効果音＞アクションゲーム用セット/SNES　アクション01-プレビュー.mp3,20.76544217687075,0.34609070294784583,extracted
otologic_sounds_smart/Phone,黒電話　着信音01-1.mp3,電話　着信音01/黒電話　着信音01-1.mp3,20.463219954648526,0.34105366591080877,extracted
otologic_sounds_smart/Phone,電話　着信音01-3.mp3,電話　着信音01/電話　着信音01-3.mp3,6.956530612244898,0.1159421768707483,extracted
otologic_sounds_smart/Phone,黒電話　着信音01-2.mp3,電話　着信音01/黒電話　着信音01-2.mp3,20.070725623582767,0.33451209372637947,extracted
otologic_sounds_smart/Phone,黒電話　ハードウェア01-9(受話器　置く).mp3,電話　プッシュ信号01/黒電話　ハードウェア01-9(受話器　置く).mp3,6.29421768707483,0.10490362811791383,extracted
otologic_sounds_smart/Phone,公衆電話01-06(ボタン　シングル　弱).mp3,電話　プッシュ信号01/公衆電話01-06(ボタン　シングル　弱).mp3,14.394149659863945,0.23990249433106575,extracted
otologic_sounds_smart/Phone,公衆電話01-05(ボタン　シングル　強).mp3,電話　プッシュ信号01/公衆電話01-05(ボタン　シングル　強).mp3,9.46204081632653,0.15770068027210885,extracted
otologic_sounds_smart/Phone,公衆電話01-04(ボタン　シングル　中).mp3,電話　プッシュ信号01/公衆電話01-04(ボタン　シングル　中).mp3,9.223015873015873,0.15371693121693122,extracted
otologic_sounds_smart/Phone,公衆電話01-03(ボタン　パターン　弱).mp3,電話　プッシュ信号01/公衆電話01-03(ボタン　パターン　弱).mp3,11.794240362811792,0.19657067271352985,extracted
otologic_sounds_smart/Phone,黒電話　着信音01-4(ループ).mp3,黒電話　着信音01/黒電話　着信音01-4(ループ).mp3,15.0,0.25,extracted
otologic_sounds_smart/Phone,黒電話　着信音01-3(ループ).mp3,黒電話　着信音01/黒電話　着信音01-3(ループ).mp3,15.0,0.25,extracted
otologic_sounds_smart/Phone,電話　保留音01-3(G線上のアリア).mp3,効果音＞固定電話/電話　保留音01-3(G線上のアリア).mp3,101.76938775510204,1.696156462585034,extracted
otologic_sounds_smart/Phone,電話　着信音02-2.mp3,効果音＞固定電話/電話　着信音02-2.mp3,12.0,0.2,extracted
otologic_sounds_smart/Phone,電話　着信音02-3.mp3,効果音＞固定電話/電話　着信音02-3.mp3,12.0,0.2,extracted
otologic_sounds_smart/Phone,電話　信号音02-5(発信).mp3,効果音＞固定電話/電話　信号音02-5(発信).mp3,6.172448979591837,0.10287414965986395,extracted
otologic_sounds_smart/Phone,電話　着信音02-1.mp3,効果音＞固定電話/電話　着信音02-1.mp3,12.0,0.2,extracted
otologic_sounds_smart/Phone,電話　信号音01-1(呼出).mp3,効果音＞固定電話/電話　信号音01-1(呼出).mp3,12.0,0.2,extracted
otologic_sounds_smart/Phone,電話　保留音01-2(メヌエット).mp3,効果音＞固定電話/電話　保留音01-2(メヌエット).mp3,49.28147392290249,0.8213578987150415,extracted
otologic_sounds_smart/Phone,電話　保留音01-1(愛の挨拶).mp3,効果音＞固定電話/電話　保留音01-1(愛の挨拶).mp3,80.09807256235828,1.3349678760393047,extracted
otologic_sounds_smart/Phone,電話　信号音02-1(呼出).mp3,効果音＞固定電話/電話　信号音02-1(呼出).mp3,11.996439909297052,0.19994066515495088,extracted
otologic_sounds_smart/Phone,電話　保留音01-4(ノクターン).mp3,効果音＞固定電話/電話　保留音01-4(ノクターン).mp3,53.862267573696144,0.8977044595616024,extracted
otologic_sounds_smart/Phone,電話　信号音01-2(話中).mp3,効果音＞固定電話/電話　信号音01-2(話中).mp3,8.0,0.13333333333333333,extracted
otologic_sounds_smart/Phone,電話　着信音02-4.mp3,電話　着信音02/電話　着信音02-4.mp3,12.0,0.2,extracted
otologic_sounds_smart/Phone,電話　着信音01-2.mp3,電話　着信音02/電話　着信音01-2.mp3,6.956530612244898,0.1159421768707483,extracted
otologic_sounds_smart/Phone,電話　着信音01-1.mp3,電話　着信音02/電話　着信音01-1.mp3,6.956530612244898,0.1159421768707483,extracted
otologic_sounds_smart/Phone,電話　信号音01-4(発信).mp3,電話　保留音01/電話　信号音01-4(発信).mp3,9.0,0.15,extracted
otologic_sounds_smart/Animal,カラス　生録　環境01-4.mp3,カラス　生録　環境01/カラス　生録　環境01-4.mp3,35.09662131519274,0.5849436885865457,extracted
otologic_sounds_smart/Animal,カラス　合成01-3.mp3,カラス　生録　環境01/カラス　合成01-3.mp3,17.269433106575963,0.2878238851095994,extracted
otologic_sounds_smart/Animal,カラス　合成01-4.mp3,カラス　合成01/カラス　合成01-4.mp3,15.021065759637189,0.25035109599395317,extracted
otologic_sounds_smart/Animal,カラス　合成01-7.mp3,カラス　合成01/カラス　合成01-7.mp3,17.27199546485261,0.2878665910808768,extracted
otologic_sounds_smart/Animal,蚊　生録01-2.mp3,効果音＞動物/蚊　生録01-2.mp3,8.3518820861678,0.13919803476946332,extracted
otologic_sounds_smart/Animal,蚊　生録01-1.mp3,効果音＞動物/蚊　生録01-1.mp3,12.904761904761905,0.2150793650793651,extracted
otologic_sounds_smart/Animal,スズメ　生録　環境01-2.mp3,スズメ　生録　環境01/スズメ　生録　環境01-2.mp3,129.87544217687073,2.1645907029478457,extracted
otologic_sounds_smart/Animal,スズメ　生録　環境01-1.mp3,スズメ　生録　環境01/スズメ　生録　環境01-1.mp3,129.87544217687073,2.1645907029478457,extracted
otologic_sounds_smart/Animal,秋の虫　生録　環境01-1.mp3,スズメ　生録　環境01/秋の虫　生録　環境01-1.mp3,126.99759637188208,2.1166266061980346,extracted
otologic_sounds_smart/Animal,秋の虫　生録　環境01-2.mp3,秋の虫　生録　環境01/秋の虫　生録　環境01-2.mp3,126.99759637188208,2.1166266061980346,extracted
otologic_sounds_smart/Animal,カラス　合成01-8.mp3,牛　合成01/カラス　合成01-8.mp3,15.019750566893425,0.2503291761148904,extracted
otologic_sounds_smart/Animal,カラス　生録　環境01-3.mp3,蚊　生録01/カラス　生録　環境01-3.mp3,35.09662131519274,0.5849436885865457,extracted
otologic_sounds_smart/Animal,カラス　生録　環境01-2.mp3,蚊　生録01/カラス　生録　環境01-2.mp3,35.09662131519274,0.5849436885865457,extracted
otologic_sounds_smart/Animal,カラス　生録　環境01-1.mp3,蚊　生録01/カラス　生録　環境01-1.mp3,35.09662131519274,0.5849436885865457,extracted
otologic_sounds_smart/Typewriter,タイプライター02-20(遠い　紙　挿入).mp3,タイプライター01/タイプライター02-20(遠い　紙　挿入).mp3,7.560204081632653,0.12600340136054422,extracted
otologic_sounds_smart/Typewriter,タイプライター01-2.mp3,タイプライター01/タイプライター01-2.mp3,5.225668934240363,0.08709448223733939,extracted
otologic_sounds_smart/Typewriter,タイプライター01-1.mp3,タイプライター01/タイプライター01-1.mp3,7.326009070294784,0.12210015117157974,extracted
otologic_sounds_smart/Typewriter,タイプライター02-17(遠い　スペース　単発).mp3,タイプライター02/タイプライター02-17(遠い　スペース　単発).mp3,7.416235827664399,0.1236039304610733,extracted
otologic_sounds_smart/Typewriter,タイプライター02-18(遠い　タブ).mp3,タイプライター02/タイプライター02-18(遠い　タブ).mp3,5.01702947845805,0.08361715797430083,extracted
otologic_sounds_smart/Typewriter,タイプライター02-16(遠い　タイプ　単発).mp3,タイプライター02/タイプライター02-16(遠い　タイプ　単発).mp3,17.28077097505669,0.28801284958427814,extracted
otologic_sounds_smart/Typewriter,タイプライター02-15(遠い　タイプ　単発).mp3,タイプライター02/タイプライター02-15(遠い　タイプ　単発).mp3,11.685079365079366,0.19475132275132276,extracted
otologic_sounds_smart/Typewriter,タイプライター02-14(遠い　タイプ).mp3,タイプライター02/タイプライター02-14(遠い　タイプ).mp3,17.802721088435373,0.29671201814058956,extracted
otologic_sounds_smart/Typewriter,タイプライター02-13(遠い　タイプ).mp3,タイプライター02/タイプライター02-13(遠い　タイプ).mp3,67.71265306122449,1.1285442176870748,extracted
otologic_sounds_smart/Typewriter,タイプライター02-04(タイプ　単発).mp3,効果音＞タイプライター/タイプライター02-04(タイプ　単発).mp3,17.20886621315193,0.2868144368858655,extracted
otologic_sounds_smart/Typewriter,タイプライター02-03(タイプ　単発).mp3,効果音＞タイプライター/タイプライター02-03(タイプ　単発).mp3,12.266938775510203,0.20444897959183672,extracted
otologic_sounds_smart/Typewriter,タイプライター02-05(スペース　単発).mp3,効果音＞タイプライター/タイプライター02-05(スペース　単発).mp3,7.297120181405896,0.12161866969009827,extracted
otologic_sounds_smart/Typewriter,タイプライター02-01(タイプ).mp3,効果音＞タイプライター/タイプライター02-01(タイプ).mp3,68.85646258503401,1.1476077097505668,extracted
otologic_sounds_smart/Typewriter,タイプライター02-06(タブ).mp3,効果音＞タイプライター/タイプライター02-06(タブ).mp3,5.629727891156462,0.09382879818594105,extracted
otologic_sounds_smart/Typewriter,タイプライター02-02(タイプ).mp3,効果音＞タイプライター/タイプライター02-02(タイプ).mp3,19.12766439909297,0.3187944066515495,extracted
otologic_sounds_smart/Typewriter,タイプライター02-08(紙　挿入).mp3,効果音＞タイプライター/タイプライター02-08(紙　挿入).mp3,7.886417233560091,0.1314402872260015,extracted
otologic_sounds_smart/Pc Keyboard,PC　キーボード01-1.mp3,PC　キーボード01/PC　キーボード01-1.mp3,16.1859410430839,0.26976568405139834,extracted
otologic_sounds_smart/Pc Keyboard,PC　キーボード01-2.mp3,PC　キーボード01/PC　キーボード01-2.mp3,14.272471655328799,0.2378745275888133,extracted
otologic_sounds_smart/Pc Keyboard,PC　キーボード02-19(遠い　方向).mp3,PC　キーボード01/PC　キーボード02-19(遠い　方向).mp3,11.721836734693877,0.19536394557823128,extracted
otologic_sounds_smart/Pc Keyboard,PC　キーボード01-3.mp3,PC　キーボード01/PC　キーボード01-3.mp3,11.114693877551021,0.1852448979591837,extracted
otologic_sounds_smart/Pc Keyboard,PC　キーボード01-4.mp3,PC　キーボード01/PC　キーボード01-4.mp3,7.103968253968254,0.1183994708994709,extracted
otologic_sounds_smart/Pc Keyboard,PC　キーボード01-TenKey1.mp3,PC　キーボード01/PC　キーボード01-TenKey1.mp3,12.895124716553289,0.21491874527588814,extracted
otologic_sounds_smart/Pc Keyboard,PC　キーボード01-TenKey2.mp3,PC　キーボード01/PC　キーボード01-TenKey2.mp3,11.824444444444444,0.19707407407407407,extracted
otologic_sounds_smart/Pc Keyboard,PC　キーボード01-TenKey3.mp3,PC　キーボード01/PC　キーボード01-TenKey3.mp3,10.39092970521542,0.17318216175359033,extracted
otologic_sounds_smart/Pc Keyboard,PC　キーボード05-06(単発　弱).mp3,PC　キーボード06/PC　キーボード05-06(単発　弱).mp3,10.74297052154195,0.17904950869236586,extracted
otologic_sounds_smart/Pc Keyboard,PC　キーボード05-03(弱).mp3,PC　キーボード06/PC　キーボード05-03(弱).mp3,24.369206349206348,0.4061534391534391,extracted
otologic_sounds_smart/Pc Keyboard,PC　キーボード05-01(中).mp3,PC　キーボード06/PC　キーボード05-01(中).mp3,22.453968253968252,0.3742328042328042,extracted
otologic_sounds_smart/Pc Keyboard,PC　キーボード05-05(単発　強).mp3,PC　キーボード06/PC　キーボード05-05(単発　強).mp3,10.526938775510205,0.17544897959183675,extracted
otologic_sounds_smart/Pc Keyboard,PC　キーボード05-02(強).mp3,PC　キーボード06/PC　キーボード05-02(強).mp3,24.924421768707482,0.41540702947845803,extracted
otologic_sounds_smart/Pc Keyboard,PC　キーボード05-04(単発　中).mp3,PC　キーボード06/PC　キーボード05-04(単発　中).mp3,7.974263038548753,0.13290438397581256,extracted
otologic_sounds_smart/Pc Keyboard,PC　キーボード05-14(遠い　強).mp3,PC　キーボード06/PC　キーボード05-14(遠い　強).mp3,24.948820861678005,0.41581368102796673,extracted
otologic_sounds_smart/Pc Keyboard,PC　キーボード05-07(方向).mp3,PC　キーボード06/PC　キーボード05-07(方向).mp3,12.582176870748299,0.20970294784580498,extracted
otologic_sounds_smart/Pc Keyboard,PC　キーボード05-13(遠い　中).mp3,PC　キーボード06/PC　キーボード05-13(遠い　中).mp3,22.734285714285715,0.3789047619047619,extracted
otologic_sounds_smart/Pc Keyboard,PC　キーボード03-07(方向).mp3,PC　キーボード03/PC　キーボード03-07(方向).mp3,13.522448979591836,0.22537414965986394,extracted
otologic_sounds_smart/Pc Keyboard,PC　キーボード03-17(遠い　単発　強).mp3,PC　キーボード03/PC　キーボード03-17(遠い　単発　強).mp3,11.222925170068027,0.18704875283446712,extracted
otologic_sounds_smart/Pc Keyboard,PC　キーボード03-06(単発　弱).mp3,PC　キーボード03/PC　キーボード03-06(単発　弱).mp3,10.660408163265306,0.1776734693877551,extracted
otologic_sounds_smart/Pc Keyboard,PC　キーボード03-16(遠い　単発　中).mp3,PC　キーボード03/PC　キーボード03-16(遠い　単発　中).mp3,7.8480952380952385,0.1308015873015873,extracted
otologic_sounds_smart/Pc Keyboard,PC　キーボード03-05(単発　強).mp3,PC　キーボード03/PC　キーボード03-05(単発　強).mp3,11.512585034013606,0.1918764172335601,extracted
otologic_sounds_smart/Pc Keyboard,PC　キーボード03-13(遠い　中).mp3,PC　キーボード03/PC　キーボード03-13(遠い　中).mp3,24.793696145124716,0.41322826908541194,extracted
otologic_sounds_smart/Pc Keyboard,PC　キーボード03-18(遠い　単発　弱).mp3,PC　キーボード03/PC　キーボード03-18(遠い　単発　弱).mp3,10.432448979591836,0.17387414965986395,extracted
otologic_sounds_smart/Pc Keyboard,PC　キーボード03-14(遠い　強).mp3,PC　キーボード03/PC　キーボード03-14(遠い　強).mp3,23.417709750566893,0.39029516250944823,extracted
otologic_sounds_smart/Pc Keyboard,PC　キーボード03-15(遠い　弱).mp3,PC　キーボード03/PC　キーボード03-15(遠い　弱).mp3,22.041315192743763,0.36735525321239604,extracted
otologic_sounds_smart/Pc Keyboard,PC　キーボード03-19(遠い　方向).mp3,PC　キーボード03/PC　キーボード03-19(遠い　方向).mp3,13.278027210884353,0.22130045351473923,extracted
otologic_sounds_smart/Pc Keyboard,PC　キーボード04-17(遠い　単発　強).mp3,PC　キーボード04/PC　キーボード04-17(遠い　単発　強).mp3,9.539886621315192,0.1589981103552532,extracted
otologic_sounds_smart/Pc Keyboard,PC　キーボード03-01(中).mp3,PC　キーボード04/PC　キーボード03-01(中).mp3,24.932721088435375,0.4155453514739229,extracted
otologic_sounds_smart/Pc Keyboard,PC　キーボード04-16(遠い　単発　中).mp3,PC　キーボード04/PC　キーボード04-16(遠い　単発　中).mp3,6.154331065759637,0.10257218442932728,extracted
otologic_sounds_smart/Pc Keyboard,PC　キーボード03-03(弱).mp3,PC　キーボード04/PC　キーボード03-03(弱).mp3,22.03814058956916,0.367302343159486,extracted
otologic_sounds_smart/Pc Keyboard,PC　キーボード03-04(単発　中).mp3,PC　キーボード04/PC　キーボード03-04(単発　中).mp3,7.688321995464853,0.1281386999244142,extracted
otologic_sounds_smart/Pc Keyboard,PC　キーボード03-02(強).mp3,PC　キーボード04/PC　キーボード03-02(強).mp3,23.450770975056688,0.3908461829176115,extracted
otologic_sounds_smart/Pc Keyboard,PC　キーボード04-19(遠い　方向).mp3,PC　キーボード04/PC　キーボード04-19(遠い　方向).mp3,13.344625850340137,0.22241043083900228,extracted
otologic_sounds_smart/Pc Keyboard,PC　キーボード04-13(遠い　中).mp3,PC　キーボード04/PC　キーボード04-13(遠い　中).mp3,23.469659863945576,0.3911609977324263,extracted
otologic_sounds_smart/Pc Keyboard,PC　キーボード04-18(遠い　単発　弱).mp3,PC　キーボード04/PC　キーボード04-18(遠い　単発　弱).mp3,7.709297052154195,0.1284882842025699,extracted
otologic_sounds_smart/Pc Keyboard,PC　キーボード04-14(遠い　強).mp3,PC　キーボード04/PC　キーボード04-14(遠い　強).mp3,24.193106575963718,0.4032184429327286,extracted
otologic_sounds_smart/Pc Keyboard,PC　キーボード04-15(遠い　弱).mp3,PC　キーボード04/PC　キーボード04-15(遠い　弱).mp3,22.663809523809523,0.3777301587301587,extracted
otologic_sounds_smart/Pc Keyboard,PC　キーボード04-03(弱).mp3,PC　キーボード05/PC　キーボード04-03(弱).mp3,22.818299319727892,0.3803049886621315,extracted
otologic_sounds_smart/Pc Keyboard,PC　キーボード04-01(中).mp3,PC　キーボード05/PC　キーボード04-01(中).mp3,23.518730158730158,0.391978835978836,extracted
otologic_sounds_smart/Pc Keyboard,PC　キーボード05-19(遠い　方向).mp3,PC　キーボード05/PC　キーボード05-19(遠い　方向).mp3,12.455963718820861,0.20759939531368102,extracted
otologic_sounds_smart/Pc Keyboard,PC　キーボード05-16(遠い　単発　中).mp3,PC　キーボード05/PC　キーボード05-16(遠い　単発　中).mp3,7.976575963718821,0.13294293272864702,extracted
otologic_sounds_smart/Pc Keyboard,PC　キーボード04-06(単発　弱).mp3,PC　キーボード05/PC　キーボード04-06(単発　弱).mp3,7.626689342403628,0.12711148904006048,extracted
otologic_sounds_smart/Pc Keyboard,PC　キーボード05-17(遠い　単発　強).mp3,PC　キーボード05/PC　キーボード05-17(遠い　単発　強).mp3,10.513469387755102,0.17522448979591837,extracted
otologic_sounds_smart/Pc Keyboard,PC　キーボード04-07(方向).mp3,PC　キーボード05/PC　キーボード04-07(方向).mp3,13.914943310657597,0.23191572184429327,extracted
otologic_sounds_smart/Pc Keyboard,PC　キーボード05-18(遠い　単発　弱).mp3,PC　キーボード05/PC　キーボード05-18(遠い　単発　弱).mp3,11.0,0.18333333333333332,extracted
otologic_sounds_smart/Pc Keyboard,PC　キーボード04-04(単発　中).mp3,PC　キーボード05/PC　キーボード04-04(単発　中).mp3,6.275079365079365,0.10458465608465609,extracted
otologic_sounds_smart/Pc Keyboard,PC　キーボード04-05(単発　強).mp3,PC　キーボード05/PC　キーボード04-05(単発　強).mp3,9.438503401360544,0.15730839002267574,extracted
otologic_sounds_smart/Pc Keyboard,PC　キーボード04-02(強).mp3,PC　キーボード05/PC　キーボード04-02(強).mp3,24.31972789115646,0.40532879818594103,extracted
otologic_sounds_smart/Pc Keyboard,PC　キーボード05-15(遠い　弱).mp3,PC　キーボード05/PC　キーボード05-15(遠い　弱).mp3,24.799183673469386,0.41331972789115645,extracted
otologic_sounds_smart/Pc Keyboard,PC　キーボード02-01(中).mp3,PC　キーボード02/PC　キーボード02-01(中).mp3,21.390090702947845,0.3565015117157974,extracted
otologic_sounds_smart/Pc Keyboard,PC　キーボード02-16(遠い　単発　中).mp3,PC　キーボード02/PC　キーボード02-16(遠い　単発　中).mp3,7.953877551020408,0.13256462585034015,extracted
otologic_sounds_smart/Pc Keyboard,PC　キーボード02-06(単発　弱).mp3,PC　キーボード02/PC　キーボード02-06(単発　弱).mp3,10.265646258503402,0.17109410430839003,extracted
otologic_sounds_smart/Pc Keyboard,PC　キーボード02-03(弱).mp3,PC　キーボード02/PC　キーボード02-03(弱).mp3,23.07920634920635,0.38465343915343914,extracted
otologic_sounds_smart/Pc Keyboard,PC　キーボード02-17(遠い　単発　強).mp3,PC　キーボード02/PC　キーボード02-17(遠い　単発　強).mp3,10.545691609977323,0.1757615268329554,extracted
otologic_sounds_smart/Pc Keyboard,PC　キーボード02-05(単発　強).mp3,PC　キーボード02/PC　キーボード02-05(単発　強).mp3,10.368027210884353,0.17280045351473922,extracted
otologic_sounds_smart/Pc Keyboard,PC　キーボード02-04(単発　中).mp3,PC　キーボード02/PC　キーボード02-04(単発　中).mp3,7.916984126984127,0.13194973544973546,extracted
otologic_sounds_smart/Pc Keyboard,PC　キーボード02-07(方向).mp3,PC　キーボード02/PC　キーボード02-07(方向).mp3,11.649229024943311,0.19415381708238852,extracted
otologic_sounds_smart/Pc Keyboard,PC　キーボード02-18(遠い　単発　弱).mp3,PC　キーボード02/PC　キーボード02-18(遠い　単発　弱).mp3,10.011995464852607,0.16686659108087679,extracted
otologic_sounds_smart/Pc Keyboard,PC　キーボード02-14(遠い　強).mp3,PC　キーボード02/PC　キーボード02-14(遠い　強).mp3,23.576462585034015,0.39294104308390027,extracted
otologic_sounds_smart/Pc Keyboard,PC　キーボード02-15(遠い　弱).mp3,PC　キーボード02/PC　キーボード02-15(遠い　弱).mp3,23.277755102040818,0.38796258503401365,extracted
otologic_sounds_smart/Pc Keyboard,PC　キーボード02-13(遠い　中).mp3,PC　キーボード02/PC　キーボード02-13(遠い　中).mp3,21.299433106575965,0.3549905517762661,extracted
otologic_sounds_smart/Pc Keyboard,PC　キーボード02-02(強).mp3,PC　キーボード02/PC　キーボード02-02(強).mp3,23.50575963718821,0.39176266061980347,extracted
otologic_sounds_smart/Pc Keyboard,PC　キーボード06-14(遠い　強).mp3,効果音＞PC・キーボード/PC　キーボード06-14(遠い　強).mp3,22.48501133786848,0.3747501889644747,extracted
otologic_sounds_smart/Pc Keyboard,PC　キーボード06-15(遠い　弱).mp3,効果音＞PC・キーボード/PC　キーボード06-15(遠い　弱).mp3,23.409954648526078,0.39016591080876795,extracted
otologic_sounds_smart/Pc Keyboard,PC　キーボード06-19(遠い　方向).mp3,効果音＞PC・キーボード/PC　キーボード06-19(遠い　方向).mp3,14.43780045351474,0.240630007558579,extracted
otologic_sounds_smart/Pc Keyboard,PC　キーボード06-18(遠い　単発　弱).mp3,効果音＞PC・キーボード/PC　キーボード06-18(遠い　単発　弱).mp3,9.558798185941043,0.1593133030990174,extracted
otologic_sounds_smart/Pc Keyboard,PC　キーボード06-13(遠い　中).mp3,効果音＞PC・キーボード/PC　キーボード06-13(遠い　中).mp3,24.05673469387755,0.4009455782312925,extracted
otologic_sounds_smart/Pc Keyboard,PC　キーボード06-07(方向).mp3,効果音＞PC・キーボード/PC　キーボード06-07(方向).mp3,14.395396825396825,0.2399232804232804,extracted
otologic_sounds_smart/Pc Keyboard,PC　キーボード06-04(単発　中).mp3,効果音＞PC・キーボード/PC　キーボード06-04(単発　中).mp3,7.896235827664399,0.13160393046107333,extracted
otologic_sounds_smart/Pc Keyboard,PC　キーボード06-05(単発　強).mp3,効果音＞PC・キーボード/PC　キーボード06-05(単発　強).mp3,8.491292517006803,0.14152154195011338,extracted
otologic_sounds_smart/Pc Keyboard,PC　キーボード06-02(強).mp3,効果音＞PC・キーボード/PC　キーボード06-02(強).mp3,22.42748299319728,0.3737913832199547,extracted
otologic_sounds_smart/Pc Keyboard,PC　キーボード06-03(弱).mp3,効果音＞PC・キーボード/PC　キーボード06-03(弱).mp3,23.39687074829932,0.3899478458049887,extracted
otologic_sounds_smart/Pc Keyboard,PC　キーボード06-16(遠い　単発　中).mp3,効果音＞PC・キーボード/PC　キーボード06-16(遠い　単発　中).mp3,8.067392290249433,0.1344565381708239,extracted
otologic_sounds_smart/Pc Keyboard,PC　キーボード06-01(中).mp3,効果音＞PC・キーボード/PC　キーボード06-01(中).mp3,23.868684807256237,0.3978114134542706,extracted
otologic_sounds_smart/Pc Keyboard,PC　キーボード06-06(単発　弱).mp3,効果音＞PC・キーボード/PC　キーボード06-06(単発　弱).mp3,9.374081632653061,0.156234693877551,extracted
otologic_sounds_smart/Pc Keyboard,PC　キーボード06-17(遠い　単発　強).mp3,効果音＞PC・キーボード/PC　キーボード06-17(遠い　単発　強).mp3,8.63501133786848,0.14391685563114134,extracted
otologic_sounds_smart/Vacuum Cleaner,掃除機03-62(遠い　バキューム　床　木　中).mp3,掃除機02/掃除機03-62(遠い　バキューム　床　木　中).mp3,21.733514739229026,0.3622252456538171,extracted
otologic_sounds_smart/Vacuum Cleaner,掃除機03-79(遠い　バキューム　床　ソフト　高).mp3,掃除機02/掃除機03-79(遠い　バキューム　床　ソフト　高).mp3,21.029637188208618,0.3504939531368103,extracted
otologic_sounds_smart/Vacuum Cleaner,掃除機03-81(遠い　バキューム　床　ソフト　低).mp3,掃除機02/掃除機03-81(遠い　バキューム　床　ソフト　低).mp3,22.106757369614513,0.3684459561602419,extracted
otologic_sounds_smart/Vacuum Cleaner,掃除機03-77(遠い　バキューム　床　ソフト　高).mp3,掃除機02/掃除機03-77(遠い　バキューム　床　ソフト　高).mp3,22.79995464852608,0.3799992441421013,extracted
otologic_sounds_smart/Vacuum Cleaner,掃除機03-64(遠い　バキューム　床　木　高).mp3,掃除機02/掃除機03-64(遠い　バキューム　床　木　高).mp3,22.623242630385487,0.3770540438397581,extracted
otologic_sounds_smart/Vacuum Cleaner,掃除機03-70(遠い　バキューム　床　ソフト　中　静止).mp3,掃除機02/掃除機03-70(遠い　バキューム　床　ソフト　中　静止).mp3,8.614467120181406,0.14357445200302343,extracted
otologic_sounds_smart/Vacuum Cleaner,掃除機03-61(遠い　バキューム　低　短).mp3,掃除機02/掃除機03-61(遠い　バキューム　低　短).mp3,10.490158730158731,0.17483597883597884,extracted
otologic_sounds_smart/Vacuum Cleaner,掃除機03-63(遠い　バキューム　床　木　中).mp3,掃除機02/掃除機03-63(遠い　バキューム　床　木　中).mp3,20.807891156462585,0.34679818594104306,extracted
otologic_sounds_smart/Vacuum Cleaner,掃除機03-80(遠い　バキューム　床　ソフト　低).mp3,掃除機02/掃除機03-80(遠い　バキューム　床　ソフト　低).mp3,22.01825396825397,0.3669708994708995,extracted
otologic_sounds_smart/Vacuum Cleaner,掃除機03-65(遠い　バキューム　床　木　高).mp3,掃除機02/掃除機03-65(遠い　バキューム　床　木　高).mp3,21.191814058956915,0.35319690098261525,extracted
otologic_sounds_smart/Vacuum Cleaner,掃除機03-71(遠い　バキューム　床　ソフト　高　静止).mp3,掃除機02/掃除機03-71(遠い　バキューム　床　ソフト　高　静止).mp3,21.418684807256234,0.35697808012093724,extracted
otologic_sounds_smart/Vacuum Cleaner,掃除機03-78(遠い　バキューム　床　ソフト　高).mp3,掃除機02/掃除機03-78(遠い　バキューム　床　ソフト　高).mp3,20.252721088435376,0.33754535147392295,extracted
otologic_sounds_smart/Vacuum Cleaner,掃除機03-76(遠い　バキューム　床　ソフト　中).mp3,掃除機02/掃除機03-76(遠い　バキューム　床　ソフト　中).mp3,21.588390022675735,0.35980650037792894,extracted
otologic_sounds_smart/Vacuum Cleaner,掃除機03-74(遠い　バキューム　床　ソフト　低　静止).mp3,掃除機02/掃除機03-74(遠い　バキューム　床　ソフト　低　静止).mp3,10.335850340136055,0.17226417233560093,extracted
otologic_sounds_smart/Vacuum Cleaner,掃除機03-67(遠い　バキューム　床　木　低).mp3,掃除機02/掃除機03-67(遠い　バキューム　床　木　低).mp3,24.552607709750568,0.4092101284958428,extracted
otologic_sounds_smart/Vacuum Cleaner,掃除機02-04(バキューム　床).mp3,掃除機02/掃除機02-04(バキューム　床).mp3,16.871179138321995,0.2811863189720333,extracted
otologic_sounds_smart/Vacuum Cleaner,掃除機03-66(遠い　バキューム　床　木　高).mp3,掃除機02/掃除機03-66(遠い　バキューム　床　木　高).mp3,21.757755102040818,0.3626292517006803,extracted
otologic_sounds_smart/Vacuum Cleaner,掃除機02-01(バキューム).mp3,掃除機02/掃除機02-01(バキューム).mp3,14.156439909297053,0.23594066515495088,extracted
otologic_sounds_smart/Vacuum Cleaner,掃除機03-68(遠い　バキューム　床　木　低).mp3,掃除機02/掃除機03-68(遠い　バキューム　床　木　低).mp3,19.220566893424035,0.32034278155706725,extracted
otologic_sounds_smart/Vacuum Cleaner,掃除機03-75(遠い　バキューム　床　ソフト　中).mp3,掃除機02/掃除機03-75(遠い　バキューム　床　ソフト　中).mp3,21.4446485260771,0.35741080876795167,extracted
otologic_sounds_smart/Vacuum Cleaner,掃除機03-73(遠い　バキューム　床　ソフト　低　静止).mp3,掃除機02/掃除機03-73(遠い　バキューム　床　ソフト　低　静止).mp3,23.062721088435374,0.38437868480725623,extracted
otologic_sounds_smart/Vacuum Cleaner,掃除機03-72(遠い　バキューム　床　ソフト　高　静止).mp3,掃除機02/掃除機03-72(遠い　バキューム　床　ソフト　高　静止).mp3,7.816077097505669,0.1302679516250945,extracted
otologic_sounds_smart/Vacuum Cleaner,掃除機03-69(遠い　バキューム　床　ソフト　中　静止).mp3,掃除機02/掃除機03-69(遠い　バキューム　床　ソフト　中　静止).mp3,21.20517006802721,0.35341950113378684,extracted
otologic_sounds_smart/Vacuum Cleaner,掃除機02-02(バキューム).mp3,掃除機02/掃除機02-02(バキューム).mp3,5.569160997732427,0.09281934996220711,extracted
otologic_sounds_smart/Vacuum Cleaner,掃除機02-07(ダストカップ).mp3,掃除機02/掃除機02-07(ダストカップ).mp3,5.121814058956916,0.08536356764928194,extracted
otologic_sounds_smart/Vacuum Cleaner,掃除機03-58(遠い　バキューム　高　長).mp3,掃除機03/掃除機03-58(遠い　バキューム　高　長).mp3,18.074149659863945,0.3012358276643991,extracted
otologic_sounds_smart/Vacuum Cleaner,掃除機03-57(遠い　バキューム　中　短).mp3,掃除機03/掃除機03-57(遠い　バキューム　中　短).mp3,8.812721088435374,0.14687868480725624,extracted
otologic_sounds_smart/Vacuum Cleaner,掃除機03-60(遠い　バキューム　低　長).mp3,掃除機03/掃除機03-60(遠い　バキューム　低　長).mp3,17.064557823129253,0.28440929705215423,extracted
otologic_sounds_smart/Vacuum Cleaner,掃除機03-59(遠い　バキューム　高　短).mp3,掃除機03/掃除機03-59(遠い　バキューム　高　短).mp3,10.01859410430839,0.16697656840513983,extracted
otologic_sounds_smart/Vacuum Cleaner,掃除機03-56(遠い　バキューム　中　長).mp3,掃除機03/掃除機03-56(遠い　バキューム　中　長).mp3,17.173083900226757,0.2862180650037793,extracted
otologic_sounds_smart/Vacuum Cleaner,掃除機03-26(バキューム　床　ソフト　低).mp3,掃除機04/掃除機03-26(バキューム　床　ソフト　低).mp3,22.106757369614513,0.3684459561602419,extracted
otologic_sounds_smart/Vacuum Cleaner,掃除機03-19(バキューム　床　ソフト　低　静止).mp3,掃除機04/掃除機03-19(バキューム　床　ソフト　低　静止).mp3,10.335850340136055,0.17226417233560093,extracted
otologic_sounds_smart/Vacuum Cleaner,掃除機03-12(バキューム　床　木　低).mp3,掃除機04/掃除機03-12(バキューム　床　木　低).mp3,24.552607709750568,0.4092101284958428,extracted
otologic_sounds_smart/Vacuum Cleaner,掃除機03-06(バキューム　低　短).mp3,掃除機04/掃除機03-06(バキューム　低　短).mp3,10.490158730158731,0.17483597883597884,extracted
otologic_sounds_smart/Vacuum Cleaner,掃除機03-01(バキューム　中　長).mp3,掃除機04/掃除機03-01(バキューム　中　長).mp3,17.173083900226757,0.2862180650037793,extracted
otologic_sounds_smart/Vacuum Cleaner,掃除機03-10(バキューム　床　木　高).mp3,掃除機04/掃除機03-10(バキューム　床　木　高).mp3,21.191814058956915,0.35319690098261525,extracted
otologic_sounds_smart/Vacuum Cleaner,掃除機03-04(バキューム　高　短).mp3,掃除機04/掃除機03-04(バキューム　高　短).mp3,10.01859410430839,0.16697656840513983,extracted
otologic_sounds_smart/Vacuum Cleaner,掃除機03-03(バキューム　高　長).mp3,掃除機04/掃除機03-03(バキューム　高　長).mp3,18.074149659863945,0.3012358276643991,extracted
otologic_sounds_smart/Vacuum Cleaner,掃除機03-09(バキューム　床　木　高).mp3,掃除機04/掃除機03-09(バキューム　床　木　高).mp3,22.623242630385487,0.3770540438397581,extracted
otologic_sounds_smart/Vacuum Cleaner,掃除機03-25(バキューム　床　ソフト　低).mp3,掃除機04/掃除機03-25(バキューム　床　ソフト　低).mp3,22.01825396825397,0.3669708994708995,extracted
otologic_sounds_smart/Vacuum Cleaner,掃除機03-13(バキューム　床　木　低).mp3,掃除機04/掃除機03-13(バキューム　床　木　低).mp3,19.220566893424035,0.32034278155706725,extracted
otologic_sounds_smart/Vacuum Cleaner,掃除機03-11(バキューム　床　木　高).mp3,掃除機04/掃除機03-11(バキューム　床　木　高).mp3,21.757755102040818,0.3626292517006803,extracted
otologic_sounds_smart/Vacuum Cleaner,掃除機03-15(バキューム　床　ソフト　中　静止).mp3,掃除機04/掃除機03-15(バキューム　床　ソフト　中　静止).mp3,8.614467120181406,0.14357445200302343,extracted
otologic_sounds_smart/Vacuum Cleaner,掃除機04-37(遠い　バキューム　床　低).mp3,掃除機04/掃除機04-37(遠い　バキューム　床　低).mp3,17.335079365079366,0.28891798941798946,extracted
otologic_sounds_smart/Vacuum Cleaner,掃除機04-34(遠い　バキューム　床　高).mp3,掃除機04/掃除機04-34(遠い　バキューム　床　高).mp3,16.070680272108845,0.2678446712018141,extracted
otologic_sounds_smart/Vacuum Cleaner,掃除機03-14(バキューム　床　ソフト　中　静止).mp3,掃除機04/掃除機03-14(バキューム　床　ソフト　中　静止).mp3,21.20517006802721,0.35341950113378684,extracted
otologic_sounds_smart/Vacuum Cleaner,掃除機03-24(バキューム　床　ソフト　高).mp3,掃除機04/掃除機03-24(バキューム　床　ソフト　高).mp3,21.029637188208618,0.3504939531368103,extracted
otologic_sounds_smart/Vacuum Cleaner,掃除機03-22(バキューム　床　ソフト　高).mp3,掃除機04/掃除機03-22(バキューム　床　ソフト　高).mp3,22.79995464852608,0.3799992441421013,extracted
otologic_sounds_smart/Vacuum Cleaner,掃除機03-23(バキューム　床　ソフト　高).mp3,掃除機04/掃除機03-23(バキューム　床　ソフト　高).mp3,20.252721088435376,0.33754535147392295,extracted
otologic_sounds_smart/Vacuum Cleaner,掃除機03-07(バキューム　床　木　中).mp3,掃除機04/掃除機03-07(バキューム　床　木　中).mp3,21.733514739229026,0.3622252456538171,extracted
otologic_sounds_smart/Vacuum Cleaner,掃除機03-18(バキューム　床　ソフト　低　静止).mp3,掃除機04/掃除機03-18(バキューム　床　ソフト　低　静止).mp3,23.062721088435374,0.38437868480725623,extracted
otologic_sounds_smart/Vacuum Cleaner,掃除機03-02(バキューム　中　短).mp3,掃除機04/掃除機03-02(バキューム　中　短).mp3,8.812721088435374,0.14687868480725624,extracted
otologic_sounds_smart/Vacuum Cleaner,掃除機03-05(バキューム　低　長).mp3,掃除機04/掃除機03-05(バキューム　低　長).mp3,17.064557823129253,0.28440929705215423,extracted
otologic_sounds_smart/Vacuum Cleaner,掃除機04-35(遠い　バキューム　床　高).mp3,掃除機04/掃除機04-35(遠い　バキューム　床　高).mp3,16.17800453514739,0.2696334089191232,extracted
otologic_sounds_smart/Vacuum Cleaner,掃除機03-21(バキューム　床　ソフト　中).mp3,掃除機04/掃除機03-21(バキューム　床　ソフト　中).mp3,21.588390022675735,0.35980650037792894,extracted
otologic_sounds_smart/Vacuum Cleaner,掃除機03-17(バキューム　床　ソフト　高　静止).mp3,掃除機04/掃除機03-17(バキューム　床　ソフト　高　静止).mp3,7.816077097505669,0.1302679516250945,extracted
otologic_sounds_smart/Vacuum Cleaner,掃除機03-20(バキューム　床　ソフト　中).mp3,掃除機04/掃除機03-20(バキューム　床　ソフト　中).mp3,21.4446485260771,0.35741080876795167,extracted
otologic_sounds_smart/Vacuum Cleaner,掃除機03-16(バキューム　床　ソフト　高　静止).mp3,掃除機04/掃除機03-16(バキューム　床　ソフト　高　静止).mp3,21.418684807256234,0.35697808012093724,extracted
otologic_sounds_smart/Vacuum Cleaner,掃除機04-36(遠い　バキューム　床　低).mp3,掃除機04/掃除機04-36(遠い　バキューム　床　低).mp3,15.511519274376417,0.2585253212396069,extracted
otologic_sounds_smart/Vacuum Cleaner,掃除機03-08(バキューム　床　木　中).mp3,掃除機04/掃除機03-08(バキューム　床　木　中).mp3,20.807891156462585,0.34679818594104306,extracted
otologic_sounds_smart/Vacuum Cleaner,掃除機04-09(バキューム　床　高).mp3,効果音＞掃除機/掃除機04-09(バキューム　床　高).mp3,16.17800453514739,0.2696334089191232,extracted
otologic_sounds_smart/Vacuum Cleaner,掃除機04-27(遠い　バキューム　高　長).mp3,効果音＞掃除機/掃除機04-27(遠い　バキューム　高　長).mp3,14.835691609977324,0.2472615268329554,extracted
otologic_sounds_smart/Vacuum Cleaner,掃除機04-29(遠い　バキューム　高　短).mp3,効果音＞掃除機/掃除機04-29(遠い　バキューム　高　短).mp3,5.326734693877551,0.08877891156462585,extracted
otologic_sounds_smart/Vacuum Cleaner,掃除機04-11(バキューム　床　低).mp3,効果音＞掃除機/掃除機04-11(バキューム　床　低).mp3,17.335079365079366,0.28891798941798946,extracted
otologic_sounds_smart/Vacuum Cleaner,掃除機04-31(遠い　バキューム　低　中).mp3,効果音＞掃除機/掃除機04-31(遠い　バキューム　低　中).mp3,8.19829931972789,0.13663832199546486,extracted
otologic_sounds_smart/Vacuum Cleaner,掃除機04-23(ヘッド　動かす).mp3,効果音＞掃除機/掃除機04-23(ヘッド　動かす).mp3,5.484399092970522,0.0914066515495087,extracted
otologic_sounds_smart/Vacuum Cleaner,掃除機04-28(遠い　バキューム　高　中).mp3,効果音＞掃除機/掃除機04-28(遠い　バキューム　高　中).mp3,9.13891156462585,0.15231519274376418,extracted
otologic_sounds_smart/Vacuum Cleaner,掃除機04-10(バキューム　床　低).mp3,効果音＞掃除機/掃除機04-10(バキューム　床　低).mp3,15.511519274376417,0.2585253212396069,extracted
otologic_sounds_smart/Vacuum Cleaner,掃除機04-30(遠い　バキューム　低　長).mp3,効果音＞掃除機/掃除機04-30(遠い　バキューム　低　長).mp3,13.72077097505669,0.22867951625094482,extracted
otologic_sounds_smart/Vacuum Cleaner,掃除機04-01(バキューム　高　長).mp3,効果音＞掃除機/掃除機04-01(バキューム　高　長).mp3,14.835691609977324,0.2472615268329554,extracted
otologic_sounds_smart/Vacuum Cleaner,掃除機04-02(バキューム　高　中).mp3,効果音＞掃除機/掃除機04-02(バキューム　高　中).mp3,9.13891156462585,0.15231519274376418,extracted
otologic_sounds_smart/Vacuum Cleaner,掃除機04-08(バキューム　床　高).mp3,効果音＞掃除機/掃除機04-08(バキューム　床　高).mp3,16.070680272108845,0.2678446712018141,extracted
otologic_sounds_smart/Vacuum Cleaner,掃除機04-04(バキューム　低　長).mp3,効果音＞掃除機/掃除機04-04(バキューム　低　長).mp3,13.72077097505669,0.22867951625094482,extracted
otologic_sounds_smart/Vacuum Cleaner,掃除機04-07(バキューム　床　高).mp3,効果音＞掃除機/掃除機04-07(バキューム　床　高).mp3,15.008072562358276,0.25013454270597124,extracted
otologic_sounds_smart/Vacuum Cleaner,掃除機04-05(バキューム　低　中).mp3,効果音＞掃除機/掃除機04-05(バキューム　低　中).mp3,8.19829931972789,0.13663832199546486,extracted
otologic_sounds_smart/Vacuum Cleaner,掃除機04-03(バキューム　高　短).mp3,効果音＞掃除機/掃除機04-03(バキューム　高　短).mp3,5.326734693877551,0.08877891156462585,extracted
otologic_sounds_smart/Vacuum Cleaner,掃除機04-33(遠い　バキューム　床　高).mp3,効果音＞掃除機/掃除機04-33(遠い　バキューム　床　高).mp3,15.008072562358276,0.25013454270597124,extracted
otologic_sounds_smart/Vacuum Cleaner,掃除機01-17(遠い　バキューム　布).mp3,掃除機01/掃除機01-17(遠い　バキューム　布).mp3,12.022358276643992,0.20037263794406654,extracted
otologic_sounds_smart/Vacuum Cleaner,掃除機01-10(ダストカップ).mp3,掃除機01/掃除機01-10(ダストカップ).mp3,5.221179138321996,0.0870196523053666,extracted
otologic_sounds_smart/Vacuum Cleaner,掃除機01-07(バッテリー切れ).mp3,掃除機01/掃除機01-07(バッテリー切れ).mp3,15.456916099773242,0.257615268329554,extracted
otologic_sounds_smart/Vacuum Cleaner,掃除機01-16(遠い　バキューム　床).mp3,掃除機01/掃除機01-16(遠い　バキューム　床).mp3,19.609274376417233,0.32682123960695386,extracted
otologic_sounds_smart/Vacuum Cleaner,掃除機01-18(遠い　バッテリー切れ).mp3,掃除機01/掃除機01-18(遠い　バッテリー切れ).mp3,15.456916099773242,0.257615268329554,extracted
otologic_sounds_smart/Vacuum Cleaner,掃除機02-19(遠い　バキューム).mp3,掃除機01/掃除機02-19(遠い　バキューム).mp3,5.534716553287982,0.09224527588813304,extracted
otologic_sounds_smart/Vacuum Cleaner,掃除機01-13(遠い　バキューム).mp3,掃除機01/掃除機01-13(遠い　バキューム).mp3,5.591655328798186,0.09319425547996978,extracted
otologic_sounds_smart/Vacuum Cleaner,掃除機01-21(遠い　ダストカップ).mp3,掃除機01/掃除機01-21(遠い　ダストカップ).mp3,5.221179138321996,0.0870196523053666,extracted
otologic_sounds_smart/Vacuum Cleaner,掃除機01-06(バキューム　布).mp3,掃除機01/掃除機01-06(バキューム　布).mp3,12.022358276643992,0.20037263794406654,extracted
otologic_sounds_smart/Vacuum Cleaner,掃除機01-02(バキューム).mp3,掃除機01/掃除機01-02(バキューム).mp3,5.591655328798186,0.09319425547996978,extracted
otologic_sounds_smart/Vacuum Cleaner,掃除機01-12(遠い　バキューム).mp3,掃除機01/掃除機01-12(遠い　バキューム).mp3,10.137596371882086,0.1689599395313681,extracted
otologic_sounds_smart/Vacuum Cleaner,掃除機02-18(遠い　バキューム).mp3,掃除機01/掃除機02-18(遠い　バキューム).mp3,13.830702947845804,0.23051171579743007,extracted
otologic_sounds_smart/Vacuum Cleaner,掃除機01-05(バキューム　床).mp3,掃除機01/掃除機01-05(バキューム　床).mp3,19.609274376417233,0.32682123960695386,extracted
otologic_sounds_smart/Vacuum Cleaner,掃除機02-21(遠い　バキューム　床).mp3,掃除機01/掃除機02-21(遠い　バキューム　床).mp3,16.49936507936508,0.274989417989418,extracted
otologic_sounds_smart/Vacuum Cleaner,掃除機01-01(バキューム).mp3,掃除機01/掃除機01-01(バキューム).mp3,10.137596371882086,0.1689599395313681,extracted
otologic_sounds_smart/Weather,雷　合成01-3.mp3,雷　生録　環境01/雷　合成01-3.mp3,11.23297052154195,0.1872161753590325,extracted
otologic_sounds_smart/Weather,雷　合成01-2.mp3,雷　生録　環境01/雷　合成01-2.mp3,10.841700680272108,0.18069501133786847,extracted
otologic_sounds_smart/Weather,雷　生録　環境03-2.mp3,効果音＞天候/雷　生録　環境03-2.mp3,6.663401360544218,0.11105668934240363,extracted
otologic_sounds_smart/Weather,雷　生録　環境03-1.mp3,効果音＞天候/雷　生録　環境03-1.mp3,9.278390022675737,0.15463983371126228,extracted
otologic_sounds_smart/Weather,風　合成02-1.mp3,効果音＞天候/風　合成02-1.mp3,5.545986394557823,0.09243310657596372,extracted
otologic_sounds_smart/Weather,海辺　合成　環境01-2.mp3,雨　生録　環境01/海辺　合成　環境01-2.mp3,122.0,2.033333333333333,extracted
otologic_sounds_smart/Weather,雨　生録　環境01-1.mp3,雨　生録　環境01/雨　生録　環境01-1.mp3,120.0,2.0,extracted
otologic_sounds_smart/Weather,風　合成01-3.mp3,風　合成　環境02/風　合成01-3.mp3,6.563015873015873,0.10938359788359789,extracted
otologic_sounds_smart/Weather,風　合成02-2.mp3,雷　生録　環境03/風　合成02-2.mp3,7.89827664399093,0.1316379440665155,extracted
otologic_sounds_smart/Weather,風　合成02-3.mp3,雷　生録　環境03/風　合成02-3.mp3,11.293650793650794,0.18822751322751324,extracted
otologic_sounds_smart/Weather,雷　生録　環境02-1.mp3,雷　生録　環境02/雷　生録　環境02-1.mp3,62.0,1.0333333333333334,extracted
otologic_sounds_smart/Weather,風　合成　環境02-1.mp3,雷　生録　環境02/風　合成　環境02-1.mp3,184.0712925170068,3.0678548752834467,extracted
otologic_sounds_smart/Weather,雷　生録　環境01-1.mp3,雨　生録　環境03/雷　生録　環境01-1.mp3,10.33342403628118,0.17222373393801965,extracted
otologic_sounds_smart/Weather,雷　合成01-4.mp3,雨　生録　環境03/雷　合成01-4.mp3,11.23297052154195,0.1872161753590325,extracted
otologic_sounds_smart/Weather,海辺　合成　環境01-1.mp3,海辺　合成　環境01/海辺　合成　環境01-1.mp3,122.0,2.033333333333333,extracted
otologic_sounds_smart/Weather,風　合成　環境01-1.mp3,海辺　合成　環境01/風　合成　環境01-1.mp3,184.0712925170068,3.0678548752834467,extracted
otologic_sounds_smart/Weather,雷　生録　環境01-2.mp3,雨　生録　環境02/雷　生録　環境01-2.mp3,18.235238095238095,0.3039206349206349,extracted
otologic_sounds_smart/Weather,雨　生録　環境03-1.mp3,雨　生録　環境02/雨　生録　環境03-1.mp3,128.0,2.1333333333333333,extracted
otologic_sounds_smart/Weather,雷　合成01-1.mp3,雷　合成01/雷　合成01-1.mp3,10.841700680272108,0.18069501133786847,extracted
otologic_sounds_smart/Weather,雷　生録　環境02-2.mp3,雷　合成01/雷　生録　環境02-2.mp3,62.0,1.0333333333333334,extracted
otologic_sounds_smart/Weather,雨　生録　環境02-1.mp3,風　合成　環境01/雨　生録　環境02-1.mp3,152.6362358276644,2.5439372637944064,extracted
otologic_sounds_smart/Weather,雨　生録　環境03-2.mp3,風　合成　環境01/雨　生録　環境03-2.mp3,123.72591836734694,2.0620986394557823,extracted
otologic_sounds_smart/Weather,風　合成02-6.mp3,風　合成01/風　合成02-6.mp3,5.771383219954648,0.09618972033257747,extracted
otologic_sounds_smart/Instruments Wind_Chimes,ウィンドチャイム01-10(リバーブ　上昇　高).mp3,ウィンドチャイム01/ウィンドチャイム01-10(リバーブ　上昇　高).mp3,12.49671201814059,0.2082785336356765,extracted
otologic_sounds_smart/Instruments Wind_Chimes,ウィンドチャイム01-14(リバーブ　長).mp3,ウィンドチャイム01/ウィンドチャイム01-14(リバーブ　長).mp3,37.43,0.6238333333333334,extracted
otologic_sounds_smart/Instruments Wind_Chimes,ウィンドチャイム01-11(リバーブ　下降　ワイド).mp3,ウィンドチャイム01/ウィンドチャイム01-11(リバーブ　下降　ワイド).mp3,14.7121768707483,0.24520294784580499,extracted
otologic_sounds_smart/Instruments Wind_Chimes,ウィンドチャイム01-08(リバーブ　上昇　ワイド).mp3,ウィンドチャイム01/ウィンドチャイム01-08(リバーブ　上昇　ワイド).mp3,13.728684807256236,0.2288114134542706,extracted
otologic_sounds_smart/Instruments Wind_Chimes,ウィンドチャイム01-06(下降　高).mp3,ウィンドチャイム01/ウィンドチャイム01-06(下降　高).mp3,10.13358276643991,0.16889304610733183,extracted
otologic_sounds_smart/Instruments Wind_Chimes,ウィンドチャイム01-07(長).mp3,ウィンドチャイム01/ウィンドチャイム01-07(長).mp3,36.1997052154195,0.6033284202569916,extracted
otologic_sounds_smart/Instruments Wind_Chimes,クラスターチャイム01-01(短).mp3,ウィンドチャイム01/クラスターチャイム01-01(短).mp3,12.764013605442177,0.21273356009070293,extracted
otologic_sounds_smart/Instruments Wind_Chimes,ウィンドチャイム01-13(リバーブ　下降　高).mp3,ウィンドチャイム01/ウィンドチャイム01-13(リバーブ　下降　高).mp3,12.614716553287982,0.21024527588813305,extracted
otologic_sounds_smart/Instruments Wind_Chimes,ウィンドチャイム01-12(リバーブ　下降　低).mp3,ウィンドチャイム01/ウィンドチャイム01-12(リバーブ　下降　低).mp3,13.336666666666666,0.22227777777777777,extracted
otologic_sounds_smart/Instruments Wind_Chimes,ウィンドチャイム01-05(下降　低).mp3,ウィンドチャイム01/ウィンドチャイム01-05(下降　低).mp3,8.886122448979592,0.14810204081632652,extracted
otologic_sounds_smart/Instruments Wind_Chimes,ウィンドチャイム01-09(リバーブ　上昇　低).mp3,ウィンドチャイム01/ウィンドチャイム01-09(リバーブ　上昇　低).mp3,13.073990929705216,0.21789984882842026,extracted
otologic_sounds_smart/Instruments Wind_Chimes,ウィンドチャイム03-05(遅い　下降　低).mp3,ウィンドチャイム05/ウィンドチャイム03-05(遅い　下降　低).mp3,10.451972789115647,0.1741995464852608,extracted
otologic_sounds_smart/Instruments Wind_Chimes,ウィンドチャイム03-12(速い　下降　高).mp3,ウィンドチャイム05/ウィンドチャイム03-12(速い　下降　高).mp3,7.603174603174603,0.1267195767195767,extracted
otologic_sounds_smart/Instruments Wind_Chimes,ウィンドチャイム03-03(遅い　上昇　高).mp3,ウィンドチャイム05/ウィンドチャイム03-03(遅い　上昇　高).mp3,9.26609977324263,0.1544349962207105,extracted
otologic_sounds_smart/Instruments Wind_Chimes,ウィンドチャイム03-06(遅い　下降　高).mp3,ウィンドチャイム05/ウィンドチャイム03-06(遅い　下降　高).mp3,9.775124716553288,0.16291874527588812,extracted
otologic_sounds_smart/Instruments Wind_Chimes,ウィンドチャイム03-07(速い　上昇　ワイド).mp3,ウィンドチャイム05/ウィンドチャイム03-07(速い　上昇　ワイド).mp3,7.787210884353741,0.12978684807256236,extracted
otologic_sounds_smart/Instruments Wind_Chimes,ウィンドチャイム03-11(速い　下降　低).mp3,ウィンドチャイム05/ウィンドチャイム03-11(速い　下降　低).mp3,8.09342403628118,0.13489040060468632,extracted
otologic_sounds_smart/Instruments Wind_Chimes,ウィンドチャイム03-09(速い　上昇　高).mp3,ウィンドチャイム05/ウィンドチャイム03-09(速い　上昇　高).mp3,7.312743764172335,0.12187906273620559,extracted
otologic_sounds_smart/Instruments Wind_Chimes,ウィンドチャイム03-13(リバーブ　遅い　上昇　ワイド).mp3,ウィンドチャイム05/ウィンドチャイム03-13(リバーブ　遅い　上昇　ワイド).mp3,12.206848072562359,0.20344746787603932,extracted
otologic_sounds_smart/Instruments Wind_Chimes,ウィンドチャイム03-04(遅い　下降　ワイド).mp3,ウィンドチャイム05/ウィンドチャイム03-04(遅い　下降　ワイド).mp3,9.864240362811792,0.1644040060468632,extracted
otologic_sounds_smart/Instruments Wind_Chimes,ウィンドチャイム03-08(速い　上昇　低).mp3,ウィンドチャイム05/ウィンドチャイム03-08(速い　上昇　低).mp3,7.658934240362812,0.12764890400604686,extracted
otologic_sounds_smart/Instruments Wind_Chimes,ウィンドチャイム03-10(速い　下降　ワイド).mp3,ウィンドチャイム05/ウィンドチャイム03-10(速い　下降　ワイド).mp3,8.744761904761905,0.14574603174603176,extracted
otologic_sounds_smart/Instruments Wind_Chimes,ウィンドチャイム02-15(リバーブ　上昇　高).mp3,ウィンドチャイム02/ウィンドチャイム02-15(リバーブ　上昇　高).mp3,11.181133786848072,0.1863522297808012,extracted
otologic_sounds_smart/Instruments Wind_Chimes,ウィンドチャイム02-14(リバーブ　上昇　低).mp3,ウィンドチャイム02/ウィンドチャイム02-14(リバーブ　上昇　低).mp3,12.879659863945578,0.2146609977324263,extracted
otologic_sounds_smart/Instruments Wind_Chimes,ウィンドチャイム02-16(リバーブ　下降　ワイド).mp3,ウィンドチャイム02/ウィンドチャイム02-16(リバーブ　下降　ワイド).mp3,13.366984126984127,0.22278306878306878,extracted
otologic_sounds_smart/Instruments Wind_Chimes,ウィンドチャイム01-04(下降　ワイド).mp3,ウィンドチャイム02/ウィンドチャイム01-04(下降　ワイド).mp3,10.507006802721088,0.17511678004535147,extracted
otologic_sounds_smart/Instruments Wind_Chimes,ウィンドチャイム02-13(リバーブ　上昇　ワイド).mp3,ウィンドチャイム02/ウィンドチャイム02-13(リバーブ　上昇　ワイド).mp3,12.603333333333333,0.21005555555555555,extracted
otologic_sounds_smart/Instruments Wind_Chimes,ウィンドチャイム01-03(上昇　高).mp3,ウィンドチャイム02/ウィンドチャイム01-03(上昇　高).mp3,8.717551020408163,0.1452925170068027,extracted
otologic_sounds_smart/Instruments Wind_Chimes,ウィンドチャイム01-02(上昇　低).mp3,ウィンドチャイム02/ウィンドチャイム01-02(上昇　低).mp3,9.403718820861679,0.15672864701436132,extracted
otologic_sounds_smart/Instruments Wind_Chimes,ウィンドチャイム02-12(弱　下降　高).mp3,ウィンドチャイム02/ウィンドチャイム02-12(弱　下降　高).mp3,5.7693877551020405,0.096156462585034,extracted
otologic_sounds_smart/Instruments Wind_Chimes,ウィンドチャイム01-01(上昇　ワイド).mp3,ウィンドチャイム02/ウィンドチャイム01-01(上昇　ワイド).mp3,10.466757369614513,0.1744459561602419,extracted
otologic_sounds_smart/Instruments Wind_Chimes,ウィンドチャイム02-17(リバーブ　下降　低).mp3,ウィンドチャイム02/ウィンドチャイム02-17(リバーブ　下降　低).mp3,13.293378684807257,0.22155631141345428,extracted
otologic_sounds_smart/Instruments Wind_Chimes,ウィンドチャイム02-18(リバーブ　下降　高).mp3,ウィンドチャイム02/ウィンドチャイム02-18(リバーブ　下降　高).mp3,10.886371882086168,0.1814395313681028,extracted
otologic_sounds_smart/Instruments Wind_Chimes,ウィンドチャイム02-05(下降　低).mp3,ウィンドチャイム03/ウィンドチャイム02-05(下降　低).mp3,8.874172335600907,0.1479028722600151,extracted
otologic_sounds_smart/Instruments Wind_Chimes,ウィンドチャイム02-01(上昇　ワイド).mp3,ウィンドチャイム03/ウィンドチャイム02-01(上昇　ワイド).mp3,8.677573696145124,0.14462622826908542,extracted
otologic_sounds_smart/Instruments Wind_Chimes,ウィンドチャイム02-02(上昇　低).mp3,ウィンドチャイム03/ウィンドチャイム02-02(上昇　低).mp3,8.911065759637188,0.1485177626606198,extracted
otologic_sounds_smart/Instruments Wind_Chimes,ウィンドチャイム02-03(上昇　高).mp3,ウィンドチャイム03/ウィンドチャイム02-03(上昇　高).mp3,7.652947845804989,0.12754913076341648,extracted
otologic_sounds_smart/Instruments Wind_Chimes,ウィンドチャイム02-09(弱　上昇　高).mp3,ウィンドチャイム03/ウィンドチャイム02-09(弱　上昇　高).mp3,6.877687074829932,0.1146281179138322,extracted
otologic_sounds_smart/Instruments Wind_Chimes,ウィンドチャイム02-08(弱　上昇　低).mp3,ウィンドチャイム03/ウィンドチャイム02-08(弱　上昇　低).mp3,7.400498866213152,0.12334164777021919,extracted
otologic_sounds_smart/Instruments Wind_Chimes,ウィンドチャイム02-11(弱　下降　低).mp3,ウィンドチャイム03/ウィンドチャイム02-11(弱　下降　低).mp3,7.750045351473923,0.1291674225245654,extracted
otologic_sounds_smart/Instruments Wind_Chimes,ウィンドチャイム02-06(下降　高).mp3,ウィンドチャイム03/ウィンドチャイム02-06(下降　高).mp3,8.108231292517006,0.13513718820861678,extracted
otologic_sounds_smart/Instruments Wind_Chimes,ウィンドチャイム02-07(弱　上昇　ワイド).mp3,ウィンドチャイム03/ウィンドチャイム02-07(弱　上昇　ワイド).mp3,7.571360544217687,0.1261893424036281,extracted
otologic_sounds_smart/Instruments Wind_Chimes,ウィンドチャイム02-10(弱　下降　ワイド).mp3,ウィンドチャイム03/ウィンドチャイム02-10(弱　下降　ワイド).mp3,8.441133786848072,0.14068556311413452,extracted
otologic_sounds_smart/Instruments Wind_Chimes,ウィンドチャイム02-04(下降　ワイド).mp3,ウィンドチャイム03/ウィンドチャイム02-04(下降　ワイド).mp3,9.092244897959183,0.15153741496598638,extracted
otologic_sounds_smart/Instruments Wind_Chimes,ウィンドチャイム03-22(リバーブ　速い　下降　ワイド).mp3,ウィンドチャイム04/ウィンドチャイム03-22(リバーブ　速い　下降　ワイド).mp3,13.704240362811792,0.2284040060468632,extracted
otologic_sounds_smart/Instruments Wind_Chimes,ウィンドチャイム03-19(リバーブ　速い　上昇　ワイド).mp3,ウィンドチャイム04/ウィンドチャイム03-19(リバーブ　速い　上昇　ワイド).mp3,11.721655328798185,0.19536092214663642,extracted
otologic_sounds_smart/Instruments Wind_Chimes,ウィンドチャイム03-17(リバーブ　遅い　下降　低).mp3,ウィンドチャイム04/ウィンドチャイム03-17(リバーブ　遅い　下降　低).mp3,13.048820861678005,0.2174803476946334,extracted
otologic_sounds_smart/Instruments Wind_Chimes,ウィンドチャイム03-24(リバーブ　速い　下降　高).mp3,ウィンドチャイム04/ウィンドチャイム03-24(リバーブ　速い　下降　高).mp3,10.19015873015873,0.16983597883597884,extracted
otologic_sounds_smart/Instruments Wind_Chimes,ウィンドチャイム03-18(リバーブ　遅い　下降　高).mp3,ウィンドチャイム04/ウィンドチャイム03-18(リバーブ　遅い　下降　高).mp3,11.339614512471655,0.18899357520786092,extracted
otologic_sounds_smart/Instruments Wind_Chimes,ウィンドチャイム03-14(リバーブ　遅い　上昇　低).mp3,ウィンドチャイム04/ウィンドチャイム03-14(リバーブ　遅い　上昇　低).mp3,12.01546485260771,0.20025774754346184,extracted
otologic_sounds_smart/Instruments Wind_Chimes,ウィンドチャイム03-21(リバーブ　速い　上昇　高).mp3,ウィンドチャイム04/ウィンドチャイム03-21(リバーブ　速い　上昇　高).mp3,10.160136054421768,0.16933560090702945,extracted
otologic_sounds_smart/Instruments Wind_Chimes,ウィンドチャイム03-23(リバーブ　速い　下降　低).mp3,ウィンドチャイム04/ウィンドチャイム03-23(リバーブ　速い　下降　低).mp3,12.06859410430839,0.2011432350718065,extracted
otologic_sounds_smart/Instruments Wind_Chimes,ウィンドチャイム03-16(リバーブ　遅い　下降　ワイド).mp3,ウィンドチャイム04/ウィンドチャイム03-16(リバーブ　遅い　下降　ワイド).mp3,13.789863945578231,0.2298310657596372,extracted
otologic_sounds_smart/Instruments Wind_Chimes,ウィンドチャイム03-20(リバーブ　速い　上昇　低).mp3,ウィンドチャイム04/ウィンドチャイム03-20(リバーブ　速い　上昇　低).mp3,11.760498866213151,0.19600831443688585,extracted
otologic_sounds_smart/Instruments Wind_Chimes,ウィンドチャイム03-15(リバーブ　遅い　上昇　高).mp3,ウィンドチャイム04/ウィンドチャイム03-15(リバーブ　遅い　上昇　高).mp3,10.677437641723357,0.1779572940287226,extracted
otologic_sounds_smart/Instruments Wind_Chimes,ウィンドチャイム04-4(リバーブ　短).mp3,効果音＞楽器・ウィンドチャイム/ウィンドチャイム04-4(リバーブ　短).mp3,11.822562358276643,0.1970427059712774,extracted
otologic_sounds_smart/Instruments Wind_Chimes,ウィンドチャイム03-01(遅い　上昇　ワイド).mp3,効果音＞楽器・ウィンドチャイム/ウィンドチャイム03-01(遅い　上昇　ワイド).mp3,9.741904761904761,0.16236507936507935,extracted
otologic_sounds_smart/Instruments Wind_Chimes,ウィンドチャイム03-02(遅い　上昇　低).mp3,効果音＞楽器・ウィンドチャイム/ウィンドチャイム03-02(遅い　上昇　低).mp3,9.164263038548754,0.1527377173091459,extracted
otologic_sounds_smart/Instruments Wind_Chimes,ウィンドチャイム05-3(長).mp3,効果音＞楽器・ウィンドチャイム/ウィンドチャイム05-3(長).mp3,8.904081632653062,0.1484013605442177,extracted
otologic_sounds_smart/Instruments Wind_Chimes,ウィンドチャイム04-3(長).mp3,効果音＞楽器・ウィンドチャイム/ウィンドチャイム04-3(長).mp3,28.52015873015873,0.47533597883597883,extracted
otologic_sounds_smart/Instruments Wind_Chimes,ウィンドチャイム04-5(リバーブ　中).mp3,効果音＞楽器・ウィンドチャイム/ウィンドチャイム04-5(リバーブ　中).mp3,15.316281179138322,0.2552713529856387,extracted
otologic_sounds_smart/Instruments Wind_Chimes,ウィンドチャイム04-2(中).mp3,効果音＞楽器・ウィンドチャイム/ウィンドチャイム04-2(中).mp3,14.642403628117913,0.2440400604686319,extracted
otologic_sounds_smart/Instruments Wind_Chimes,ウィンドチャイム04-1(短).mp3,効果音＞楽器・ウィンドチャイム/ウィンドチャイム04-1(短).mp3,10.77281179138322,0.17954686318972032,extracted
otologic_sounds_smart/Instruments Wind_Chimes,ウィンドチャイム05-2(短).mp3,効果音＞楽器・ウィンドチャイム/ウィンドチャイム05-2(短).mp3,5.646326530612245,0.09410544217687075,extracted
otologic_sounds_smart/Instruments Wind_Chimes,ウィンドチャイム05-1(中).mp3,効果音＞楽器・ウィンドチャイム/ウィンドチャイム05-1(中).mp3,7.442403628117914,0.12404006046863189,extracted
otologic_sounds_smart/Instruments Wind_Chimes,ウィンドチャイム04-6(リバーブ　長).mp3,効果音＞楽器・ウィンドチャイム/ウィンドチャイム04-6(リバーブ　長).mp3,28.88,0.48133333333333334,extracted
otologic_sounds_smart/Instruments Wind_Chimes,クラスターチャイム01-09(リバーブ　長).mp3,クラスターチャイム01/クラスターチャイム01-09(リバーブ　長).mp3,22.944331065759638,0.38240551776266063,extracted
otologic_sounds_smart/Instruments Wind_Chimes,クラスターチャイム01-06(弱　長).mp3,クラスターチャイム01/クラスターチャイム01-06(弱　長).mp3,19.933968253968253,0.3322328042328042,extracted
otologic_sounds_smart/Instruments Wind_Chimes,クラスターチャイム01-10(リバーブ　弱　短).mp3,クラスターチャイム01/クラスターチャイム01-10(リバーブ　弱　短).mp3,12.831156462585033,0.21385260770975056,extracted
otologic_sounds_smart/Instruments Wind_Chimes,クラスターチャイム01-11(リバーブ　弱　短).mp3,クラスターチャイム01/クラスターチャイム01-11(リバーブ　弱　短).mp3,9.99108843537415,0.16651814058956918,extracted
otologic_sounds_smart/Instruments Wind_Chimes,クラスターチャイム01-07(リバーブ　短).mp3,クラスターチャイム01/クラスターチャイム01-07(リバーブ　短).mp3,13.022199546485261,0.2170366591080877,extracted
otologic_sounds_smart/Instruments Wind_Chimes,クラスターチャイム01-02(短).mp3,クラスターチャイム01/クラスターチャイム01-02(短).mp3,11.779455782312926,0.19632426303854877,extracted
otologic_sounds_smart/Instruments Wind_Chimes,クラスターチャイム01-04(弱　短).mp3,クラスターチャイム01/クラスターチャイム01-04(弱　短).mp3,12.181337868480725,0.2030222978080121,extracted
otologic_sounds_smart/Instruments Wind_Chimes,クラスターチャイム01-05(弱　短).mp3,クラスターチャイム01/クラスターチャイム01-05(弱　短).mp3,9.807437641723356,0.16345729402872258,extracted
otologic_sounds_smart/Instruments Wind_Chimes,クラスターチャイム01-03(長).mp3,クラスターチャイム01/クラスターチャイム01-03(長).mp3,22.450816326530614,0.3741802721088436,extracted
otologic_sounds_smart/Instruments Wind_Chimes,クラスターチャイム01-12(リバーブ　弱　長).mp3,クラスターチャイム01/クラスターチャイム01-12(リバーブ　弱　長).mp3,20.903696145124716,0.3483949357520786,extracted
otologic_sounds_smart/Instruments Wind_Chimes,クラスターチャイム01-08(リバーブ　短).mp3,クラスターチャイム01/クラスターチャイム01-08(リバーブ　短).mp3,12.335555555555555,0.20559259259259258,extracted
otologic_sounds_smart/Audio_Equipment,ポータブルステレオ　駆動音02-01(CD　再生　停止).mp3,ポータブルMD　駆動音01/ポータブルステレオ　駆動音02-01(CD　再生　停止).mp3,15.904897959183673,0.2650816326530612,extracted
otologic_sounds_smart/Audio_Equipment,ポータブルステレオ　駆動音01-4(テープ　巻き戻し　停止).mp3,ポータブルCD　駆動音01/ポータブルステレオ　駆動音01-4(テープ　巻き戻し　停止).mp3,10.449637188208618,0.17416061980347697,extracted
otologic_sounds_smart/Audio_Equipment,ポータブルステレオ　駆動音01-1(テープ　再生　停止).mp3,ポータブルCD　駆動音01/ポータブルステレオ　駆動音01-1(テープ　再生　停止).mp3,13.267301587301587,0.2211216931216931,extracted
otologic_sounds_smart/Audio_Equipment,ポータブルステレオ　駆動音02-06(MD　ローディング).mp3,ポータブルCD　駆動音01/ポータブルステレオ　駆動音02-06(MD　ローディング).mp3,9.448253968253969,0.15747089947089948,extracted
otologic_sounds_smart/Audio_Equipment,ポータブルステレオ　駆動音01-3(テープ　巻き戻し　停止).mp3,ポータブルCD　駆動音01/ポータブルステレオ　駆動音01-3(テープ　巻き戻し　停止).mp3,10.522675736961451,0.17537792894935753,extracted
otologic_sounds_smart/Audio_Equipment,ポータブルステレオ　駆動音02-07(MD　再生　停止).mp3,ポータブルCD　駆動音01/ポータブルステレオ　駆動音02-07(MD　再生　停止).mp3,27.84589569160998,0.464098261526833,extracted
otologic_sounds_smart/Audio_Equipment,ポータブルステレオ　駆動音01-5(CD　再生　停止).mp3,ポータブルCD　駆動音01/ポータブルステレオ　駆動音01-5(CD　再生　停止).mp3,19.25734693877551,0.32095578231292515,extracted
otologic_sounds_smart/Audio_Equipment,ポータブルステレオ　駆動音02-05(CD　サーチ).mp3,ポータブルCD　駆動音01/ポータブルステレオ　駆動音02-05(CD　サーチ).mp3,11.522154195011337,0.19203590325018896,extracted
otologic_sounds_smart/Audio_Equipment,ポータブルステレオ　駆動音02-11(MD　サーチ).mp3,ポータブルCD　駆動音01/ポータブルステレオ　駆動音02-11(MD　サーチ).mp3,12.894285714285715,0.2149047619047619,extracted
otologic_sounds_smart/Audio_Equipment,ポータブルステレオ　駆動音01-2(テープ　早送り　停止).mp3,ポータブルCD　駆動音01/ポータブルステレオ　駆動音01-2(テープ　早送り　停止).mp3,11.104285714285714,0.18507142857142858,extracted
otologic_sounds_smart/Audio_Equipment,ラジオ　シグナルノイズ01-07(AM).mp3,ラジオ　シグナルノイズ02/ラジオ　シグナルノイズ01-07(AM).mp3,9.912426303854875,0.16520710506424793,extracted
otologic_sounds_smart/Audio_Equipment,ラジオ　シグナルノイズ01-14(遠い　AM).mp3,ラジオ　シグナルノイズ02/ラジオ　シグナルノイズ01-14(遠い　AM).mp3,9.912426303854875,0.16520710506424793,extracted
otologic_sounds_smart/Audio_Equipment,ラジオ　シグナルノイズ01-06(AM).mp3,ラジオ　シグナルノイズ02/ラジオ　シグナルノイズ01-06(AM).mp3,10.462607709750566,0.17437679516250942,extracted
otologic_sounds_smart/Audio_Equipment,ラジオ　シグナルノイズ01-11(遠い　AM).mp3,ラジオ　シグナルノイズ02/ラジオ　シグナルノイズ01-11(遠い　AM).mp3,10.643786848072562,0.17739644746787603,extracted
otologic_sounds_smart/Audio_Equipment,ラジオ　シグナルノイズ01-13(遠い　AM).mp3,ラジオ　シグナルノイズ02/ラジオ　シグナルノイズ01-13(遠い　AM).mp3,10.462607709750566,0.17437679516250942,extracted
otologic_sounds_smart/Audio_Equipment,ラジオ　シグナルノイズ01-08(遠い　FM).mp3,ラジオ　シグナルノイズ02/ラジオ　シグナルノイズ01-08(遠い　FM).mp3,10.356757369614513,0.17261262282690856,extracted
otologic_sounds_smart/Audio_Equipment,ラジオ　シグナルノイズ01-09(遠い　FM).mp3,ラジオ　シグナルノイズ02/ラジオ　シグナルノイズ01-09(遠い　FM).mp3,10.649274376417234,0.17748790627362057,extracted
otologic_sounds_smart/Audio_Equipment,ラジオ　シグナルノイズ01-12(遠い　AM).mp3,ラジオ　シグナルノイズ02/ラジオ　シグナルノイズ01-12(遠い　AM).mp3,11.578888888888889,0.19298148148148148,extracted
otologic_sounds_smart/Audio_Equipment,ラジオ　シグナルノイズ01-10(遠い　FM).mp3,ラジオ　シグナルノイズ02/ラジオ　シグナルノイズ01-10(遠い　FM).mp3,10.468117913832199,0.17446863189720332,extracted
otologic_sounds_smart/Audio_Equipment,ラジオ　シグナルノイズ02-07(遠い　FM).mp3,効果音＞オーディオ機器/ラジオ　シグナルノイズ02-07(遠い　FM).mp3,10.974739229024943,0.18291232048374903,extracted
otologic_sounds_smart/Audio_Equipment,ラジオ　シグナルノイズ02-11(遠い　AM).mp3,効果音＞オーディオ機器/ラジオ　シグナルノイズ02-11(遠い　AM).mp3,10.395804988662132,0.1732634164777022,extracted
otologic_sounds_smart/Audio_Equipment,ラジオ　シグナルノイズ02-01(FM).mp3,効果音＞オーディオ機器/ラジオ　シグナルノイズ02-01(FM).mp3,10.974739229024943,0.18291232048374903,extracted
otologic_sounds_smart/Audio_Equipment,ラジオ　シグナルノイズ02-03(FM).mp3,効果音＞オーディオ機器/ラジオ　シグナルノイズ02-03(FM).mp3,10.603038548752835,0.17671730914588057,extracted
otologic_sounds_smart/Audio_Equipment,ラジオ　シグナルノイズ01-04(AM).mp3,効果音＞オーディオ機器/ラジオ　シグナルノイズ01-04(AM).mp3,10.643786848072562,0.17739644746787603,extracted
otologic_sounds_smart/Audio_Equipment,ラジオ　シグナルノイズ02-08(遠い　FM).mp3,効果音＞オーディオ機器/ラジオ　シグナルノイズ02-08(遠い　FM).mp3,10.827777777777778,0.18046296296296296,extracted
otologic_sounds_smart/Audio_Equipment,ラジオ　シグナルノイズ01-05(AM).mp3,効果音＞オーディオ機器/ラジオ　シグナルノイズ01-05(AM).mp3,11.578888888888889,0.19298148148148148,extracted
otologic_sounds_smart/Audio_Equipment,ラジオ　シグナルノイズ02-02(FM).mp3,効果音＞オーディオ機器/ラジオ　シグナルノイズ02-02(FM).mp3,10.827777777777778,0.18046296296296296,extracted
otologic_sounds_smart/Audio_Equipment,ラジオ　シグナルノイズ01-02(FM).mp3,効果音＞オーディオ機器/ラジオ　シグナルノイズ01-02(FM).mp3,10.649274376417234,0.17748790627362057,extracted
otologic_sounds_smart/Audio_Equipment,ラジオ　シグナルノイズ02-05(AM).mp3,効果音＞オーディオ機器/ラジオ　シグナルノイズ02-05(AM).mp3,10.395804988662132,0.1732634164777022,extracted
otologic_sounds_smart/Audio_Equipment,ラジオ　シグナルノイズ02-04(AM).mp3,効果音＞オーディオ機器/ラジオ　シグナルノイズ02-04(AM).mp3,10.533877551020408,0.17556462585034013,extracted
otologic_sounds_smart/Audio_Equipment,ラジオ　シグナルノイズ01-03(FM).mp3,効果音＞オーディオ機器/ラジオ　シグナルノイズ01-03(FM).mp3,10.468117913832199,0.17446863189720332,extracted
otologic_sounds_smart/Audio_Equipment,ラジオ　シグナルノイズ02-10(遠い　AM).mp3,効果音＞オーディオ機器/ラジオ　シグナルノイズ02-10(遠い　AM).mp3,10.533877551020408,0.17556462585034013,extracted
otologic_sounds_smart/Audio_Equipment,ラジオ　シグナルノイズ01-01(FM).mp3,効果音＞オーディオ機器/ラジオ　シグナルノイズ01-01(FM).mp3,10.356757369614513,0.17261262282690856,extracted
otologic_sounds_smart/Audio_Equipment,ラジオ　シグナルノイズ02-06(AM).mp3,効果音＞オーディオ機器/ラジオ　シグナルノイズ02-06(AM).mp3,10.279818594104308,0.17133030990173845,extracted
otologic_sounds_smart/Audio_Equipment,ラジオ　シグナルノイズ02-09(遠い　FM).mp3,効果音＞オーディオ機器/ラジオ　シグナルノイズ02-09(遠い　FM).mp3,10.603038548752835,0.17671730914588057,extracted
otologic_sounds_smart/Audio_Equipment,ラジオ　シグナルノイズ02-12(遠い　AM).mp3,効果音＞オーディオ機器/ラジオ　シグナルノイズ02-12(遠い　AM).mp3,10.279818594104308,0.17133030990173845,extracted
otologic_sounds_smart/Audio_Equipment,ポータブルMD　駆動音01-4(シーク).mp3,ポータブルカセット　駆動音01/ポータブルMD　駆動音01-4(シーク).mp3,8.875736961451247,0.1479289493575208,extracted
otologic_sounds_smart/Audio_Equipment,ポータブルMD　駆動音01-5(シーク).mp3,ポータブルカセット　駆動音01/ポータブルMD　駆動音01-5(シーク).mp3,11.813446712018141,0.19689077853363568,extracted
otologic_sounds_smart/Audio_Equipment,ポータブルMD　駆動音01-1(再生).mp3,ポータブルカセット　駆動音01/ポータブルMD　駆動音01-1(再生).mp3,12.392721088435374,0.20654535147392292,extracted
otologic_sounds_smart/Audio_Equipment,ポータブルカセット　駆動音01-1(再生　停止).mp3,ポータブルカセット　駆動音01/ポータブルカセット　駆動音01-1(再生　停止).mp3,20.921746031746032,0.3486957671957672,extracted
otologic_sounds_smart/Audio_Equipment,ポータブルCD　駆動音01-1(ローディング).mp3,ポータブルカセット　駆動音01/ポータブルCD　駆動音01-1(ローディング).mp3,16.89154195011338,0.2815256991685563,extracted
otologic_sounds_smart/Audio_Equipment,ポータブルMD　駆動音01-3(シーク).mp3,ポータブルカセット　駆動音01/ポータブルMD　駆動音01-3(シーク).mp3,8.617414965986395,0.1436235827664399,extracted
otologic_sounds_smart/Audio_Equipment,ポータブルMD　駆動音01-6(サーチ).mp3,ポータブルカセット　駆動音01/ポータブルMD　駆動音01-6(サーチ).mp3,15.818888888888889,0.26364814814814813,extracted
otologic_sounds_smart/Audio_Equipment,ポータブルカセット　駆動音01-2(早送り　停止).mp3,ポータブルカセット　駆動音01/ポータブルカセット　駆動音01-2(早送り　停止).mp3,10.744308390022676,0.17907180650037793,extracted
otologic_sounds_smart/Audio_Equipment,ポータブルカセット　駆動音01-3(巻き戻し　停止).mp3,ポータブルカセット　駆動音01/ポータブルカセット　駆動音01-3(巻き戻し　停止).mp3,11.37795918367347,0.1896326530612245,extracted
otologic_sounds_smart/Audio_Equipment,ポータブルCD　駆動音01-2(再生　停止).mp3,ポータブルカセット　駆動音01/ポータブルCD　駆動音01-2(再生　停止).mp3,34.38410430839002,0.5730684051398337,extracted
otologic_sounds_smart/Audio_Equipment,ポータブルカセット　駆動音01-4(巻き戻し　停止).mp3,ポータブルカセット　駆動音01/ポータブルカセット　駆動音01-4(巻き戻し　停止).mp3,14.320158730158731,0.23866931216931217,extracted
otologic_sounds_smart/Scene_Change,場面展開07-08(低　下降　遅い).mp3,場面展開07/場面展開07-08(低　下降　遅い).mp3,5.7227891156462585,0.09537981859410431,extracted
otologic_sounds_smart/Scene_Change,場面展開07-07(低　上昇　遅い).mp3,場面展開07/場面展開07-07(低　上昇　遅い).mp3,5.35249433106576,0.089208238851096,extracted
otologic_sounds_smart/Scene_Change,場面展開07-06(高　下降　遅い).mp3,場面展開07/場面展開07-06(高　下降　遅い).mp3,5.862585034013605,0.09770975056689342,extracted
otologic_sounds_smart/Scene_Change,場面展開07-05(高　上昇　遅い).mp3,場面展開07/場面展開07-05(高　上昇　遅い).mp3,5.57562358276644,0.092927059712774,extracted
otologic_sounds_smart/Scene_Change,場面展開07-03(低　上昇).mp3,場面展開08/場面展開07-03(低　上昇).mp3,5.263401360544218,0.08772335600907029,extracted
otologic_sounds_smart/Scene_Change,場面展開07-02(高　下降).mp3,場面展開08/場面展開07-02(高　下降).mp3,6.120770975056689,0.10201284958427816,extracted
otologic_sounds_smart/Scene_Change,場面展開07-04(低　下降).mp3,場面展開08/場面展開07-04(低　下降).mp3,5.415578231292517,0.0902596371882086,extracted
otologic_sounds_smart/Retroanimeexplosion,レトロアニメ　爆発05-2(高　長).mp3,効果音＞レトロアニメ・爆発/レトロアニメ　爆発05-2(高　長).mp3,5.031723356009071,0.08386205593348452,extracted
otologic_sounds_smart/Retroanimeexplosion,レトロアニメ　爆発05-4(低　長).mp3,効果音＞レトロアニメ・爆発/レトロアニメ　爆発05-4(低　長).mp3,5.370113378684807,0.08950188964474678,extracted
otologic_sounds_smart/Retroanimeexplosion,レトロアニメ　爆発02-3(低1).mp3,レトロアニメ　爆発02/レトロアニメ　爆発02-3(低1).mp3,5.107414965986394,0.0851235827664399,extracted
otologic_sounds_smart/Retroanimeexplosion,レトロアニメ　爆発02-4(低2).mp3,レトロアニメ　爆発02/レトロアニメ　爆発02-4(低2).mp3,5.054761904761905,0.08424603174603175,extracted
otologic_sounds_smart/Retroanimeexplosion,レトロアニメ　爆発01-1(低　長).mp3,レトロアニメ　爆発02/レトロアニメ　爆発01-1(低　長).mp3,10.854875283446711,0.18091458805744517,extracted
otologic_sounds_smart/Retroanimeexplosion,レトロアニメ　爆発04-3(低　長).mp3,レトロアニメ　爆発05/レトロアニメ　爆発04-3(低　長).mp3,8.093401360544219,0.13489002267573696,extracted
otologic_sounds_smart/Retroanimeexplosion,レトロアニメ　爆発04-1(高　長).mp3,レトロアニメ　爆発05/レトロアニメ　爆発04-1(高　長).mp3,7.078163265306123,0.11796938775510205,extracted
otologic_sounds_smart/Retroanimeexplosion,レトロアニメ　爆発04-4(低　短).mp3,レトロアニメ　爆発05/レトロアニメ　爆発04-4(低　短).mp3,7.130045351473923,0.11883408919123205,extracted
otologic_sounds_smart/Retroanimeexplosion,レトロアニメ　爆発04-2(高　短).mp3,レトロアニメ　爆発05/レトロアニメ　爆発04-2(高　短).mp3,6.261700680272109,0.10436167800453515,extracted
otologic_sounds_smart/Retroanimeexplosion,レトロアニメ　爆発01-3(高　長).mp3,レトロアニメ　爆発01/レトロアニメ　爆発01-3(高　長).mp3,9.398367346938775,0.15663945578231292,extracted
otologic_sounds_smart/Pocket Watch,懐中時計01-03(チクタク　机　裏蓋開).mp3,懐中時計02/懐中時計01-03(チクタク　机　裏蓋開).mp3,10.8,0.18000000000000002,extracted
otologic_sounds_smart/Pocket Watch,懐中時計01-02(チクタク　机).mp3,懐中時計02/懐中時計01-02(チクタク　机).mp3,10.8,0.18000000000000002,extracted
otologic_sounds_smart/Pocket Watch,懐中時計01-01(チクタク　手).mp3,懐中時計02/懐中時計01-01(チクタク　手).mp3,10.4,0.17333333333333334,extracted
otologic_sounds_smart/Pocket Watch,懐中時計01-05(巻き上げる　逆).mp3,懐中時計02/懐中時計01-05(巻き上げる　逆).mp3,5.6952154195011335,0.09492025699168556,extracted
otologic_sounds_smart/Pocket Watch,懐中時計02-01(チクタク　手　蓋開).mp3,効果音＞懐中時計/懐中時計02-01(チクタク　手　蓋開).mp3,10.0,0.16666666666666666,extracted
otologic_sounds_smart/Pocket Watch,懐中時計02-04(チクタク　机　蓋閉).mp3,効果音＞懐中時計/懐中時計02-04(チクタク　机　蓋閉).mp3,10.0,0.16666666666666666,extracted
otologic_sounds_smart/Pocket Watch,懐中時計02-05(巻き上げる).mp3,効果音＞懐中時計/懐中時計02-05(巻き上げる).mp3,5.028163265306122,0.08380272108843537,extracted
otologic_sounds_smart/Pocket Watch,懐中時計02-03(チクタク　机　蓋開).mp3,効果音＞懐中時計/懐中時計02-03(チクタク　机　蓋開).mp3,10.0,0.16666666666666666,extracted
otologic_sounds_smart/Pocket Watch,懐中時計02-02(チクタク　手　蓋閉).mp3,効果音＞懐中時計/懐中時計02-02(チクタク　手　蓋閉).mp3,10.0,0.16666666666666666,extracted
otologic_sounds_smart/Buzzers,電磁ブザー03-7(ドライ　長).mp3,電磁ブザー03/電磁ブザー03-7(ドライ　長).mp3,6.246643990929705,0.10411073318216175,extracted
otologic_sounds_smart/Buzzers,電磁ブザー02-01(ホール).mp3,電磁ブザー03/電磁ブザー02-01(ホール).mp3,5.157052154195012,0.08595086923658353,extracted
otologic_sounds_smart/Buzzers,電磁ブザー05-10(ドライ　長).mp3,電磁ブザー05/電磁ブザー05-10(ドライ　長).mp3,5.343673469387755,0.08906122448979592,extracted
otologic_sounds_smart/Buzzers,電磁ブザー01-01(ホール).mp3,電磁ブザー02/電磁ブザー01-01(ホール).mp3,5.1460090702947845,0.08576681783824641,extracted
otologic_sounds_smart/Buzzers,電磁ブザー02-10(ドライ　長).mp3,電磁ブザー02/電磁ブザー02-10(ドライ　長).mp3,6.015850340136055,0.1002641723356009,extracted
otologic_sounds_smart/Buzzers,電磁ブザー01-10(ドライ　長).mp3,電磁ブザー01/電磁ブザー01-10(ドライ　長).mp3,5.445351473922902,0.09075585789871504,extracted
otologic_sounds_smart/Buzzers,電磁ブザー06-10(ドライ　長).mp3,電磁ブザー06/電磁ブザー06-10(ドライ　長).mp3,5.347800453514739,0.08913000755857899,extracted
otologic_sounds_smart/Retroanimeothers,レトロアニメ　ジェット04-2(低　長).mp3,レトロアニメ　ジェット05/レトロアニメ　ジェット04-2(低　長).mp3,14.157233560090702,0.23595389266817837,extracted
otologic_sounds_smart/Retroanimeothers,レトロアニメ　ジェット04-3(高　短).mp3,レトロアニメ　ジェット05/レトロアニメ　ジェット04-3(高　短).mp3,8.183696145124717,0.13639493575207862,extracted
otologic_sounds_smart/Retroanimeothers,レトロアニメ　ジェット04-1(低　短).mp3,レトロアニメ　ジェット05/レトロアニメ　ジェット04-1(低　短).mp3,10.266122448979592,0.17110204081632654,extracted
otologic_sounds_smart/Retroanimeothers,レトロアニメ　ジェット04-4(高　長).mp3,レトロアニメ　ジェット05/レトロアニメ　ジェット04-4(高　長).mp3,11.380476190476191,0.1896746031746032,extracted
otologic_sounds_smart/Retroanimeothers,レトロアニメ　ジェット01-7(高　近).mp3,レトロアニメ　ジェット02/レトロアニメ　ジェット01-7(高　近).mp3,61.73997732426304,1.0289996220710507,extracted
otologic_sounds_smart/Retroanimeothers,レトロアニメ　ジェット01-6(低　遠).mp3,レトロアニメ　ジェット02/レトロアニメ　ジェット01-6(低　遠).mp3,61.41133786848073,1.023522297808012,extracted
otologic_sounds_smart/Retroanimeothers,レトロアニメ　ジェット01-5(低　近).mp3,レトロアニメ　ジェット02/レトロアニメ　ジェット01-5(低　近).mp3,61.41133786848073,1.023522297808012,extracted
otologic_sounds_smart/Retroanimeothers,レトロアニメ　ジェット01-1(低　近).mp3,レトロアニメ　ジェット03/レトロアニメ　ジェット01-1(低　近).mp3,61.519727891156464,1.0253287981859411,extracted
otologic_sounds_smart/Retroanimeothers,レトロアニメ　ジェット01-2(低　遠).mp3,レトロアニメ　ジェット03/レトロアニメ　ジェット01-2(低　遠).mp3,61.519727891156464,1.0253287981859411,extracted
otologic_sounds_smart/Retroanimeothers,レトロアニメ　ジェット01-3(高　近).mp3,レトロアニメ　ジェット03/レトロアニメ　ジェット01-3(高　近).mp3,61.5874149659864,1.0264569160997732,extracted
otologic_sounds_smart/Retroanimeothers,レトロアニメ　ジェット01-4(高　遠).mp3,レトロアニメ　ジェット03/レトロアニメ　ジェット01-4(高　遠).mp3,61.5874149659864,1.0264569160997732,extracted
otologic_sounds_smart/Retroanimeothers,レトロアニメ　ジェット03-1(近).mp3,レトロアニメ　ジェット04/レトロアニメ　ジェット03-1(近).mp3,24.20995464852608,0.4034992441421013,extracted
otologic_sounds_smart/Retroanimeothers,レトロアニメ　ジェット02-1(近).mp3,レトロアニメ　ジェット04/レトロアニメ　ジェット02-1(近).mp3,32.95022675736961,0.5491704459561603,extracted
otologic_sounds_smart/Retroanimeothers,レトロアニメ　ジェット03-2(遠).mp3,レトロアニメ　ジェット04/レトロアニメ　ジェット03-2(遠).mp3,24.88281179138322,0.414713529856387,extracted
otologic_sounds_smart/Retroanimeothers,レトロアニメ　ジェット02-2(遠).mp3,レトロアニメ　ジェット04/レトロアニメ　ジェット02-2(遠).mp3,32.899637188208615,0.5483272864701436,extracted
otologic_sounds_smart/Retroanimeothers,レトロアニメ　キャタピラ01-4(高).mp3,レトロアニメ　キャタピラ01/レトロアニメ　キャタピラ01-4(高).mp3,10.823333333333334,0.1803888888888889,extracted
otologic_sounds_smart/Retroanimeothers,レトロアニメ　キャタピラ01-3(高).mp3,レトロアニメ　キャタピラ01/レトロアニメ　キャタピラ01-3(高).mp3,18.998526077097505,0.3166421012849584,extracted
otologic_sounds_smart/Retroanimeothers,レトロアニメ　キャタピラ01-2(低).mp3,レトロアニメ　ジェット01/レトロアニメ　キャタピラ01-2(低).mp3,12.21297052154195,0.20354950869236582,extracted
otologic_sounds_smart/Retroanimeothers,レトロアニメ　ジェット01-8(高　遠).mp3,レトロアニメ　ジェット01/レトロアニメ　ジェット01-8(高　遠).mp3,61.73997732426304,1.0289996220710507,extracted
otologic_sounds_smart/Retroanimeothers,レトロアニメ　キャタピラ01-1(低).mp3,レトロアニメ　ジェット01/レトロアニメ　キャタピラ01-1(低).mp3,21.49244897959184,0.3582074829931973,extracted
otologic_sounds_smart/Retroanimeothers,レトロアニメ　ジェット05-1(高　長).mp3,効果音＞レトロアニメ・その他/レトロアニメ　ジェット05-1(高　長).mp3,6.158571428571428,0.10264285714285713,extracted
otologic_sounds_smart/Retroanimeothers,レトロアニメ　ジェット05-3(低　長).mp3,効果音＞レトロアニメ・その他/レトロアニメ　ジェット05-3(低　長).mp3,7.070226757369615,0.11783711262282691,extracted
otologic_sounds_smart/Parody Accent,パロディーアクセント02-2(ディレイ).mp3,パロディーアクセント02/パロディーアクセント02-2(ディレイ).mp3,5.778866213151927,0.09631443688586545,extracted
otologic_sounds_smart/Handclap Yell,手拍子02-4(ドライ　中).mp3,手拍子01/手拍子02-4(ドライ　中).mp3,15.234648526077098,0.25391080876795163,extracted
otologic_sounds_smart/Handclap Yell,手拍子02-6(ドライ　遅い).mp3,手拍子01/手拍子02-6(ドライ　遅い).mp3,21.08,0.35133333333333333,extracted
otologic_sounds_smart/Handclap Yell,手拍子02-5(ドライ　速い).mp3,手拍子01/手拍子02-5(ドライ　速い).mp3,9.576916099773243,0.15961526832955406,extracted
otologic_sounds_smart/Handclap Yell,手拍子02-1(中).mp3,手拍子02/手拍子02-1(中).mp3,14.077324263038548,0.23462207105064248,extracted
otologic_sounds_smart/Handclap Yell,手拍子02-2(速い).mp3,手拍子02/手拍子02-2(速い).mp3,8.77265306122449,0.1462108843537415,extracted
otologic_sounds_smart/Handclap Yell,手拍子02-3(遅い).mp3,手拍子02/手拍子02-3(遅い).mp3,19.63875283446712,0.32731254724111863,extracted
otologic_sounds_smart/Handclap Yell,手拍子01-1(速い).mp3,手拍子　シンセ02/手拍子01-1(速い).mp3,5.626530612244898,0.09377551020408163,extracted
otologic_sounds_smart/Handclap Yell,手拍子01-2(遅い).mp3,手拍子　シンセ02/手拍子01-2(遅い).mp3,7.596031746031746,0.1266005291005291,extracted
otologic_sounds_smart/Handclap Yell,手拍子04-6(遠い　遅い).mp3,手拍子04/手拍子04-6(遠い　遅い).mp3,36.14047619047619,0.6023412698412699,extracted
otologic_sounds_smart/Handclap Yell,手拍子04-5(遠い　速い).mp3,手拍子04/手拍子04-5(遠い　速い).mp3,13.220612244897959,0.22034353741496598,extracted
otologic_sounds_smart/Handclap Yell,手拍子04-4(遠い　中).mp3,手拍子04/手拍子04-4(遠い　中).mp3,15.77843537414966,0.26297392290249433,extracted
otologic_sounds_smart/Handclap Yell,手拍子03-1(中).mp3,手拍子03/手拍子03-1(中).mp3,18.886507936507936,0.31477513227513226,extracted
otologic_sounds_smart/Handclap Yell,手拍子03-3(遅い).mp3,手拍子03/手拍子03-3(遅い).mp3,24.775238095238095,0.4129206349206349,extracted
otologic_sounds_smart/Handclap Yell,手拍子03-2(速い).mp3,手拍子03/手拍子03-2(速い).mp3,13.933333333333334,0.23222222222222222,extracted
otologic_sounds_smart/Handclap Yell,手拍子04-1(中).mp3,効果音＞手拍子/手拍子04-1(中).mp3,16.121904761904762,0.2686984126984127,extracted
otologic_sounds_smart/Handclap Yell,手拍子04-2(速い).mp3,効果音＞手拍子/手拍子04-2(速い).mp3,13.278707482993198,0.22131179138321996,extracted
otologic_sounds_smart/Handclap Yell,手拍子04-3(遅い).mp3,効果音＞手拍子/手拍子04-3(遅い).mp3,36.215555555555554,0.6035925925925926,extracted
otologic_sounds_smart/Single Accent,シングルアクセント07-3(低　ディレイ).mp3,シングルアクセント09/シングルアクセント07-3(低　ディレイ).mp3,6.822630385487528,0.11371050642479213,extracted
otologic_sounds_smart/Single Accent,シングルアクセント07-4(高　ディレイ).mp3,シングルアクセント09/シングルアクセント07-4(高　ディレイ).mp3,6.747369614512472,0.11245616024187453,extracted
otologic_sounds_smart/Single Accent,シングルアクセント06-5(シングル　ディレイ).mp3,シングルアクセント07/シングルアクセント06-5(シングル　ディレイ).mp3,6.400408163265306,0.1066734693877551,extracted
otologic_sounds_smart/Single Accent,シングルアクセント06-6(マルチ　ディレイ).mp3,シングルアクセント07/シングルアクセント06-6(マルチ　ディレイ).mp3,6.1426757369614515,0.10237792894935753,extracted
otologic_sounds_smart/Single Accent,シングルアクセント11-1(低).mp3,シングルアクセント13/シングルアクセント11-1(低).mp3,5.344444444444444,0.08907407407407407,extracted
otologic_sounds_smart/Single Accent,シングルアクセント10-3(ディレイ).mp3,シングルアクセント12/シングルアクセント10-3(ディレイ).mp3,8.178775510204082,0.13631292517006802,extracted
otologic_sounds_smart/Single Accent,シングルアクセント04-1(高).mp3,シングルアクセント04/シングルアクセント04-1(高).mp3,5.726734693877551,0.09544557823129253,extracted
otologic_sounds_smart/Single Accent,シングルアクセント04-2(低).mp3,シングルアクセント04/シングルアクセント04-2(低).mp3,6.872879818594105,0.11454799697656841,extracted
otologic_sounds_smart/Single Accent,シングルアクセント03-2(ディレイ).mp3,シングルアクセント03/シングルアクセント03-2(ディレイ).mp3,5.252018140589569,0.08753363567649282,extracted
otologic_sounds_smart/Single Accent,シングルアクセント18-3(低).mp3,シングルアクセント18/シングルアクセント18-3(低).mp3,5.57702947845805,0.09295049130763416,extracted
otologic_sounds_smart/Radio Communication,モールス信号02-4(遅　ノイズ).mp3,効果音＞無線通信/モールス信号02-4(遅　ノイズ).mp3,32.537301587301585,0.5422883597883598,extracted
otologic_sounds_smart/Radio Communication,モールス信号01-2(遅).mp3,効果音＞無線通信/モールス信号01-2(遅).mp3,37.37106575963719,0.6228510959939532,extracted
otologic_sounds_smart/Radio Communication,モールス信号02-1(速).mp3,効果音＞無線通信/モールス信号02-1(速).mp3,18.675396825396824,0.31125661375661373,extracted
otologic_sounds_smart/Radio Communication,モールス信号01-4(遅　キーノイズ).mp3,効果音＞無線通信/モールス信号01-4(遅　キーノイズ).mp3,37.63789115646259,0.6272981859410431,extracted
otologic_sounds_smart/Radio Communication,モールス信号01-1(速).mp3,効果音＞無線通信/モールス信号01-1(速).mp3,25.143673469387757,0.41906122448979594,extracted
otologic_sounds_smart/Radio Communication,モールス信号02-2(遅).mp3,効果音＞無線通信/モールス信号02-2(遅).mp3,31.669138321995465,0.5278189720332578,extracted
otologic_sounds_smart/Radio Communication,モールス信号01-3(速　キーノイズ).mp3,効果音＞無線通信/モールス信号01-3(速　キーノイズ).mp3,25.17126984126984,0.419521164021164,extracted
otologic_sounds_smart/Radio Communication,モールス信号02-3(速　ノイズ).mp3,効果音＞無線通信/モールス信号02-3(速　ノイズ).mp3,18.997709750566894,0.3166284958427816,extracted
otologic_sounds_smart/Radio Communication,携帯トランシーバー　ノイズ01-8(長).mp3,携帯トランシーバー　信号01/携帯トランシーバー　ノイズ01-8(長).mp3,15.765419501133787,0.2627569916855631,extracted
otologic_sounds_smart/Radio Communication,携帯トランシーバー　ノイズ01-7(長).mp3,携帯トランシーバー　信号01/携帯トランシーバー　ノイズ01-7(長).mp3,15.986281179138322,0.26643801965230535,extracted
otologic_sounds_smart/Radio Communication,携帯トランシーバー　ノイズ01-9(長).mp3,携帯トランシーバー　信号01/携帯トランシーバー　ノイズ01-9(長).mp3,15.779569160997733,0.2629928193499622,extracted
otologic_sounds_smart/Horror Accent,ホラーアクセント12-1(高　長).mp3,ホラーアクセント12/ホラーアクセント12-1(高　長).mp3,10.718412698412699,0.17864021164021165,extracted
otologic_sounds_smart/Horror Accent,ホラーアクセント13-4(長).mp3,ホラーアクセント12/ホラーアクセント13-4(長).mp3,9.70548752834467,0.16175812547241117,extracted
otologic_sounds_smart/Horror Accent,ホラーアクセント15-1(高　短).mp3,ホラーアクセント15/ホラーアクセント15-1(高　短).mp3,7.280748299319728,0.12134580498866214,extracted
otologic_sounds_smart/Horror Accent,ホラーアクセント15-2(低　短).mp3,ホラーアクセント15/ホラーアクセント15-2(低　短).mp3,8.302086167800454,0.13836810279667422,extracted
otologic_sounds_smart/Horror Accent,ホラーアクセント15-3(高　長).mp3,ホラーアクセント15/ホラーアクセント15-3(高　長).mp3,12.509659863945577,0.20849433106575962,extracted
otologic_sounds_smart/Horror Accent,ホラーアクセント15-4(低　長).mp3,ホラーアクセント14/ホラーアクセント15-4(低　長).mp3,15.880226757369615,0.26467044595616024,extracted
otologic_sounds_smart/Horror Accent,ホラーアクセント13-2(長).mp3,ホラーアクセント13/ホラーアクセント13-2(長).mp3,9.941201814058957,0.16568669690098262,extracted
otologic_sounds_smart/Horror Accent,ホラーアクセント13-3(短).mp3,ホラーアクセント13/ホラーアクセント13-3(短).mp3,5.851700680272109,0.09752834467120182,extracted
otologic_sounds_smart/Horror Accent,ホラーアクセント13-1(短).mp3,ホラーアクセント13/ホラーアクセント13-1(短).mp3,6.267052154195011,0.10445086923658352,extracted
otologic_sounds_smart/Horror Accent,ホラーアクセント　上昇01-2(長).mp3,ホラーアクセント　上昇01/ホラーアクセント　上昇01-2(長).mp3,19.02031746031746,0.317005291005291,extracted
otologic_sounds_smart/Horror Accent,ホラーアクセント　上昇01-1(短).mp3,ホラーアクセント　上昇01/ホラーアクセント　上昇01-1(短).mp3,11.092403628117914,0.18487339380196524,extracted
otologic_sounds_smart/Horror Accent,ホラーアクセント08-2.mp3,ホラーアクセント07/ホラーアクセント08-2.mp3,7.146780045351474,0.1191130007558579,extracted
otologic_sounds_smart/Horror Accent,ホラーアクセント08-1.mp3,ホラーアクセント07/ホラーアクセント08-1.mp3,7.336031746031746,0.12226719576719576,extracted
otologic_sounds_smart/Horror Accent,ホラーアクセント09-3.mp3,ホラーアクセント07/ホラーアクセント09-3.mp3,7.208412698412698,0.12014021164021164,extracted
otologic_sounds_smart/Horror Accent,ホラーアクセント10-1(短).mp3,ホラーアクセント09/ホラーアクセント10-1(短).mp3,5.981700680272109,0.09969501133786848,extracted
otologic_sounds_smart/Horror Accent,ホラーアクセント09-1.mp3,ホラーアクセント08/ホラーアクセント09-1.mp3,11.934943310657596,0.19891572184429326,extracted
otologic_sounds_smart/Horror Accent,ホラーアクセント09-2.mp3,ホラーアクセント08/ホラーアクセント09-2.mp3,6.079251700680272,0.10132086167800454,extracted
otologic_sounds_smart/Horror Accent,ホラーアクセント10-2(長).mp3,ホラーアクセント08/ホラーアクセント10-2(長).mp3,16.39124716553288,0.27318745275888134,extracted
otologic_sounds_smart/Horror Accent,ホラーアクセント07-1(低　短).mp3,ホラーアクセント06/ホラーアクセント07-1(低　短).mp3,7.0331519274376415,0.11721919879062735,extracted
otologic_sounds_smart/Horror Accent,ホラーアクセント07-2(低　長).mp3,ホラーアクセント06/ホラーアクセント07-2(低　長).mp3,13.111292517006802,0.21852154195011336,extracted
otologic_sounds_smart/Horror Accent,ホラーアクセント02-2(近).mp3,ホラーアクセント01/ホラーアクセント02-2(近).mp3,5.648095238095238,0.09413492063492064,extracted
otologic_sounds_smart/Horror Accent,ホラーアクセント02-1(遠).mp3,ホラーアクセント01/ホラーアクセント02-1(遠).mp3,8.812358276643991,0.14687263794406652,extracted
otologic_sounds_smart/Horror Accent,ホラーアクセント16-1(低　長).mp3,効果音＞ホラー/ホラーアクセント16-1(低　長).mp3,10.435102040816327,0.17391836734693877,extracted
otologic_sounds_smart/Horror Accent,ホラーアクセント16-2(中　長).mp3,効果音＞ホラー/ホラーアクセント16-2(中　長).mp3,6.980702947845805,0.11634504913076342,extracted
otologic_sounds_smart/Horror Accent,ホラーアクセント12-3(低　長).mp3,ホラーアクセント11/ホラーアクセント12-3(低　長).mp3,13.022335600907029,0.21703892668178382,extracted
otologic_sounds_smart/Horror Accent,ホラーアクセント01-2(低).mp3,ホラーアクセント　上昇02/ホラーアクセント01-2(低).mp3,6.650385487528345,0.1108397581254724,extracted
otologic_sounds_smart/Horror Accent,ホラーアクセント　上昇02-2(長).mp3,ホラーアクセント　上昇02/ホラーアクセント　上昇02-2(長).mp3,7.499092970521542,0.1249848828420257,extracted
otologic_sounds_smart/Horror Accent,ホラーアクセント05-2(低).mp3,ホラーアクセント04/ホラーアクセント05-2(低).mp3,9.24845804988662,0.15414096749811035,extracted
otologic_sounds_smart/Horror Accent,ホラーアクセント05-1(高).mp3,ホラーアクセント04/ホラーアクセント05-1(高).mp3,6.770408163265306,0.11284013605442177,extracted
otologic_sounds_smart/Horror Accent,ホラーアクセント04-3(低　短).mp3,ホラーアクセント03/ホラーアクセント04-3(低　短).mp3,5.225079365079365,0.08708465608465608,extracted
otologic_sounds_smart/Horror Accent,ホラーアクセント04-4(低　長).mp3,ホラーアクセント02/ホラーアクセント04-4(低　長).mp3,7.821156462585034,0.13035260770975057,extracted
otologic_sounds_smart/Horror Accent,ホラーアクセント03-2(低).mp3,ホラーアクセント02/ホラーアクセント03-2(低).mp3,12.072403628117915,0.20120672713529858,extracted
otologic_sounds_smart/Horror Accent,ホラーアクセント03-1(高).mp3,ホラーアクセント02/ホラーアクセント03-1(高).mp3,8.585419501133787,0.14309032501889646,extracted
otologic_sounds_smart/Horror Accent,ホラーアクセント07-4(高　長).mp3,ホラーアクセント05/ホラーアクセント07-4(高　長).mp3,8.567936507936508,0.14279894179894181,extracted
otologic_sounds_smart/Assorted Se,アソート効果音08-プレビュー.mp3,アソート効果音10/アソート効果音08-プレビュー.mp3,43.62514739229025,0.7270857898715042,extracted
otologic_sounds_smart/Assorted Se,アソート効果音09-プレビュー.mp3,アソート効果音11/アソート効果音09-プレビュー.mp3,76.90190476190476,1.2816984126984126,extracted
otologic_sounds_smart/Assorted Se,アソート効果音04-プレビュー.mp3,アソート効果音05/アソート効果音04-プレビュー.mp3,56.506530612244894,0.9417755102040816,extracted
otologic_sounds_smart/Assorted Se,アソート効果音01-プレビュー.mp3,アソート効果音02/アソート効果音01-プレビュー.mp3,30.53859410430839,0.5089765684051398,extracted
otologic_sounds_smart/Assorted Se,アソート効果音02-プレビュー.mp3,アソート効果音03/アソート効果音02-プレビュー.mp3,56.622562358276646,0.9437093726379441,extracted
otologic_sounds_smart/Assorted Se,アソート効果音12-プレビュー.mp3,効果音＞アソート効果音/アソート効果音12-プレビュー.mp3,66.60249433106576,1.1100415721844292,extracted
otologic_sounds_smart/Assorted Se,アソート効果音11-プレビュー.mp3,効果音＞アソート効果音/アソート効果音11-プレビュー.mp3,35.72163265306123,0.5953605442176871,extracted
otologic_sounds_smart/Assorted Se,アソート効果音03-プレビュー.mp3,アソート効果音04/アソート効果音03-プレビュー.mp3,69.78222222222222,1.1630370370370369,extracted
otologic_sounds_smart/Assorted Se,アソート効果音10-プレビュー.mp3,アソート効果音12/アソート効果音10-プレビュー.mp3,62.673809523809524,1.044563492063492,extracted
otologic_sounds_smart/Assorted Se,アソート効果音05-プレビュー.mp3,アソート効果音06/アソート効果音05-プレビュー.mp3,43.32879818594105,0.7221466364323508,extracted
otologic_sounds_smart/Assorted Se,アソート効果音07-プレビュー.mp3,アソート効果音09/アソート効果音07-プレビュー.mp3,35.75387755102041,0.5958979591836735,extracted
otologic_sounds_smart/Assorted Se,アソート効果音06-プレビュー.mp3,アソート効果音07/アソート効果音06-プレビュー.mp3,68.35709750566893,1.1392849584278155,extracted
otologic_sounds_smart/Lights,蛍光灯ノイズ02-3(ハム).mp3,効果音＞照明/蛍光灯ノイズ02-3(ハム).mp3,15.693287981859411,0.2615547996976569,extracted
otologic_sounds_smart/Lights,蛍光灯ノイズ02-4(ハム).mp3,効果音＞照明/蛍光灯ノイズ02-4(ハム).mp3,15.483514739229024,0.2580585789871504,extracted
otologic_sounds_smart/Lights,蛍光灯ノイズ01-5(ハム).mp3,蛍光灯ノイズ03/蛍光灯ノイズ01-5(ハム).mp3,15.741179138321996,0.26235298563869996,extracted
otologic_sounds_smart/Lights,蛍光灯ノイズ01-6(ハム).mp3,蛍光灯ノイズ03/蛍光灯ノイズ01-6(ハム).mp3,15.40657596371882,0.25677626606198034,extracted
otologic_sounds_smart/News Alert,緊急アラート02-2.mp3,ニュース　アラート01/緊急アラート02-2.mp3,6.030770975056689,0.10051284958427815,extracted
otologic_sounds_smart/News Alert,緊急アラート02-4(遠い).mp3,緊急アラート02/緊急アラート02-4(遠い).mp3,6.126802721088436,0.10211337868480726,extracted
otologic_sounds_smart/Syakiin,オノマトペ　シャキーン05-3(重　ディレイ).mp3,効果音＞オノマトペ・シャキーン/オノマトペ　シャキーン05-3(重　ディレイ).mp3,5.717981859410431,0.09529969765684052,extracted
otologic_sounds_smart/Syakiin,オノマトペ　シャキーン04-1(長).mp3,オノマトペ　シャキーン05/オノマトペ　シャキーン04-1(長).mp3,5.2798866213151925,0.0879981103552532,extracted
otologic_sounds_smart/Syakiin,オノマトペ　シャキーン05-4(軽　ディレイ).mp3,オノマトペ　シャキーン05/オノマトペ　シャキーン05-4(軽　ディレイ).mp3,5.714399092970521,0.09523998488284202,extracted
otologic_sounds_smart/Syakiin,オノマトペ　シャキーン02-2(ディレイ).mp3,オノマトペ　シャキーン02/オノマトペ　シャキーン02-2(ディレイ).mp3,5.5823356009070295,0.09303892668178383,extracted
otologic_sounds_smart/Syakiin,オノマトペ　シャキーン03-2(ディレイ).mp3,オノマトペ　シャキーン03/オノマトペ　シャキーン03-2(ディレイ).mp3,5.217301587301587,0.08695502645502645,extracted
otologic_sounds_smart/Impact,オノマトペ　衝撃10-4(低　ディレイ).mp3,オノマトペ　衝撃12/オノマトペ　衝撃10-4(低　ディレイ).mp3,8.917913832199547,0.14863189720332579,extracted
otologic_sounds_smart/Impact,オノマトペ　衝撃10-3(高　ディレイ).mp3,オノマトペ　衝撃12/オノマトペ　衝撃10-3(高　ディレイ).mp3,8.663356009070295,0.14438926681783826,extracted
otologic_sounds_smart/Impact,オノマトペ　衝撃13-1(短).mp3,オノマトペ　衝撃15/オノマトペ　衝撃13-1(短).mp3,5.362131519274376,0.08936885865457293,extracted
otologic_sounds_smart/Impact,オノマトペ　衝撃14-2(ディレイ).mp3,オノマトペ　衝撃15/オノマトペ　衝撃14-2(ディレイ).mp3,8.120385487528345,0.13533975812547241,extracted
otologic_sounds_smart/Impact,オノマトペ　衝撃13-2(長).mp3,オノマトペ　衝撃15/オノマトペ　衝撃13-2(長).mp3,8.828027210884354,0.14713378684807257,extracted
otologic_sounds_smart/Impact,オノマトペ　衝撃10-2(低).mp3,オノマトペ　衝撃13/オノマトペ　衝撃10-2(低).mp3,5.596734693877551,0.09327891156462584,extracted
otologic_sounds_smart/Impact,オノマトペ　衝撃06-4(低).mp3,オノマトペ　衝撃07/オノマトペ　衝撃06-4(低).mp3,6.024784580498866,0.10041307634164777,extracted
otologic_sounds_smart/Impact,オノマトペ　衝撃06-6(低　ディレイ).mp3,オノマトペ　衝撃07/オノマトペ　衝撃06-6(低　ディレイ).mp3,6.406054421768707,0.10676757369614512,extracted
otologic_sounds_smart/Impact,オノマトペ　衝撃06-5(低　ディレイ).mp3,オノマトペ　衝撃07/オノマトペ　衝撃06-5(低　ディレイ).mp3,7.329206349206349,0.12215343915343915,extracted
otologic_sounds_smart/Impact,オノマトペ　衝撃07-3(リバーブ).mp3,オノマトペ　衝撃09/オノマトペ　衝撃07-3(リバーブ).mp3,8.182743764172336,0.13637906273620562,extracted
otologic_sounds_smart/Impact,オノマトペ　衝撃07-2(ディレイ).mp3,オノマトペ　衝撃09/オノマトペ　衝撃07-2(ディレイ).mp3,6.767641723356009,0.11279402872260015,extracted
otologic_sounds_smart/Impact,オノマトペ　衝撃06-1(高).mp3,オノマトペ　衝撃08/オノマトペ　衝撃06-1(高).mp3,5.113673469387755,0.08522789115646258,extracted
otologic_sounds_smart/Impact,オノマトペ　衝撃06-3(高　ディレイ).mp3,オノマトペ　衝撃08/オノマトペ　衝撃06-3(高　ディレイ).mp3,6.298072562358277,0.10496787603930462,extracted
otologic_sounds_smart/Impact,オノマトペ　衝撃06-2(高　ディレイ).mp3,オノマトペ　衝撃08/オノマトペ　衝撃06-2(高　ディレイ).mp3,7.40639455782313,0.12343990929705216,extracted
otologic_sounds_smart/Impact,オノマトペ　衝撃05-1(高).mp3,オノマトペ　衝撃06/オノマトペ　衝撃05-1(高).mp3,7.731156462585034,0.12885260770975057,extracted
otologic_sounds_smart/Impact,オノマトペ　衝撃05-3(高　ディレイ).mp3,オノマトペ　衝撃06/オノマトペ　衝撃05-3(高　ディレイ).mp3,8.015442176870748,0.13359070294784578,extracted
otologic_sounds_smart/Impact,オノマトペ　衝撃05-2(高　ディレイ).mp3,オノマトペ　衝撃06/オノマトペ　衝撃05-2(高　ディレイ).mp3,9.258548752834468,0.15430914588057446,extracted
otologic_sounds_smart/Impact,オノマトペ　衝撃09-3(ディレイ).mp3,オノマトペ　衝撃11/オノマトペ　衝撃09-3(ディレイ).mp3,5.001836734693877,0.08336394557823129,extracted
otologic_sounds_smart/Impact,オノマトペ　衝撃08-2(高　ディレイ).mp3,オノマトペ　衝撃10/オノマトペ　衝撃08-2(高　ディレイ).mp3,5.7207709750566895,0.09534618291761149,extracted
otologic_sounds_smart/Impact,オノマトペ　衝撃08-4(低　ディレイ).mp3,オノマトペ　衝撃10/オノマトペ　衝撃08-4(低　ディレイ).mp3,6.933650793650794,0.11556084656084657,extracted
otologic_sounds_smart/Impact,オノマトペ　衝撃04-2(高　ディレイ).mp3,オノマトペ　衝撃04/オノマトペ　衝撃04-2(高　ディレイ).mp3,6.350702947845805,0.10584504913076341,extracted
otologic_sounds_smart/Impact,オノマトペ　衝撃15-1(長).mp3,効果音＞オノマトペ・衝撃/オノマトペ　衝撃15-1(長).mp3,8.134920634920634,0.13558201058201058,extracted
otologic_sounds_smart/Impact,オノマトペ　衝撃04-4(低　ディレイ).mp3,オノマトペ　衝撃03/オノマトペ　衝撃04-4(低　ディレイ).mp3,6.59140589569161,0.10985676492819349,extracted
otologic_sounds_smart/Impact,オノマトペ　衝撃05-6(低　ディレイ).mp3,オノマトペ　衝撃05/オノマトペ　衝撃05-6(低　ディレイ).mp3,7.628571428571429,0.12714285714285714,extracted
otologic_sounds_smart/Impact,オノマトペ　衝撃05-4(低).mp3,オノマトペ　衝撃05/オノマトペ　衝撃05-4(低).mp3,9.609909297052154,0.16016515495086922,extracted
otologic_sounds_smart/Impact,オノマトペ　衝撃05-5(低　ディレイ).mp3,オノマトペ　衝撃05/オノマトペ　衝撃05-5(低　ディレイ).mp3,9.222721088435375,0.15371201814058957,extracted
otologic_sounds_smart/Electronic Time Signal,時報　ビープ01-2(中).mp3,時報　ビープ01/時報　ビープ01-2(中).mp3,5.76172335600907,0.09602872260015118,extracted
otologic_sounds_smart/Electronic Time Signal,時報　ビープ03-1(長).mp3,効果音＞電子時報音/時報　ビープ03-1(長).mp3,5.568616780045351,0.09281027966742253,extracted
otologic_sounds_smart/Electronic Time Signal,時報　ビープ02-2(中).mp3,時報　ビープ03/時報　ビープ02-2(中).mp3,5.801859410430839,0.09669765684051398,extracted
otologic_sounds_smart/Electronic Time Signal,時報　ビープ02-1(長).mp3,時報　ビープ03/時報　ビープ02-1(長).mp3,6.759138321995465,0.11265230536659109,extracted
otologic_sounds_smart/Electronic Time Signal,時報　ビープ01-1(長).mp3,時報　ビープ02/時報　ビープ01-1(長).mp3,6.754784580498867,0.11257974300831444,extracted
otologic_sounds_smart/Retroanimeweapons,レトロアニメ　銃火器01-1(長).mp3,レトロアニメ　銃火器01/レトロアニメ　銃火器01-1(長).mp3,5.857233560090703,0.09762055933484505,extracted
otologic_sounds_smart/Retroanimeweapons,レトロアニメ　レーザーチャージ01-2.mp3,レトロアニメ　レーザーチャージ01/レトロアニメ　レーザーチャージ01-2.mp3,13.411587301587302,0.22352645502645502,extracted
otologic_sounds_smart/Retroanimeweapons,レトロアニメ　レーザーチャージ01-1.mp3,レトロアニメ　レーザーチャージ01/レトロアニメ　レーザーチャージ01-1.mp3,13.182902494331065,0.2197150415721844,extracted
otologic_sounds_smart/Retroanimeweapons,レトロアニメ　銃火器04-1(長).mp3,レトロアニメ　銃火器04/レトロアニメ　銃火器04-1(長).mp3,6.62281179138322,0.11038019652305367,extracted
otologic_sounds_smart/Retroanimeweapons,レトロアニメ　銃火器09-3(低　長).mp3,レトロアニメ　銃火器10/レトロアニメ　銃火器09-3(低　長).mp3,5.743628117913832,0.09572713529856386,extracted
otologic_sounds_smart/Cooking_Tools,スパイスミル01-02(ソルト).mp3,スパイスミル02/スパイスミル01-02(ソルト).mp3,5.967278911564626,0.09945464852607709,extracted
otologic_sounds_smart/Cooking_Tools,キッチンタイマー01-07(チクタク　ループ).mp3,キッチンタイマー01/キッチンタイマー01-07(チクタク　ループ).mp3,5.456734693877551,0.09094557823129251,extracted
otologic_sounds_smart/Cooking_Tools,キッチンタイマー01-12(遠い　アラーム　長).mp3,キッチンタイマー01/キッチンタイマー01-12(遠い　アラーム　長).mp3,5.223832199546485,0.08706386999244141,extracted
otologic_sounds_smart/Cooking_Tools,スパイスミル01-10(閉める).mp3,スパイスミル01/スパイスミル01-10(閉める).mp3,5.3278231292517,0.088797052154195,extracted
otologic_sounds_smart/Cooking_Tools,スパイスミル01-04(ペッパー).mp3,スパイスミル01/スパイスミル01-04(ペッパー).mp3,5.563083900226758,0.0927180650037793,extracted
otologic_sounds_smart/Cooking_Tools,キッチンタイマー03-01(アラーム).mp3,効果音＞調理器具/キッチンタイマー03-01(アラーム).mp3,8.260793650793651,0.13767989417989418,extracted
otologic_sounds_smart/Cooking_Tools,キッチンタイマー01-05(チクタク　中).mp3,キッチンタイマー02/キッチンタイマー01-05(チクタク　中).mp3,5.321269841269841,0.08868783068783069,extracted
otologic_sounds_smart/Cooking_Tools,キッチンタイマー01-04(チクタク　長).mp3,キッチンタイマー02/キッチンタイマー01-04(チクタク　長).mp3,15.256598639455783,0.2542766439909297,extracted
otologic_sounds_smart/Cooking_Tools,キッチンタイマー01-01(アラーム　長).mp3,キッチンタイマー02/キッチンタイマー01-01(アラーム　長).mp3,5.318979591836735,0.08864965986394559,extracted
otologic_sounds_smart/Cooking_Tools,キッチンタイマー02-05(チクタク　中).mp3,キッチンタイマー03/キッチンタイマー02-05(チクタク　中).mp3,10.169886621315193,0.16949811035525322,extracted
otologic_sounds_smart/Cooking_Tools,キッチンタイマー02-04(チクタク　長).mp3,キッチンタイマー03/キッチンタイマー02-04(チクタク　長).mp3,30.17936507936508,0.502989417989418,extracted
otologic_sounds_smart/Cooking_Tools,キッチンタイマー02-07(チクタク　ループ).mp3,キッチンタイマー03/キッチンタイマー02-07(チクタク　ループ).mp3,6.286893424036281,0.10478155706727135,extracted
otologic_sounds_smart/Cooking_Tools,キッチンタイマー03-12(遠い　アラーム).mp3,キッチンタイマー03/キッチンタイマー03-12(遠い　アラーム).mp3,8.302448979591837,0.13837414965986394,extracted
otologic_sounds_smart/Cooking_Tools,キッチンタイマー02-01(アラーム　長).mp3,キッチンタイマー03/キッチンタイマー02-01(アラーム　長).mp3,5.1893424036281175,0.08648904006046862,extracted
otologic_sounds_smart/Sigh,オノマトペ　ため息01-3(ディレイ).mp3,オノマトペ　ため息01/オノマトペ　ため息01-3(ディレイ).mp3,6.019637188208617,0.10032728647014362,extracted
otologic_sounds_smart/Monster,モンスター01-5.mp3,モンスター01/モンスター01-5.mp3,5.158390022675737,0.08597316704459561,extracted
otologic_sounds_smart/Monster,モンスター01-6.mp3,モンスター01/モンスター01-6.mp3,6.033832199546485,0.10056386999244142,extracted
otologic_sounds_smart/Appliance Others,空気清浄機01-12(タンク　水).mp3,効果音＞家電・OA機器（その他）/空気清浄機01-12(タンク　水).mp3,16.114580498866214,0.2685763416477702,extracted
otologic_sounds_smart/Appliance Others,空気清浄機01-03(弱).mp3,効果音＞家電・OA機器（その他）/空気清浄機01-03(弱).mp3,69.98938775510204,1.1664897959183673,extracted
otologic_sounds_smart/Appliance Others,空気清浄機01-01(中).mp3,効果音＞家電・OA機器（その他）/空気清浄機01-01(中).mp3,69.7291836734694,1.16215306122449,extracted
otologic_sounds_smart/Appliance Others,空気清浄機01-04(All).mp3,効果音＞家電・OA機器（その他）/空気清浄機01-04(All).mp3,65.1359410430839,1.0855990173847316,extracted
otologic_sounds_smart/Appliance Others,空気清浄機01-02(強).mp3,効果音＞家電・OA機器（その他）/空気清浄機01-02(強).mp3,68.58825396825397,1.143137566137566,extracted
otologic_sounds_smart/Appliance Others,空気清浄機01-15(遠い　中).mp3,空気清浄機01/空気清浄機01-15(遠い　中).mp3,69.53963718820862,1.1589939531368103,extracted
otologic_sounds_smart/Appliance Others,空気清浄機01-18(遠い　All).mp3,空気清浄機01/空気清浄機01-18(遠い　All).mp3,65.1029931972789,1.0850498866213152,extracted
otologic_sounds_smart/Appliance Others,空気清浄機01-26(遠い　タンク　水).mp3,空気清浄機01/空気清浄機01-26(遠い　タンク　水).mp3,15.777596371882087,0.2629599395313681,extracted
otologic_sounds_smart/Appliance Others,空気清浄機01-17(遠い　弱).mp3,空気清浄機01/空気清浄機01-17(遠い　弱).mp3,70.07997732426304,1.1679996220710507,extracted
otologic_sounds_smart/Appliance Others,空気清浄機01-16(遠い　強).mp3,空気清浄機01/空気清浄機01-16(遠い　強).mp3,68.47857142857143,1.1413095238095239,extracted
otologic_sounds_smart/Retro_Anime Others,レトロアニメ　システム音03-1(遅).mp3,レトロアニメ　システム音03/レトロアニメ　システム音03-1(遅).mp3,25.57671201814059,0.4262785336356765,extracted
otologic_sounds_smart/Retro_Anime Others,レトロアニメ　システム音03-2(速).mp3,レトロアニメ　システム音03/レトロアニメ　システム音03-2(速).mp3,20.5240589569161,0.342067649281935,extracted
otologic_sounds_smart/Retro_Anime Others,レトロアニメ　システム音04-1(長).mp3,レトロアニメ　システム音05/レトロアニメ　システム音04-1(長).mp3,13.553537414965986,0.22589229024943308,extracted
otologic_sounds_smart/Retro_Anime Others,レトロアニメ　システム音04-2(長).mp3,レトロアニメ　システム音05/レトロアニメ　システム音04-2(長).mp3,13.568934240362811,0.22614890400604684,extracted
otologic_sounds_smart/Retro_Anime Others,レトロアニメ　システム音02-3(低).mp3,レトロアニメ　システム音02/レトロアニメ　システム音02-3(低).mp3,14.80984126984127,0.24683068783068782,extracted
otologic_sounds_smart/Retro_Anime Others,レトロアニメ　システム音02-1(高).mp3,レトロアニメ　システム音02/レトロアニメ　システム音02-1(高).mp3,17.63299319727891,0.2938832199546485,extracted
otologic_sounds_smart/Retro_Anime Others,レトロアニメ　サイレン01-4(遅).mp3,レトロアニメ　サイレン01/レトロアニメ　サイレン01-4(遅).mp3,8.134920634920634,0.13558201058201058,extracted
otologic_sounds_smart/Retro_Anime Others,レトロアニメ　機械設備07-2.mp3,レトロアニメ　スイッチ01/レトロアニメ　機械設備07-2.mp3,10.376984126984127,0.17294973544973544,extracted
otologic_sounds_smart/Retro_Anime Others,レトロアニメ　機械設備05-1.mp3,レトロアニメ　機械設備07/レトロアニメ　機械設備05-1.mp3,7.4,0.12333333333333334,extracted
otologic_sounds_smart/Retro_Anime Others,レトロアニメ　機械設備05-2.mp3,レトロアニメ　機械設備07/レトロアニメ　機械設備05-2.mp3,7.0068707482993196,0.11678117913832199,extracted
otologic_sounds_smart/Retro_Anime Others,レトロアニメ　システム音01-1.mp3,レトロアニメ　システム音01/レトロアニメ　システム音01-1.mp3,31.14065759637188,0.5190109599395314,extracted
otologic_sounds_smart/Retro_Anime Others,レトロアニメ　システム音01-2.mp3,レトロアニメ　システム音01/レトロアニメ　システム音01-2.mp3,30.95517006802721,0.5159195011337868,extracted
otologic_sounds_smart/Retro_Anime Others,レトロアニメ　機械設備04-2(長).mp3,レトロアニメ　機械設備06/レトロアニメ　機械設備04-2(長).mp3,5.109795918367347,0.08516326530612245,extracted
otologic_sounds_smart/Retro_Anime Others,レトロアニメ　システム音05-1(長).mp3,レトロアニメ　システム音06/レトロアニメ　システム音05-1(長).mp3,6.189455782312925,0.10315759637188208,extracted
otologic_sounds_smart/Retro_Anime Others,レトロアニメ　サイレン02-1(速).mp3,レトロアニメ　機械設備01/レトロアニメ　サイレン02-1(速).mp3,5.784671201814059,0.09641118669690099,extracted
otologic_sounds_smart/Retro_Anime Others,レトロアニメ　サイレン02-2(遅).mp3,レトロアニメ　機械設備01/レトロアニメ　サイレン02-2(遅).mp3,7.171156462585034,0.11951927437641724,extracted
otologic_sounds_smart/Retro_Anime Others,レトロアニメ　機械設備07-1.mp3,効果音＞レトロアニメ・その他/レトロアニメ　機械設備07-1.mp3,10.006848072562358,0.16678080120937264,extracted
otologic_sounds_smart/Retro_Anime Others,レトロアニメ　システム音10-4.mp3,効果音＞レトロアニメ・その他/レトロアニメ　システム音10-4.mp3,5.42,0.09033333333333333,extracted
otologic_sounds_smart/Retro_Anime Others,レトロアニメ　サイレン01-2(速).mp3,レトロアニメ　サイレン02/レトロアニメ　サイレン01-2(速).mp3,6.239705215419501,0.10399508692365834,extracted
otologic_sounds_smart/Sparkle,オノマトペ　キラキラ02-4(高　長).mp3,オノマトペ　キラキラ02/オノマトペ　キラキラ02-4(高　長).mp3,8.182267573696144,0.13637112622826908,extracted
otologic_sounds_smart/Sparkle,オノマトペ　キラキラ02-3(高　短).mp3,オノマトペ　キラキラ02/オノマトペ　キラキラ02-3(高　短).mp3,5.07108843537415,0.08451814058956916,extracted
otologic_sounds_smart/Sparkle,オノマトペ　キラキラ04-4(音色2　長).mp3,オノマトペ　キラキラ05/オノマトペ　キラキラ04-4(音色2　長).mp3,9.597573696145124,0.15995956160241873,extracted
otologic_sounds_smart/Sparkle,オノマトペ　キラキラ11-2(長).mp3,効果音＞オノマトペ・キラキラ/オノマトペ　キラキラ11-2(長).mp3,28.321360544217686,0.47202267573696144,extracted
otologic_sounds_smart/Sparkle,オノマトペ　キラキラ11-1(中).mp3,効果音＞オノマトペ・キラキラ/オノマトペ　キラキラ11-1(中).mp3,18.25455782312925,0.3042426303854875,extracted
otologic_sounds_smart/Sparkle,オノマトペ　キラキラ11-3(短).mp3,効果音＞オノマトペ・キラキラ/オノマトペ　キラキラ11-3(短).mp3,12.140544217687076,0.20234240362811792,extracted
otologic_sounds_smart/Sparkle,オノマトペ　キラキラ03-1(短).mp3,オノマトペ　キラキラ04/オノマトペ　キラキラ03-1(短).mp3,6.18718820861678,0.10311980347694633,extracted
otologic_sounds_smart/Sparkle,オノマトペ　キラキラ03-2(長).mp3,オノマトペ　キラキラ04/オノマトペ　キラキラ03-2(長).mp3,11.073061224489797,0.18455102040816326,extracted
otologic_sounds_smart/Sparkle,オノマトペ　キラキラ02-1(低　短).mp3,オノマトペ　キラキラ03/オノマトペ　キラキラ02-1(低　短).mp3,5.310929705215419,0.08851549508692365,extracted
otologic_sounds_smart/Sparkle,オノマトペ　キラキラ02-2(低　長).mp3,オノマトペ　キラキラ03/オノマトペ　キラキラ02-2(低　長).mp3,9.647619047619047,0.1607936507936508,extracted
otologic_sounds_smart/Sparkle,オノマトペ　キラキラ09-1(長).mp3,オノマトペ　キラキラ10/オノマトペ　キラキラ09-1(長).mp3,8.556281179138322,0.14260468631897202,extracted
otologic_sounds_smart/Sparkle,オノマトペ　キラキラ08-1(短).mp3,オノマトペ　キラキラ10/オノマトペ　キラキラ08-1(短).mp3,5.975034013605442,0.09958390022675737,extracted
otologic_sounds_smart/Sparkle,オノマトペ　キラキラ09-2(短).mp3,オノマトペ　キラキラ10/オノマトペ　キラキラ09-2(短).mp3,5.22172335600907,0.08702872260015117,extracted
otologic_sounds_smart/Sparkle,オノマトペ　キラキラ10-2(中).mp3,オノマトペ　キラキラ11/オノマトペ　キラキラ10-2(中).mp3,10.852834467120182,0.18088057445200303,extracted
otologic_sounds_smart/Sparkle,オノマトペ　キラキラ10-1(短).mp3,オノマトペ　キラキラ11/オノマトペ　キラキラ10-1(短).mp3,10.189410430839002,0.16982350718065004,extracted
otologic_sounds_smart/Sparkle,オノマトペ　キラキラ10-3(長).mp3,オノマトペ　キラキラ11/オノマトペ　キラキラ10-3(長).mp3,13.351043083900226,0.22251738473167043,extracted
otologic_sounds_smart/Sparkle,オノマトペ　キラキラ04-2(音色1　長).mp3,オノマトペ　キラキラ06/オノマトペ　キラキラ04-2(音色1　長).mp3,9.652539682539683,0.16087566137566137,extracted
otologic_sounds_smart/Sparkle,オノマトペ　キラキラ01-2(短).mp3,オノマトペ　キラキラ01/オノマトペ　キラキラ01-2(短).mp3,9.049478458049887,0.15082464096749812,extracted
otologic_sounds_smart/Sparkle,オノマトペ　キラキラ01-1(長).mp3,オノマトペ　キラキラ01/オノマトペ　キラキラ01-1(長).mp3,10.251020408163265,0.17085034013605443,extracted
otologic_sounds_smart/Sparkle,オノマトペ　キラキラ06-2(長).mp3,オノマトペ　キラキラ08/オノマトペ　キラキラ06-2(長).mp3,13.705873015873015,0.22843121693121693,extracted
otologic_sounds_smart/Sparkle,オノマトペ　キラキラ06-1(短).mp3,オノマトペ　キラキラ08/オノマトペ　キラキラ06-1(短).mp3,5.953038548752835,0.09921730914588058,extracted
otologic_sounds_smart/Sparkle,オノマトペ　キラキラ07-2(短).mp3,オノマトペ　キラキラ09/オノマトペ　キラキラ07-2(短).mp3,9.850725623582766,0.1641787603930461,extracted
otologic_sounds_smart/Sparkle,オノマトペ　キラキラ08-2(長).mp3,オノマトペ　キラキラ09/オノマトペ　キラキラ08-2(長).mp3,12.610521541950114,0.2101753590325019,extracted
otologic_sounds_smart/Sparkle,オノマトペ　キラキラ07-1(長).mp3,オノマトペ　キラキラ09/オノマトペ　キラキラ07-1(長).mp3,11.569682539682539,0.19282804232804232,extracted
otologic_sounds_smart/Sparkle,オノマトペ　キラキラ05-1(低).mp3,オノマトペ　キラキラ07/オノマトペ　キラキラ05-1(低).mp3,9.56077097505669,0.1593461829176115,extracted
otologic_sounds_smart/Sparkle,オノマトペ　キラキラ05-2(高).mp3,オノマトペ　キラキラ07/オノマトペ　キラキラ05-2(高).mp3,8.31172335600907,0.13852872260015117,extracted
otologic_sounds_smart/Clock,パタパタ時計01-30(遠い　アラームダイヤル 中).mp3,パタパタ時計01/パタパタ時計01-30(遠い　アラームダイヤル 中).mp3,5.314671201814059,0.08857785336356766,extracted
otologic_sounds_smart/Clock,パタパタ時計01-32(遠い　時刻ダイヤル 中).mp3,パタパタ時計01/パタパタ時計01-32(遠い　時刻ダイヤル 中).mp3,6.728412698412699,0.11214021164021165,extracted
otologic_sounds_smart/Clock,パタパタ時計01-33(遠い　時刻ダイヤル 速).mp3,パタパタ時計01/パタパタ時計01-33(遠い　時刻ダイヤル 速).mp3,7.509909297052154,0.12516515495086925,extracted
otologic_sounds_smart/Clock,時計　アラーム05-9(遠い　弱　ループ).mp3,時計　秒針01/時計　アラーム05-9(遠い　弱　ループ).mp3,7.199931972789115,0.11999886621315192,extracted
otologic_sounds_smart/Clock,時計　アラーム05-8(遠い　中　ループ).mp3,時計　秒針01/時計　アラーム05-8(遠い　中　ループ).mp3,7.25,0.12083333333333333,extracted
otologic_sounds_smart/Clock,時計　アラーム04-02(弱).mp3,時計　秒針01/時計　アラーム04-02(弱).mp3,13.50530612244898,0.22508843537414966,extracted
otologic_sounds_smart/Clock,時計　アラーム04-04(弱　ループ).mp3,時計　秒針01/時計　アラーム04-04(弱　ループ).mp3,7.250045351473923,0.12083408919123205,extracted
otologic_sounds_smart/Clock,時計　アラーム05-7(遠い　弱).mp3,時計　秒針01/時計　アラーム05-7(遠い　弱).mp3,10.64891156462585,0.17748185941043085,extracted
otologic_sounds_smart/Clock,時計　アラーム04-01(中).mp3,時計　秒針01/時計　アラーム04-01(中).mp3,13.963242630385487,0.2327207105064248,extracted
otologic_sounds_smart/Clock,時計　アラーム05-6(遠い　中).mp3,時計　秒針01/時計　アラーム05-6(遠い　中).mp3,10.77968253968254,0.17966137566137566,extracted
otologic_sounds_smart/Clock,時計　アラーム04-03(中　ループ).mp3,時計　秒針01/時計　アラーム04-03(中　ループ).mp3,7.25,0.12083333333333333,extracted
otologic_sounds_smart/Clock,パタパタ時計01-02(ブザー 50Hz).mp3,時計　アラーム03/パタパタ時計01-02(ブザー 50Hz).mp3,11.153560090702948,0.18589266817838246,extracted
otologic_sounds_smart/Clock,パタパタ時計01-05(ブザー 60Hz).mp3,時計　アラーム03/パタパタ時計01-05(ブザー 60Hz).mp3,9.203945578231293,0.15339909297052154,extracted
otologic_sounds_smart/Clock,時計　アラーム01-1(弱　ループ).mp3,時計　アラーム04/時計　アラーム01-1(弱　ループ).mp3,16.00002267573696,0.266667044595616,extracted
otologic_sounds_smart/Clock,時計　アラーム01-2(中　ループ).mp3,時計　アラーム04/時計　アラーム01-2(中　ループ).mp3,16.00002267573696,0.266667044595616,extracted
otologic_sounds_smart/Clock,時計　アラーム02-2(遠い　ループ).mp3,時計　アラーム04/時計　アラーム02-2(遠い　ループ).mp3,7.999886621315193,0.13333144368858654,extracted
otologic_sounds_smart/Clock,時計　アラーム02-1(ループ).mp3,時計　アラーム04/時計　アラーム02-1(ループ).mp3,8.000022675736961,0.1333337112622827,extracted
otologic_sounds_smart/Clock,時計　アラーム01-3(強　ループ).mp3,時計　アラーム04/時計　アラーム01-3(強　ループ).mp3,16.00002267573696,0.266667044595616,extracted
otologic_sounds_smart/Clock,時計　アラーム03-11(遠い　強　ループ).mp3,時計　アラーム05/時計　アラーム03-11(遠い　強　ループ).mp3,8.0,0.13333333333333333,extracted
otologic_sounds_smart/Clock,時計　アラーム03-10(遠い　中　ループ).mp3,時計　アラーム05/時計　アラーム03-10(遠い　中　ループ).mp3,8.0,0.13333333333333333,extracted
otologic_sounds_smart/Clock,パタパタ時計01-12(アラームダイヤル 中).mp3,時計　アラーム02/パタパタ時計01-12(アラームダイヤル 中).mp3,5.314671201814059,0.08857785336356766,extracted
otologic_sounds_smart/Clock,パタパタ時計01-17(時刻ダイヤル 速).mp3,時計　アラーム02/パタパタ時計01-17(時刻ダイヤル 速).mp3,7.509909297052154,0.12516515495086925,extracted
otologic_sounds_smart/Clock,パタパタ時計01-14(時刻ダイヤル 遅).mp3,時計　アラーム02/パタパタ時計01-14(時刻ダイヤル 遅).mp3,8.795034013605441,0.14658390022675735,extracted
otologic_sounds_smart/Clock,パタパタ時計01-18(フリップ).mp3,時計　アラーム02/パタパタ時計01-18(フリップ).mp3,8.212857142857143,0.13688095238095238,extracted
otologic_sounds_smart/Clock,パタパタ時計01-16(時刻ダイヤル 中).mp3,時計　アラーム02/パタパタ時計01-16(時刻ダイヤル 中).mp3,6.728412698412699,0.11214021164021165,extracted
otologic_sounds_smart/Clock,時計　秒針03-3(ドライ　ループ).mp3,効果音＞時計/時計　秒針03-3(ドライ　ループ).mp3,8.000022675736961,0.1333337112622827,extracted
otologic_sounds_smart/Clock,時計　秒針03-2(ドライ　ループ).mp3,効果音＞時計/時計　秒針03-2(ドライ　ループ).mp3,8.000022675736961,0.1333337112622827,extracted
otologic_sounds_smart/Clock,時計　秒針03-5(リバーブ　ループ).mp3,効果音＞時計/時計　秒針03-5(リバーブ　ループ).mp3,8.000022675736961,0.1333337112622827,extracted
otologic_sounds_smart/Clock,時計　秒針04-2(リバーブ　ループ).mp3,効果音＞時計/時計　秒針04-2(リバーブ　ループ).mp3,8.0,0.13333333333333333,extracted
otologic_sounds_smart/Clock,時計　秒針03-1(ドライ　ループ).mp3,効果音＞時計/時計　秒針03-1(ドライ　ループ).mp3,8.000022675736961,0.1333337112622827,extracted
otologic_sounds_smart/Clock,時計　秒針03-4(リバーブ　ループ).mp3,効果音＞時計/時計　秒針03-4(リバーブ　ループ).mp3,8.000022675736961,0.1333337112622827,extracted
otologic_sounds_smart/Clock,時計　秒針04-1(ドライ　ループ).mp3,効果音＞時計/時計　秒針04-1(ドライ　ループ).mp3,8.0,0.13333333333333333,extracted
otologic_sounds_smart/Clock,時計　秒針04-3(リバーブ).mp3,効果音＞時計/時計　秒針04-3(リバーブ).mp3,10.73047619047619,0.17884126984126986,extracted
otologic_sounds_smart/Clock,時計　秒針03-6(リバーブ　ループ).mp3,効果音＞時計/時計　秒針03-6(リバーブ　ループ).mp3,8.000022675736961,0.1333337112622827,extracted
otologic_sounds_smart/Clock,時計　アラーム04-08(遠い　中).mp3,時計　分針01/時計　アラーム04-08(遠い　中).mp3,13.191995464852608,0.2198665910808768,extracted
otologic_sounds_smart/Clock,時計　アラーム03-01(中　ループ).mp3,時計　分針01/時計　アラーム03-01(中　ループ).mp3,8.0,0.13333333333333333,extracted
otologic_sounds_smart/Clock,時計　アラーム03-02(強　ループ).mp3,時計　分針01/時計　アラーム03-02(強　ループ).mp3,8.0,0.13333333333333333,extracted
otologic_sounds_smart/Clock,時計　アラーム04-09(遠い　弱).mp3,時計　分針01/時計　アラーム04-09(遠い　弱).mp3,12.953083900226757,0.21588473167044595,extracted
otologic_sounds_smart/Clock,時計　アラーム04-10(遠い　中　ループ).mp3,時計　分針01/時計　アラーム04-10(遠い　中　ループ).mp3,7.25,0.12083333333333333,extracted
otologic_sounds_smart/Clock,時計　アラーム04-11(遠い　弱　ループ).mp3,時計　分針01/時計　アラーム04-11(遠い　弱　ループ).mp3,7.25,0.12083333333333333,extracted
otologic_sounds_smart/Clock,時計　アラーム04-06(ダイアル).mp3,時計　分針01/時計　アラーム04-06(ダイアル).mp3,6.108095238095238,0.10180158730158731,extracted
otologic_sounds_smart/Clock,壁掛時計01-08(遠い　時報).mp3,壁掛時計01/壁掛時計01-08(遠い　時報).mp3,5.046598639455782,0.08410997732426304,extracted
otologic_sounds_smart/Clock,壁掛時計01-03(時報).mp3,壁掛時計01/壁掛時計01-03(時報).mp3,7.635056689342403,0.1272509448223734,extracted
otologic_sounds_smart/Clock,壁掛時計01-09(遠い　時報).mp3,壁掛時計01/壁掛時計01-09(遠い　時報).mp3,6.600952380952381,0.11001587301587303,extracted
otologic_sounds_smart/Clock,壁掛時計01-10(遠い　時報).mp3,壁掛時計01/壁掛時計01-10(遠い　時報).mp3,9.617709750566894,0.16029516250944822,extracted
otologic_sounds_smart/Clock,時計　アラーム05-1(中).mp3,時計　秒針02/時計　アラーム05-1(中).mp3,12.158367346938775,0.2026394557823129,extracted
otologic_sounds_smart/Clock,時計　アラーム05-2(弱).mp3,時計　秒針02/時計　アラーム05-2(弱).mp3,11.820294784580499,0.19700491307634166,extracted
otologic_sounds_smart/Clock,時計　アラーム05-3(中　ループ).mp3,時計　秒針02/時計　アラーム05-3(中　ループ).mp3,7.25,0.12083333333333333,extracted
otologic_sounds_smart/Clock,時計　アラーム5-04(弱　ループ).mp3,時計　秒針02/時計　アラーム5-04(弱　ループ).mp3,7.25,0.12083333333333333,extracted
otologic_sounds_smart/Clock,時計　秒針01-2(リバーブ　ループ).mp3,時計　秒針03/時計　秒針01-2(リバーブ　ループ).mp3,8.000045351473922,0.13333408919123205,extracted
otologic_sounds_smart/Clock,時計　秒針01-3(リバーブ).mp3,時計　秒針03/時計　秒針01-3(リバーブ).mp3,10.835532879818594,0.18059221466364322,extracted
otologic_sounds_smart/Clock,時計　秒針02-9(リバーブ).mp3,時計　秒針03/時計　秒針02-9(リバーブ).mp3,11.65530612244898,0.19425510204081634,extracted
otologic_sounds_smart/Clock,時計　秒針02-7(リバーブ).mp3,時計　秒針03/時計　秒針02-7(リバーブ).mp3,10.938866213151927,0.18231443688586546,extracted
otologic_sounds_smart/Clock,時計　秒針02-8(リバーブ).mp3,時計　秒針03/時計　秒針02-8(リバーブ).mp3,11.806009070294785,0.1967668178382464,extracted
otologic_sounds_smart/Clock,時計　秒針01-1(ドライ　ループ).mp3,時計　秒針03/時計　秒針01-1(ドライ　ループ).mp3,8.0,0.13333333333333333,extracted
otologic_sounds_smart/Clock,時計　秒針02-6(リバーブ　ループ).mp3,時計　秒針04/時計　秒針02-6(リバーブ　ループ).mp3,8.000022675736961,0.1333337112622827,extracted
otologic_sounds_smart/Clock,時計　秒針02-1(ドライ　ループ).mp3,時計　秒針04/時計　秒針02-1(ドライ　ループ).mp3,7.999886621315193,0.13333144368858654,extracted
otologic_sounds_smart/Clock,時計　秒針03-8(リバーブ).mp3,時計　秒針04/時計　秒針03-8(リバーブ).mp3,11.058458049886621,0.18430763416477702,extracted
otologic_sounds_smart/Clock,時計　秒針02-3(ドライ　ループ).mp3,時計　秒針04/時計　秒針02-3(ドライ　ループ).mp3,8.000022675736961,0.1333337112622827,extracted
otologic_sounds_smart/Clock,時計　秒針02-2(ドライ　ループ).mp3,時計　秒針04/時計　秒針02-2(ドライ　ループ).mp3,8.000113378684807,0.13333522297808012,extracted
otologic_sounds_smart/Clock,時計　秒針03-7(リバーブ).mp3,時計　秒針04/時計　秒針03-7(リバーブ).mp3,10.751224489795918,0.17918707482993196,extracted
otologic_sounds_smart/Clock,時計　秒針02-4(リバーブ　ループ).mp3,時計　秒針04/時計　秒針02-4(リバーブ　ループ).mp3,8.000022675736961,0.1333337112622827,extracted
otologic_sounds_smart/Clock,時計　秒針03-9(リバーブ).mp3,時計　秒針04/時計　秒針03-9(リバーブ).mp3,11.368004535147392,0.18946674225245655,extracted
otologic_sounds_smart/Clock,時計　秒針02-5(リバーブ　ループ).mp3,時計　秒針04/時計　秒針02-5(リバーブ　ループ).mp3,8.000022675736961,0.1333337112622827,extracted
otologic_sounds_smart/Clock,パタパタ時計01-21(遠い　ブザー 50Hz).mp3,時計　アラーム01/パタパタ時計01-21(遠い　ブザー 50Hz).mp3,11.153560090702948,0.18589266817838246,extracted
otologic_sounds_smart/Clock,パタパタ時計01-24(遠い　ブザー 60Hz).mp3,時計　アラーム01/パタパタ時計01-24(遠い　ブザー 60Hz).mp3,9.203945578231293,0.15339909297052154,extracted
otologic_sounds_smart/Cooling Heating,エアコン01-01(弱).mp3,エアコン02/エアコン01-01(弱).mp3,77.60056689342403,1.2933427815570673,extracted
otologic_sounds_smart/Cooling Heating,エアコン01-03(強).mp3,エアコン02/エアコン01-03(強).mp3,78.83102040816327,1.3138503401360544,extracted
otologic_sounds_smart/Cooling Heating,エアコン01-05(ノイズ).mp3,エアコン02/エアコン01-05(ノイズ).mp3,10.972018140589569,0.18286696900982616,extracted
otologic_sounds_smart/Cooling Heating,エアコン01-02(中).mp3,エアコン02/エアコン01-02(中).mp3,76.62968253968253,1.2771613756613756,extracted
otologic_sounds_smart/Cooling Heating,エアコン01-04(All).mp3,エアコン02/エアコン01-04(All).mp3,69.3756462585034,1.1562607709750565,extracted
otologic_sounds_smart/Cooling Heating,サーキュレーター01-08(遠い　弱).mp3,サーキュレーター01/サーキュレーター01-08(遠い　弱).mp3,59.95197278911564,0.9991995464852608,extracted
otologic_sounds_smart/Cooling Heating,サーキュレーター01-09(遠い　強).mp3,サーキュレーター01/サーキュレーター01-09(遠い　強).mp3,59.45126984126984,0.9908544973544974,extracted
otologic_sounds_smart/Cooling Heating,サーキュレーター01-02(強).mp3,サーキュレーター01/サーキュレーター01-02(強).mp3,60.912562358276645,1.015209372637944,extracted
otologic_sounds_smart/Cooling Heating,サーキュレーター01-01(弱).mp3,サーキュレーター01/サーキュレーター01-01(弱).mp3,61.498503401360544,1.0249750566893423,extracted
otologic_sounds_smart/Cooling Heating,扇風機04-01(弱).mp3,サーキュレーター01/扇風機04-01(弱).mp3,64.84909297052154,1.080818216175359,extracted
otologic_sounds_smart/Cooling Heating,サーキュレーター01-03(All).mp3,サーキュレーター01/サーキュレーター01-03(All).mp3,59.144671201814056,0.9857445200302343,extracted
otologic_sounds_smart/Cooling Heating,サーキュレーター01-10(遠い　All).mp3,サーキュレーター01/サーキュレーター01-10(遠い　All).mp3,57.26378684807256,0.954396447467876,extracted
otologic_sounds_smart/Cooling Heating,エアコン02-03(ノイズ　弱).mp3,効果音＞冷暖房/エアコン02-03(ノイズ　弱).mp3,13.176009070294784,0.21960015117157974,extracted
otologic_sounds_smart/Cooling Heating,エアコン02-12(遠い　弱).mp3,効果音＞冷暖房/エアコン02-12(遠い　弱).mp3,73.11873015873016,1.2186455026455028,extracted
otologic_sounds_smart/Cooling Heating,エアコン02-14(遠い　All).mp3,効果音＞冷暖房/エアコン02-14(遠い　All).mp3,49.11825396825397,0.8186375661375661,extracted
otologic_sounds_smart/Cooling Heating,エアコン02-02(強).mp3,効果音＞冷暖房/エアコン02-02(強).mp3,72.6179365079365,1.2102989417989418,extracted
otologic_sounds_smart/Cooling Heating,エアコン02-13(遠い　強).mp3,効果音＞冷暖房/エアコン02-13(遠い　強).mp3,72.44954648526077,1.2074924414210129,extracted
otologic_sounds_smart/Cooling Heating,エアコン02-05(All).mp3,効果音＞冷暖房/エアコン02-05(All).mp3,49.31034013605442,0.8218390022675737,extracted
otologic_sounds_smart/Cooling Heating,エアコン02-04(ノイズ　強).mp3,効果音＞冷暖房/エアコン02-04(ノイズ　強).mp3,14.677301587301587,0.2446216931216931,extracted
otologic_sounds_smart/Cooling Heating,エアコン02-01(弱).mp3,効果音＞冷暖房/エアコン02-01(弱).mp3,73.12575963718821,1.2187626606198034,extracted
otologic_sounds_smart/Cooling Heating,扇風機04-02(中).mp3,扇風機04/扇風機04-02(中).mp3,63.4324716553288,1.0572078609221467,extracted
otologic_sounds_smart/Cooling Heating,扇風機04-04(All).mp3,扇風機04/扇風機04-04(All).mp3,45.20689342403628,0.753448223733938,extracted
otologic_sounds_smart/Cooling Heating,扇風機04-07(リズム　強).mp3,扇風機04/扇風機04-07(リズム　強).mp3,65.49195011337868,1.0915325018896447,extracted
otologic_sounds_smart/Cooling Heating,扇風機04-06(リズム　中).mp3,扇風機04/扇風機04-06(リズム　中).mp3,56.26691609977324,0.9377819349962206,extracted
otologic_sounds_smart/Cooling Heating,扇風機04-03(強).mp3,扇風機04/扇風機04-03(強).mp3,70.50571428571429,1.1750952380952382,extracted
otologic_sounds_smart/Cooling Heating,扇風機04-05(リズム　弱).mp3,扇風機04/扇風機04-05(リズム　弱).mp3,54.389433106575964,0.906490551776266,extracted
otologic_sounds_smart/Cooling Heating,扇風機04-20(遠い　中).mp3,扇風機03/扇風機04-20(遠い　中).mp3,61.62514739229025,1.0270857898715042,extracted
otologic_sounds_smart/Cooling Heating,扇風機04-21(遠い　強).mp3,扇風機03/扇風機04-21(遠い　強).mp3,68.9209977324263,1.1486832955404382,extracted
otologic_sounds_smart/Cooling Heating,扇風機04-19(遠い　弱).mp3,扇風機03/扇風機04-19(遠い　弱).mp3,62.89530612244898,1.0482551020408164,extracted
otologic_sounds_smart/Cooling Heating,扇風機04-23(遠い　リズム　弱).mp3,扇風機03/扇風機04-23(遠い　リズム　弱).mp3,53.43031746031746,0.890505291005291,extracted
otologic_sounds_smart/Cooling Heating,扇風機04-24(遠い　リズム　中).mp3,扇風機03/扇風機04-24(遠い　リズム　中).mp3,54.723174603174606,0.9120529100529101,extracted
otologic_sounds_smart/Cooling Heating,扇風機04-22(遠い　All).mp3,扇風機03/扇風機04-22(遠い　All).mp3,45.2759410430839,0.7545990173847316,extracted
otologic_sounds_smart/Cooling Heating,扇風機04-25(遠い　リズム　強).mp3,扇風機03/扇風機04-25(遠い　リズム　強).mp3,63.46326530612245,1.0577210884353743,extracted
otologic_sounds_smart/Cooling Heating,扇風機03-02(中).mp3,扇風機02/扇風機03-02(中).mp3,66.89451247165533,1.1149085411942556,extracted
otologic_sounds_smart/Cooling Heating,扇風機03-03(強).mp3,扇風機02/扇風機03-03(強).mp3,70.58680272108843,1.1764467120181406,extracted
otologic_sounds_smart/Cooling Heating,扇風機03-04(All).mp3,扇風機02/扇風機03-04(All).mp3,50.50891156462585,0.8418151927437642,extracted
otologic_sounds_smart/Cooling Heating,扇風機03-01(弱).mp3,扇風機02/扇風機03-01(弱).mp3,69.35712018140589,1.1559520030234316,extracted
otologic_sounds_smart/Cooling Heating,エアコン01-16(遠い　強).mp3,エアコン01/エアコン01-16(遠い　強).mp3,79.07024943310658,1.3178374905517765,extracted
otologic_sounds_smart/Cooling Heating,エアコン01-17(遠い　All).mp3,エアコン01/エアコン01-17(遠い　All).mp3,69.54521541950113,1.1590869236583523,extracted
otologic_sounds_smart/Cooling Heating,エアコン01-15(遠い　中).mp3,エアコン01/エアコン01-15(遠い　中).mp3,76.50380952380952,1.275063492063492,extracted
otologic_sounds_smart/Cooling Heating,エアコン01-14(遠い　弱).mp3,エアコン01/エアコン01-14(遠い　弱).mp3,77.40807256235827,1.2901345427059712,extracted
otologic_sounds_smart/Cooling Heating,扇風機02-4(遠い　強).mp3,石油ファンヒーター01/扇風機02-4(遠い　強).mp3,64.09532879818595,1.0682554799697657,extracted
otologic_sounds_smart/Cooling Heating,扇風機02-2(強).mp3,石油ファンヒーター01/扇風機02-2(強).mp3,66.73396825396826,1.1122328042328042,extracted
otologic_sounds_smart/Cooling Heating,扇風機02-3(遠い　弱).mp3,石油ファンヒーター01/扇風機02-3(遠い　弱).mp3,65.79621315192743,1.0966035525321238,extracted
otologic_sounds_smart/Cooling Heating,扇風機01-4(駆動音　ループ).mp3,石油ファンヒーター01/扇風機01-4(駆動音　ループ).mp3,15.98390022675737,0.26639833711262284,extracted
otologic_sounds_smart/Cooling Heating,扇風機01-3(駆動音　ループ).mp3,石油ファンヒーター01/扇風機01-3(駆動音　ループ).mp3,15.99907029478458,0.266651171579743,extracted
otologic_sounds_smart/Cooling Heating,石油ファンヒーター01-2(駆動音　遠い).mp3,石油ファンヒーター01/石油ファンヒーター01-2(駆動音　遠い).mp3,92.19698412698413,1.5366164021164022,extracted
otologic_sounds_smart/Cooling Heating,扇風機01-2(駆動音).mp3,石油ファンヒーター01/扇風機01-2(駆動音).mp3,59.96315192743764,0.999385865457294,extracted
otologic_sounds_smart/Cooling Heating,石油ファンヒーター01-1(駆動音).mp3,石油ファンヒーター01/石油ファンヒーター01-1(駆動音).mp3,88.47079365079365,1.4745132275132276,extracted
otologic_sounds_smart/Cooling Heating,扇風機01-1(駆動音).mp3,石油ファンヒーター01/扇風機01-1(駆動音).mp3,59.96315192743764,0.999385865457294,extracted
otologic_sounds_smart/Cooling Heating,石油ファンヒーター01-6(燃料タンク　入れる).mp3,石油ファンヒーター01/石油ファンヒーター01-6(燃料タンク　入れる).mp3,6.429886621315193,0.10716477702191989,extracted
otologic_sounds_smart/Cooling Heating,石油ファンヒーター01-5(燃料タンク　出す).mp3,石油ファンヒーター01/石油ファンヒーター01-5(燃料タンク　出す).mp3,6.019433106575963,0.10032388510959939,extracted
otologic_sounds_smart/Cooling Heating,扇風機03-13(遠い　弱).mp3,扇風機01/扇風機03-13(遠い　弱).mp3,66.48825396825397,1.108137566137566,extracted
otologic_sounds_smart/Cooling Heating,扇風機03-15(遠い　強).mp3,扇風機01/扇風機03-15(遠い　強).mp3,67.7728798185941,1.1295479969765685,extracted
otologic_sounds_smart/Cooling Heating,扇風機03-14(遠い　中).mp3,扇風機01/扇風機03-14(遠い　中).mp3,64.41961451247165,1.0736602418745276,extracted
otologic_sounds_smart/Cooling Heating,扇風機02-1(弱).mp3,扇風機01/扇風機02-1(弱).mp3,68.6,1.1433333333333333,extracted
otologic_sounds_smart/Cooling Heating,扇風機03-16(遠い　All).mp3,扇風機01/扇風機03-16(遠い　All).mp3,48.40897959183673,0.8068163265306122,extracted
otologic_sounds_smart/Temple Bells,梵鐘01-4(遠い　高).mp3,梵鐘01/梵鐘01-4(遠い　高).mp3,9.69297052154195,0.16154950869236584,extracted
otologic_sounds_smart/Temple Bells,梵鐘01-1(高).mp3,梵鐘01/梵鐘01-1(高).mp3,7.448185941043084,0.12413643235071807,extracted
otologic_sounds_smart/Temple Bells,梵鐘01-3(遠い　低).mp3,梵鐘01/梵鐘01-3(遠い　低).mp3,10.756530612244898,0.17927551020408164,extracted
otologic_sounds_smart/Temple Bells,梵鐘04-3(遠い　低).mp3,効果音＞お寺の鐘/梵鐘04-3(遠い　低).mp3,17.421201814058957,0.2903533635676493,extracted
otologic_sounds_smart/Temple Bells,梵鐘04-4(遠い　高).mp3,効果音＞お寺の鐘/梵鐘04-4(遠い　高).mp3,14.23326530612245,0.23722108843537415,extracted
otologic_sounds_smart/Temple Bells,梵鐘04-2(高).mp3,効果音＞お寺の鐘/梵鐘04-2(高).mp3,14.282947845804989,0.23804913076341647,extracted
otologic_sounds_smart/Temple Bells,梵鐘04-1(低).mp3,効果音＞お寺の鐘/梵鐘04-1(低).mp3,17.026802721088437,0.28378004535147394,extracted
otologic_sounds_smart/Temple Bells,梵鐘02-2(高).mp3,梵鐘03/梵鐘02-2(高).mp3,9.76562358276644,0.16276039304610732,extracted
otologic_sounds_smart/Temple Bells,梵鐘03-4(遠い　低).mp3,梵鐘03/梵鐘03-4(遠い　低).mp3,19.655215419501133,0.32758692365835224,extracted
otologic_sounds_smart/Temple Bells,梵鐘02-1(低).mp3,梵鐘03/梵鐘02-1(低).mp3,11.816689342403627,0.19694482237339378,extracted
otologic_sounds_smart/Temple Bells,梵鐘03-2(低).mp3,梵鐘04/梵鐘03-2(低).mp3,19.44655328798186,0.32410922146636434,extracted
otologic_sounds_smart/Temple Bells,梵鐘03-1(高).mp3,梵鐘04/梵鐘03-1(高).mp3,16.46281179138322,0.2743801965230537,extracted
otologic_sounds_smart/Temple Bells,梵鐘03-3(遠い　高).mp3,梵鐘04/梵鐘03-3(遠い　高).mp3,16.85126984126984,0.28085449735449736,extracted
otologic_sounds_smart/Temple Bells,梵鐘02-3(遠い　低).mp3,梵鐘02/梵鐘02-3(遠い　低).mp3,11.813219954648526,0.1968869992441421,extracted
otologic_sounds_smart/Temple Bells,梵鐘01-1(低).mp3,梵鐘02/梵鐘01-1(低).mp3,9.040113378684808,0.15066855631141346,extracted
otologic_sounds_smart/Temple Bells,梵鐘02-4(遠い　高).mp3,梵鐘02/梵鐘02-4(遠い　高).mp3,9.911065759637188,0.16518442932728647,extracted
otologic_sounds_smart/Fracture,骨折02-3(リバーブ).mp3,骨折03/骨折02-3(リバーブ).mp3,5.149024943310658,0.08581708238851096,extracted
otologic_sounds_smart/Fracture,骨折03-3(ディレイ).mp3,効果音＞骨折/骨折03-3(ディレイ).mp3,5.183968253968254,0.08639947089947089,extracted
freeaudio/daily01,sweep2.mp3,daily01/sweep2.mp3,12.348095238095238,0.20580158730158732,extracted
freeaudio/daily01,sweep1.mp3,daily01/sweep1.mp3,6.4399319727891156,0.10733219954648526,extracted
freeaudio/daily01,clean_up_glass.mp3,daily01/clean_up_glass.mp3,13.19578231292517,0.2199297052154195,extracted
freeaudio/daily01,spray_long.mp3,daily01/spray_long.mp3,5.712,0.09519999999999999,extracted
freeaudio/daily01,out_on_balcony2.mp3,daily01/out_on_balcony2.mp3,7.723854875283447,0.12873091458805744,extracted
freeaudio/daily01,dig_toolbox.mp3,daily01/dig_toolbox.mp3,21.696,0.36160000000000003,extracted
freeaudio/daily01,turn_screwdriver.mp3,daily01/turn_screwdriver.mp3,7.392,0.1232,extracted
freeaudio/daily01,door_chime3.mp3,daily01/door_chime3.mp3,5.818820861678004,0.0969803476946334,extracted
freeaudio/daily01,cans_in_grbg_bag.mp3,daily01/cans_in_grbg_bag.mp3,14.56185941043084,0.242697656840514,extracted
freeaudio/daily01,search_in_drawer1.mp3,daily01/search_in_drawer1.mp3,5.854399092970522,0.09757331821617536,extracted
freeaudio/daily01,wring_out_rag.mp3,daily01/wring_out_rag.mp3,9.17015873015873,0.15283597883597885,extracted
freeaudio/daily01,search_in_drawer2.mp3,daily01/search_in_drawer2.mp3,6.092607709750567,0.10154346182917612,extracted
freeaudio/daily01,lawn_mower.mp3,daily01/lawn_mower.mp3,19.433401360544217,0.32389002267573697,extracted
freeaudio/daily01,brushing_teeth.mp3,daily01/brushing_teeth.mp3,6.24,0.10400000000000001,extracted
freeaudio/daily01,mail_box_O.mp3,daily01/mail_box_O.mp3,8.34453514739229,0.1390755857898715,extracted
freeaudio/sports01,basketball_training2.mp3,sports01/basketball_training2.mp3,83.98086167800453,1.3996810279667422,extracted
freeaudio/sports01,pupil2.mp3,sports01/pupil2.mp3,41.352,0.6891999999999999,extracted
freeaudio/sports01,mens_vb4.mp3,sports01/mens_vb4.mp3,59.242448979591835,0.9873741496598639,extracted
freeaudio/sports01,basketball_training3.mp3,sports01/basketball_training3.mp3,34.175170068027214,0.5695861678004536,extracted
freeaudio/sports01,mens_Kendo4.mp3,sports01/mens_Kendo4.mp3,176.6574149659864,2.9442902494331067,extracted
freeaudio/sports01,basketball_training1.mp3,sports01/basketball_training1.mp3,98.54875283446712,1.6424792139077853,extracted
freeaudio/sports01,pupil1.mp3,sports01/pupil1.mp3,28.2,0.47,extracted
freeaudio/sports01,mens_Kendo5.mp3,sports01/mens_Kendo5.mp3,240.5122902494331,4.008538170823885,extracted
freeaudio/sports01,school_exam.mp3,sports01/school_exam.mp3,28.51031746031746,0.47517195767195763,extracted
freeaudio/sports01,mens_Kendo1.mp3,sports01/mens_Kendo1.mp3,71.42458049886622,1.1904096749811037,extracted
freeaudio/sports01,men_basketball1.mp3,sports01/men_basketball1.mp3,129.35231292517005,2.1558718820861675,extracted
freeaudio/sports01,mens_vb3.mp3,sports01/mens_vb3.mp3,19.23269841269841,0.3205449735449735,extracted
freeaudio/sports01,mens_vb2.mp3,sports01/mens_vb2.mp3,106.03541950113379,1.7672569916855632,extracted
freeaudio/sports01,mens_Kendo2.mp3,sports01/mens_Kendo2.mp3,66.2465306122449,1.104108843537415,extracted
freeaudio/sports01,men_basketball2.mp3,sports01/men_basketball2.mp3,122.57852607709751,2.042975434618292,extracted
freeaudio/sports01,mens_vb1.mp3,sports01/mens_vb1.mp3,40.259138321995465,0.6709856386999244,extracted
freeaudio/sports01,men_basketball3.mp3,sports01/men_basketball3.mp3,94.28714285714285,1.5714523809523808,extracted
freeaudio/sports01,slide_tackle2.mp3,sports01/slide_tackle2.mp3,5.604535147392291,0.09340891912320484,extracted
freeaudio/sports01,mens_Kendo3.mp3,sports01/mens_Kendo3.mp3,83.9633560090703,1.3993892668178383,extracted
freeaudio/sports01,boxing3.mp3,sports01/boxing3.mp3,181.9820625,3.033034375,extracted
freeaudio/sports01,boxing1.mp3,sports01/boxing1.mp3,181.8360625,3.0306010416666664,extracted
freeaudio/sports01,school_ground_kids.mp3,sports01/school_ground_kids.mp3,70.29747916666666,1.1716246527777776,extracted
freeaudio/sports01,Kendo_spectator2.mp3,sports01/Kendo_spectator2.mp3,25.44907029478458,0.42415117157974297,extracted
freeaudio/sports01,Kendo_spectator1.mp3,sports01/Kendo_spectator1.mp3,39.62485260770975,0.6604142101284958,extracted
freeaudio/sports01,crowded_sch_gym2.mp3,sports01/crowded_sch_gym2.mp3,27.956825396825398,0.46594708994708994,extracted
freeaudio/sports01,exciting_fight1.mp3,sports01/exciting_fight1.mp3,181.91397916666668,3.031899652777778,extracted
freeaudio/sports01,soccer_spectator.mp3,sports01/soccer_spectator.mp3,82.401179138322,1.3733529856387,extracted
freeaudio/sports01,bb_dribbling.mp3,sports01/bb_dribbling.mp3,18.263650793650793,0.3043941798941799,extracted
freeaudio/sports01,bb_shooting.mp3,sports01/bb_shooting.mp3,11.267278911564626,0.18778798185941042,extracted
freeaudio/sports01,exciting_fight3.mp3,sports01/exciting_fight3.mp3,200.5119375,3.3418656249999996,extracted
freeaudio/sports01,crowded_sch_gym1.mp3,sports01/crowded_sch_gym1.mp3,67.88353741496599,1.131392290249433,extracted
freeaudio/sports01,exciting_fight2.mp3,sports01/exciting_fight2.mp3,182.36725,3.039454166666667,extracted
freeaudio/sports01,mens_Judo2.mp3,sports01/mens_Judo2.mp3,60.148866213151926,1.002481103552532,extracted
freeaudio/sports01,vb_women.mp3,sports01/vb_women.mp3,121.84102040816326,2.0306836734693876,extracted
freeaudio/sports01,womens_cheer.mp3,sports01/womens_cheer.mp3,6.919546485260771,0.11532577475434617,extracted
freeaudio/sports01,mens_Judo1.mp3,sports01/mens_Judo1.mp3,43.075215419501134,0.7179202569916856,extracted
freeaudio/sports01,Jpn_sch_chime.mp3,sports01/Jpn_sch_chime.mp3,14.304,0.2384,extracted
freeaudio/sports01,womens_Kendo1.mp3,sports01/womens_Kendo1.mp3,264.4926984126984,4.408211640211641,extracted
freeaudio/sports01,womens_vb1.mp3,sports01/womens_vb1.mp3,102.7225850340136,1.7120430839002267,extracted
freeaudio/sports01,badminton1.mp3,sports01/badminton1.mp3,125.57351473922903,2.092891912320484,extracted
freeaudio/sports01,badminton3.mp3,sports01/badminton3.mp3,62.69387755102041,1.0448979591836733,extracted
freeaudio/sports01,womens_Kendo2.mp3,sports01/womens_Kendo2.mp3,67.43074829931973,1.1238458049886622,extracted
freeaudio/sports01,womens_vb2.mp3,sports01/womens_vb2.mp3,260.31310657596373,4.338551776266062,extracted
freeaudio/sports01,womens_vb3.mp3,sports01/womens_vb3.mp3,167.14884353741496,2.785814058956916,extracted
freeaudio/sports01,womens_Kendo3.mp3,sports01/womens_Kendo3.mp3,57.492607709750565,0.9582101284958428,extracted
freeaudio/sports01,badminton2.mp3,sports01/badminton2.mp3,73.56081632653061,1.2260136054421769,extracted
freeaudio/sports01,boys_baseball1.mp3,sports01/boys_baseball1.mp3,22.981950113378684,0.3830325018896447,extracted
freeaudio/sports01,boys_baseball2.mp3,sports01/boys_baseball2.mp3,50.61950113378685,0.8436583522297808,extracted
freeaudio/sports01,womens_vb4.mp3,sports01/womens_vb4.mp3,91.39374149659864,1.5232290249433107,extracted
freeaudio/sports01,ping_pong1.mp3,sports01/ping_pong1.mp3,81.907875,1.3651312500000001,extracted
freeaudio/sports01,womens_vb5.mp3,sports01/womens_vb5.mp3,85.44943310657597,1.4241572184429327,extracted
freeaudio/sports01,boys_baseball3.mp3,sports01/boys_baseball3.mp3,30.418140589569163,0.5069690098261527,extracted
freeaudio/sports01,badminton4.mp3,sports01/badminton4.mp3,25.797369614512473,0.42995616024187455,extracted
freeaudio/daily02,rub_paper2.mp3,daily02/rub_paper2.mp3,7.892108843537415,0.13153514739229025,extracted
freeaudio/daily02,write_with_pen.mp3,daily02/write_with_pen.mp3,26.90612244897959,0.44843537414965984,extracted
freeaudio/daily02,straw_bubbly1.mp3,daily02/straw_bubbly1.mp3,16.46548752834467,0.27442479213907783,extracted
freeaudio/daily02,take_match_box.mp3,daily02/take_match_box.mp3,5.316031746031746,0.08860052910052911,extracted
freeaudio/daily02,write_with_pencil.mp3,daily02/write_with_pencil.mp3,42.68607709750567,0.7114346182917611,extracted
freeaudio/daily02,draw_with_maker.mp3,daily02/draw_with_maker.mp3,29.961791383219953,0.49936318972033256,extracted
freeaudio/daily02,rub_paper1.mp3,daily02/rub_paper1.mp3,8.992040816326531,0.14986734693877551,extracted
freeaudio/daily02,tear_nws_pprs3.mp3,daily02/tear_nws_pprs3.mp3,8.897210884353742,0.14828684807256237,extracted
freeaudio/daily02,in_plastic_bag.mp3,daily02/in_plastic_bag.mp3,16.564580498866214,0.27607634164777023,extracted
freeaudio/daily02,close_umbrella.mp3,daily02/close_umbrella.mp3,9.383,0.15638333333333332,extracted
freeaudio/daily02,put_up_umbrella.mp3,daily02/put_up_umbrella.mp3,36.80825,0.6134708333333333,extracted
freeaudio/daily02,light_match2.mp3,daily02/light_match2.mp3,7.251360544217687,0.12085600907029478,extracted
freeaudio/daily02,crumpled_paper3.mp3,daily02/crumpled_paper3.mp3,8.675487528344672,0.14459145880574453,extracted
freeaudio/daily02,search_inside_trash.mp3,daily02/search_inside_trash.mp3,8.456229166666667,0.14093715277777777,extracted
freeaudio/daily02,scrape_wood_wall.mp3,daily02/scrape_wood_wall.mp3,8.78888888888889,0.1464814814814815,extracted
freeaudio/daily02,write_with_maker.mp3,daily02/write_with_maker.mp3,21.235555555555557,0.3539259259259259,extracted
freeaudio/daily02,plastic_umbrella1.mp3,daily02/plastic_umbrella1.mp3,30.028291666666668,0.5004715277777778,extracted
freeaudio/daily02,inside_paper.mp3,daily02/inside_paper.mp3,5.952,0.0992,extracted
freeaudio/daily02,plastic_umbrella2.mp3,daily02/plastic_umbrella2.mp3,21.520791666666668,0.3586798611111111,extracted
freeaudio/daily02,plastic_umbrella3.mp3,daily02/plastic_umbrella3.mp3,6.156041666666667,0.10260069444444445,extracted
freeaudio/daily02,pencil_sharpner1.mp3,daily02/pencil_sharpner1.mp3,6.264625850340136,0.10441043083900227,extracted
freeaudio/daily02,rub_tatami_mat.mp3,daily02/rub_tatami_mat.mp3,6.601451247165532,0.11002418745275887,extracted
freeaudio/daily02,plastic_bag.mp3,daily02/plastic_bag.mp3,13.32,0.222,extracted
freeaudio/eating01.zip,eat_crunchy_chips2.mp3,eating01/eat_crunchy_chips2.mp3,16.219138321995466,0.2703189720332578,zip
freeaudio/eating01.zip,eat_Senbei1.mp3,eating01/eat_Senbei1.mp3,6.482358276643991,0.10803930461073318,zip
freeaudio/eating01.zip,eat_Senbei2.mp3,eating01/eat_Senbei2.mp3,8.788458049886621,0.1464743008314437,zip
freeaudio/eating01.zip,eat_Senbei3.mp3,eating01/eat_Senbei3.mp3,18.02687074829932,0.3004478458049887,zip
freeaudio/eating01.zip,eat_Senbei_slowly4.mp3,eating01/eat_Senbei_slowly4.mp3,5.853833333333333,0.09756388888888888,zip
freeaudio/eating01.zip,make_instant_coffee.mp3,eating01/make_instant_coffee.mp3,8.257052154195012,0.1376175359032502,zip
freeaudio/eating01.zip,open_soda_can_pour.mp3,eating01/open_soda_can_pour.mp3,10.992,0.1832,zip
freeaudio/eating01.zip,op_bag_of_sweets.mp3,eating01/op_bag_of_sweets.mp3,6.115583333333333,0.10192638888888889,zip
freeaudio/eating01.zip,pour_cold_tea.mp3,eating01/pour_cold_tea.mp3,6.912,0.1152,zip
freeaudio/eating01.zip,pour_hot_tea.mp3,eating01/pour_hot_tea.mp3,6.178004535147393,0.10296674225245654,zip
freeaudio/eating01.zip,pour_HW_from_kettle.mp3,eating01/pour_HW_from_kettle.mp3,22.41956916099773,0.37365948601662885,zip
freeaudio/eating01.zip,pour_HW_from_pot.mp3,eating01/pour_HW_from_pot.mp3,7.892562358276644,0.1315427059712774,zip
freeaudio/eating01.zip,pour_HW_thermos.mp3,eating01/pour_HW_thermos.mp3,11.51201814058957,0.19186696900982617,zip
freeaudio/eating01.zip,pour_Sake.mp3,eating01/pour_Sake.mp3,7.183673469387755,0.11972789115646258,zip
freeaudio/eating01.zip,pour_soda.mp3,eating01/pour_soda.mp3,9.048,0.1508,zip
freeaudio/eating01.zip,put_cereal_plate1.mp3,eating01/put_cereal_plate1.mp3,11.776575963718821,0.19627626606198037,zip
freeaudio/eating01.zip,sip_hot_tea2.mp3,eating01/sip_hot_tea2.mp3,5.003356009070295,0.08338926681783825,zip
freeaudio/eating01.zip,stir_espresso.mp3,eating01/stir_espresso.mp3,10.872,0.1812,zip
freeaudio/eating01.zip,stir_tea.mp3,eating01/stir_tea.mp3,7.848,0.1308,zip
freeaudio/transfer01.zip,airplane1.mp3,transfer01/airplane1.mp3,21.072,0.3512,zip
freeaudio/transfer01.zip,airport1.mp3,transfer01/airport1.mp3,39.408,0.6568,zip
freeaudio/transfer01.zip,airport_ann1.mp3,transfer01/airport_ann1.mp3,73.97303854875284,1.2328839758125474,zip
freeaudio/transfer01.zip,airport_ann2.mp3,transfer01/airport_ann2.mp3,80.61444444444444,1.343574074074074,zip
freeaudio/transfer01.zip,bicycle_wheel.mp3,transfer01/bicycle_wheel.mp3,62.256,1.0376,zip
freeaudio/transfer01.zip,boat_engine.mp3,transfer01/boat_engine.mp3,27.678185941043083,0.4613030990173847,zip
freeaudio/transfer01.zip,bus_engine.mp3,transfer01/bus_engine.mp3,8.6378231292517,0.14396371882086167,zip
freeaudio/transfer01.zip,engine_room.mp3,transfer01/engine_room.mp3,21.32172335600907,0.3553620559334845,zip
freeaudio/transfer01.zip,Hakata_station1.mp3,transfer01/Hakata_station1.mp3,225.52138321995466,3.7586897203325775,zip
freeaudio/transfer01.zip,helicopter1.mp3,transfer01/helicopter1.mp3,35.472,0.5912000000000001,zip
freeaudio/transfer01.zip,high_speed_fan.mp3,transfer01/high_speed_fan.mp3,13.639909297052155,0.2273318216175359,zip
freeaudio/transfer01.zip,l_spd_Shinkansen1.mp3,transfer01/l_spd_Shinkansen1.mp3,15.192,0.2532,zip
freeaudio/transfer01.zip,l_spd_Shinkansen2.mp3,transfer01/l_spd_Shinkansen2.mp3,13.656,0.2276,zip
freeaudio/transfer01.zip,l_spd_Shinkansen3.mp3,transfer01/l_spd_Shinkansen3.mp3,109.10497916666667,1.8184163194444445,zip
freeaudio/transfer01.zip,on_airplane1.mp3,transfer01/on_airplane1.mp3,59.50693877551021,0.9917823129251702,zip
freeaudio/transfer01.zip,on_airplane2.mp3,transfer01/on_airplane2.mp3,122.92770975056689,2.0487951625094483,zip
freeaudio/transfer01.zip,on_airplane3.mp3,transfer01/on_airplane3.mp3,59.87265306122449,0.9978775510204082,zip
freeaudio/transfer01.zip,on_airplane4.mp3,transfer01/on_airplane4.mp3,779.9553968253969,12.999256613756614,zip
freeaudio/transfer01.zip,on_bus1.mp3,transfer01/on_bus1.mp3,50.52,0.8420000000000001,zip
freeaudio/transfer01.zip,on_bus2.mp3,transfer01/on_bus2.mp3,54.696,0.9116,zip
freeaudio/transfer01.zip,on_bus3.mp3,transfer01/on_bus3.mp3,48.93697916666667,0.8156163194444445,zip
freeaudio/transfer01.zip,on_subway.mp3,transfer01/on_subway.mp3,58.872,0.9812,zip
freeaudio/transfer01.zip,on_train1.mp3,transfer01/on_train1.mp3,66.792,1.1132,zip
freeaudio/transfer01.zip,on_train2.mp3,transfer01/on_train2.mp3,110.7591836734694,1.8459863945578232,zip
freeaudio/transfer01.zip,overnight_bus.mp3,transfer01/overnight_bus.mp3,24.450612244897957,0.40751020408163263,zip
freeaudio/transfer01.zip,railbridge1.mp3,transfer01/railbridge1.mp3,8.243492063492063,0.13739153439153437,zip
freeaudio/transfer01.zip,railbridge2.mp3,transfer01/railbridge2.mp3,9.307800453514739,0.15513000755857898,zip
freeaudio/transfer01.zip,railbridge3.mp3,transfer01/railbridge3.mp3,10.033832199546485,0.1672305366591081,zip
freeaudio/transfer01.zip,railbridge4.mp3,transfer01/railbridge4.mp3,10.305555555555555,0.17175925925925925,zip
freeaudio/transfer01.zip,rail_station.mp3,transfer01/rail_station.mp3,64.152,1.0692,zip
freeaudio/transfer01.zip,Shinjuku_station.mp3,transfer01/Shinjuku_station.mp3,73.06448979591836,1.2177414965986393,zip
freeaudio/transfer01.zip,Shinkansen1.mp3,transfer01/Shinkansen1.mp3,443.8609375,7.3976822916666665,zip
freeaudio/transfer01.zip,Shinkansen2.mp3,transfer01/Shinkansen2.mp3,259.6124791666667,4.326874652777778,zip
freeaudio/transfer01.zip,Shinkansen3.mp3,transfer01/Shinkansen3.mp3,110.972,1.8495333333333333,zip
freeaudio/transfer01.zip,Shinkansen4.mp3,transfer01/Shinkansen4.mp3,94.70895833333333,1.5784826388888888,zip
freeaudio/transfer01.zip,Shinkansen5.mp3,transfer01/Shinkansen5.mp3,126.5994375,2.109990625,zip
freeaudio/transfer01.zip,Shinkansen_arrival.mp3,transfer01/Shinkansen_arrival.mp3,51.984,0.8664000000000001,zip
freeaudio/transfer01.zip,Shinkansen_siren.mp3,transfer01/Shinkansen_siren.mp3,40.68,0.678,zip
freeaudio/transfer01.zip,Shinkansen_stn1.mp3,transfer01/Shinkansen_stn1.mp3,62.136,1.0356,zip
freeaudio/transfer01.zip,Shinkansen_stn2.mp3,transfer01/Shinkansen_stn2.mp3,189.168,3.1528,zip
freeaudio/transfer01.zip,Shinkansen_stopped.mp3,transfer01/Shinkansen_stopped.mp3,41.23883333333333,0.6873138888888889,zip
freeaudio/transfer01.zip,station_ann.mp3,transfer01/station_ann.mp3,21.48,0.358,zip
freeaudio/transfer01.zip,station_evening1.mp3,transfer01/station_evening1.mp3,28.608,0.4768,zip
freeaudio/transfer01.zip,station_evening2.mp3,transfer01/station_evening2.mp3,38.976,0.6496,zip
freeaudio/transfer01.zip,station_ticket_gate1.mp3,transfer01/station_ticket_gate1.mp3,137.856,2.2976,zip
freeaudio/transfer01.zip,station_ticket_gate2.mp3,transfer01/station_ticket_gate2.mp3,59.08897916666667,0.9848163194444445,zip
freeaudio/transfer01.zip,subway_arrive.mp3,transfer01/subway_arrive.mp3,36.984,0.6164000000000001,zip
freeaudio/transfer01.zip,subway_departure.mp3,transfer01/subway_departure.mp3,47.52,0.792,zip
freeaudio/transfer01.zip,subway_gate_ent.mp3,transfer01/subway_gate_ent.mp3,76.704,1.2784,zip
freeaudio/transfer01.zip,subway_slow_down.mp3,transfer01/subway_slow_down.mp3,24.768,0.4128,zip
freeaudio/transfer01.zip,subway_speed_up.mp3,transfer01/subway_speed_up.mp3,28.752,0.47919999999999996,zip
freeaudio/transfer01.zip,subway_ticket_VM1.mp3,transfer01/subway_ticket_VM1.mp3,15.984,0.2664,zip
freeaudio/transfer01.zip,subway_ticket_VM2.mp3,transfer01/subway_ticket_VM2.mp3,33.46366666666667,0.5577277777777778,zip
freeaudio/transfer01.zip,taking_off1.mp3,transfer01/taking_off1.mp3,70.0698185941043,1.1678303099017384,zip
freeaudio/transfer01.zip,taking_off2.mp3,transfer01/taking_off2.mp3,540.3552380952381,9.005920634920635,zip
freeaudio/transfer01.zip,ticket_vdg_machine.mp3,transfer01/ticket_vdg_machine.mp3,17.688,0.2948,zip
freeaudio/transfer01.zip,toll_bar.mp3,transfer01/toll_bar.mp3,25.129795918367346,0.4188299319727891,zip
freeaudio/transfer01.zip,train_pass_by1.mp3,transfer01/train_pass_by1.mp3,14.262857142857143,0.2377142857142857,zip
freeaudio/transfer01.zip,train_pass_by2.mp3,transfer01/train_pass_by2.mp3,112.53551020408163,1.8755918367346938,zip
freeaudio/transfer01.zip,train_pass_by3.mp3,transfer01/train_pass_by3.mp3,74.34448979591836,1.2390748299319727,zip
freeaudio/transfer01.zip,train_pass_by4.mp3,transfer01/train_pass_by4.mp3,144.16979591836736,2.4028299319727893,zip
freeaudio/transfer01.zip,train_start1.mp3,transfer01/train_start1.mp3,29.424,0.4904,zip
freeaudio/transfer01.zip,train_start2.mp3,transfer01/train_start2.mp3,41.016979166666665,0.6836163194444445,zip
freeaudio/cooking01.zip,bake_in_oven.mp3,cooking01/bake_in_oven.mp3,25.488,0.4248,zip
freeaudio/cooking01.zip,boiling_kettle.mp3,cooking01/boiling_kettle.mp3,31.161179138321994,0.5193529856386999,zip
freeaudio/cooking01.zip,clear_dishes1.mp3,cooking01/clear_dishes1.mp3,6.817097505668934,0.11361829176114889,zip
freeaudio/cooking01.zip,clear_dishes2.mp3,cooking01/clear_dishes2.mp3,24.722403628117913,0.4120400604686319,zip
freeaudio/cooking01.zip,clear_dishes3.mp3,cooking01/clear_dishes3.mp3,5.49734693877551,0.09162244897959183,zip
freeaudio/cooking01.zip,cover_pot_stew.mp3,cooking01/cover_pot_stew.mp3,16.128,0.2688,zip
freeaudio/cooking01.zip,cut_burdock_root.mp3,cooking01/cut_burdock_root.mp3,7.92453514739229,0.1320755857898715,zip
freeaudio/cooking01.zip,cut_green_pepper3.mp3,cooking01/cut_green_pepper3.mp3,36.33267573696145,0.6055445956160241,zip
freeaudio/cooking01.zip,cut_green_pepper4.mp3,cooking01/cut_green_pepper4.mp3,86.32714285714286,1.4387857142857143,zip
freeaudio/cooking01.zip,cut_potato.mp3,cooking01/cut_potato.mp3,7.555170068027211,0.12591950113378686,zip
freeaudio/cooking01.zip,cut_potato_slowly.mp3,cooking01/cut_potato_slowly.mp3,16.811655328798185,0.28019425547996973,zip
freeaudio/cooking01.zip,electric_kettle1.mp3,cooking01/electric_kettle1.mp3,27.02795918367347,0.4504659863945578,zip
freeaudio/cooking01.zip,electric_kettle2.mp3,cooking01/electric_kettle2.mp3,17.578344671201815,0.2929724111866969,zip
freeaudio/cooking01.zip,fry_potatoes.mp3,cooking01/fry_potatoes.mp3,32.986938775510204,0.5497823129251701,zip
freeaudio/cooking01.zip,fry_wiener_sausage.mp3,cooking01/fry_wiener_sausage.mp3,34.61022675736962,0.576837112622827,zip
freeaudio/cooking01.zip,grated_radish1.mp3,cooking01/grated_radish1.mp3,6.030068027210884,0.10050113378684807,zip
freeaudio/cooking01.zip,grated_radish2.mp3,cooking01/grated_radish2.mp3,9.429773242630386,0.1571628873771731,zip
freeaudio/cooking01.zip,kitchen_timer.mp3,cooking01/kitchen_timer.mp3,16.089410430839003,0.26815684051398336,zip
freeaudio/cooking01.zip,kitchen_vent_fan.mp3,cooking01/kitchen_vent_fan.mp3,31.32,0.522,zip
freeaudio/cooking01.zip,melt_butter_pan.mp3,cooking01/melt_butter_pan.mp3,7.020521541950114,0.11700869236583523,zip
freeaudio/cooking01.zip,microwave1.mp3,cooking01/microwave1.mp3,21.144,0.3524,zip
freeaudio/cooking01.zip,microwave2.mp3,cooking01/microwave2.mp3,25.207104166666667,0.4201184027777778,zip
freeaudio/cooking01.zip,microwave3.mp3,cooking01/microwave3.mp3,6.086375,0.10143958333333333,zip
freeaudio/cooking01.zip,microwave4.mp3,cooking01/microwave4.mp3,32.1734375,0.5362239583333334,zip
freeaudio/cooking01.zip,mix_egg1.mp3,cooking01/mix_egg1.mp3,12.700453514739229,0.2116742252456538,zip
freeaudio/cooking01.zip,mix_egg2.mp3,cooking01/mix_egg2.mp3,7.940136054421768,0.13233560090702948,zip
freeaudio/cooking01.zip,mix_egg3.mp3,cooking01/mix_egg3.mp3,9.398526077097506,0.15664210128495842,zip
freeaudio/cooking01.zip,mix_egg4.mp3,cooking01/mix_egg4.mp3,7.813424036281179,0.13022373393801964,zip
freeaudio/cooking01.zip,open_rice_cooker1.mp3,cooking01/open_rice_cooker1.mp3,5.571927437641723,0.09286545729402872,zip
freeaudio/cooking01.zip,pan_fry_bacon.mp3,cooking01/pan_fry_bacon.mp3,15.49655328798186,0.258275888133031,zip
freeaudio/cooking01.zip,pan_fry_steak1.mp3,cooking01/pan_fry_steak1.mp3,56.540181405895694,0.9423363567649282,zip
freeaudio/cooking01.zip,pan_fry_steak2.mp3,cooking01/pan_fry_steak2.mp3,30.47532879818594,0.5079221466364323,zip
freeaudio/cooking01.zip,pan_fry_steak3.mp3,cooking01/pan_fry_steak3.mp3,43.72469387755102,0.7287448979591836,zip
freeaudio/cooking01.zip,put_bottles_away.mp3,cooking01/put_bottles_away.mp3,18.018684807256236,0.3003114134542706,zip
freeaudio/cooking01.zip,put_cups_away.mp3,cooking01/put_cups_away.mp3,16.10260770975057,0.26837679516250945,zip
freeaudio/cooking01.zip,put_water_in_pot1.mp3,cooking01/put_water_in_pot1.mp3,11.81328798185941,0.19688813303099018,zip
freeaudio/cooking01.zip,put_water_in_pot2.mp3,cooking01/put_water_in_pot2.mp3,8.161201814058957,0.13602003023431594,zip
freeaudio/cooking01.zip,remove_lid_stew.mp3,cooking01/remove_lid_stew.mp3,14.856,0.2476,zip
freeaudio/cooking01.zip,shave_burdock_root1.mp3,cooking01/shave_burdock_root1.mp3,52.14600907029479,0.8691001511715798,zip
freeaudio/cooking01.zip,shave_burdock_root2.mp3,cooking01/shave_burdock_root2.mp3,13.081451247165534,0.2180241874527589,zip
freeaudio/cooking01.zip,simmer.mp3,cooking01/simmer.mp3,16.224,0.27040000000000003,zip
freeaudio/cooking01.zip,stir_fry.mp3,cooking01/stir_fry.mp3,44.93061224489796,0.748843537414966,zip
freeaudio/cooking01.zip,stir_fry_vegetables.mp3,cooking01/stir_fry_vegetables.mp3,41.40117913832199,0.6900196523053665,zip
freeaudio/cooking01.zip,t_on_gas_stove1.mp3,cooking01/t_on_gas_stove1.mp3,18.624,0.31039999999999995,zip
freeaudio/cooking01.zip,t_on_gas_stove2.mp3,cooking01/t_on_gas_stove2.mp3,7.650839002267574,0.12751398337112624,zip
freeaudio/cooking01.zip,t_on_gas_stove3.mp3,cooking01/t_on_gas_stove3.mp3,10.128,0.1688,zip
freeaudio/cooking01.zip,wash_dishes1.mp3,cooking01/wash_dishes1.mp3,59.808,0.9968,zip
freeaudio/cooking01.zip,wash_dishes2.mp3,cooking01/wash_dishes2.mp3,249.31267573696144,4.15521126228269,zip
freeaudio/cooking01.zip,water_into_kettle.mp3,cooking01/water_into_kettle.mp3,13.2,0.22,zip
freeaudio/cooking01.zip,water_into_pot1.mp3,cooking01/water_into_pot1.mp3,6.953922902494331,0.11589871504157219,zip
freeaudio/cooking01.zip,water_into_pot2.mp3,cooking01/water_into_pot2.mp3,8.15267573696145,0.13587792894935752,zip
freeaudio/cooking01.zip,water_into_pot3.mp3,cooking01/water_into_pot3.mp3,10.070521541950113,0.16784202569916853,zip
freeaudio/pc01.zip,camera_cont_shoot1.mp3,pc01/camera_cont_shoot1.mp3,11.599770833333332,0.1933295138888889,zip
freeaudio/pc01.zip,camera_cont_shoot2.mp3,pc01/camera_cont_shoot2.mp3,16.337791666666668,0.2722965277777778,zip
freeaudio/pc01.zip,camera_cont_shoot3.mp3,pc01/camera_cont_shoot3.mp3,7.024036281179138,0.11706727135298564,zip
freeaudio/pc01.zip,close_disk_tray2.mp3,pc01/close_disk_tray2.mp3,18.00102083333333,0.30001701388888885,zip
freeaudio/pc01.zip,continuous_print.mp3,pc01/continuous_print.mp3,24.315600907029477,0.405260015117158,zip
freeaudio/pc01.zip,eject_disk1.mp3,pc01/eject_disk1.mp3,8.409501133786849,0.14015835222978082,zip
freeaudio/pc01.zip,high_speed_print.mp3,pc01/high_speed_print.mp3,20.62108843537415,0.34368480725623585,zip
freeaudio/pc01.zip,humming_noise.mp3,pc01/humming_noise.mp3,5.04165,0.08402749999999999,zip
freeaudio/pc01.zip,new_printer.mp3,pc01/new_printer.mp3,11.009478458049887,0.1834913076341648,zip
freeaudio/pc01.zip,old_printer.mp3,pc01/old_printer.mp3,37.2,0.62,zip
freeaudio/pc01.zip,put_disc_in_drive1.mp3,pc01/put_disc_in_drive1.mp3,22.735102040816326,0.3789183673469388,zip
freeaudio/pc01.zip,scaner1.mp3,pc01/scaner1.mp3,15.010430839002268,0.25017384731670445,zip
freeaudio/pc01.zip,scaner2.mp3,pc01/scaner2.mp3,26.541043083900227,0.4423507180650038,zip
freeaudio/pc01.zip,speed_cont_print.mp3,pc01/speed_cont_print.mp3,43.929637188208616,0.7321606198034769,zip
freeaudio/pc01.zip,tiny_server_room.mp3,pc01/tiny_server_room.mp3,60.10580498866213,1.001763416477702,zip
freeaudio/pc01.zip,type_in1.mp3,pc01/type_in1.mp3,13.358458333333333,0.2226409722222222,zip
freeaudio/pc01.zip,type_in2.mp3,pc01/type_in2.mp3,60.166333333333334,1.0027722222222222,zip
freeaudio/pc01.zip,type_in3.mp3,pc01/type_in3.mp3,29.0664375,0.484440625,zip
freeaudio/pc01.zip,type_in4.mp3,pc01/type_in4.mp3,11.809354166666667,0.19682256944444446,zip
freeaudio/pc01.zip,type_in5.mp3,pc01/type_in5.mp3,14.34525,0.2390875,zip
freeaudio/wetarea01.zip,bathing1.mp3,wetarea01/bathing1.mp3,15.624,0.2604,zip
freeaudio/wetarea01.zip,bathing2.mp3,wetarea01/bathing2.mp3,15.624,0.2604,zip
freeaudio/wetarea01.zip,bathing3.mp3,wetarea01/bathing3.mp3,24.87251700680272,0.4145419501133787,zip
freeaudio/wetarea01.zip,drain_bathtub.mp3,wetarea01/drain_bathtub.mp3,5.108480725623583,0.08514134542705971,zip
freeaudio/wetarea01.zip,drain_washbasin.mp3,wetarea01/drain_washbasin.mp3,9.312154195011338,0.15520256991685563,zip
freeaudio/wetarea01.zip,drip_down1.mp3,wetarea01/drip_down1.mp3,70.26324263038549,1.171054043839758,zip
freeaudio/wetarea01.zip,drops_on_bowl1.mp3,wetarea01/drops_on_bowl1.mp3,50.82263038548753,0.8470438397581255,zip
freeaudio/wetarea01.zip,drops_on_bowl2.mp3,wetarea01/drops_on_bowl2.mp3,18.039954648526077,0.300665910808768,zip
freeaudio/wetarea01.zip,drops_on_plate1.mp3,wetarea01/drops_on_plate1.mp3,61.27006802721088,1.0211678004535147,zip
freeaudio/wetarea01.zip,drops_on_sink1.mp3,wetarea01/drops_on_sink1.mp3,60.965873015873015,1.0160978835978836,zip
freeaudio/wetarea01.zip,filling_washbasin1.mp3,wetarea01/filling_washbasin1.mp3,23.18873015873016,0.386478835978836,zip
freeaudio/wetarea01.zip,filling_washbasin2.mp3,wetarea01/filling_washbasin2.mp3,27.257913832199545,0.4542985638699924,zip
freeaudio/wetarea01.zip,flush_in_old_toilet1.mp3,wetarea01/flush_in_old_toilet1.mp3,15.264,0.2544,zip
freeaudio/wetarea01.zip,flush_in_old_toilet2.mp3,wetarea01/flush_in_old_toilet2.mp3,7.104,0.1184,zip
freeaudio/wetarea01.zip,flush_in_toilet1.mp3,wetarea01/flush_in_toilet1.mp3,9.5450625,0.159084375,zip
freeaudio/wetarea01.zip,flush_in_toilet2.mp3,wetarea01/flush_in_toilet2.mp3,34.2293125,0.5704885416666666,zip
freeaudio/wetarea01.zip,flush_in_toilet3.mp3,wetarea01/flush_in_toilet3.mp3,16.49425,0.27490416666666667,zip
freeaudio/wetarea01.zip,get_out_of_bath.mp3,wetarea01/get_out_of_bath.mp3,9.238548752834467,0.1539758125472411,zip
freeaudio/wetarea01.zip,Japanese_toilet.mp3,wetarea01/Japanese_toilet.mp3,20.832,0.3472,zip
freeaudio/wetarea01.zip,leaking_shower1.mp3,wetarea01/leaking_shower1.mp3,60.74294784580499,1.0123824640967498,zip
freeaudio/wetarea01.zip,leaking_shower2.mp3,wetarea01/leaking_shower2.mp3,60.7421768707483,1.0123696145124716,zip
freeaudio/wetarea01.zip,leaking_shower3.mp3,wetarea01/leaking_shower3.mp3,60.11238095238095,1.0018730158730158,zip
freeaudio/wetarea01.zip,leaking_washbasin1.mp3,wetarea01/leaking_washbasin1.mp3,61.72789115646258,1.028798185941043,zip
freeaudio/wetarea01.zip,shower.mp3,wetarea01/shower.mp3,15.144,0.2524,zip
freeaudio/wetarea01.zip,splash_water.mp3,wetarea01/splash_water.mp3,17.08988662131519,0.28483144368858654,zip
freeaudio/wetarea01.zip,turn_on_off_water.mp3,wetarea01/turn_on_off_water.mp3,5.650770975056689,0.09417951625094483,zip
freeaudio/wetarea01.zip,washbasin.mp3,wetarea01/washbasin.mp3,7.176,0.1196,zip
freeaudio/wetarea01.zip,water_into_sink1.mp3,wetarea01/water_into_sink1.mp3,5.071632653061225,0.08452721088435375,zip
freeaudio/wetarea01.zip,water_into_sink2.mp3,wetarea01/water_into_sink2.mp3,7.992630385487528,0.13321050642479212,zip
freeaudio/wetarea01.zip,water_in_bath1.mp3,wetarea01/water_in_bath1.mp3,23.394104308390023,0.38990173847316706,zip
freeaudio/wetarea01.zip,water_in_bath2.mp3,wetarea01/water_in_bath2.mp3,83.7418820861678,1.3956980347694634,zip
freeaudio/wetarea01.zip,water_in_bath3.mp3,wetarea01/water_in_bath3.mp3,51.57829931972789,0.8596383219954649,zip
freeaudio/wetarea01.zip,water_in_bath4.mp3,wetarea01/water_in_bath4.mp3,64.6443537414966,1.07740589569161,zip
freeaudio/wetarea01.zip,water_leak_drip.mp3,wetarea01/water_leak_drip.mp3,15.623990929705215,0.26039984882842027,zip
freeaudio/electric01.zip,alarm_clock_ring.mp3,electric01/alarm_clock_ring.mp3,16.104,0.26839999999999997,zip
freeaudio/electric01.zip,busy_tone.mp3,electric01/busy_tone.mp3,8.426643990929705,0.14044406651549507,zip
freeaudio/electric01.zip,call_speed_dial.mp3,electric01/call_speed_dial.mp3,9.94095238095238,0.16568253968253968,zip
freeaudio/electric01.zip,clock_ticking.mp3,electric01/clock_ticking.mp3,12.096,0.2016,zip
freeaudio/electric01.zip,clock_tick_1min.mp3,electric01/clock_tick_1min.mp3,60.009375,1.00015625,zip
freeaudio/electric01.zip,clock_tick_in_hall.mp3,electric01/clock_tick_in_hall.mp3,12.096,0.2016,zip
freeaudio/electric01.zip,color_bar_signal.mp3,electric01/color_bar_signal.mp3,6.086530612244898,0.1014421768707483,zip
freeaudio/electric01.zip,dial_ringback_tone.mp3,electric01/dial_ringback_tone.mp3,13.776,0.2296,zip
freeaudio/electric01.zip,dial_tone.mp3,electric01/dial_tone.mp3,10.057142857142857,0.1676190476190476,zip
freeaudio/electric01.zip,electric_shaver.mp3,electric01/electric_shaver.mp3,10.104,0.1684,zip
freeaudio/electric01.zip,fan.mp3,electric01/fan.mp3,19.728,0.32880000000000004,zip
freeaudio/electric01.zip,fan_rotation.mp3,electric01/fan_rotation.mp3,29.904,0.4984,zip
freeaudio/electric01.zip,install_light_bulb.mp3,electric01/install_light_bulb.mp3,5.056575963718821,0.08427626606198034,zip
freeaudio/electric01.zip,mobile_vibration1.mp3,electric01/mobile_vibration1.mp3,5.352,0.0892,zip
freeaudio/electric01.zip,ringback_tone.mp3,electric01/ringback_tone.mp3,9.91325,0.16522083333333332,zip
freeaudio/electric01.zip,sewing_machine1.mp3,electric01/sewing_machine1.mp3,13.627913832199546,0.22713189720332577,zip
freeaudio/electric01.zip,sewing_machine2.mp3,electric01/sewing_machine2.mp3,21.543537414965986,0.35905895691609974,zip
freeaudio/electric01.zip,tune_in_radio.mp3,electric01/tune_in_radio.mp3,8.962902494331066,0.1493817082388511,zip
freeaudio/electric01.zip,vacuum_cleaner1.mp3,electric01/vacuum_cleaner1.mp3,12.312,0.2052,zip
freeaudio/electric01.zip,vacuum_cleaner2.mp3,electric01/vacuum_cleaner2.mp3,12.312,0.2052,zip
freeaudio/electric01.zip,washer.mp3,electric01/washer.mp3,17.352,0.2892,zip
freeaudio/electric01.zip,washer_dehydration.mp3,electric01/washer_dehydration.mp3,132.816,2.2136,zip
freeaudio/electric01.zip,women_hair_dryer.mp3,electric01/women_hair_dryer.mp3,44.52789115646259,0.7421315192743765,zip
freeaudio/tokyo01.zip,Akihabara_street.mp3,tokyo01/Akihabara_street.mp3,413.62750566893425,6.893791761148904,zip
freeaudio/tokyo01.zip,ap_shuttle_bus1.mp3,tokyo01/ap_shuttle_bus1.mp3,1228.9174149659864,20.481956916099772,zip
freeaudio/tokyo01.zip,ap_shuttle_bus2.mp3,tokyo01/ap_shuttle_bus2.mp3,364.2938095238095,6.0715634920634916,zip
freeaudio/tokyo01.zip,AsakusaTemple1.mp3,tokyo01/AsakusaTemple1.mp3,324.92156462585035,5.415359410430839,zip
freeaudio/tokyo01.zip,AsakusaTemple2.mp3,tokyo01/AsakusaTemple2.mp3,337.46256235827667,5.624376039304611,zip
freeaudio/tokyo01.zip,AsakusaTemple3.mp3,tokyo01/AsakusaTemple3.mp3,201.10721088435375,3.3517868480725626,zip
freeaudio/tokyo01.zip,AsakusaTemple4.mp3,tokyo01/AsakusaTemple4.mp3,665.5963038548753,11.093271730914587,zip
freeaudio/tokyo01.zip,Asakusa_street1.mp3,tokyo01/Asakusa_street1.mp3,370.7473015873016,6.179121693121693,zip
freeaudio/tokyo01.zip,Asakusa_street2.mp3,tokyo01/Asakusa_street2.mp3,151.75208616780046,2.5292014361300077,zip
freeaudio/tokyo01.zip,crossing_Shinjuku1.mp3,tokyo01/crossing_Shinjuku1.mp3,446.56367346938777,7.442727891156463,zip
freeaudio/tokyo01.zip,crossing_Shinjuku2.mp3,tokyo01/crossing_Shinjuku2.mp3,187.60151927437641,3.126691987906274,zip
freeaudio/tokyo01.zip,crossing_Shinjuku3.mp3,tokyo01/crossing_Shinjuku3.mp3,77.82467120181406,1.2970778533635676,zip
freeaudio/tokyo01.zip,crowded_Observatory.mp3,tokyo01/crowded_Observatory.mp3,201.91414965986394,3.365235827664399,zip
freeaudio/tokyo01.zip,employee_cafeteria1.mp3,tokyo01/employee_cafeteria1.mp3,54.62444444444444,0.9104074074074073,zip
freeaudio/tokyo01.zip,employee_cafeteria2.mp3,tokyo01/employee_cafeteria2.mp3,373.9783446712018,6.232972411186696,zip
freeaudio/tokyo01.zip,employee_cafeteria3.mp3,tokyo01/employee_cafeteria3.mp3,312.4298185941043,5.207163643235072,zip
freeaudio/tokyo01.zip,Haneda_AP1_bdgt.mp3,tokyo01/Haneda_AP1_bdgt.mp3,508.1339229024943,8.468898715041572,zip
freeaudio/tokyo01.zip,Haneda_AP2_bdgt.mp3,tokyo01/Haneda_AP2_bdgt.mp3,217.99342403628117,3.6332237339380193,zip
freeaudio/tokyo01.zip,Haneda_ap_obs_deck1.mp3,tokyo01/Haneda_ap_obs_deck1.mp3,411.5268027210884,6.858780045351474,zip
freeaudio/tokyo01.zip,Haneda_ap_obs_deck2.mp3,tokyo01/Haneda_ap_obs_deck2.mp3,87.92090702947846,1.4653484504913077,zip
freeaudio/tokyo01.zip,Keisei_Skyliner.mp3,tokyo01/Keisei_Skyliner.mp3,570.2604988662132,9.50434164777022,zip
freeaudio/tokyo01.zip,Narita_AP1_arvl.mp3,tokyo01/Narita_AP1_arvl.mp3,118.13689342403629,1.9689482237339382,zip
freeaudio/tokyo01.zip,Narita_AP1_bdgt.mp3,tokyo01/Narita_AP1_bdgt.mp3,242.23056689342403,4.037176114890401,zip
freeaudio/tokyo01.zip,Narita_AP2_arvl.mp3,tokyo01/Narita_AP2_arvl.mp3,134.15637188208618,2.235939531368103,zip
freeaudio/tokyo01.zip,Narita_AP2_bdgt.mp3,tokyo01/Narita_AP2_bdgt.mp3,334.3673469387755,5.572789115646258,zip
freeaudio/tokyo01.zip,Narita_AP3_arvl.mp3,tokyo01/Narita_AP3_arvl.mp3,90.489410430839,1.5081568405139834,zip
freeaudio/tokyo01.zip,Narita_Ap_St1.mp3,tokyo01/Narita_Ap_St1.mp3,313.83807256235826,5.230634542705971,zip
freeaudio/tokyo01.zip,Narita_Ap_St2.mp3,tokyo01/Narita_Ap_St2.mp3,172.6808843537415,2.878014739229025,zip
freeaudio/tokyo01.zip,Narita_Express1.mp3,tokyo01/Narita_Express1.mp3,550.5443537414966,9.175739229024943,zip
freeaudio/tokyo01.zip,Narita_Express2.mp3,tokyo01/Narita_Express2.mp3,120.57809523809524,2.009634920634921,zip
freeaudio/tokyo01.zip,Shinjuku_BD_evg1.mp3,tokyo01/Shinjuku_BD_evg1.mp3,130.8948299319728,2.181580498866213,zip
freeaudio/tokyo01.zip,Shinjuku_BD_evg2.mp3,tokyo01/Shinjuku_BD_evg2.mp3,159.84408163265306,2.664068027210884,zip
freeaudio/tokyo01.zip,Shinjuku_BD_morn.mp3,tokyo01/Shinjuku_BD_morn.mp3,597.20641723356,9.953440287226,zip
freeaudio/tokyo01.zip,Shinjuku_BD_night.mp3,tokyo01/Shinjuku_BD_night.mp3,951.0836507936508,15.85139417989418,zip
freeaudio/tokyo01.zip,Shinjuku_Keio_St.mp3,tokyo01/Shinjuku_Keio_St.mp3,242.29185941043085,4.038197656840514,zip
freeaudio/tokyo01.zip,Shinjuku_St1_evg.mp3,tokyo01/Shinjuku_St1_evg.mp3,109.22666666666667,1.8204444444444445,zip
freeaudio/tokyo01.zip,Shinjuku_St2_evg.mp3,tokyo01/Shinjuku_St2_evg.mp3,625.5210657596372,10.425351095993953,zip
freeaudio/tokyo01.zip,Shinjuku_St3_evg.mp3,tokyo01/Shinjuku_St3_evg.mp3,283.5115646258503,4.725192743764172,zip
freeaudio/tokyo01.zip,Shinjuku_St4_evg.mp3,tokyo01/Shinjuku_St4_evg.mp3,960.5218367346939,16.008697278911566,zip
freeaudio/tokyo01.zip,Shinjuku_St5_evg.mp3,tokyo01/Shinjuku_St5_evg.mp3,531.5279138321996,8.858798563869993,zip
freeaudio/tokyo01.zip,Shinjuku_St_back.mp3,tokyo01/Shinjuku_St_back.mp3,748.4393424036281,12.473989040060468,zip
freeaudio/tokyo01.zip,Shinjuku_St_morn.mp3,tokyo01/Shinjuku_St_morn.mp3,331.4015873015873,5.523359788359788,zip
freeaudio/tokyo01.zip,Tokyo_St1_morn.mp3,tokyo01/Tokyo_St1_morn.mp3,223.05986394557823,3.7176643990929703,zip
freeaudio/tokyo01.zip,Tokyo_St2_morn.mp3,tokyo01/Tokyo_St2_morn.mp3,446.5661678004535,7.442769463340892,zip
freeaudio/tokyo01.zip,Tokyo_St3_morn.mp3,tokyo01/Tokyo_St3_morn.mp3,356.33244897959185,5.938874149659864,zip
freeaudio/tokyo01.zip,Tokyo_St4_morn.mp3,tokyo01/Tokyo_St4_morn.mp3,470.2935827664399,7.838226379440665,zip
freeaudio/tokyo01.zip,Tokyo_St_evg.mp3,tokyo01/Tokyo_St_evg.mp3,1063.8484807256236,17.73080801209373,zip
freeaudio/tokyo01.zip,Ueno_zoo1.mp3,tokyo01/Ueno_zoo1.mp3,338.6127437641723,5.643545729402872,zip
freeaudio/tokyo01.zip,Ueno_zoo2.mp3,tokyo01/Ueno_zoo2.mp3,230.74560090702948,3.845760015117158,zip
freeaudio/tokyo01.zip,Ueno_zoo3.mp3,tokyo01/Ueno_zoo3.mp3,154.67077097505668,2.5778461829176114,zip
freeaudio/tokyo01.zip,Ueno_zoo4.mp3,tokyo01/Ueno_zoo4.mp3,469.37655328798184,7.822942554799697,zip
freeaudio/tokyo01.zip,under_rwy_brdg1.mp3,tokyo01/under_rwy_brdg1.mp3,359.9239229024943,5.998732048374905,zip
freeaudio/tokyo01.zip,under_rwy_brdg2.mp3,tokyo01/under_rwy_brdg2.mp3,385.0913605442177,6.418189342403628,zip
freeaudio/tokyo01.zip,under_rwy_brdg3.mp3,tokyo01/under_rwy_brdg3.mp3,299.1426530612245,4.985710884353741,zip
freeaudio/tokyo01.zip,walk_rush_hour1.mp3,tokyo01/walk_rush_hour1.mp3,360.0050113378685,6.000083522297809,zip
freeaudio/tokyo01.zip,walk_rush_hour2.mp3,tokyo01/walk_rush_hour2.mp3,148.4681179138322,2.4744686318972033,zip
freeaudio/tokyo01.zip,walk_rush_hour3.mp3,tokyo01/walk_rush_hour3.mp3,244.3112244897959,4.071853741496598,zip
freeaudio/daily01.zip,brushing_teeth.mp3,daily01/brushing_teeth.mp3,6.24,0.10400000000000001,zip
freeaudio/daily01.zip,cans_in_grbg_bag.mp3,daily01/cans_in_grbg_bag.mp3,14.56185941043084,0.242697656840514,zip
freeaudio/daily01.zip,clean_up_glass.mp3,daily01/clean_up_glass.mp3,13.19578231292517,0.2199297052154195,zip
freeaudio/daily01.zip,dig_toolbox.mp3,daily01/dig_toolbox.mp3,21.696,0.36160000000000003,zip
freeaudio/daily01.zip,door_chime3.mp3,daily01/door_chime3.mp3,5.818820861678004,0.0969803476946334,zip
freeaudio/daily01.zip,lawn_mower.mp3,daily01/lawn_mower.mp3,19.433401360544217,0.32389002267573697,zip
freeaudio/daily01.zip,mail_box_O.mp3,daily01/mail_box_O.mp3,8.34453514739229,0.1390755857898715,zip
freeaudio/daily01.zip,out_on_balcony2.mp3,daily01/out_on_balcony2.mp3,7.723854875283447,0.12873091458805744,zip
freeaudio/daily01.zip,search_in_drawer1.mp3,daily01/search_in_drawer1.mp3,5.854399092970522,0.09757331821617536,zip
freeaudio/daily01.zip,search_in_drawer2.mp3,daily01/search_in_drawer2.mp3,6.092607709750567,0.10154346182917612,zip
freeaudio/daily01.zip,spray_long.mp3,daily01/spray_long.mp3,5.712,0.09519999999999999,zip
freeaudio/daily01.zip,sweep1.mp3,daily01/sweep1.mp3,6.4399319727891156,0.10733219954648526,zip
freeaudio/daily01.zip,sweep2.mp3,daily01/sweep2.mp3,12.348095238095238,0.20580158730158732,zip
freeaudio/daily01.zip,turn_screwdriver.mp3,daily01/turn_screwdriver.mp3,7.392,0.1232,zip
freeaudio/daily01.zip,wring_out_rag.mp3,daily01/wring_out_rag.mp3,9.17015873015873,0.15283597883597885,zip
freeaudio/sports01.zip,badminton1.mp3,sports01/badminton1.mp3,125.57351473922903,2.092891912320484,zip
freeaudio/sports01.zip,badminton2.mp3,sports01/badminton2.mp3,73.56081632653061,1.2260136054421769,zip
freeaudio/sports01.zip,badminton3.mp3,sports01/badminton3.mp3,62.69387755102041,1.0448979591836733,zip
freeaudio/sports01.zip,badminton4.mp3,sports01/badminton4.mp3,25.797369614512473,0.42995616024187455,zip
freeaudio/sports01.zip,basketball_training1.mp3,sports01/basketball_training1.mp3,98.54875283446712,1.6424792139077853,zip
freeaudio/sports01.zip,basketball_training2.mp3,sports01/basketball_training2.mp3,83.98086167800453,1.3996810279667422,zip
freeaudio/sports01.zip,basketball_training3.mp3,sports01/basketball_training3.mp3,34.175170068027214,0.5695861678004536,zip
freeaudio/sports01.zip,bb_dribbling.mp3,sports01/bb_dribbling.mp3,18.263650793650793,0.3043941798941799,zip
freeaudio/sports01.zip,bb_shooting.mp3,sports01/bb_shooting.mp3,11.267278911564626,0.18778798185941042,zip
freeaudio/sports01.zip,boxing1.mp3,sports01/boxing1.mp3,181.8360625,3.0306010416666664,zip
freeaudio/sports01.zip,boxing3.mp3,sports01/boxing3.mp3,181.9820625,3.033034375,zip
freeaudio/sports01.zip,boys_baseball1.mp3,sports01/boys_baseball1.mp3,22.981950113378684,0.3830325018896447,zip
freeaudio/sports01.zip,boys_baseball2.mp3,sports01/boys_baseball2.mp3,50.61950113378685,0.8436583522297808,zip
freeaudio/sports01.zip,boys_baseball3.mp3,sports01/boys_baseball3.mp3,30.418140589569163,0.5069690098261527,zip
freeaudio/sports01.zip,crowded_sch_gym1.mp3,sports01/crowded_sch_gym1.mp3,67.88353741496599,1.131392290249433,zip
freeaudio/sports01.zip,crowded_sch_gym2.mp3,sports01/crowded_sch_gym2.mp3,27.956825396825398,0.46594708994708994,zip
freeaudio/sports01.zip,exciting_fight1.mp3,sports01/exciting_fight1.mp3,181.91397916666668,3.031899652777778,zip
freeaudio/sports01.zip,exciting_fight2.mp3,sports01/exciting_fight2.mp3,182.36725,3.039454166666667,zip
freeaudio/sports01.zip,exciting_fight3.mp3,sports01/exciting_fight3.mp3,200.5119375,3.3418656249999996,zip
freeaudio/sports01.zip,Jpn_sch_chime.mp3,sports01/Jpn_sch_chime.mp3,14.304,0.2384,zip
freeaudio/sports01.zip,Kendo_spectator1.mp3,sports01/Kendo_spectator1.mp3,39.62485260770975,0.6604142101284958,zip
freeaudio/sports01.zip,Kendo_spectator2.mp3,sports01/Kendo_spectator2.mp3,25.44907029478458,0.42415117157974297,zip
freeaudio/sports01.zip,mens_Judo1.mp3,sports01/mens_Judo1.mp3,43.075215419501134,0.7179202569916856,zip
freeaudio/sports01.zip,mens_Judo2.mp3,sports01/mens_Judo2.mp3,60.148866213151926,1.002481103552532,zip
freeaudio/sports01.zip,mens_Kendo1.mp3,sports01/mens_Kendo1.mp3,71.42458049886622,1.1904096749811037,zip
freeaudio/sports01.zip,mens_Kendo2.mp3,sports01/mens_Kendo2.mp3,66.2465306122449,1.104108843537415,zip
freeaudio/sports01.zip,mens_Kendo3.mp3,sports01/mens_Kendo3.mp3,83.9633560090703,1.3993892668178383,zip
freeaudio/sports01.zip,mens_Kendo4.mp3,sports01/mens_Kendo4.mp3,176.6574149659864,2.9442902494331067,zip
freeaudio/sports01.zip,mens_Kendo5.mp3,sports01/mens_Kendo5.mp3,240.5122902494331,4.008538170823885,zip
freeaudio/sports01.zip,mens_vb1.mp3,sports01/mens_vb1.mp3,40.259138321995465,0.6709856386999244,zip
freeaudio/sports01.zip,mens_vb2.mp3,sports01/mens_vb2.mp3,106.03541950113379,1.7672569916855632,zip
freeaudio/sports01.zip,mens_vb3.mp3,sports01/mens_vb3.mp3,19.23269841269841,0.3205449735449735,zip
freeaudio/sports01.zip,mens_vb4.mp3,sports01/mens_vb4.mp3,59.242448979591835,0.9873741496598639,zip
freeaudio/sports01.zip,men_basketball1.mp3,sports01/men_basketball1.mp3,129.35231292517005,2.1558718820861675,zip
freeaudio/sports01.zip,men_basketball2.mp3,sports01/men_basketball2.mp3,122.57852607709751,2.042975434618292,zip
freeaudio/sports01.zip,men_basketball3.mp3,sports01/men_basketball3.mp3,94.28714285714285,1.5714523809523808,zip
freeaudio/sports01.zip,ping_pong1.mp3,sports01/ping_pong1.mp3,81.907875,1.3651312500000001,zip
freeaudio/sports01.zip,pupil1.mp3,sports01/pupil1.mp3,28.2,0.47,zip
freeaudio/sports01.zip,pupil2.mp3,sports01/pupil2.mp3,41.352,0.6891999999999999,zip
freeaudio/sports01.zip,school_exam.mp3,sports01/school_exam.mp3,28.51031746031746,0.47517195767195763,zip
freeaudio/sports01.zip,school_ground_kids.mp3,sports01/school_ground_kids.mp3,70.29747916666666,1.1716246527777776,zip
freeaudio/sports01.zip,slide_tackle2.mp3,sports01/slide_tackle2.mp3,5.604535147392291,0.09340891912320484,zip
freeaudio/sports01.zip,soccer_spectator.mp3,sports01/soccer_spectator.mp3,82.401179138322,1.3733529856387,zip
freeaudio/sports01.zip,vb_women.mp3,sports01/vb_women.mp3,121.84102040816326,2.0306836734693876,zip
freeaudio/sports01.zip,womens_cheer.mp3,sports01/womens_cheer.mp3,6.919546485260771,0.11532577475434617,zip
freeaudio/sports01.zip,womens_Kendo1.mp3,sports01/womens_Kendo1.mp3,264.4926984126984,4.408211640211641,zip
freeaudio/sports01.zip,womens_Kendo2.mp3,sports01/womens_Kendo2.mp3,67.43074829931973,1.1238458049886622,zip
freeaudio/sports01.zip,womens_Kendo3.mp3,sports01/womens_Kendo3.mp3,57.492607709750565,0.9582101284958428,zip
freeaudio/sports01.zip,womens_vb1.mp3,sports01/womens_vb1.mp3,102.7225850340136,1.7120430839002267,zip
freeaudio/sports01.zip,womens_vb2.mp3,sports01/womens_vb2.mp3,260.31310657596373,4.338551776266062,zip
freeaudio/sports01.zip,womens_vb3.mp3,sports01/womens_vb3.mp3,167.14884353741496,2.785814058956916,zip
freeaudio/sports01.zip,womens_vb4.mp3,sports01/womens_vb4.mp3,91.39374149659864,1.5232290249433107,zip
freeaudio/sports01.zip,womens_vb5.mp3,sports01/womens_vb5.mp3,85.44943310657597,1.4241572184429327,zip
freeaudio/us01.zip,afternoon_MH.mp3,us01/afternoon_MH.mp3,181.44090702947847,3.0240151171579743,zip
freeaudio/us01.zip,airport_cafe.mp3,us01/airport_cafe.mp3,87.93566666666666,1.4655944444444444,zip
freeaudio/us01.zip,airport_NY.mp3,us01/airport_NY.mp3,199.48399092970521,3.3247331821617534,zip
freeaudio/us01.zip,ambulance_NY1.mp3,us01/ambulance_NY1.mp3,60.71562358276644,1.011927059712774,zip
freeaudio/us01.zip,ambulance_NY2.mp3,us01/ambulance_NY2.mp3,186.61260770975056,3.1102101284958428,zip
freeaudio/us01.zip,bathroom_water.mp3,us01/bathroom_water.mp3,9.892721088435374,0.16487868480725623,zip
freeaudio/us01.zip,bus_NY1.mp3,us01/bus_NY1.mp3,134.3649375,2.239415625,zip
freeaudio/us01.zip,bus_NY2.mp3,us01/bus_NY2.mp3,79.4323125,1.3238718749999998,zip
freeaudio/us01.zip,bus_NY3.mp3,us01/bus_NY3.mp3,91.575875,1.5262645833333333,zip
freeaudio/us01.zip,bus_NY4.mp3,us01/bus_NY4.mp3,135.04970833333334,2.2508284722222225,zip
freeaudio/us01.zip,centralpark.mp3,us01/centralpark.mp3,101.64390022675737,1.6940650037792895,zip
freeaudio/us01.zip,downtown_MH.mp3,us01/downtown_MH.mp3,312.48773242630386,5.208128873771731,zip
freeaudio/us01.zip,emergent_night1.mp3,us01/emergent_night1.mp3,56.05297052154195,0.9342161753590326,zip
freeaudio/us01.zip,emergent_night2.mp3,us01/emergent_night2.mp3,57.854399092970525,0.9642399848828421,zip
freeaudio/us01.zip,escalator_NY.mp3,us01/escalator_NY.mp3,47.032380952380954,0.7838730158730159,zip
freeaudio/us01.zip,FDNY.mp3,us01/FDNY.mp3,35.33392290249433,0.5888987150415722,zip
freeaudio/us01.zip,flight_announce.mp3,us01/flight_announce.mp3,108.9050566893424,1.8150842781557066,zip
freeaudio/us01.zip,hotel_elevator.mp3,us01/hotel_elevator.mp3,33.447278911564624,0.5574546485260771,zip
freeaudio/us01.zip,hotel_entrance0.mp3,us01/hotel_entrance0.mp3,79.59201814058957,1.326533635676493,zip
freeaudio/us01.zip,hotel_entrance1.mp3,us01/hotel_entrance1.mp3,97.33478458049886,1.6222464096749811,zip
freeaudio/us01.zip,hotel_entrance2.mp3,us01/hotel_entrance2.mp3,138.02115646258503,2.3003526077097503,zip
freeaudio/us01.zip,hotel_heating1.mp3,us01/hotel_heating1.mp3,8.503401360544217,0.1417233560090703,zip
freeaudio/us01.zip,hotel_heating2.mp3,us01/hotel_heating2.mp3,20.243854875283446,0.33739758125472413,zip
freeaudio/us01.zip,hotel_toilet.mp3,us01/hotel_toilet.mp3,6.464784580498867,0.10774640967498111,zip
freeaudio/us01.zip,intersection_MH1.mp3,us01/intersection_MH1.mp3,103.87646258503402,1.7312743764172336,zip
freeaudio/us01.zip,intersection_MH2.mp3,us01/intersection_MH2.mp3,142.60732426303855,2.3767887377173094,zip
freeaudio/us01.zip,into_room.mp3,us01/into_room.mp3,14.618979591836736,0.2436496598639456,zip
freeaudio/us01.zip,int_airplane1.mp3,us01/int_airplane1.mp3,92.36573696145125,1.5394289493575208,zip
freeaudio/us01.zip,int_airplane2.mp3,us01/int_airplane2.mp3,124.68333333333334,2.0780555555555558,zip
freeaudio/us01.zip,int_airplane3.mp3,us01/int_airplane3.mp3,214.37866213151926,3.5729777021919875,zip
freeaudio/us01.zip,met_museum.mp3,us01/met_museum.mp3,311.35324263038547,5.189220710506424,zip
freeaudio/us01.zip,morning_MH1.mp3,us01/morning_MH1.mp3,146.96013605442178,2.4493356009070295,zip
freeaudio/us01.zip,morning_MH2.mp3,us01/morning_MH2.mp3,103.2475283446712,1.7207921390778533,zip
freeaudio/us01.zip,night_MH0.mp3,us01/night_MH0.mp3,170.64272108843537,2.844045351473923,zip
freeaudio/us01.zip,night_MH1.mp3,us01/night_MH1.mp3,263.39560090702946,4.389926681783824,zip
freeaudio/us01.zip,night_MH2.mp3,us01/night_MH2.mp3,212.6502947845805,3.5441715797430082,zip
freeaudio/us01.zip,night_MH3.mp3,us01/night_MH3.mp3,209.6740589569161,3.494567649281935,zip
freeaudio/us01.zip,night_MH4.mp3,us01/night_MH4.mp3,63.21632653061224,1.0536054421768708,zip
freeaudio/us01.zip,night_siren1.mp3,us01/night_siren1.mp3,130.38038548752834,2.1730064247921392,zip
freeaudio/us01.zip,night_siren2.mp3,us01/night_siren2.mp3,87.07886621315193,1.4513144368858655,zip
freeaudio/us01.zip,outside_PennSt.mp3,us01/outside_PennSt.mp3,298.9049433106576,4.981749055177627,zip
freeaudio/us01.zip,out_room.mp3,us01/out_room.mp3,12.432698412698413,0.2072116402116402,zip
freeaudio/us01.zip,Penn_St1.mp3,us01/Penn_St1.mp3,67.55351473922903,1.1258919123204838,zip
freeaudio/us01.zip,Penn_St2.mp3,us01/Penn_St2.mp3,50.276598639455784,0.8379433106575964,zip
freeaudio/us01.zip,Penn_subwaySt1.mp3,us01/Penn_subwaySt1.mp3,276.0155555555556,4.60025925925926,zip
freeaudio/us01.zip,Penn_subwaySt2.mp3,us01/Penn_subwaySt2.mp3,210.74691609977324,3.5124486016628875,zip
freeaudio/us01.zip,ship_whistle.mp3,us01/ship_whistle.mp3,37.19655328798186,0.6199425547996976,zip
freeaudio/us01.zip,street_MH1.mp3,us01/street_MH1.mp3,94.65916099773243,1.5776526832955404,zip
freeaudio/us01.zip,street_MH2.mp3,us01/street_MH2.mp3,179.83045351473922,2.9971742252456535,zip
freeaudio/us01.zip,street_MH3.mp3,us01/street_MH3.mp3,295.8992517006803,4.931654195011338,zip
freeaudio/us01.zip,street_MH4.mp3,us01/street_MH4.mp3,205.43013605442178,3.42383560090703,zip
freeaudio/us01.zip,St_announce.mp3,us01/St_announce.mp3,91.16979591836734,1.5194965986394557,zip
freeaudio/us01.zip,subway_express.mp3,us01/subway_express.mp3,404.6565306122449,6.744275510204082,zip
freeaudio/us01.zip,subway_MH.mp3,us01/subway_MH.mp3,270.7003174603175,4.511671957671958,zip
freeaudio/us01.zip,subway_st1.mp3,us01/subway_st1.mp3,57.46281179138322,0.9577135298563869,zip
freeaudio/us01.zip,subway_st2.mp3,us01/subway_st2.mp3,185.4822448979592,3.09137074829932,zip
freeaudio/us01.zip,subway_st3.mp3,us01/subway_st3.mp3,87.26975056689342,1.454495842781557,zip
freeaudio/us01.zip,trans_passage.mp3,us01/trans_passage.mp3,39.139,0.6523166666666668,zip
freeaudio/us01.zip,walking_MH1.mp3,us01/walking_MH1.mp3,335.31201814058954,5.588533635676493,zip
freeaudio/us01.zip,walking_MH2.mp3,us01/walking_MH2.mp3,162.0907709750567,2.701512849584278,zip
freeaudio/us01.zip,walking_st1.mp3,us01/walking_st1.mp3,82.40761904761905,1.3734603174603175,zip
freeaudio/us01.zip,walking_st2.mp3,us01/walking_st2.mp3,56.744240362811794,0.9457373393801966,zip
freeaudio/sample_noise.zip,frige_noise3.mp3,sample_noise/frige_noise3.mp3,5.067755102040817,0.08446258503401362,zip
freeaudio/sample_noise.zip,microphone_noise.mp3,sample_noise/microphone_noise.mp3,6.599637188208617,0.10999395313681029,zip
freeaudio/daily02.zip,close_umbrella.mp3,daily02/close_umbrella.mp3,9.383,0.15638333333333332,zip
freeaudio/daily02.zip,crumpled_paper3.mp3,daily02/crumpled_paper3.mp3,8.675487528344672,0.14459145880574453,zip
freeaudio/daily02.zip,draw_with_maker.mp3,daily02/draw_with_maker.mp3,29.961791383219953,0.49936318972033256,zip
freeaudio/daily02.zip,inside_paper.mp3,daily02/inside_paper.mp3,5.952,0.0992,zip
freeaudio/daily02.zip,in_plastic_bag.mp3,daily02/in_plastic_bag.mp3,16.564580498866214,0.27607634164777023,zip
freeaudio/daily02.zip,light_match2.mp3,daily02/light_match2.mp3,7.251360544217687,0.12085600907029478,zip
freeaudio/daily02.zip,pencil_sharpner1.mp3,daily02/pencil_sharpner1.mp3,6.264625850340136,0.10441043083900227,zip
freeaudio/daily02.zip,plastic_bag.mp3,daily02/plastic_bag.mp3,13.32,0.222,zip
freeaudio/daily02.zip,plastic_umbrella1.mp3,daily02/plastic_umbrella1.mp3,30.028291666666668,0.5004715277777778,zip
freeaudio/daily02.zip,plastic_umbrella2.mp3,daily02/plastic_umbrella2.mp3,21.520791666666668,0.3586798611111111,zip
freeaudio/daily02.zip,plastic_umbrella3.mp3,daily02/plastic_umbrella3.mp3,6.156041666666667,0.10260069444444445,zip
freeaudio/daily02.zip,put_up_umbrella.mp3,daily02/put_up_umbrella.mp3,36.80825,0.6134708333333333,zip
freeaudio/daily02.zip,rub_paper1.mp3,daily02/rub_paper1.mp3,8.992040816326531,0.14986734693877551,zip
freeaudio/daily02.zip,rub_paper2.mp3,daily02/rub_paper2.mp3,7.892108843537415,0.13153514739229025,zip
freeaudio/daily02.zip,rub_tatami_mat.mp3,daily02/rub_tatami_mat.mp3,6.601451247165532,0.11002418745275887,zip
freeaudio/daily02.zip,scrape_wood_wall.mp3,daily02/scrape_wood_wall.mp3,8.78888888888889,0.1464814814814815,zip
freeaudio/daily02.zip,search_inside_trash.mp3,daily02/search_inside_trash.mp3,8.456229166666667,0.14093715277777777,zip
freeaudio/daily02.zip,straw_bubbly1.mp3,daily02/straw_bubbly1.mp3,16.46548752834467,0.27442479213907783,zip
freeaudio/daily02.zip,take_match_box.mp3,daily02/take_match_box.mp3,5.316031746031746,0.08860052910052911,zip
freeaudio/daily02.zip,tear_nws_pprs3.mp3,daily02/tear_nws_pprs3.mp3,8.897210884353742,0.14828684807256237,zip
freeaudio/daily02.zip,write_with_maker.mp3,daily02/write_with_maker.mp3,21.235555555555557,0.3539259259259259,zip
freeaudio/daily02.zip,write_with_pen.mp3,daily02/write_with_pen.mp3,26.90612244897959,0.44843537414965984,zip
freeaudio/daily02.zip,write_with_pencil.mp3,daily02/write_with_pencil.mp3,42.68607709750567,0.7114346182917611,zip
freeaudio/horror02.zip,air_leak1.mp3,horror02/air_leak1.mp3,8.629659863945578,0.14382766439909297,zip
freeaudio/horror02.zip,air_leak2.mp3,horror02/air_leak2.mp3,6.407324263038549,0.10678873771730915,zip
freeaudio/horror02.zip,air_leak3.mp3,horror02/air_leak3.mp3,29.85827664399093,0.4976379440665155,zip
freeaudio/horror02.zip,air_leak4.mp3,horror02/air_leak4.mp3,17.806621315192743,0.29677702191987904,zip
freeaudio/horror02.zip,air_pump.mp3,horror02/air_pump.mp3,5.8106575963718825,0.09684429327286471,zip
freeaudio/horror02.zip,bathtub_splash.mp3,horror02/bathtub_splash.mp3,16.82092970521542,0.280348828420257,zip
freeaudio/horror02.zip,books_fall2.mp3,horror02/books_fall2.mp3,5.463061224489796,0.09105102040816328,zip
freeaudio/horror02.zip,cameras_shoot.mp3,horror02/cameras_shoot.mp3,5.647278911564626,0.09412131519274376,zip
freeaudio/horror02.zip,dangerous_car.mp3,horror02/dangerous_car.mp3,10.057097505668935,0.16761829176114892,zip
freeaudio/horror02.zip,dragging.mp3,horror02/dragging.mp3,7.58328798185941,0.12638813303099017,zip
freeaudio/horror02.zip,dripping.mp3,horror02/dripping.mp3,8.088,0.13479999999999998,zip
freeaudio/horror02.zip,drowning.mp3,horror02/drowning.mp3,21.648,0.3608,zip
freeaudio/horror02.zip,earthquake_start.mp3,horror02/earthquake_start.mp3,20.58448979591837,0.3430748299319728,zip
freeaudio/horror02.zip,hellfire.mp3,horror02/hellfire.mp3,22.0,0.36666666666666664,zip
freeaudio/horror02.zip,house_fire.mp3,horror02/house_fire.mp3,33.76907029478458,0.5628178382464097,zip
freeaudio/horror02.zip,jet_crash.mp3,horror02/jet_crash.mp3,20.856825396825396,0.3476137566137566,zip
freeaudio/horror02.zip,motor_drill.mp3,horror02/motor_drill.mp3,15.739342403628118,0.262322373393802,zip
freeaudio/horror02.zip,old_man_breath1.mp3,horror02/old_man_breath1.mp3,7.152290249433107,0.11920483749055179,zip
freeaudio/horror02.zip,old_man_breath2.mp3,horror02/old_man_breath2.mp3,79.32004535147392,1.3220007558578988,zip
freeaudio/horror02.zip,run_in_forest.mp3,horror02/run_in_forest.mp3,21.288956916099774,0.35481594860166293,zip
freeaudio/horror02.zip,salad_dressing2.mp3,horror02/salad_dressing2.mp3,6.091678004535147,0.10152796674225245,zip
freeaudio/horror02.zip,salad_dressing3.mp3,horror02/salad_dressing3.mp3,10.148004535147392,0.16913340891912318,zip
freeaudio/horror02.zip,salad_dressing4.mp3,horror02/salad_dressing4.mp3,7.915918367346939,0.13193197278911564,zip
freeaudio/horror02.zip,scavenge_garbage.mp3,horror02/scavenge_garbage.mp3,13.64419501133787,0.22740325018896448,zip
freeaudio/horror02.zip,slide_down_hill.mp3,horror02/slide_down_hill.mp3,5.629024943310657,0.09381708238851096,zip
freeaudio/horror02.zip,trample_ground.mp3,horror02/trample_ground.mp3,5.7582708333333334,0.09597118055555556,zip
freeaudio/horror02.zip,woman_after_run1.mp3,horror02/woman_after_run1.mp3,13.6000625,0.22666770833333333,zip
freeaudio/horror02.zip,woman_after_run2.mp3,horror02/woman_after_run2.mp3,14.860375,0.24767291666666666,zip
freeaudio/horror02.zip,women_hyperpnea1.mp3,horror02/women_hyperpnea1.mp3,16.275458333333333,0.2712576388888889,zip
freeaudio/horror02.zip,women_hyperpnea2.mp3,horror02/women_hyperpnea2.mp3,13.013104166666666,0.21688506944444444,zip
freeaudio/horror02.zip,women_hyperpnea3.mp3,horror02/women_hyperpnea3.mp3,13.168916666666666,0.21948194444444444,zip
freeaudio/playing01.zip,deal_cards4.mp3,playing01/deal_cards4.mp3,16.024943310657598,0.26708238851095994,zip
freeaudio/playing01.zip,guitar1.mp3,playing01/guitar1.mp3,6.022675736961451,0.10037792894935753,zip
freeaudio/playing01.zip,guitar3.mp3,playing01/guitar3.mp3,5.369614512471656,0.08949357520786093,zip
freeaudio/playing01.zip,guitar5.mp3,playing01/guitar5.mp3,5.201269841269841,0.08668783068783069,zip
freeaudio/playing01.zip,guitar7.mp3,playing01/guitar7.mp3,7.848344671201814,0.13080574452003024,zip
freeaudio/playing01.zip,Jpn_drum_rythm.mp3,playing01/Jpn_drum_rythm.mp3,21.463219954648526,0.35772033257747543,zip
freeaudio/playing01.zip,Jpn_L_drum2.mp3,playing01/Jpn_L_drum2.mp3,5.4123809523809525,0.0902063492063492,zip
freeaudio/playing01.zip,large_drum3.mp3,playing01/large_drum3.mp3,5.2385034013605445,0.08730839002267574,zip
freeaudio/playing01.zip,TTL_Star.mp3,playing01/TTL_Star.mp3,36.84,0.6140000000000001,zip
freeaudio/horror01.zip,1000hz_noise.mp3,horror01/1000hz_noise.mp3,30.0,0.5,zip
freeaudio/horror01.zip,1500hz_noise.mp3,horror01/1500hz_noise.mp3,30.0,0.5,zip
freeaudio/horror01.zip,2400hz_noise.mp3,horror01/2400hz_noise.mp3,30.0,0.5,zip
freeaudio/horror01.zip,300hz_noise.mp3,horror01/300hz_noise.mp3,30.0,0.5,zip
freeaudio/horror01.zip,600hz_noise.mp3,horror01/600hz_noise.mp3,30.0,0.5,zip
freeaudio/horror01.zip,black_hole1.mp3,horror01/black_hole1.mp3,22.949041666666666,0.3824840277777778,zip
freeaudio/horror01.zip,black_hole2.mp3,horror01/black_hole2.mp3,24.864354166666665,0.4144059027777777,zip
freeaudio/horror01.zip,bullying.mp3,horror01/bullying.mp3,25.196916099773244,0.4199486016628874,zip
freeaudio/horror01.zip,bummer1.mp3,horror01/bummer1.mp3,6.247125,0.10411875,zip
freeaudio/horror01.zip,bummer2.mp3,horror01/bummer2.mp3,7.9926458333333334,0.1332107638888889,zip
freeaudio/horror01.zip,bummer3.mp3,horror01/bummer3.mp3,8.715729166666666,0.14526215277777776,zip
freeaudio/horror01.zip,creepy_breath1.mp3,horror01/creepy_breath1.mp3,46.26446712018141,0.7710744520030235,zip
freeaudio/horror01.zip,creepy_breath2.mp3,horror01/creepy_breath2.mp3,57.95700680272109,0.9659501133786849,zip
freeaudio/horror01.zip,creep_up_on.mp3,horror01/creep_up_on.mp3,9.615056689342403,0.16025094482237337,zip
freeaudio/horror01.zip,dark_bell.mp3,horror01/dark_bell.mp3,21.44,0.35733333333333334,zip
freeaudio/horror01.zip,dark_entrance.mp3,horror01/dark_entrance.mp3,8.238253968253968,0.1373042328042328,zip
freeaudio/horror01.zip,death_sound1.mp3,horror01/death_sound1.mp3,20.0,0.3333333333333333,zip
freeaudio/horror01.zip,death_sound2.mp3,horror01/death_sound2.mp3,20.0,0.3333333333333333,zip
freeaudio/horror01.zip,death_sound3.mp3,horror01/death_sound3.mp3,20.0,0.3333333333333333,zip
freeaudio/horror01.zip,death_sound4.mp3,horror01/death_sound4.mp3,19.75,0.32916666666666666,zip
freeaudio/horror01.zip,dimensional_rift.mp3,horror01/dimensional_rift.mp3,30.167891156462584,0.5027981859410431,zip
freeaudio/horror01.zip,dog_bark_dream.mp3,horror01/dog_bark_dream.mp3,22.704,0.3784,zip
freeaudio/horror01.zip,door_of_spacetime.mp3,horror01/door_of_spacetime.mp3,13.776,0.2296,zip
freeaudio/horror01.zip,fly_in_head.mp3,horror01/fly_in_head.mp3,10.0,0.16666666666666666,zip
freeaudio/horror01.zip,gain_weight.mp3,horror01/gain_weight.mp3,6.144,0.1024,zip
freeaudio/horror01.zip,ghost_call.mp3,horror01/ghost_call.mp3,11.328,0.1888,zip
freeaudio/horror01.zip,ghost_passed.mp3,horror01/ghost_passed.mp3,7.054172335600907,0.11756953892668179,zip
freeaudio/horror01.zip,ghost_sighs.mp3,horror01/ghost_sighs.mp3,30.216,0.5036,zip
freeaudio/horror01.zip,grudge_of_dead.mp3,horror01/grudge_of_dead.mp3,26.90612244897959,0.44843537414965984,zip
freeaudio/horror01.zip,haunted_area1.mp3,horror01/haunted_area1.mp3,55.17786848072562,0.919631141345427,zip
freeaudio/horror01.zip,haunted_area2.mp3,horror01/haunted_area2.mp3,60.10149659863946,1.0016916099773243,zip
freeaudio/horror01.zip,headache.mp3,horror01/headache.mp3,12.324807256235827,0.20541345427059712,zip
freeaudio/horror01.zip,hell_gear.mp3,horror01/hell_gear.mp3,7.848,0.1308,zip
freeaudio/horror01.zip,horrific_blow1.mp3,horror01/horrific_blow1.mp3,5.592,0.09319999999999999,zip
freeaudio/horror01.zip,horrific_blow2.mp3,horror01/horrific_blow2.mp3,5.9859183673469385,0.09976530612244898,zip
freeaudio/horror01.zip,horror_piano1.mp3,horror01/horror_piano1.mp3,9.11673469387755,0.1519455782312925,zip
freeaudio/horror01.zip,horror_piano2.mp3,horror01/horror_piano2.mp3,7.487165532879819,0.12478609221466365,zip
freeaudio/horror01.zip,horror_piano4.mp3,horror01/horror_piano4.mp3,15.941020408163265,0.26568367346938776,zip
freeaudio/horror01.zip,horror_wind.mp3,horror01/horror_wind.mp3,8.76,0.146,zip
freeaudio/horror01.zip,howling_wind.mp3,horror01/howling_wind.mp3,73.62580498866213,1.2270967498110354,zip
freeaudio/horror01.zip,inversion.mp3,horror01/inversion.mp3,6.768,0.1128,zip
freeaudio/horror01.zip,in_dream.mp3,horror01/in_dream.mp3,30.336,0.5055999999999999,zip
freeaudio/horror01.zip,it_is_coming.mp3,horror01/it_is_coming.mp3,28.199666666666666,0.46999444444444444,zip
freeaudio/horror01.zip,maze.mp3,horror01/maze.mp3,13.728,0.2288,zip
freeaudio/horror01.zip,mental_attack1.mp3,horror01/mental_attack1.mp3,25.215532879818593,0.42025888133030986,zip
freeaudio/horror01.zip,mental_attack2.mp3,horror01/mental_attack2.mp3,20.020340136054422,0.33367233560090703,zip
freeaudio/horror01.zip,mental_attack3.mp3,horror01/mental_attack3.mp3,7.170270833333333,0.11950451388888889,zip
freeaudio/horror01.zip,Oriental_ghost.mp3,horror01/Oriental_ghost.mp3,14.801333333333334,0.2466888888888889,zip
freeaudio/horror01.zip,other_world.mp3,horror01/other_world.mp3,22.224,0.3704,zip
freeaudio/horror01.zip,ridicule.mp3,horror01/ridicule.mp3,7.262040816326531,0.12103401360544218,zip
freeaudio/horror01.zip,tick_tock.mp3,horror01/tick_tock.mp3,12.096,0.2016,zip
freeaudio/horror01.zip,tinnitus1.mp3,horror01/tinnitus1.mp3,6.84,0.114,zip
freeaudio/horror01.zip,tinnitus3.mp3,horror01/tinnitus3.mp3,8.710385487528345,0.14517309145880575,zip
freeaudio/horror01.zip,tinnitus5.mp3,horror01/tinnitus5.mp3,5.159002267573696,0.08598337112622827,zip
freeaudio/horror01.zip,white_noise1.mp3,horror01/white_noise1.mp3,5.064,0.0844,zip
freeaudio/nature01.zip,black_cicadas1.mp3,nature01/black_cicadas1.mp3,77.448,1.2908,zip
freeaudio/nature01.zip,black_cicadas2.mp3,nature01/black_cicadas2.mp3,65.5725,1.092875,zip
freeaudio/nature01.zip,black_cicadas3.mp3,nature01/black_cicadas3.mp3,289.4351473922903,4.8239191232048375,zip
freeaudio/nature01.zip,blizzard.mp3,nature01/blizzard.mp3,35.16,0.586,zip
freeaudio/nature01.zip,cave_stream1.mp3,nature01/cave_stream1.mp3,53.22013605442177,0.8870022675736962,zip
freeaudio/nature01.zip,cave_stream2.mp3,nature01/cave_stream2.mp3,65.8053514739229,1.0967558578987149,zip
freeaudio/nature01.zip,children_at_Mt_stream.mp3,nature01/children_at_Mt_stream.mp3,36.4669387755102,0.60778231292517,zip
freeaudio/nature01.zip,cold_air_draft1.mp3,nature01/cold_air_draft1.mp3,10.282666666666668,0.1713777777777778,zip
freeaudio/nature01.zip,cold_air_draft2.mp3,nature01/cold_air_draft2.mp3,12.373333333333333,0.20622222222222222,zip
freeaudio/nature01.zip,cricket.mp3,nature01/cricket.mp3,69.79918367346939,1.1633197278911565,zip
freeaudio/nature01.zip,fall_riverside_dawn.mp3,nature01/fall_riverside_dawn.mp3,54.778775510204085,0.9129795918367347,zip
freeaudio/nature01.zip,fall_riverside_night1.mp3,nature01/fall_riverside_night1.mp3,46.288979591836735,0.771482993197279,zip
freeaudio/nature01.zip,fall_riverside_night2.mp3,nature01/fall_riverside_night2.mp3,129.6457142857143,2.160761904761905,zip
freeaudio/nature01.zip,family_on_beach1.mp3,nature01/family_on_beach1.mp3,48.248163265306125,0.8041360544217687,zip
freeaudio/nature01.zip,family_on_beach2.mp3,nature01/family_on_beach2.mp3,41.2734693877551,0.687891156462585,zip
freeaudio/nature01.zip,fire1.mp3,nature01/fire1.mp3,7.157551020408163,0.11929251700680271,zip
freeaudio/nature01.zip,fire2.mp3,nature01/fire2.mp3,5.381224489795918,0.08968707482993196,zip
freeaudio/nature01.zip,frogs1.mp3,nature01/frogs1.mp3,11.784,0.19640000000000002,zip
freeaudio/nature01.zip,frogs2.mp3,nature01/frogs2.mp3,36.84,0.6140000000000001,zip
freeaudio/nature01.zip,gale_blow_trees1.mp3,nature01/gale_blow_trees1.mp3,33.98603174603175,0.5664338624338625,zip
freeaudio/nature01.zip,gale_blow_trees2.mp3,nature01/gale_blow_trees2.mp3,20.967551020408163,0.3494591836734694,zip
freeaudio/nature01.zip,gloomy_rainy_day.mp3,nature01/gloomy_rainy_day.mp3,62.51390022675737,1.041898337112623,zip
freeaudio/nature01.zip,haevy_rain.mp3,nature01/haevy_rain.mp3,14.232,0.2372,zip
freeaudio/nature01.zip,insects_sing_in_fall1.mp3,nature01/insects_sing_in_fall1.mp3,93.67510204081633,1.5612517006802722,zip
freeaudio/nature01.zip,insects_sing_in_fall2.mp3,nature01/insects_sing_in_fall2.mp3,52.76734693877551,0.8794557823129252,zip
freeaudio/nature01.zip,insects_sing_in_fall3.mp3,nature01/insects_sing_in_fall3.mp3,101.30285714285715,1.6883809523809525,zip
freeaudio/nature01.zip,insects_sing_in_fall4.mp3,nature01/insects_sing_in_fall4.mp3,128.78367346938776,2.1463945578231294,zip
freeaudio/nature01.zip,insects_sing_in_fall5.mp3,nature01/insects_sing_in_fall5.mp3,52.819591836734695,0.8803265306122449,zip
freeaudio/nature01.zip,insects_sing_in_fall6.mp3,nature01/insects_sing_in_fall6.mp3,59.00480725623583,0.9834134542705971,zip
freeaudio/nature01.zip,insects_sing_in_fall7.mp3,nature01/insects_sing_in_fall7.mp3,73.20854875283446,1.2201424792139077,zip
freeaudio/nature01.zip,insects_sing_in_fall8.mp3,nature01/insects_sing_in_fall8.mp3,62.87963718820862,1.0479939531368103,zip
freeaudio/nature01.zip,lightning_nearby1.mp3,nature01/lightning_nearby1.mp3,35.19136054421769,0.5865226757369615,zip
freeaudio/nature01.zip,lightning_nearby2.mp3,nature01/lightning_nearby2.mp3,11.563537414965987,0.19272562358276646,zip
freeaudio/nature01.zip,lightning_nearby3.mp3,nature01/lightning_nearby3.mp3,25.774149659863944,0.4295691609977324,zip
freeaudio/nature01.zip,light_rain_thunder1.mp3,nature01/light_rain_thunder1.mp3,60.3718820861678,1.0061980347694635,zip
freeaudio/nature01.zip,light_rain_thunder2.mp3,nature01/light_rain_thunder2.mp3,73.776,1.2296,zip
freeaudio/nature01.zip,mountain_stream.mp3,nature01/mountain_stream.mp3,66.37714285714286,1.1062857142857143,zip
freeaudio/nature01.zip,Mt_stream.mp3,nature01/Mt_stream.mp3,13.68,0.228,zip
freeaudio/nature01.zip,night_wind1.mp3,nature01/night_wind1.mp3,30.36,0.506,zip
freeaudio/nature01.zip,night_wind2.mp3,nature01/night_wind2.mp3,90.4736875,1.5078947916666665,zip
freeaudio/nature01.zip,rainfall_band.mp3,nature01/rainfall_band.mp3,459.0846485260771,7.6514108087679515,zip
freeaudio/nature01.zip,rain_and_car1.mp3,nature01/rain_and_car1.mp3,23.962993197278912,0.39938321995464854,zip
freeaudio/nature01.zip,rain_and_car2.mp3,nature01/rain_and_car2.mp3,41.64,0.6940000000000001,zip
freeaudio/nature01.zip,rain_loop.mp3,nature01/rain_loop.mp3,7.656,0.1276,zip
freeaudio/nature01.zip,rumbling_earth.mp3,nature01/rumbling_earth.mp3,20.0,0.3333333333333333,zip
freeaudio/nature01.zip,sand_flows.mp3,nature01/sand_flows.mp3,6.802947845804988,0.1133824640967498,zip
freeaudio/nature01.zip,shelter_from_rain1.mp3,nature01/shelter_from_rain1.mp3,50.0381875,0.8339697916666666,zip
freeaudio/nature01.zip,shelter_from_rain2.mp3,nature01/shelter_from_rain2.mp3,34.151020833333334,0.5691836805555556,zip
freeaudio/nature01.zip,shelter_from_rain3.mp3,nature01/shelter_from_rain3.mp3,117.63310657596372,1.960551776266062,zip
freeaudio/nature01.zip,shower_let_up.mp3,nature01/shower_let_up.mp3,333.45961451247166,5.557660241874528,zip
freeaudio/nature01.zip,small_cave_stream.mp3,nature01/small_cave_stream.mp3,13.68,0.228,zip
freeaudio/nature01.zip,small_waterfall.mp3,nature01/small_waterfall.mp3,164.2610625,2.737684375,zip
freeaudio/nature01.zip,Smr_Mt_top_meadows1.mp3,nature01/Smr_Mt_top_meadows1.mp3,50.35877551020408,0.8393129251700681,zip
freeaudio/nature01.zip,Smr_Mt_top_meadows2.mp3,nature01/Smr_Mt_top_meadows2.mp3,30.255419501133787,0.5042569916855631,zip
freeaudio/nature01.zip,Smr_Mt_top_meadows3.mp3,nature01/Smr_Mt_top_meadows3.mp3,56.363174603174606,0.9393862433862434,zip
freeaudio/nature01.zip,Smr_rain_shower.mp3,nature01/Smr_rain_shower.mp3,83.83800453514739,1.3973000755857898,zip
freeaudio/nature01.zip,spring_water_on_Mt1.mp3,nature01/spring_water_on_Mt1.mp3,111.79167800453514,1.863194633408919,zip
freeaudio/nature01.zip,spring_water_on_Mt2.mp3,nature01/spring_water_on_Mt2.mp3,224.7358276643991,3.745597127739985,zip
freeaudio/nature01.zip,storm1.mp3,nature01/storm1.mp3,29.328,0.4888,zip
freeaudio/nature01.zip,storm2.mp3,nature01/storm2.mp3,41.352,0.6891999999999999,zip
freeaudio/nature01.zip,storm_at_riverside.mp3,nature01/storm_at_riverside.mp3,366.01421768707485,6.100236961451247,zip
freeaudio/nature01.zip,storm_coming1.mp3,nature01/storm_coming1.mp3,36.24,0.604,zip
freeaudio/nature01.zip,storm_coming2.mp3,nature01/storm_coming2.mp3,112.776,1.8796,zip
freeaudio/nature01.zip,storm_hit_window1.mp3,nature01/storm_hit_window1.mp3,68.57027210884354,1.1428378684807257,zip
freeaudio/nature01.zip,storm_hit_window2.mp3,nature01/storm_hit_window2.mp3,68.08526077097505,1.1347543461829175,zip
freeaudio/nature01.zip,storm_hit_window3.mp3,nature01/storm_hit_window3.mp3,34.3691156462585,0.5728185941043084,zip
freeaudio/nature01.zip,storm_hit_window4.mp3,nature01/storm_hit_window4.mp3,73.88809523809523,1.2314682539682538,zip
freeaudio/nature01.zip,storm_hit_window5.mp3,nature01/storm_hit_window5.mp3,133.74002267573695,2.229000377928949,zip
freeaudio/nature01.zip,storm_hit_window6.mp3,nature01/storm_hit_window6.mp3,58.916938775510204,0.9819489795918367,zip
freeaudio/nature01.zip,stream1.mp3,nature01/stream1.mp3,76.81498866213153,1.2802498110355254,zip
freeaudio/nature01.zip,stream2.mp3,nature01/stream2.mp3,57.73002267573696,0.962167044595616,zip
freeaudio/nature01.zip,stream3.mp3,nature01/stream3.mp3,288.6501133786848,4.81083522297808,zip
freeaudio/nature01.zip,strong_wind1.mp3,nature01/strong_wind1.mp3,26.667551020408162,0.44445918367346937,zip
freeaudio/nature01.zip,strong_wind2.mp3,nature01/strong_wind2.mp3,9.188888888888888,0.15314814814814814,zip
freeaudio/nature01.zip,summer_beach1.mp3,nature01/summer_beach1.mp3,70.84408163265306,1.180734693877551,zip
freeaudio/nature01.zip,summer_beach2.mp3,nature01/summer_beach2.mp3,30.87673469387755,0.5146122448979592,zip
freeaudio/nature01.zip,summer_mountains1.mp3,nature01/summer_mountains1.mp3,23.875918367346937,0.39793197278911563,zip
freeaudio/nature01.zip,summer_mountains2.mp3,nature01/summer_mountains2.mp3,74.73632653061225,1.2456054421768707,zip
freeaudio/nature01.zip,summer_mountains3.mp3,nature01/summer_mountains3.mp3,121.5936507936508,2.0265608465608467,zip
freeaudio/nature01.zip,summer_mountains4.mp3,nature01/summer_mountains4.mp3,50.86131519274377,0.8476885865457294,zip
freeaudio/nature01.zip,swollen_river.mp3,nature01/swollen_river.mp3,62.05558333333333,1.0342597222222223,zip
freeaudio/nature01.zip,thunder1.mp3,nature01/thunder1.mp3,25.68,0.428,zip
freeaudio/nature01.zip,watch_raining.mp3,nature01/watch_raining.mp3,97.848,1.6308,zip
freeaudio/nature01.zip,waterfall1.mp3,nature01/waterfall1.mp3,33.761814058956915,0.5626969009826153,zip
freeaudio/nature01.zip,waves_on_beach1.mp3,nature01/waves_on_beach1.mp3,10.56,0.17600000000000002,zip
freeaudio/nature01.zip,waves_on_beach2.mp3,nature01/waves_on_beach2.mp3,121.69736961451247,2.028289493575208,zip
freeaudio/anime01.zip,Asian_opening1.mp3,anime01/Asian_opening1.mp3,7.632,0.1272,zip
freeaudio/anime01.zip,Asian_opening2.mp3,anime01/Asian_opening2.mp3,10.224,0.1704,zip
freeaudio/anime01.zip,bad_ending.mp3,anime01/bad_ending.mp3,11.875458333333333,0.19792430555555554,zip
freeaudio/anime01.zip,child_bully.mp3,anime01/child_bully.mp3,11.8521768707483,0.19753628117913832,zip
freeaudio/anime01.zip,endless_farts.mp3,anime01/endless_farts.mp3,5.5030833333333335,0.09171805555555555,zip
freeaudio/anime01.zip,fanfare1.mp3,anime01/fanfare1.mp3,14.15750566893424,0.23595842781557066,zip
freeaudio/anime01.zip,fanfare2.mp3,anime01/fanfare2.mp3,12.852244897959183,0.21420408163265306,zip
freeaudio/anime01.zip,funny.mp3,anime01/funny.mp3,8.397074829931972,0.13995124716553287,zip
freeaudio/anime01.zip,harmonic_noise.mp3,anime01/harmonic_noise.mp3,15.0,0.25,zip
freeaudio/anime01.zip,hurry_up.mp3,anime01/hurry_up.mp3,12.740625,0.21234375,zip
freeaudio/anime01.zip,idiot.mp3,anime01/idiot.mp3,7.784489795918367,0.12974149659863946,zip
freeaudio/anime01.zip,Ikkyu_san.mp3,anime01/Ikkyu_san.mp3,7.08,0.11800000000000001,zip
freeaudio/anime01.zip,lost_memories.mp3,anime01/lost_memories.mp3,5.12,0.08533333333333333,zip
freeaudio/anime01.zip,praying.mp3,anime01/praying.mp3,9.978639455782313,0.16631065759637187,zip
freeaudio/anime01.zip,requiem1.mp3,anime01/requiem1.mp3,16.185192743764173,0.26975321239606953,zip
freeaudio/anime01.zip,requiem2.mp3,anime01/requiem2.mp3,13.236848072562358,0.22061413454270598,zip
freeaudio/anime01.zip,scene_change1.mp3,anime01/scene_change1.mp3,9.672,0.1612,zip
freeaudio/anime01.zip,scene_change10.mp3,anime01/scene_change10.mp3,8.15328798185941,0.13588813303099018,zip
freeaudio/anime01.zip,scene_change11.mp3,anime01/scene_change11.mp3,13.806938775510204,0.2301156462585034,zip
freeaudio/anime01.zip,scene_change12.mp3,anime01/scene_change12.mp3,20.17439909297052,0.336239984882842,zip
freeaudio/anime01.zip,scene_change13.mp3,anime01/scene_change13.mp3,18.131927437641725,0.3021987906273621,zip
freeaudio/anime01.zip,scene_change14.mp3,anime01/scene_change14.mp3,9.340861678004535,0.15568102796674224,zip
freeaudio/anime01.zip,scene_change15.mp3,anime01/scene_change15.mp3,6.005804988662131,0.10009674981103552,zip
freeaudio/anime01.zip,scene_change16.mp3,anime01/scene_change16.mp3,6.1545124716553286,0.10257520786092214,zip
freeaudio/anime01.zip,scene_change17.mp3,anime01/scene_change17.mp3,7.036270833333333,0.11727118055555555,zip
freeaudio/anime01.zip,scene_change19.mp3,anime01/scene_change19.mp3,9.91235827664399,0.16520597127739983,zip
freeaudio/anime01.zip,scene_change2.mp3,anime01/scene_change2.mp3,11.377709750566893,0.18962849584278155,zip
freeaudio/anime01.zip,scene_change20.mp3,anime01/scene_change20.mp3,6.974467120181406,0.1162411186696901,zip
freeaudio/anime01.zip,scene_change21.mp3,anime01/scene_change21.mp3,13.866825396825396,0.2311137566137566,zip
freeaudio/anime01.zip,scene_change3.mp3,anime01/scene_change3.mp3,6.347551020408163,0.10579251700680273,zip
freeaudio/anime01.zip,scene_change4.mp3,anime01/scene_change4.mp3,8.393219954648526,0.1398869992441421,zip
freeaudio/anime01.zip,scene_change7.mp3,anime01/scene_change7.mp3,5.48859410430839,0.09147656840513983,zip
freeaudio/anime01.zip,scene_change8.mp3,anime01/scene_change8.mp3,12.01530612244898,0.20025510204081634,zip
freeaudio/anime01.zip,scene_change9.mp3,anime01/scene_change9.mp3,9.30798185941043,0.15513303099017384,zip
freeaudio/anime01.zip,silent_ending.mp3,anime01/silent_ending.mp3,10.0,0.16666666666666666,zip
freeaudio/anime01.zip,start_adventure.mp3,anime01/start_adventure.mp3,11.32047619047619,0.1886746031746032,zip
freeaudio/anime01.zip,strange_tinnitus.mp3,anime01/strange_tinnitus.mp3,6.4321541950113374,0.10720256991685563,zip
freeaudio/anime01.zip,which_way.mp3,anime01/which_way.mp3,5.134580498866213,0.08557634164777021,zip
freeaudio/car01.zip,back_up_car.mp3,car01/back_up_car.mp3,24.398072562358276,0.40663454270597127,zip
freeaudio/car01.zip,car_alarm1.mp3,car01/car_alarm1.mp3,11.176417233560091,0.18627362055933486,zip
freeaudio/car01.zip,car_alarm2.mp3,car01/car_alarm2.mp3,11.176417233560091,0.18627362055933486,zip
freeaudio/car01.zip,car_pass_by.mp3,car01/car_pass_by.mp3,12.659979166666666,0.21099965277777777,zip
freeaudio/car01.zip,drive_Kei_car1.mp3,car01/drive_Kei_car1.mp3,41.84235827664399,0.6973726379440666,zip
freeaudio/car01.zip,drive_Kei_car2.mp3,car01/drive_Kei_car2.mp3,32.708662131519276,0.5451443688586546,zip
freeaudio/car01.zip,drive_on_freeway1.mp3,car01/drive_on_freeway1.mp3,33.29183333333334,0.5548638888888889,zip
freeaudio/car01.zip,drive_on_freeway2.mp3,car01/drive_on_freeway2.mp3,23.979604166666668,0.3996600694444445,zip
freeaudio/car01.zip,freeway_tunnel1.mp3,car01/freeway_tunnel1.mp3,62.75533333333333,1.0459222222222222,zip
freeaudio/car01.zip,freeway_tunnel2.mp3,car01/freeway_tunnel2.mp3,61.087875,1.01813125,zip
freeaudio/car01.zip,freeway_tunnel3.mp3,car01/freeway_tunnel3.mp3,80.20897916666667,1.3368163194444445,zip
freeaudio/car01.zip,freeway_tunnel4.mp3,car01/freeway_tunnel4.mp3,31.624666666666666,0.5270777777777778,zip
freeaudio/car01.zip,kei_car_engine1.mp3,car01/kei_car_engine1.mp3,9.91954648526077,0.16532577475434618,zip
freeaudio/car01.zip,kei_car_engine2.mp3,car01/kei_car_engine2.mp3,20.304,0.3384,zip
freeaudio/car01.zip,left_key_in_car.mp3,car01/left_key_in_car.mp3,20.157278911564624,0.3359546485260771,zip
freeaudio/car01.zip,op_pwr_window2.mp3,car01/op_pwr_window2.mp3,5.489024943310658,0.09148374905517763,zip
freeaudio/car01.zip,stop_my_car.mp3,car01/stop_my_car.mp3,16.4478125,0.27413020833333335,zip
freeaudio/car01.zip,windshield_wipers2.mp3,car01/windshield_wipers2.mp3,65.22707482993198,1.0871179138321996,zip
freeaudio/car01.zip,windshield_wipers3.mp3,car01/windshield_wipers3.mp3,66.78385487528345,1.1130642479213908,zip
freeaudio/car01.zip,windshield_wipers4.mp3,car01/windshield_wipers4.mp3,62.63387755102041,1.0438979591836735,zip
freeaudio/arms01.zip,atomic_bomb.mp3,arms01/atomic_bomb.mp3,38.82138321995465,0.6470230536659108,zip
freeaudio/arms01.zip,explosion1.mp3,arms01/explosion1.mp3,5.148775510204081,0.08581292517006803,zip
freeaudio/arms01.zip,explosions.mp3,arms01/explosions.mp3,11.740861678004535,0.19568102796674225,zip
freeaudio/arms01.zip,launch_land.mp3,arms01/launch_land.mp3,12.199183673469388,0.20331972789115646,zip
freeaudio/arms01.zip,small_explosion3.mp3,arms01/small_explosion3.mp3,5.002018140589569,0.08336696900982615,zip
freeaudio/human01.zip,brush_teeth1.mp3,human01/brush_teeth1.mp3,6.936,0.1156,zip
freeaudio/human01.zip,brush_teeth2.mp3,human01/brush_teeth2.mp3,20.088,0.33480000000000004,zip
freeaudio/human01.zip,down_bldg_stairs.mp3,human01/down_bldg_stairs.mp3,15.36,0.256,zip
freeaudio/human01.zip,down_stairs1.mp3,human01/down_stairs1.mp3,11.391678004535148,0.1898613000755858,zip
freeaudio/human01.zip,heartbeats.mp3,human01/heartbeats.mp3,13.986621315192744,0.23311035525321241,zip
freeaudio/human01.zip,hiking1.mp3,human01/hiking1.mp3,82.72571428571429,1.3787619047619049,zip
freeaudio/human01.zip,hiking2.mp3,human01/hiking2.mp3,43.10349206349206,0.7183915343915344,zip
freeaudio/human01.zip,man_cough1.mp3,human01/man_cough1.mp3,7.612902494331066,0.1268817082388511,zip
freeaudio/human01.zip,man_cough2.mp3,human01/man_cough2.mp3,6.321746031746032,0.10536243386243387,zip
freeaudio/human01.zip,run_in_hall.mp3,human01/run_in_hall.mp3,6.96,0.116,zip
freeaudio/human01.zip,run_on_leaves1.mp3,human01/run_on_leaves1.mp3,11.296009070294785,0.18826681783824642,zip
freeaudio/human01.zip,run_on_leaves2.mp3,human01/run_on_leaves2.mp3,12.38204081632653,0.2063673469387755,zip
freeaudio/human01.zip,snap3.mp3,human01/snap3.mp3,6.3645578231292514,0.10607596371882086,zip
freeaudio/human01.zip,up_stairs1.mp3,human01/up_stairs1.mp3,9.39578231292517,0.15659637188208617,zip
freeaudio/human01.zip,up_stairs2.mp3,human01/up_stairs2.mp3,5.371269841269841,0.08952116402116402,zip
freeaudio/human01.zip,walk_at_night.mp3,human01/walk_at_night.mp3,12.097333333333333,0.20162222222222223,zip
freeaudio/human01.zip,walk_aut_evening.mp3,human01/walk_aut_evening.mp3,30.56530612244898,0.509421768707483,zip
freeaudio/human01.zip,walk_floor_slowly1.mp3,human01/walk_floor_slowly1.mp3,7.993650793650794,0.13322751322751322,zip
freeaudio/human01.zip,walk_floor_slowly2.mp3,human01/walk_floor_slowly2.mp3,5.485714285714286,0.09142857142857143,zip
freeaudio/human01.zip,walk_in_forest1.mp3,human01/walk_in_forest1.mp3,40.272562358276645,0.6712093726379441,zip
freeaudio/human01.zip,walk_in_forest2.mp3,human01/walk_in_forest2.mp3,65.21009070294785,1.086834845049131,zip
freeaudio/human01.zip,walk_in_snowstorm.mp3,human01/walk_in_snowstorm.mp3,22.8561875,0.38093645833333334,zip
freeaudio/human01.zip,walk_on_floor2.mp3,human01/walk_on_floor2.mp3,7.944,0.1324,zip
freeaudio/human01.zip,walk_on_gravel.mp3,human01/walk_on_gravel.mp3,7.127,0.11878333333333332,zip
freeaudio/human01.zip,walk_on_ground.mp3,human01/walk_on_ground.mp3,7.032,0.1172,zip
freeaudio/human01.zip,walk_on_leaves1.mp3,human01/walk_on_leaves1.mp3,31.19174603174603,0.5198624338624339,zip
freeaudio/human01.zip,walk_on_snow.mp3,human01/walk_on_snow.mp3,9.006,0.1501,zip
freeaudio/human01.zip,woman_cough2.mp3,human01/woman_cough2.mp3,5.066689342403628,0.0844448223733938,zip
freeaudio/animals01.zip,blue_rock_thrush.mp3,animals01/blue_rock_thrush.mp3,18.8784375,0.314640625,zip
freeaudio/animals01.zip,cat4a.mp3,animals01/cat4a.mp3,7.871995464852608,0.13119992441421013,zip
freeaudio/animals01.zip,cat4b.mp3,animals01/cat4b.mp3,23.136984126984128,0.38561640211640213,zip
freeaudio/animals01.zip,cats_fighting.mp3,animals01/cats_fighting.mp3,65.424,1.0904,zip
freeaudio/animals01.zip,cat_purring.mp3,animals01/cat_purring.mp3,6.1387755102040815,0.10231292517006803,zip
freeaudio/animals01.zip,cat_sweet_voice4.mp3,animals01/cat_sweet_voice4.mp3,6.521609977324263,0.10869349962207105,zip
freeaudio/animals01.zip,chicks.mp3,animals01/chicks.mp3,10.37061224489796,0.172843537414966,zip
freeaudio/animals01.zip,crow5.mp3,animals01/crow5.mp3,5.636643990929705,0.09394406651549508,zip
freeaudio/animals01.zip,crow6.mp3,animals01/crow6.mp3,5.001768707482993,0.08336281179138322,zip
freeaudio/animals01.zip,crows.mp3,animals01/crows.mp3,15.535396825396825,0.25892328042328044,zip
freeaudio/animals01.zip,daurian_redstart.mp3,animals01/daurian_redstart.mp3,40.290680272108844,0.6715113378684807,zip
freeaudio/animals01.zip,dog_barking1.mp3,animals01/dog_barking1.mp3,37.30598639455782,0.621766439909297,zip
freeaudio/animals01.zip,dog_barking2.mp3,animals01/dog_barking2.mp3,16.61387755102041,0.2768979591836735,zip
freeaudio/animals01.zip,flamingos_at_zoo1.mp3,animals01/flamingos_at_zoo1.mp3,48.9241875,0.815403125,zip
freeaudio/animals01.zip,flamingos_at_zoo2.mp3,animals01/flamingos_at_zoo2.mp3,45.950520833333336,0.765842013888889,zip
freeaudio/animals01.zip,flamingos_at_zoo3.mp3,animals01/flamingos_at_zoo3.mp3,45.23522916666667,0.7539204861111112,zip
freeaudio/animals01.zip,give_me_food.mp3,animals01/give_me_food.mp3,6.719002267573696,0.11198337112622828,zip
freeaudio/animals01.zip,grebe_couple.mp3,animals01/grebe_couple.mp3,9.946916099773242,0.1657819349962207,zip
freeaudio/animals01.zip,Jpn_white_eye1.mp3,animals01/Jpn_white_eye1.mp3,6.764729166666666,0.1127454861111111,zip
freeaudio/animals01.zip,owl.mp3,animals01/owl.mp3,5.04,0.084,zip
freeaudio/animals01.zip,small_dog2.mp3,animals01/small_dog2.mp3,5.835238095238095,0.09725396825396825,zip
freeaudio/animals01.zip,sparrows.mp3,animals01/sparrows.mp3,13.04111111111111,0.21735185185185185,zip
freeaudio/animals01.zip,swallows.mp3,animals01/swallows.mp3,19.024395833333333,0.3170732638888889,zip
freeaudio/animals01.zip,take_me2.mp3,animals01/take_me2.mp3,6.168020833333333,0.10280034722222223,zip
freeaudio/animals01.zip,talking_dog.mp3,animals01/talking_dog.mp3,5.536604166666667,0.09227673611111112,zip
freeaudio/animals01.zip,warbler3.mp3,animals01/warbler3.mp3,118.85090702947846,1.9808484504913078,zip
freeaudio/french01.zip,Airport_Annonce_Arrive.mp3,french01/Airport/Airport_Annonce_Arrive.mp3,7.261958333333333,0.12103263888888889,zip
freeaudio/french01.zip,Airport_Annonce_Depart.mp3,french01/Airport/Airport_Annonce_Depart.mp3,28.467479166666667,0.4744579861111111,zip
freeaudio/french01.zip,Airport_Terminal_building.mp3,french01/Airport/Airport_Terminal_building.mp3,247.6978125,4.128296875,zip
freeaudio/french01.zip,Manchester_aeroport_messages.mp3,french01/Airport/Manchester_aeroport_messages.mp3,78.34689583333333,1.3057815972222222,zip
freeaudio/french01.zip,AmbExtRueLyonFontaine1MS.mp3,french01/City_french/AmbExtRueLyonFontaine1MS.mp3,89.82716666666667,1.4971194444444444,zip
freeaudio/french01.zip,AmbRueGaiteApresLaPluie1.mp3,french01/City_french/AmbRueGaiteApresLaPluie1.mp3,118.64733333333334,1.9774555555555555,zip
freeaudio/french01.zip,AmbRueGaiteApresLaPluie2.mp3,french01/City_french/AmbRueGaiteApresLaPluie2.mp3,125.057875,2.0842979166666664,zip
freeaudio/french01.zip,AmbRueGaiteApresLaPluie3.mp3,french01/City_french/AmbRueGaiteApresLaPluie3.mp3,151.72710416666666,2.5287850694444445,zip
freeaudio/french01.zip,Amb_Rue_Calme1.mp3,french01/City_french/Amb_Rue_Calme1.mp3,134.87114583333334,2.2478524305555556,zip
freeaudio/french01.zip,Amb_Rue_Calme2.mp3,french01/City_french/Amb_Rue_Calme2.mp3,176.0251875,2.933753125,zip
freeaudio/french01.zip,Amb_Rue_Calme3.mp3,french01/City_french/Amb_Rue_Calme3.mp3,155.65189583333333,2.594198263888889,zip
freeaudio/french01.zip,Amb_Rue_Pietonne.mp3,french01/City_french/Amb_Rue_Pietonne.mp3,99.29358333333333,1.6548930555555554,zip
freeaudio/french01.zip,Amb_Rue_Pietonne_Abbesse.mp3,french01/City_french/Amb_Rue_Pietonne_Abbesse.mp3,130.43145833333332,2.173857638888889,zip
freeaudio/french01.zip,Amb_toit_de_Paris.mp3,french01/City_french/Amb_toit_de_Paris.mp3,91.86541666666666,1.5310902777777777,zip
freeaudio/french01.zip,Voix_Ext_Terrasse_Cafe.mp3,french01/City_french/Voix_Ext_Terrasse_Cafe.mp3,64.65097916666667,1.0775163194444446,zip
freeaudio/french01.zip,Vx_Ext_Rue_Pigalle.mp3,french01/City_french/Vx_Ext_Rue_Pigalle.mp3,86.4298125,1.440496875,zip
freeaudio/french01.zip,Airmatin.mp3,french01/Countryside/Airmatin.mp3,34.568395833333334,0.5761399305555556,zip
freeaudio/french01.zip,Amb_Air_Oiseaux_Jardin1.mp3,french01/Countryside/Amb_Air_Oiseaux_Jardin1.mp3,57.781416666666665,0.9630236111111111,zip
freeaudio/french01.zip,Amb_Air_Oiseaux_Jardin2.mp3,french01/Countryside/Amb_Air_Oiseaux_Jardin2.mp3,103.9060625,1.7317677083333334,zip
freeaudio/french01.zip,Amb_Campagne_Eq.mp3,french01/Countryside/Amb_Campagne_Eq.mp3,99.8689375,1.6644822916666666,zip
freeaudio/french01.zip,Amb_Camp_Chevres1.mp3,french01/Countryside/Amb_Camp_Chevres1.mp3,75.67179166666666,1.2611965277777777,zip
freeaudio/french01.zip,Amb_Camp_Chevres2.mp3,french01/Countryside/Amb_Camp_Chevres2.mp3,100.11910416666667,1.6686517361111113,zip
freeaudio/french01.zip,Amb_Grenouilles_Marais.mp3,french01/Countryside/Amb_Grenouilles_Marais.mp3,64.352,1.0725333333333333,zip
freeaudio/french01.zip,Atmos_champs_oliviers_Oiseaux.mp3,french01/Countryside/Atmos_champs_oliviers_Oiseaux.mp3,45.941270833333334,0.7656878472222223,zip
freeaudio/french01.zip,Campagne_Ferme.mp3,french01/Countryside/Campagne_Ferme.mp3,81.9244375,1.3654072916666666,zip
freeaudio/french01.zip,Fd_Oiso_Large.mp3,french01/Countryside/Fd_Oiso_Large.mp3,41.77133333333333,0.6961888888888889,zip
freeaudio/french01.zip,Ferme_Ete_Matin.mp3,french01/Countryside/Ferme_Ete_Matin.mp3,250.00002083333334,4.166667013888889,zip
freeaudio/french01.zip,Amb_Terrasse_Resto.mp3,french01/Crowds/Amb_Terrasse_Resto.mp3,99.70710416666667,1.6617850694444445,zip
freeaudio/french01.zip,Atmos_grande_salle_30_pers_murmurent.mp3,french01/Crowds/Atmos_grande_salle_30_pers_murmurent.mp3,80.6826875,1.3447114583333333,zip
freeaudio/french01.zip,Chuchottements_Jeunes.mp3,french01/Crowds/Chuchottements_Jeunes.mp3,52.8798125,0.8813302083333333,zip
freeaudio/french01.zip,Conversation_2_pers_courte.mp3,french01/Crowds/Conversation_2_pers_courte.mp3,38.41052083333334,0.6401753472222222,zip
freeaudio/french01.zip,Gens_Ext_Voix_Hom.mp3,french01/Crowds/Gens_Ext_Voix_Hom.mp3,201.38666666666666,3.356444444444444,zip
freeaudio/french01.zip,Gens_Ext_Voix_Hom1.mp3,french01/Crowds/Gens_Ext_Voix_Hom1.mp3,123.51808333333334,2.058634722222222,zip
freeaudio/french01.zip,Gens_Ext_Voix_Hom2.mp3,french01/Crowds/Gens_Ext_Voix_Hom2.mp3,49.198375,0.8199729166666666,zip
freeaudio/french01.zip,Reception_20_pers_proche_parquet1.mp3,french01/Crowds/Reception_20_pers_proche_parquet1.mp3,152.56347916666667,2.542724652777778,zip
freeaudio/french01.zip,Reception_20_pers_proche_parquet_calme2.mp3,french01/Crowds/Reception_20_pers_proche_parquet_calme2.mp3,127.16797916666667,2.1194663194444443,zip
freeaudio/french01.zip,Voix_Rue_Passants.mp3,french01/Crowds/Voix_Rue_Passants.mp3,49.70333333333333,0.8283888888888888,zip
freeaudio/french01.zip,Walla_Meridional.mp3,french01/Crowds/Walla_Meridional.mp3,125.9405625,2.099009375,zip
freeaudio/french01.zip,Metro_arrivee1.mp3,french01/Paris_metro/Metro_arrivee1.mp3,27.773,0.4628833333333333,zip
freeaudio/french01.zip,PorteMetro.mp3,french01/Paris_metro/PorteMetro.mp3,15.060458333333333,0.2510076388888889,zip
freeaudio/french01.zip,Rer_Arrivee_Ext2.mp3,french01/Paris_metro/Rer_Arrivee_Ext2.mp3,31.7735625,0.529559375,zip
freeaudio/french01.zip,Rer_Arrivee_Longue3.mp3,french01/Paris_metro/Rer_Arrivee_Longue3.mp3,49.42247916666667,0.8237079861111112,zip
freeaudio/french01.zip,Rer_Arrivee_Porte4.mp3,french01/Paris_metro/Rer_Arrivee_Porte4.mp3,44.28,0.738,zip
freeaudio/french01.zip,Rer_Dem_Arrivee.mp3,french01/Paris_metro/Rer_Dem_Arrivee.mp3,125.68154166666666,2.094692361111111,zip
freeaudio/french01.zip,Pass_Tgv_Eloigne1.mp3,french01/TGV/Pass_Tgv_Eloigne1.mp3,43.88183333333333,0.7313638888888889,zip
freeaudio/french01.zip,Pass_Tgv_Long_Eloigne2.mp3,french01/TGV/Pass_Tgv_Long_Eloigne2.mp3,22.0,0.36666666666666664,zip
freeaudio/french01.zip,Pass_Tgv_Long_Proche3.mp3,french01/TGV/Pass_Tgv_Long_Proche3.mp3,14.197875,0.23663125,zip
freeaudio/french01.zip,Pass_Tgv_Proche4.mp3,french01/TGV/Pass_Tgv_Proche4.mp3,9.232270833333333,0.15387118055555554,zip
freeaudio/french01.zip,Pass_Tgv_Proche_Klaxon.mp3,french01/TGV/Pass_Tgv_Proche_Klaxon.mp3,10.8778125,0.181296875,zip
freeaudio/french01.zip,AmbVillageNuitApresPluie.mp3,french01/village_french/AmbVillageNuitApresPluie.mp3,172.816625,2.880277083333333,zip
freeaudio/french01.zip,AmbVillageNuitChien1.mp3,french01/village_french/AmbVillageNuitChien1.mp3,6.8685,0.11447500000000001,zip
freeaudio/french01.zip,AmbVillageNuitChien2.mp3,french01/village_french/AmbVillageNuitChien2.mp3,21.160833333333333,0.35268055555555555,zip
freeaudio/french01.zip,AmbVillageNuitChien3.mp3,french01/village_french/AmbVillageNuitChien3.mp3,19.382770833333332,0.3230461805555555,zip
freeaudio/french01.zip,Amb_Marche_Dans_Village.mp3,french01/village_french/Amb_Marche_Dans_Village.mp3,59.739125,0.9956520833333333,zip
freeaudio/french01.zip,Atmos_ruelle_village_FRA.mp3,french01/village_french/Atmos_ruelle_village_FRA.mp3,121.06685416666667,2.017780902777778,zip
freeaudio/french01.zip,Place_Petanque_Ok.mp3,french01/village_french/Place_Petanque_Ok.mp3,79.27902083333333,1.321317013888889,zip
freeaudio/acoustica.zip,airplane2.mp3,acoustica/airplane2.mp3,7.251519274376418,0.12085865457294029,zip
freeaudio/acoustica.zip,am2.mp3,acoustica/am2.mp3,10.612244897959183,0.17687074829931973,zip
freeaudio/acoustica.zip,bigfart.mp3,acoustica/bigfart.mp3,6.575963718820861,0.10959939531368103,zip
freeaudio/acoustica.zip,boilingwater1a.mp3,acoustica/boilingwater1a.mp3,5.488571428571428,0.09147619047619047,zip
freeaudio/acoustica.zip,chainsaw2.mp3,acoustica/chainsaw2.mp3,16.338866213151928,0.2723144368858655,zip
freeaudio/acoustica.zip,clock10g.mp3,acoustica/clock10g.mp3,9.999092970521541,0.16665154950869235,zip
freeaudio/acoustica.zip,fm2.mp3,acoustica/fm2.mp3,11.106757369614513,0.18511262282690855,zip
freeaudio/acoustica.zip,heartbeat1.mp3,acoustica/heartbeat1.mp3,8.662131519274377,0.14436885865457294,zip
freeaudio/acoustica.zip,hiss2.mp3,acoustica/hiss2.mp3,5.553378684807257,0.09255631141345427,zip
freeaudio/acoustica.zip,jet2.mp3,acoustica/jet2.mp3,17.941632653061223,0.29902721088435374,zip
freeaudio/acoustica.zip,musclecar2.mp3,acoustica/musclecar2.mp3,6.884353741496598,0.11473922902494331,zip
freeaudio/acoustica.zip,policesiren2.mp3,acoustica/policesiren2.mp3,9.206349206349206,0.15343915343915343,zip
freeaudio/acoustica.zip,racecar1a.mp3,acoustica/racecar1a.mp3,6.180408163265306,0.10300680272108843,zip
freeaudio/acoustica.zip,rain.mp3,acoustica/rain.mp3,6.838458049886621,0.11397430083144369,zip
freeaudio/acoustica.zip,restwalla2.mp3,acoustica/restwalla2.mp3,14.319455782312925,0.23865759637188208,zip
freeaudio/acoustica.zip,thunder.mp3,acoustica/thunder.mp3,9.592199546485261,0.15986999244142103,zip
freeaudio/acoustica.zip,wind.mp3,acoustica/wind.mp3,10.601904761904763,0.17669841269841272,zip
freeaudio/acoustica.zip,wolves.mp3,acoustica/wolves.mp3,9.387755102040817,0.1564625850340136,zip
freeaudio/monster01.zip,bull_monster.mp3,monster01/bull_monster.mp3,7.919251700680272,0.1319875283446712,zip
freeaudio/monster01.zip,cosmic_zoo.mp3,monster01/cosmic_zoo.mp3,64.20755102040816,1.070125850340136,zip
freeaudio/monster01.zip,crude_laughter.mp3,monster01/crude_laughter.mp3,5.839818594104308,0.09733030990173847,zip
freeaudio/monster01.zip,death_rattle.mp3,monster01/death_rattle.mp3,6.528888888888889,0.10881481481481482,zip
freeaudio/monster01.zip,devil_groan3.mp3,monster01/devil_groan3.mp3,7.215600907029478,0.12026001511715798,zip
freeaudio/monster01.zip,devil_laugh1.mp3,monster01/devil_laugh1.mp3,8.951292517006802,0.14918820861678003,zip
freeaudio/monster01.zip,devil_laugh2.mp3,monster01/devil_laugh2.mp3,9.380861678004536,0.15634769463340892,zip
freeaudio/monster01.zip,devil_laugh3.mp3,monster01/devil_laugh3.mp3,6.635102040816326,0.11058503401360543,zip
freeaudio/monster01.zip,dragon_breath1.mp3,monster01/dragon_breath1.mp3,5.764195011337868,0.09606991685563114,zip
freeaudio/monster01.zip,dragon_breath2.mp3,monster01/dragon_breath2.mp3,5.5902040816326535,0.0931700680272109,zip
freeaudio/monster01.zip,dragon_roar.mp3,monster01/dragon_roar.mp3,6.61546485260771,0.11025774754346183,zip
freeaudio/monster01.zip,giant_walk.mp3,monster01/giant_walk.mp3,9.03,0.1505,zip
freeaudio/monster01.zip,monster_eating1.mp3,monster01/monster_eating1.mp3,16.073015873015873,0.2678835978835979,zip
freeaudio/monster01.zip,monster_eating2.mp3,monster01/monster_eating2.mp3,15.27873015873016,0.2546455026455027,zip
freeaudio/monster01.zip,monster_eating3.mp3,monster01/monster_eating3.mp3,15.09297052154195,0.25154950869236586,zip
freeaudio/monster01.zip,monster_eating4.mp3,monster01/monster_eating4.mp3,17.647687074829932,0.2941281179138322,zip
freeaudio/monster01.zip,monster_groan1.mp3,monster01/monster_groan1.mp3,9.218321995464853,0.15363869992441423,zip
freeaudio/monster01.zip,monster_heartbeats1.mp3,monster01/monster_heartbeats1.mp3,8.228571428571428,0.13714285714285712,zip
freeaudio/monster01.zip,monster_heartbeats2.mp3,monster01/monster_heartbeats2.mp3,7.1053061224489795,0.11842176870748299,zip
freeaudio/monster01.zip,monster_heartbeats4.mp3,monster01/monster_heartbeats4.mp3,18.928321995464852,0.31547203325774753,zip
freeaudio/monster01.zip,monster_mourn.mp3,monster01/monster_mourn.mp3,7.918004535147392,0.13196674225245653,zip
freeaudio/monster01.zip,monster_snore.mp3,monster01/monster_snore.mp3,7.703219954648526,0.1283869992441421,zip
freeaudio/monster01.zip,wind_monster1.mp3,monster01/wind_monster1.mp3,8.855510204081632,0.14759183673469387,zip
freeaudio/monster01.zip,wind_monster2.mp3,monster01/wind_monster2.mp3,10.49845804988662,0.17497430083144366,zip
freeaudio/monster01.zip,zombie_eating1.mp3,monster01/zombie_eating1.mp3,15.950145833333334,0.2658357638888889,zip
freeaudio/monster01.zip,zombie_eating2.mp3,monster01/zombie_eating2.mp3,28.272,0.47119999999999995,zip
freeaudio/environment01.zip,1min_siren.mp3,environment01/1min_siren.mp3,64.28804988662131,1.0714674981103551,zip
freeaudio/environment01.zip,ambulance_pass.mp3,environment01/ambulance_pass.mp3,16.488,0.2748,zip
freeaudio/environment01.zip,arcade.mp3,environment01/arcade.mp3,58.27655328798186,0.971275888133031,zip
freeaudio/environment01.zip,boat_racing.mp3,environment01/boat_racing.mp3,167.9267120181406,2.7987785336356765,zip
freeaudio/environment01.zip,bustling_station.mp3,environment01/bustling_station.mp3,361.28437641723355,6.021406273620559,zip
freeaudio/environment01.zip,cafe_waitress.mp3,environment01/cafe_waitress.mp3,28.272,0.47119999999999995,zip
freeaudio/environment01.zip,city_daytime.mp3,environment01/city_daytime.mp3,57.6,0.9600000000000001,zip
freeaudio/environment01.zip,city_traffic.mp3,environment01/city_traffic.mp3,86.52345833333334,1.442057638888889,zip
freeaudio/environment01.zip,cls_wndw_safe_lock.mp3,environment01/cls_wndw_safe_lock.mp3,5.19922902494331,0.0866538170823885,zip
freeaudio/environment01.zip,coke_machine1.mp3,environment01/coke_machine1.mp3,9.752380952380953,0.16253968253968257,zip
freeaudio/environment01.zip,coke_machine2.mp3,environment01/coke_machine2.mp3,8.8770625,0.14795104166666664,zip
freeaudio/environment01.zip,conveni_office.mp3,environment01/conveni_office.mp3,80.40660416666667,1.3401100694444446,zip
freeaudio/environment01.zip,crowded_cafe.mp3,environment01/crowded_cafe.mp3,40.536,0.6756,zip
freeaudio/environment01.zip,daytime_traffic.mp3,environment01/daytime_traffic.mp3,49.728,0.8288,zip
freeaudio/environment01.zip,dock1.mp3,environment01/dock1.mp3,31.085714285714285,0.518095238095238,zip
freeaudio/environment01.zip,dock2.mp3,environment01/dock2.mp3,279.5591875,4.659319791666666,zip
freeaudio/environment01.zip,downtown_night.mp3,environment01/downtown_night.mp3,39.888,0.6648,zip
freeaudio/environment01.zip,elevator_down1.mp3,environment01/elevator_down1.mp3,29.978208333333335,0.49963680555555556,zip
freeaudio/environment01.zip,elevator_down2.mp3,environment01/elevator_down2.mp3,30.946734693877552,0.5157789115646259,zip
freeaudio/environment01.zip,elevator_up1.mp3,environment01/elevator_up1.mp3,33.63041666666667,0.5605069444444445,zip
freeaudio/environment01.zip,elevator_up2.mp3,environment01/elevator_up2.mp3,27.75548752834467,0.4625914588057445,zip
freeaudio/environment01.zip,escalator1.mp3,environment01/escalator1.mp3,122.33367346938776,2.0388945578231294,zip
freeaudio/environment01.zip,escalator2.mp3,environment01/escalator2.mp3,33.78206349206349,0.5630343915343915,zip
freeaudio/environment01.zip,fall_streets1.mp3,environment01/fall_streets1.mp3,79.83020408163266,1.3305034013605443,zip
freeaudio/environment01.zip,fire_engines.mp3,environment01/fire_engines.mp3,47.87469387755102,0.7979115646258503,zip
freeaudio/environment01.zip,fire_engine_pass.mp3,environment01/fire_engine_pass.mp3,39.984,0.6664,zip
freeaudio/environment01.zip,fire_engine_start.mp3,environment01/fire_engine_start.mp3,58.88580498866213,0.9814300831443689,zip
freeaudio/environment01.zip,gro_store_cashier.mp3,environment01/gro_store_cashier.mp3,45.48,0.7579999999999999,zip
freeaudio/environment01.zip,hand_dryer1.mp3,environment01/hand_dryer1.mp3,20.490136054421768,0.3415022675736961,zip
freeaudio/environment01.zip,hand_dryer2.mp3,environment01/hand_dryer2.mp3,16.7843537414966,0.2797392290249433,zip
freeaudio/environment01.zip,hotel_shower1.mp3,environment01/hotel_shower1.mp3,177.59009070294783,2.9598348450491305,zip
freeaudio/environment01.zip,hotel_shower2.mp3,environment01/hotel_shower2.mp3,62.52607709750567,1.042101284958428,zip
freeaudio/environment01.zip,Jpn_back_alley.mp3,environment01/Jpn_back_alley.mp3,32.883809523809525,0.548063492063492,zip
freeaudio/environment01.zip,Konbini.mp3,environment01/Konbini.mp3,65.448,1.0908,zip
freeaudio/environment01.zip,mall_in_airport.mp3,environment01/mall_in_airport.mp3,41.112,0.6852,zip
freeaudio/environment01.zip,morning_city.mp3,environment01/morning_city.mp3,16.248,0.27080000000000004,zip
freeaudio/environment01.zip,op_wndw_safe_lock.mp3,environment01/op_wndw_safe_lock.mp3,14.335442176870748,0.23892403628117914,zip
freeaudio/environment01.zip,pachinko1.mp3,environment01/pachinko1.mp3,33.6,0.56,zip
freeaudio/environment01.zip,pachinko2.mp3,environment01/pachinko2.mp3,215.00061224489795,3.583343537414966,zip
freeaudio/environment01.zip,port_unload.mp3,environment01/port_unload.mp3,68.26666666666667,1.1377777777777778,zip
freeaudio/environment01.zip,post_office.mp3,environment01/post_office.mp3,56.904,0.9484,zip
freeaudio/environment01.zip,rain_building1.mp3,environment01/rain_building1.mp3,311.9891156462585,5.1998185941043085,zip
freeaudio/environment01.zip,rain_building2.mp3,environment01/rain_building2.mp3,112.4331746031746,1.8738862433862435,zip
freeaudio/environment01.zip,rain_building3.mp3,environment01/rain_building3.mp3,90.31700680272108,1.505283446712018,zip
freeaudio/environment01.zip,shopping_mall1.mp3,environment01/shopping_mall1.mp3,35.904,0.5984,zip
freeaudio/environment01.zip,summer_city1.mp3,environment01/summer_city1.mp3,110.2106,1.8368433333333334,zip
freeaudio/environment01.zip,summer_city2.mp3,environment01/summer_city2.mp3,80.952,1.3492,zip
freeaudio/environment01.zip,summer_city3.mp3,environment01/summer_city3.mp3,34.488,0.5748,zip
freeaudio/environment01.zip,summer_city4.mp3,environment01/summer_city4.mp3,173.448,2.8908,zip
freeaudio/environment01.zip,summer_city5.mp3,environment01/summer_city5.mp3,37.68,0.628,zip
freeaudio/environment01.zip,tofu_truck.mp3,environment01/tofu_truck.mp3,12.968616780045352,0.21614361300075585,zip
freeaudio/environment01.zip,ubn_intersection1.mp3,environment01/ubn_intersection1.mp3,476.8890022675737,7.948150037792895,zip
freeaudio/environment01.zip,ubn_intersection2.mp3,environment01/ubn_intersection2.mp3,180.984,3.0164,zip
freeaudio/environment01.zip,walk_to_work.mp3,environment01/walk_to_work.mp3,67.92,1.1320000000000001,zip
freeaudio/environment01.zip,wet_road1.mp3,environment01/wet_road1.mp3,233.5435827664399,3.8923930461073315,zip
freeaudio/environment01.zip,wide_area_siren.mp3,environment01/wide_area_siren.mp3,34.272,0.5711999999999999,zip
freeaudio/event01.zip,after_game.mp3,event01/after_game.mp3,95.744,1.5957333333333332,zip
freeaudio/event01.zip,applause.mp3,event01/applause.mp3,59.5587074829932,0.9926451247165533,zip
freeaudio/event01.zip,balloon_bounce.mp3,event01/balloon_bounce.mp3,5.903696145124717,0.09839493575207861,zip
freeaudio/event01.zip,baseball_cheer1.mp3,event01/baseball_cheer1.mp3,10.133333333333333,0.1688888888888889,zip
freeaudio/event01.zip,baseball_cheer2.mp3,event01/baseball_cheer2.mp3,12.629333333333333,0.2104888888888889,zip
freeaudio/event01.zip,baseball_cheer3.mp3,event01/baseball_cheer3.mp3,7.530666666666667,0.1255111111111111,zip
freeaudio/event01.zip,baseball_cheer4.mp3,event01/baseball_cheer4.mp3,7.125333333333334,0.11875555555555556,zip
freeaudio/event01.zip,blow_up_balloon.mp3,event01/blow_up_balloon.mp3,7.83172335600907,0.13052872260015116,zip
freeaudio/event01.zip,buzzer1.mp3,event01/buzzer1.mp3,24.336,0.40559999999999996,zip
freeaudio/event01.zip,buzzer2.mp3,event01/buzzer2.mp3,15.696,0.2616,zip
freeaudio/event01.zip,cheers1.mp3,event01/cheers1.mp3,14.506666666666666,0.24177777777777776,zip
freeaudio/event01.zip,cheers2.mp3,event01/cheers2.mp3,7.093333333333334,0.11822222222222223,zip
freeaudio/event01.zip,clap_in_hall.mp3,event01/clap_in_hall.mp3,14.521473922902494,0.24202456538170825,zip
freeaudio/event01.zip,comm_center1.mp3,event01/comm_center1.mp3,40.85666666666667,0.6809444444444445,zip
freeaudio/event01.zip,comm_center2.mp3,event01/comm_center2.mp3,42.098979166666666,0.7016496527777778,zip
freeaudio/event01.zip,comm_center3.mp3,event01/comm_center3.mp3,51.67347916666667,0.8612246527777778,zip
freeaudio/event01.zip,concert_seats1.mp3,event01/concert_seats1.mp3,103.42920833333334,1.723820138888889,zip
freeaudio/event01.zip,concert_seats2.mp3,event01/concert_seats2.mp3,168.6155,2.810258333333333,zip
freeaudio/event01.zip,conductor_enter.mp3,event01/conductor_enter.mp3,35.00366666666667,0.5833944444444444,zip
freeaudio/event01.zip,crowded_hall1.mp3,event01/crowded_hall1.mp3,26.424,0.4404,zip
freeaudio/event01.zip,crowded_hall2.mp3,event01/crowded_hall2.mp3,14.568,0.2428,zip
freeaudio/event01.zip,crowded_hall3.mp3,event01/crowded_hall3.mp3,179.21102083333332,2.986850347222222,zip
freeaudio/event01.zip,crowded_seats.mp3,event01/crowded_seats.mp3,27.384,0.45640000000000003,zip
freeaudio/event01.zip,deflate_balloons.mp3,event01/deflate_balloons.mp3,16.979,0.2829833333333333,zip
freeaudio/event01.zip,firework1.mp3,event01/firework1.mp3,8.034104308390022,0.13390173847316703,zip
freeaudio/event01.zip,firework2.mp3,event01/firework2.mp3,5.231746031746032,0.0871957671957672,zip
freeaudio/event01.zip,fireworks1.mp3,event01/fireworks1.mp3,300.55909297052153,5.009318216175359,zip
freeaudio/event01.zip,fireworks2.mp3,event01/fireworks2.mp3,106.99755102040817,1.7832925170068028,zip
freeaudio/event01.zip,fireworks_fest1.mp3,event01/fireworks_fest1.mp3,37.87716666666667,0.6312861111111111,zip
freeaudio/event01.zip,fireworks_fest2.mp3,event01/fireworks_fest2.mp3,54.474895833333335,0.9079149305555556,zip
freeaudio/event01.zip,fireworks_fest3.mp3,event01/fireworks_fest3.mp3,72.83379166666667,1.2138965277777778,zip
freeaudio/event01.zip,Hyoshigi.mp3,event01/Hyoshigi.mp3,84.24378684807256,1.4040631141345428,zip
freeaudio/event01.zip,Japanese_fest1.mp3,event01/Japanese_fest1.mp3,77.864125,1.2977354166666666,zip
freeaudio/event01.zip,Jpn_baseball1.mp3,event01/Jpn_baseball1.mp3,79.44533333333334,1.3240888888888889,zip
freeaudio/event01.zip,Jpn_baseball2.mp3,event01/Jpn_baseball2.mp3,75.94666666666667,1.265777777777778,zip
freeaudio/event01.zip,Jpn_baseball3.mp3,event01/Jpn_baseball3.mp3,68.01066666666667,1.1335111111111111,zip
freeaudio/event01.zip,Jpn_baseball4.mp3,event01/Jpn_baseball4.mp3,89.77066666666667,1.4961777777777778,zip
freeaudio/event01.zip,Jpn_baseball5.mp3,event01/Jpn_baseball5.mp3,39.552,0.6592,zip
freeaudio/event01.zip,Jpn_baseball6.mp3,event01/Jpn_baseball6.mp3,52.906666666666666,0.8817777777777778,zip
freeaudio/event01.zip,Jpn_baseball7.mp3,event01/Jpn_baseball7.mp3,44.544,0.7424,zip
freeaudio/event01.zip,kindergartners.mp3,event01/kindergartners.mp3,90.15089583333334,1.5025149305555556,zip
freeaudio/event01.zip,long_clap1.mp3,event01/long_clap1.mp3,37.608,0.6267999999999999,zip
freeaudio/event01.zip,long_clap2.mp3,event01/long_clap2.mp3,28.944,0.4824,zip
freeaudio/event01.zip,Ozeki_fight.mp3,event01/Ozeki_fight.mp3,87.35337868480725,1.4558896447467875,zip
freeaudio/event01.zip,party_hubbub1.mp3,event01/party_hubbub1.mp3,21.576,0.35960000000000003,zip
freeaudio/event01.zip,party_hubbub2.mp3,event01/party_hubbub2.mp3,34.776,0.5796,zip
freeaudio/event01.zip,performers_enter.mp3,event01/performers_enter.mp3,71.47127083333334,1.1911878472222222,zip
freeaudio/event01.zip,roller_coaster1.mp3,event01/roller_coaster1.mp3,80.08854166666667,1.3348090277777778,zip
freeaudio/event01.zip,roller_coaster2.mp3,event01/roller_coaster2.mp3,11.2019375,0.18669895833333333,zip
freeaudio/event01.zip,rummage_sale.mp3,event01/rummage_sale.mp3,46.71908333333333,0.7786513888888889,zip
freeaudio/event01.zip,short_clap1.mp3,event01/short_clap1.mp3,9.96,0.166,zip
freeaudio/event01.zip,short_clap2.mp3,event01/short_clap2.mp3,6.348004535147393,0.10580007558578988,zip
freeaudio/event01.zip,short_clap3.mp3,event01/short_clap3.mp3,6.653083333333333,0.11088472222222222,zip
freeaudio/event01.zip,short_clap4.mp3,event01/short_clap4.mp3,6.340916666666667,0.10568194444444444,zip
freeaudio/event01.zip,short_clap5.mp3,event01/short_clap5.mp3,14.299291666666667,0.2383215277777778,zip
freeaudio/event01.zip,slope_car1.mp3,event01/slope_car1.mp3,77.173375,1.2862229166666665,zip
freeaudio/event01.zip,slope_car2.mp3,event01/slope_car2.mp3,64.32025,1.0720041666666666,zip
freeaudio/event01.zip,sparklers1.mp3,event01/sparklers1.mp3,17.438480725623585,0.2906413454270597,zip
freeaudio/event01.zip,sparklers2.mp3,event01/sparklers2.mp3,27.071292517006803,0.45118820861678005,zip
freeaudio/event01.zip,stadium_fireworks.mp3,event01/stadium_fireworks.mp3,13.610666666666667,0.22684444444444446,zip
freeaudio/event01.zip,sumo1.mp3,event01/sumo1.mp3,18.106326530612243,0.3017721088435374,zip
freeaudio/event01.zip,sumo2.mp3,event01/sumo2.mp3,40.61997732426304,0.6769996220710507,zip
freeaudio/event01.zip,sumo3.mp3,event01/sumo3.mp3,24.456643990929706,0.4076107331821618,zip
freeaudio/event01.zip,sumo4.mp3,event01/sumo4.mp3,51.442743764172334,0.8573790627362056,zip
freeaudio/event01.zip,sumo5.mp3,event01/sumo5.mp3,98.30603174603175,1.6384338624338626,zip
freeaudio/event01.zip,sumo6.mp3,event01/sumo6.mp3,54.881519274376416,0.9146919879062736,zip
freeaudio/event01.zip,sumo7.mp3,event01/sumo7.mp3,64.1308843537415,1.0688480725623581,zip
freeaudio/event01.zip,s_roller_coaster1.mp3,event01/s_roller_coaster1.mp3,35.81755102040816,0.5969591836734693,zip
freeaudio/event01.zip,s_roller_coaster2.mp3,event01/s_roller_coaster2.mp3,12.860181405895691,0.21433635676492818,zip
freeaudio/event01.zip,three_cheers.mp3,event01/three_cheers.mp3,13.584,0.2264,zip
freeaudio/event01.zip,town_sumr_fest1.mp3,event01/town_sumr_fest1.mp3,110.89850340136054,1.8483083900226758,zip
freeaudio/event01.zip,town_sumr_fest2.mp3,event01/town_sumr_fest2.mp3,80.61968253968254,1.3436613756613758,zip
freeaudio/event01.zip,town_sumr_fest3.mp3,event01/town_sumr_fest3.mp3,34.83936507936508,0.5806560846560846,zip
freeaudio/event01.zip,tuning.mp3,event01/tuning.mp3,69.65075,1.1608458333333334,zip
freeaudio/event01.zip,Yokozuna_enter.mp3,event01/Yokozuna_enter.mp3,71.75650793650793,1.1959417989417989,zip
freeaudio/event01.zip,Yokozuna_fight1.mp3,event01/Yokozuna_fight1.mp3,93.1430612244898,1.5523843537414967,zip
freeaudio/event01.zip,Yokozuna_fight2.mp3,event01/Yokozuna_fight2.mp3,87.24852607709751,1.4541421012849585,zip
freeaudio/event01.zip,Yumitori_shiki.mp3,event01/Yumitori_shiki.mp3,41.31124716553288,0.6885207860922147,zip
freeaudio/sf01.zip,8bit_computer.mp3,sf01/8bit_computer.mp3,5.458004535147392,0.09096674225245653,zip
freeaudio/sf01.zip,alian_heart.mp3,sf01/alian_heart.mp3,5.926530612244898,0.09877551020408164,zip
freeaudio/sf01.zip,aliens_convo.mp3,sf01/aliens_convo.mp3,17.184,0.28640000000000004,zip
freeaudio/sf01.zip,cosmic_signal1.mp3,sf01/cosmic_signal1.mp3,22.413061224489795,0.37355102040816324,zip
freeaudio/sf01.zip,cosmic_signal2.mp3,sf01/cosmic_signal2.mp3,62.35387755102041,1.0392312925170069,zip
freeaudio/sf01.zip,current_noise.mp3,sf01/current_noise.mp3,20.969795918367346,0.34949659863945576,zip
freeaudio/sf01.zip,electric_shock2.mp3,sf01/electric_shock2.mp3,5.007687074829932,0.08346145124716554,zip
freeaudio/sf01.zip,electric_shock3.mp3,sf01/electric_shock3.mp3,8.863401360544218,0.1477233560090703,zip
freeaudio/sf01.zip,ele_shock_wave.mp3,sf01/ele_shock_wave.mp3,5.2483673469387755,0.08747278911564625,zip
freeaudio/sf01.zip,energy_lab_explosion.mp3,sf01/energy_lab_explosion.mp3,10.07798185941043,0.16796636432350717,zip
freeaudio/sf01.zip,factory_siren1.mp3,sf01/factory_siren1.mp3,5.064,0.0844,zip
freeaudio/sf01.zip,factory_siren2.mp3,sf01/factory_siren2.mp3,13.114829931972789,0.21858049886621314,zip
freeaudio/sf01.zip,game_helicopter.mp3,sf01/game_helicopter.mp3,5.495170068027211,0.09158616780045352,zip
freeaudio/sf01.zip,gear_rotation1.mp3,sf01/gear_rotation1.mp3,16.896,0.2816,zip
freeaudio/sf01.zip,gear_rotation2.mp3,sf01/gear_rotation2.mp3,29.184,0.4864,zip
freeaudio/sf01.zip,g_robot_walk1.mp3,sf01/g_robot_walk1.mp3,8.219,0.13698333333333332,zip
freeaudio/sf01.zip,g_robot_walk2.mp3,sf01/g_robot_walk2.mp3,5.60075,0.09334583333333332,zip
freeaudio/sf01.zip,inside_ufo1.mp3,sf01/inside_ufo1.mp3,12.528083333333333,0.20880138888888888,zip
freeaudio/sf01.zip,inside_ufo2.mp3,sf01/inside_ufo2.mp3,10.419270833333334,0.1736545138888889,zip
freeaudio/sf01.zip,jamming.mp3,sf01/jamming.mp3,6.504,0.1084,zip
freeaudio/sf01.zip,machine_engine.mp3,sf01/machine_engine.mp3,10.031020408163265,0.16718367346938776,zip
freeaudio/sf01.zip,nurse_call2.mp3,sf01/nurse_call2.mp3,11.56671201814059,0.1927785336356765,zip
freeaudio/sf01.zip,out_of_control.mp3,sf01/out_of_control.mp3,5.537959183673469,0.09229931972789115,zip
freeaudio/sf01.zip,poor_elec_contact.mp3,sf01/poor_elec_contact.mp3,12.836916099773243,0.21394860166288737,zip
freeaudio/sf01.zip,sf_palice_car.mp3,sf01/sf_palice_car.mp3,8.473378684807257,0.14122297808012094,zip
freeaudio/sf01.zip,sinus_rhythm.mp3,sf01/sinus_rhythm.mp3,8.6595,0.14432499999999998,zip
freeaudio/sf01.zip,system_malfunction.mp3,sf01/system_malfunction.mp3,54.853038548752835,0.9142173091458806,zip
freeaudio/sf01.zip,time_machine.mp3,sf01/time_machine.mp3,27.262666666666668,0.4543777777777778,zip
freeaudio/sf01.zip,time_travel.mp3,sf01/time_travel.mp3,24.672,0.4112,zip
freeaudio/sf01.zip,ufo_energy1.mp3,sf01/ufo_energy1.mp3,7.970916666666667,0.1328486111111111,zip
freeaudio/sf01.zip,ufo_energy2.mp3,sf01/ufo_energy2.mp3,10.000479166666667,0.16667465277777777,zip
freeaudio/sf01.zip,ufo_landing.mp3,sf01/ufo_landing.mp3,14.953356009070294,0.24922260015117156,zip
freeaudio/sf01.zip,ufo_take_off.mp3,sf01/ufo_take_off.mp3,14.993922902494331,0.24989871504157218,zip
freeaudio/sf01.zip,vibration_noise.mp3,sf01/vibration_noise.mp3,5.016,0.0836,zip
freeaudio/environment02.zip,asphalt_work1.mp3,environment02/asphalt_work1.mp3,76.85224489795918,1.2808707482993198,zip
freeaudio/environment02.zip,asphalt_work2.mp3,environment02/asphalt_work2.mp3,13.491020408163266,0.22485034013605443,zip
freeaudio/environment02.zip,asphalt_work3.mp3,environment02/asphalt_work3.mp3,36.85278911564626,0.6142131519274376,zip
freeaudio/environment02.zip,building_home1.mp3,environment02/building_home1.mp3,22.77877551020408,0.37964625850340133,zip
freeaudio/environment02.zip,building_home2.mp3,environment02/building_home2.mp3,90.6507029478458,1.5108450491307635,zip
freeaudio/environment02.zip,building_home3.mp3,environment02/building_home3.mp3,35.01931972789116,0.5836553287981859,zip
freeaudio/environment02.zip,cargo_trucks.mp3,environment02/cargo_trucks.mp3,39.05451247165533,0.6509085411942555,zip
freeaudio/environment02.zip,cargo_truck_pass.mp3,environment02/cargo_truck_pass.mp3,11.107482993197278,0.18512471655328797,zip
freeaudio/environment02.zip,city_road1.mp3,environment02/city_road1.mp3,56.842448979591836,0.9473741496598639,zip
freeaudio/environment02.zip,city_road2.mp3,environment02/city_road2.mp3,109.04090702947846,1.8173484504913078,zip
freeaudio/environment02.zip,city_road3.mp3,environment02/city_road3.mp3,56.832,0.9472,zip
freeaudio/environment02.zip,construction1.mp3,environment02/construction1.mp3,33.32596371882086,0.5554327286470143,zip
freeaudio/environment02.zip,construction2.mp3,environment02/construction2.mp3,162.6632879818594,2.711054799697657,zip
freeaudio/environment02.zip,construction_site.mp3,environment02/construction_site.mp3,29.72154195011338,0.4953590325018897,zip
freeaudio/environment02.zip,demolish_building1.mp3,environment02/demolish_building1.mp3,27.58530612244898,0.4597551020408163,zip
freeaudio/environment02.zip,demolish_building2.mp3,environment02/demolish_building2.mp3,25.768344671201813,0.4294724111866969,zip
freeaudio/environment02.zip,demolish_building3.mp3,environment02/demolish_building3.mp3,40.542040816326534,0.6757006802721089,zip
freeaudio/environment02.zip,demolish_house1.mp3,environment02/demolish_house1.mp3,70.23755102040816,1.170625850340136,zip
freeaudio/environment02.zip,demolish_house2.mp3,environment02/demolish_house2.mp3,73.18839002267573,1.2198065003779288,zip
freeaudio/environment02.zip,demolish_house3.mp3,environment02/demolish_house3.mp3,32.14358276643991,0.5357263794406653,zip
freeaudio/environment02.zip,demolish_house4.mp3,environment02/demolish_house4.mp3,50.2437641723356,0.8373960695389268,zip
freeaudio/environment02.zip,drill_concrete.mp3,environment02/drill_concrete.mp3,35.90485260770975,0.5984142101284958,zip
freeaudio/environment02.zip,eatery_exh_fan.mp3,environment02/eatery_exh_fan.mp3,10.0176875,0.1669614583333333,zip
freeaudio/environment02.zip,elct_rotary_cutter1.mp3,environment02/elct_rotary_cutter1.mp3,14.207278911564625,0.2367879818594104,zip
freeaudio/environment02.zip,elct_rotary_cutter2.mp3,environment02/elct_rotary_cutter2.mp3,22.657097505668933,0.37761829176114886,zip
freeaudio/environment02.zip,excavator.mp3,environment02/excavator.mp3,28.789354166666666,0.4798225694444444,zip
freeaudio/environment02.zip,factory_drainage.mp3,environment02/factory_drainage.mp3,22.927583333333335,0.3821263888888889,zip
freeaudio/environment02.zip,factory_exh_fan.mp3,environment02/factory_exh_fan.mp3,13.4098125,0.22349687499999998,zip
freeaudio/environment02.zip,factory_outside.mp3,environment02/factory_outside.mp3,49.68072562358277,0.8280120937263794,zip
freeaudio/environment02.zip,garbage_truck.mp3,environment02/garbage_truck.mp3,97.92609977324263,1.632101662887377,zip
freeaudio/environment02.zip,generator_like.mp3,environment02/generator_like.mp3,11.7435,0.19572499999999998,zip
freeaudio/environment02.zip,hammering_nails1.mp3,environment02/hammering_nails1.mp3,8.498503401360544,0.14164172335600908,zip
freeaudio/environment02.zip,hammering_nails2.mp3,environment02/hammering_nails2.mp3,11.083310657596371,0.18472184429327285,zip
freeaudio/environment02.zip,hammering_nails3.mp3,environment02/hammering_nails3.mp3,16.500476190476192,0.27500793650793653,zip
freeaudio/environment02.zip,home_remodeling1.mp3,environment02/home_remodeling1.mp3,60.0971201814059,1.0016186696900984,zip
freeaudio/environment02.zip,home_remodeling2.mp3,environment02/home_remodeling2.mp3,10.251995464852607,0.1708665910808768,zip
freeaudio/environment02.zip,Jpn_biker_gang2.mp3,environment02/Jpn_biker_gang2.mp3,14.832,0.2472,zip
freeaudio/environment02.zip,Jpn_biker_gangs1.mp3,environment02/Jpn_biker_gangs1.mp3,34.248,0.5708,zip
freeaudio/environment02.zip,large_vent.mp3,environment02/large_vent.mp3,20.020385487528344,0.33367309145880575,zip
freeaudio/environment02.zip,nail_gun2.mp3,environment02/nail_gun2.mp3,7.035442176870748,0.11725736961451247,zip
freeaudio/environment02.zip,night_urban_road1.mp3,environment02/night_urban_road1.mp3,73.872,1.2312,zip
freeaudio/environment02.zip,night_urban_road2.mp3,environment02/night_urban_road2.mp3,27.816,0.46359999999999996,zip
freeaudio/environment02.zip,night_urban_road3.mp3,environment02/night_urban_road3.mp3,108.39075,1.8065125,zip
freeaudio/environment02.zip,power_drill1.mp3,environment02/power_drill1.mp3,15.998548752834466,0.26664247921390777,zip
freeaudio/environment02.zip,power_drill2.mp3,environment02/power_drill2.mp3,11.23845804988662,0.187307634164777,zip
freeaudio/environment02.zip,power_shovel1.mp3,environment02/power_shovel1.mp3,60.61414965986395,1.0102358276643992,zip
freeaudio/environment02.zip,power_shovel2.mp3,environment02/power_shovel2.mp3,45.12560090702948,0.7520933484504914,zip
freeaudio/environment02.zip,pumping_concrete.mp3,environment02/pumping_concrete.mp3,101.23274376417234,1.687212396069539,zip
freeaudio/environment02.zip,river_dredging1.mp3,environment02/river_dredging1.mp3,138.03285416666668,2.300547569444445,zip
freeaudio/environment02.zip,river_dredging2.mp3,environment02/river_dredging2.mp3,98.1590625,1.635984375,zip
freeaudio/environment02.zip,river_dredging3.mp3,environment02/river_dredging3.mp3,115.4293125,1.923821875,zip
freeaudio/environment02.zip,river_dredging4.mp3,environment02/river_dredging4.mp3,56.35402083333334,0.9392336805555556,zip
freeaudio/environment02.zip,river_dredging5.mp3,environment02/river_dredging5.mp3,63.269333333333336,1.054488888888889,zip
freeaudio/environment02.zip,short_tunnel_road1.mp3,environment02/short_tunnel_road1.mp3,85.70335416666667,1.4283892361111112,zip
freeaudio/environment02.zip,short_tunnel_road2.mp3,environment02/short_tunnel_road2.mp3,21.760583333333333,0.36267638888888887,zip
freeaudio/environment02.zip,town_road1.mp3,environment02/town_road1.mp3,97.75596371882087,1.6292660619803478,zip
freeaudio/environment02.zip,town_road2.mp3,environment02/town_road2.mp3,35.97721088435374,0.5996201814058957,zip
freeaudio/environment02.zip,truck_pass1.mp3,environment02/truck_pass1.mp3,13.305034013605443,0.22175056689342404,zip
freeaudio/environment02.zip,truck_pass2.mp3,environment02/truck_pass2.mp3,54.52045351473923,0.9086742252456539,zip
freeaudio/environment02.zip,truck_turn.mp3,environment02/truck_turn.mp3,22.6162358276644,0.3769372637944067,zip
freeaudio/openclose01.zip,close_glass_window.mp3,openclose01/close_glass_window.mp3,5.76,0.096,zip
freeaudio/openclose01.zip,curtain_window_AM.mp3,openclose01/curtain_window_AM.mp3,13.2,0.22,zip
freeaudio/openclose01.zip,curtain_window_night.mp3,openclose01/curtain_window_night.mp3,44.352,0.7392,zip
freeaudio/openclose01.zip,open_glass_window.mp3,openclose01/open_glass_window.mp3,5.136,0.0856,zip
freeaudio/openclose01.zip,open_metal_door2.mp3,openclose01/open_metal_door2.mp3,7.344,0.12240000000000001,zip
freeaudio/openclose01.zip,open_window_wind.mp3,openclose01/open_window_wind.mp3,6.953038548752835,0.11588397581254724,zip
freeaudio/openclose01.zip,roller_shutter_door1.mp3,openclose01/roller_shutter_door1.mp3,5.616,0.09359999999999999,zip
freeaudio/attack01.zip,swing4.mp3,attack01/swing4.mp3,5.594125,0.09323541666666667,zip
