mp3_filename,original_japanese_name,sound_effect_title,description,keywords,category,page_url,zip_download_url,zip_filename,local_file_path,file_size,metadata_source
規制音　銃02-2.mp3,規制音　銃02-2.mp3,規制音　1kHz01,,,Censor Bleep,https://otologic.jp/free/se/censor-bleep01.html,https://otologic.jp/sounds/se/mp3-zip/Censor_Bleep-1kHz01-mp3.zip,Censor_Bleep-1kHz01-mp3.zip,otologic_sounds_smart/Censor Bleep/規制音　1kHz01/規制音　銃02-2.mp3,18264,otologic_sounds_smart/Censor Bleep/規制音　1kHz01/metadata.json
規制音　銃02-3.mp3,規制音　銃02-3.mp3,規制音　1kHz01,,,Censor Bleep,https://otologic.jp/free/se/censor-bleep01.html,https://otologic.jp/sounds/se/mp3-zip/Censor_Bleep-1kHz01-mp3.zip,Censor_Bleep-1kHz01-mp3.zip,otologic_sounds_smart/Censor Bleep/規制音　1kHz01/規制音　銃02-3.mp3,19204,otologic_sounds_smart/Censor Bleep/規制音　1kHz01/metadata.json
規制音　銃02-1.mp3,規制音　銃02-1.mp3,規制音　1kHz01,,,Censor Bleep,https://otologic.jp/free/se/censor-bleep01.html,https://otologic.jp/sounds/se/mp3-zip/Censor_Bleep-1kHz01-mp3.zip,Censor_Bleep-1kHz01-mp3.zip,otologic_sounds_smart/Censor Bleep/規制音　1kHz01/規制音　銃02-1.mp3,16593,otologic_sounds_smart/Censor Bleep/規制音　1kHz01/metadata.json
GB　アクション01-プレビュー.mp3,GB　アクション01-プレビュー.mp3,SNES　アクション01,,,Game Action,https://otologic.jp/free/se/game-action01.html,https://otologic.jp/sounds/se/mp3-zip/SNES-Shooter02-mp3.zip,SNES-Shooter02-mp3.zip,otologic_sounds_smart/Game Action/SNES　アクション01/GB　アクション01-プレビュー.mp3,135255,otologic_sounds_smart/Game Action/SNES　アクション01/metadata.json
SNES　アクション01-14(アイテム).mp3,SNES　アクション01-14(アイテム).mp3,SNES　アクション01,,,Game Action,https://otologic.jp/free/se/game-action01.html,https://otologic.jp/sounds/se/mp3-zip/SNES-Shooter02-mp3.zip,SNES-Shooter02-mp3.zip,otologic_sounds_smart/Game Action/SNES　アクション01/SNES　アクション01-14(アイテム).mp3,10903,otologic_sounds_smart/Game Action/SNES　アクション01/metadata.json
SNES　アクション01-13(倒す).mp3,SNES　アクション01-13(倒す).mp3,SNES　アクション01,,,Game Action,https://otologic.jp/free/se/game-action01.html,https://otologic.jp/sounds/se/mp3-zip/SNES-Shooter02-mp3.zip,SNES-Shooter02-mp3.zip,otologic_sounds_smart/Game Action/SNES　アクション01/SNES　アクション01-13(倒す).mp3,40837,otologic_sounds_smart/Game Action/SNES　アクション01/metadata.json
SNES　アクション01-22(選択).mp3,SNES　アクション01-22(選択).mp3,SNES　アクション01,,,Game Action,https://otologic.jp/free/se/game-action01.html,https://otologic.jp/sounds/se/mp3-zip/SNES-Shooter02-mp3.zip,SNES-Shooter02-mp3.zip,otologic_sounds_smart/Game Action/SNES　アクション01/SNES　アクション01-22(選択).mp3,29369,otologic_sounds_smart/Game Action/SNES　アクション01/metadata.json
SNES　アクション01-17(メッセージ).mp3,SNES　アクション01-17(メッセージ).mp3,SNES　アクション01,,,Game Action,https://otologic.jp/free/se/game-action01.html,https://otologic.jp/sounds/se/mp3-zip/SNES-Shooter02-mp3.zip,SNES-Shooter02-mp3.zip,otologic_sounds_smart/Game Action/SNES　アクション01/SNES　アクション01-17(メッセージ).mp3,18832,otologic_sounds_smart/Game Action/SNES　アクション01/metadata.json
SNES　アクション01-20(選択).mp3,SNES　アクション01-20(選択).mp3,SNES　アクション01,,,Game Action,https://otologic.jp/free/se/game-action01.html,https://otologic.jp/sounds/se/mp3-zip/SNES-Shooter02-mp3.zip,SNES-Shooter02-mp3.zip,otologic_sounds_smart/Game Action/SNES　アクション01/SNES　アクション01-20(選択).mp3,12050,otologic_sounds_smart/Game Action/SNES　アクション01/metadata.json
SNES　アクション01-15(アイテム).mp3,SNES　アクション01-15(アイテム).mp3,SNES　アクション01,,,Game Action,https://otologic.jp/free/se/game-action01.html,https://otologic.jp/sounds/se/mp3-zip/SNES-Shooter02-mp3.zip,SNES-Shooter02-mp3.zip,otologic_sounds_smart/Game Action/SNES　アクション01/SNES　アクション01-15(アイテム).mp3,11946,otologic_sounds_smart/Game Action/SNES　アクション01/metadata.json
SNES　アクション01-21(選択).mp3,SNES　アクション01-21(選択).mp3,SNES　アクション01,,,Game Action,https://otologic.jp/free/se/game-action01.html,https://otologic.jp/sounds/se/mp3-zip/SNES-Shooter02-mp3.zip,SNES-Shooter02-mp3.zip,otologic_sounds_smart/Game Action/SNES　アクション01/SNES　アクション01-21(選択).mp3,11737,otologic_sounds_smart/Game Action/SNES　アクション01/metadata.json
SNES　アクション01-18(メッセージ).mp3,SNES　アクション01-18(メッセージ).mp3,SNES　アクション01,,,Game Action,https://otologic.jp/free/se/game-action01.html,https://otologic.jp/sounds/se/mp3-zip/SNES-Shooter02-mp3.zip,SNES-Shooter02-mp3.zip,otologic_sounds_smart/Game Action/SNES　アクション01/SNES　アクション01-18(メッセージ).mp3,28222,otologic_sounds_smart/Game Action/SNES　アクション01/metadata.json
GB　アクション01-01(ジャンプ).mp3,GB　アクション01-01(ジャンプ).mp3,SNES　アクション01,,,Game Action,https://otologic.jp/free/se/game-action01.html,https://otologic.jp/sounds/se/mp3-zip/SNES-Shooter02-mp3.zip,SNES-Shooter02-mp3.zip,otologic_sounds_smart/Game Action/SNES　アクション01/GB　アクション01-01(ジャンプ).mp3,14033,otologic_sounds_smart/Game Action/SNES　アクション01/metadata.json
SNES　アクション01-16(アイテム).mp3,SNES　アクション01-16(アイテム).mp3,SNES　アクション01,,,Game Action,https://otologic.jp/free/se/game-action01.html,https://otologic.jp/sounds/se/mp3-zip/SNES-Shooter02-mp3.zip,SNES-Shooter02-mp3.zip,otologic_sounds_smart/Game Action/SNES　アクション01/SNES　アクション01-16(アイテム).mp3,19145,otologic_sounds_smart/Game Action/SNES　アクション01/metadata.json
SNES　アクション01-19(メッセージ).mp3,SNES　アクション01-19(メッセージ).mp3,SNES　アクション01,,,Game Action,https://otologic.jp/free/se/game-action01.html,https://otologic.jp/sounds/se/mp3-zip/SNES-Shooter02-mp3.zip,SNES-Shooter02-mp3.zip,otologic_sounds_smart/Game Action/SNES　アクション01/SNES　アクション01-19(メッセージ).mp3,53765,otologic_sounds_smart/Game Action/SNES　アクション01/metadata.json
NES　アクション01-02(ジャンプ).mp3,NES　アクション01-02(ジャンプ).mp3,NES　アクション01,,,Game Action,https://otologic.jp/free/se/game-action01.html,https://otologic.jp/sounds/se/mp3-zip/SNES-Shooter02-mp3.zip,SNES-Shooter02-mp3.zip,otologic_sounds_smart/Game Action/NES　アクション01/NES　アクション01-02(ジャンプ).mp3,14033,otologic_sounds_smart/Game Action/NES　アクション01/metadata.json
NES　アクション01-06(投げる).mp3,NES　アクション01-06(投げる).mp3,NES　アクション01,,,Game Action,https://otologic.jp/free/se/game-action01.html,https://otologic.jp/sounds/se/mp3-zip/SNES-Shooter02-mp3.zip,SNES-Shooter02-mp3.zip,otologic_sounds_smart/Game Action/NES　アクション01/NES　アクション01-06(投げる).mp3,11529,otologic_sounds_smart/Game Action/NES　アクション01/metadata.json
NES　アクション01-12(アイテム).mp3,NES　アクション01-12(アイテム).mp3,NES　アクション01,,,Game Action,https://otologic.jp/free/se/game-action01.html,https://otologic.jp/sounds/se/mp3-zip/SNES-Shooter02-mp3.zip,SNES-Shooter02-mp3.zip,otologic_sounds_smart/Game Action/NES　アクション01/NES　アクション01-12(アイテム).mp3,17268,otologic_sounds_smart/Game Action/NES　アクション01/metadata.json
NES　アクション01-04(ブロック).mp3,NES　アクション01-04(ブロック).mp3,NES　アクション01,,,Game Action,https://otologic.jp/free/se/game-action01.html,https://otologic.jp/sounds/se/mp3-zip/SNES-Shooter02-mp3.zip,SNES-Shooter02-mp3.zip,otologic_sounds_smart/Game Action/NES　アクション01/NES　アクション01-04(ブロック).mp3,12364,otologic_sounds_smart/Game Action/NES　アクション01/metadata.json
NES　アクション01-01(ジャンプ).mp3,NES　アクション01-01(ジャンプ).mp3,NES　アクション01,,,Game Action,https://otologic.jp/free/se/game-action01.html,https://otologic.jp/sounds/se/mp3-zip/SNES-Shooter02-mp3.zip,SNES-Shooter02-mp3.zip,otologic_sounds_smart/Game Action/NES　アクション01/NES　アクション01-01(ジャンプ).mp3,14450,otologic_sounds_smart/Game Action/NES　アクション01/metadata.json
NES　アクション01-07(当てる).mp3,NES　アクション01-07(当てる).mp3,NES　アクション01,,,Game Action,https://otologic.jp/free/se/game-action01.html,https://otologic.jp/sounds/se/mp3-zip/SNES-Shooter02-mp3.zip,SNES-Shooter02-mp3.zip,otologic_sounds_smart/Game Action/NES　アクション01/NES　アクション01-07(当てる).mp3,11007,otologic_sounds_smart/Game Action/NES　アクション01/metadata.json
NES　アクション01-09(アイテム).mp3,NES　アクション01-09(アイテム).mp3,NES　アクション01,,,Game Action,https://otologic.jp/free/se/game-action01.html,https://otologic.jp/sounds/se/mp3-zip/SNES-Shooter02-mp3.zip,SNES-Shooter02-mp3.zip,otologic_sounds_smart/Game Action/NES　アクション01/NES　アクション01-09(アイテム).mp3,14242,otologic_sounds_smart/Game Action/NES　アクション01/metadata.json
NES　アクション01-10(アイテム).mp3,NES　アクション01-10(アイテム).mp3,NES　アクション01,,,Game Action,https://otologic.jp/free/se/game-action01.html,https://otologic.jp/sounds/se/mp3-zip/SNES-Shooter02-mp3.zip,SNES-Shooter02-mp3.zip,otologic_sounds_smart/Game Action/NES　アクション01/NES　アクション01-10(アイテム).mp3,13407,otologic_sounds_smart/Game Action/NES　アクション01/metadata.json
NES　アクション01-05(ブロック).mp3,NES　アクション01-05(ブロック).mp3,NES　アクション01,,,Game Action,https://otologic.jp/free/se/game-action01.html,https://otologic.jp/sounds/se/mp3-zip/SNES-Shooter02-mp3.zip,SNES-Shooter02-mp3.zip,otologic_sounds_smart/Game Action/NES　アクション01/NES　アクション01-05(ブロック).mp3,11634,otologic_sounds_smart/Game Action/NES　アクション01/metadata.json
NES　アクション01-03(踏む).mp3,NES　アクション01-03(踏む).mp3,NES　アクション01,,,Game Action,https://otologic.jp/free/se/game-action01.html,https://otologic.jp/sounds/se/mp3-zip/SNES-Shooter02-mp3.zip,SNES-Shooter02-mp3.zip,otologic_sounds_smart/Game Action/NES　アクション01/NES　アクション01-03(踏む).mp3,12260,otologic_sounds_smart/Game Action/NES　アクション01/metadata.json
NES　アクション01-08(アイテム).mp3,NES　アクション01-08(アイテム).mp3,NES　アクション01,,,Game Action,https://otologic.jp/free/se/game-action01.html,https://otologic.jp/sounds/se/mp3-zip/SNES-Shooter02-mp3.zip,SNES-Shooter02-mp3.zip,otologic_sounds_smart/Game Action/NES　アクション01/NES　アクション01-08(アイテム).mp3,11947,otologic_sounds_smart/Game Action/NES　アクション01/metadata.json
NES　アクション01-11(アイテム).mp3,NES　アクション01-11(アイテム).mp3,NES　アクション01,,,Game Action,https://otologic.jp/free/se/game-action01.html,https://otologic.jp/sounds/se/mp3-zip/SNES-Shooter02-mp3.zip,SNES-Shooter02-mp3.zip,otologic_sounds_smart/Game Action/NES　アクション01/NES　アクション01-11(アイテム).mp3,13199,otologic_sounds_smart/Game Action/NES　アクション01/metadata.json
GB　レース01-01(通過).mp3,GB　レース01-01(通過).mp3,SNES　レース01,,,Game Racing,https://otologic.jp/free/se/game-racing01.html,https://otologic.jp/sounds/se/mp3-zip/SNES-Shooter02-mp3.zip,SNES-Shooter02-mp3.zip,otologic_sounds_smart/Game Racing/SNES　レース01/GB　レース01-01(通過).mp3,35937,otologic_sounds_smart/Game Racing/SNES　レース01/metadata.json
SNES　レース01-10(衝突).mp3,SNES　レース01-10(衝突).mp3,SNES　レース01,,,Game Racing,https://otologic.jp/free/se/game-racing01.html,https://otologic.jp/sounds/se/mp3-zip/SNES-Shooter02-mp3.zip,SNES-Shooter02-mp3.zip,otologic_sounds_smart/Game Racing/SNES　レース01/SNES　レース01-10(衝突).mp3,15076,otologic_sounds_smart/Game Racing/SNES　レース01/metadata.json
SNES　レース01-09(砂).mp3,SNES　レース01-09(砂).mp3,SNES　レース01,,,Game Racing,https://otologic.jp/free/se/game-racing01.html,https://otologic.jp/sounds/se/mp3-zip/SNES-Shooter02-mp3.zip,SNES-Shooter02-mp3.zip,otologic_sounds_smart/Game Racing/SNES　レース01/SNES　レース01-09(砂).mp3,26657,otologic_sounds_smart/Game Racing/SNES　レース01/metadata.json
SNES　レース01-14(スコア).mp3,SNES　レース01-14(スコア).mp3,SNES　レース01,,,Game Racing,https://otologic.jp/free/se/game-racing01.html,https://otologic.jp/sounds/se/mp3-zip/SNES-Shooter02-mp3.zip,SNES-Shooter02-mp3.zip,otologic_sounds_smart/Game Racing/SNES　レース01/SNES　レース01-14(スコア).mp3,13511,otologic_sounds_smart/Game Racing/SNES　レース01/metadata.json
SNES　レース01-12(選択).mp3,SNES　レース01-12(選択).mp3,SNES　レース01,,,Game Racing,https://otologic.jp/free/se/game-racing01.html,https://otologic.jp/sounds/se/mp3-zip/SNES-Shooter02-mp3.zip,SNES-Shooter02-mp3.zip,otologic_sounds_smart/Game Racing/SNES　レース01/SNES　レース01-12(選択).mp3,13407,otologic_sounds_smart/Game Racing/SNES　レース01/metadata.json
SNES　レース01-13(選択).mp3,SNES　レース01-13(選択).mp3,SNES　レース01,,,Game Racing,https://otologic.jp/free/se/game-racing01.html,https://otologic.jp/sounds/se/mp3-zip/SNES-Shooter02-mp3.zip,SNES-Shooter02-mp3.zip,otologic_sounds_smart/Game Racing/SNES　レース01/SNES　レース01-13(選択).mp3,16328,otologic_sounds_smart/Game Racing/SNES　レース01/metadata.json
SNES　レース01-07(タイヤ　スキール).mp3,SNES　レース01-07(タイヤ　スキール).mp3,SNES　レース01,,,Game Racing,https://otologic.jp/free/se/game-racing01.html,https://otologic.jp/sounds/se/mp3-zip/SNES-Shooter02-mp3.zip,SNES-Shooter02-mp3.zip,otologic_sounds_smart/Game Racing/SNES　レース01/SNES　レース01-07(タイヤ　スキール).mp3,18832,otologic_sounds_smart/Game Racing/SNES　レース01/metadata.json
SNES　レース01-11(カウントダウン).mp3,SNES　レース01-11(カウントダウン).mp3,SNES　レース01,,,Game Racing,https://otologic.jp/free/se/game-racing01.html,https://otologic.jp/sounds/se/mp3-zip/SNES-Shooter02-mp3.zip,SNES-Shooter02-mp3.zip,otologic_sounds_smart/Game Racing/SNES　レース01/SNES　レース01-11(カウントダウン).mp3,25193,otologic_sounds_smart/Game Racing/SNES　レース01/metadata.json
GB　レース01-プレビュー.mp3,GB　レース01-プレビュー.mp3,SNES　レース01,,,Game Racing,https://otologic.jp/free/se/game-racing01.html,https://otologic.jp/sounds/se/mp3-zip/SNES-Shooter02-mp3.zip,SNES-Shooter02-mp3.zip,otologic_sounds_smart/Game Racing/SNES　レース01/GB　レース01-プレビュー.mp3,227612,otologic_sounds_smart/Game Racing/SNES　レース01/metadata.json
SNES　レース01-08(砂).mp3,SNES　レース01-08(砂).mp3,SNES　レース01,,,Game Racing,https://otologic.jp/free/se/game-racing01.html,https://otologic.jp/sounds/se/mp3-zip/SNES-Shooter02-mp3.zip,SNES-Shooter02-mp3.zip,otologic_sounds_smart/Game Racing/SNES　レース01/SNES　レース01-08(砂).mp3,13720,otologic_sounds_smart/Game Racing/SNES　レース01/metadata.json
SNES　レース01-03(通過).mp3,SNES　レース01-03(通過).mp3,SNES　レース02,,,Game Racing,https://otologic.jp/free/se/game-racing01.html,https://otologic.jp/sounds/se/mp3-zip/SNES-Shooter02-mp3.zip,SNES-Shooter02-mp3.zip,otologic_sounds_smart/Game Racing/SNES　レース02/SNES　レース01-03(通過).mp3,27700,otologic_sounds_smart/Game Racing/SNES　レース02/metadata.json
SNES　レース01-02(エンジン　ループ).mp3,SNES　レース01-02(エンジン　ループ).mp3,SNES　レース02,,,Game Racing,https://otologic.jp/free/se/game-racing01.html,https://otologic.jp/sounds/se/mp3-zip/SNES-Shooter02-mp3.zip,SNES-Shooter02-mp3.zip,otologic_sounds_smart/Game Racing/SNES　レース02/SNES　レース01-02(エンジン　ループ).mp3,10919,otologic_sounds_smart/Game Racing/SNES　レース02/metadata.json
SNES　レース01-05(タイヤ　スキール).mp3,SNES　レース01-05(タイヤ　スキール).mp3,SNES　レース02,,,Game Racing,https://otologic.jp/free/se/game-racing01.html,https://otologic.jp/sounds/se/mp3-zip/SNES-Shooter02-mp3.zip,SNES-Shooter02-mp3.zip,otologic_sounds_smart/Game Racing/SNES　レース02/SNES　レース01-05(タイヤ　スキール).mp3,11007,otologic_sounds_smart/Game Racing/SNES　レース02/metadata.json
SNES　レース01-01(エンジン).mp3,SNES　レース01-01(エンジン).mp3,SNES　レース02,,,Game Racing,https://otologic.jp/free/se/game-racing01.html,https://otologic.jp/sounds/se/mp3-zip/SNES-Shooter02-mp3.zip,SNES-Shooter02-mp3.zip,otologic_sounds_smart/Game Racing/SNES　レース02/SNES　レース01-01(エンジン).mp3,407692,otologic_sounds_smart/Game Racing/SNES　レース02/metadata.json
SNES　レース01-06(タイヤ　スキール).mp3,SNES　レース01-06(タイヤ　スキール).mp3,SNES　レース02,,,Game Racing,https://otologic.jp/free/se/game-racing01.html,https://otologic.jp/sounds/se/mp3-zip/SNES-Shooter02-mp3.zip,SNES-Shooter02-mp3.zip,otologic_sounds_smart/Game Racing/SNES　レース02/SNES　レース01-06(タイヤ　スキール).mp3,12468,otologic_sounds_smart/Game Racing/SNES　レース02/metadata.json
SNES　レース01-プレビュー.mp3,SNES　レース01-プレビュー.mp3,SNES　レース02,,,Game Racing,https://otologic.jp/free/se/game-racing01.html,https://otologic.jp/sounds/se/mp3-zip/SNES-Shooter02-mp3.zip,SNES-Shooter02-mp3.zip,otologic_sounds_smart/Game Racing/SNES　レース02/SNES　レース01-プレビュー.mp3,288602,otologic_sounds_smart/Game Racing/SNES　レース02/metadata.json
SNES　レース01-04(スターティンググリッド).mp3,SNES　レース01-04(スターティンググリッド).mp3,SNES　レース02,,,Game Racing,https://otologic.jp/free/se/game-racing01.html,https://otologic.jp/sounds/se/mp3-zip/SNES-Shooter02-mp3.zip,SNES-Shooter02-mp3.zip,otologic_sounds_smart/Game Racing/SNES　レース02/SNES　レース01-04(スターティンググリッド).mp3,168126,otologic_sounds_smart/Game Racing/SNES　レース02/metadata.json
SNES　レース02-12(アイテム).mp3,SNES　レース02-12(アイテム).mp3,SNES　レース02,,,Game Racing,https://otologic.jp/free/se/game-racing01.html,https://otologic.jp/sounds/se/mp3-zip/SNES-Shooter02-mp3.zip,SNES-Shooter02-mp3.zip,otologic_sounds_smart/Game Racing/SNES　レース02/SNES　レース02-12(アイテム).mp3,16432,otologic_sounds_smart/Game Racing/SNES　レース02/metadata.json
SNES　レース02-10(選択).mp3,SNES　レース02-10(選択).mp3,SNES　レース02,,,Game Racing,https://otologic.jp/free/se/game-racing01.html,https://otologic.jp/sounds/se/mp3-zip/SNES-Shooter02-mp3.zip,SNES-Shooter02-mp3.zip,otologic_sounds_smart/Game Racing/SNES　レース02/SNES　レース02-10(選択).mp3,11111,otologic_sounds_smart/Game Racing/SNES　レース02/metadata.json
SNES　レース02-11(選択).mp3,SNES　レース02-11(選択).mp3,SNES　レース02,,,Game Racing,https://otologic.jp/free/se/game-racing01.html,https://otologic.jp/sounds/se/mp3-zip/SNES-Shooter02-mp3.zip,SNES-Shooter02-mp3.zip,otologic_sounds_smart/Game Racing/SNES　レース02/SNES　レース02-11(選択).mp3,15493,otologic_sounds_smart/Game Racing/SNES　レース02/metadata.json
NES　レース01-5(タイヤ　スキール).mp3,NES　レース01-5(タイヤ　スキール).mp3,NES　レース01,,,Game Racing,https://otologic.jp/free/se/game-racing01.html,https://otologic.jp/sounds/se/mp3-zip/SNES-Shooter02-mp3.zip,SNES-Shooter02-mp3.zip,otologic_sounds_smart/Game Racing/NES　レース01/NES　レース01-5(タイヤ　スキール).mp3,31455,otologic_sounds_smart/Game Racing/NES　レース01/metadata.json
NES　レース01-7(選択).mp3,NES　レース01-7(選択).mp3,NES　レース01,,,Game Racing,https://otologic.jp/free/se/game-racing01.html,https://otologic.jp/sounds/se/mp3-zip/SNES-Shooter02-mp3.zip,SNES-Shooter02-mp3.zip,otologic_sounds_smart/Game Racing/NES　レース01/NES　レース01-7(選択).mp3,11842,otologic_sounds_smart/Game Racing/NES　レース01/metadata.json
NES　レース01-プレビュー.mp3,NES　レース01-プレビュー.mp3,NES　レース01,,,Game Racing,https://otologic.jp/free/se/game-racing01.html,https://otologic.jp/sounds/se/mp3-zip/SNES-Shooter02-mp3.zip,SNES-Shooter02-mp3.zip,otologic_sounds_smart/Game Racing/NES　レース01/NES　レース01-プレビュー.mp3,160282,otologic_sounds_smart/Game Racing/NES　レース01/metadata.json
NES　レース01-6(カウントダウン).mp3,NES　レース01-6(カウントダウン).mp3,NES　レース01,,,Game Racing,https://otologic.jp/free/se/game-racing01.html,https://otologic.jp/sounds/se/mp3-zip/SNES-Shooter02-mp3.zip,SNES-Shooter02-mp3.zip,otologic_sounds_smart/Game Racing/NES　レース01/NES　レース01-6(カウントダウン).mp3,21125,otologic_sounds_smart/Game Racing/NES　レース01/metadata.json
NES　レース01-3(タイヤ　スキール).mp3,NES　レース01-3(タイヤ　スキール).mp3,NES　レース01,,,Game Racing,https://otologic.jp/free/se/game-racing01.html,https://otologic.jp/sounds/se/mp3-zip/SNES-Shooter02-mp3.zip,SNES-Shooter02-mp3.zip,otologic_sounds_smart/Game Racing/NES　レース01/NES　レース01-3(タイヤ　スキール).mp3,12886,otologic_sounds_smart/Game Racing/NES　レース01/metadata.json
NES　レース01-1(エンジン).mp3,NES　レース01-1(エンジン).mp3,NES　レース01,,,Game Racing,https://otologic.jp/free/se/game-racing01.html,https://otologic.jp/sounds/se/mp3-zip/SNES-Shooter02-mp3.zip,SNES-Shooter02-mp3.zip,otologic_sounds_smart/Game Racing/NES　レース01/NES　レース01-1(エンジン).mp3,323458,otologic_sounds_smart/Game Racing/NES　レース01/metadata.json
NES　レース01-2(エンジン　ループ).mp3,NES　レース01-2(エンジン　ループ).mp3,NES　レース01,,,Game Racing,https://otologic.jp/free/se/game-racing01.html,https://otologic.jp/sounds/se/mp3-zip/SNES-Shooter02-mp3.zip,SNES-Shooter02-mp3.zip,otologic_sounds_smart/Game Racing/NES　レース01/NES　レース01-2(エンジン　ループ).mp3,39692,otologic_sounds_smart/Game Racing/NES　レース01/metadata.json
NES　レース01-4(タイヤ　スキール).mp3,NES　レース01-4(タイヤ　スキール).mp3,NES　レース01,,,Game Racing,https://otologic.jp/free/se/game-racing01.html,https://otologic.jp/sounds/se/mp3-zip/SNES-Shooter02-mp3.zip,SNES-Shooter02-mp3.zip,otologic_sounds_smart/Game Racing/NES　レース01/NES　レース01-4(タイヤ　スキール).mp3,17893,otologic_sounds_smart/Game Racing/NES　レース01/metadata.json
NES　レース01-8(選択).mp3,NES　レース01-8(選択).mp3,NES　レース01,,,Game Racing,https://otologic.jp/free/se/game-racing01.html,https://otologic.jp/sounds/se/mp3-zip/SNES-Shooter02-mp3.zip,SNES-Shooter02-mp3.zip,otologic_sounds_smart/Game Racing/NES　レース01/NES　レース01-8(選択).mp3,13720,otologic_sounds_smart/Game Racing/NES　レース01/metadata.json
SNES　シューティング01-12(選択).mp3,SNES　シューティング01-12(選択).mp3,SNES　シューティング01,,,Game Shooter,https://otologic.jp/free/se/game-shooter01.html,https://otologic.jp/sounds/se/mp3-zip/SNES-Shooter02-mp3.zip,SNES-Shooter02-mp3.zip,otologic_sounds_smart/Game Shooter/SNES　シューティング01/SNES　シューティング01-12(選択).mp3,11320,otologic_sounds_smart/Game Shooter/SNES　シューティング01/metadata.json
SNES　シューティング01-07(ダメージ).mp3,SNES　シューティング01-07(ダメージ).mp3,SNES　シューティング01,,,Game Shooter,https://otologic.jp/free/se/game-shooter01.html,https://otologic.jp/sounds/se/mp3-zip/SNES-Shooter02-mp3.zip,SNES-Shooter02-mp3.zip,otologic_sounds_smart/Game Shooter/SNES　シューティング01/SNES　シューティング01-07(ダメージ).mp3,32288,otologic_sounds_smart/Game Shooter/SNES　シューティング01/metadata.json
SNES　シューティング01-13(選択).mp3,SNES　シューティング01-13(選択).mp3,SNES　シューティング01,,,Game Shooter,https://otologic.jp/free/se/game-shooter01.html,https://otologic.jp/sounds/se/mp3-zip/SNES-Shooter02-mp3.zip,SNES-Shooter02-mp3.zip,otologic_sounds_smart/Game Shooter/SNES　シューティング01/SNES　シューティング01-13(選択).mp3,14137,otologic_sounds_smart/Game Shooter/SNES　シューティング01/metadata.json
SNES　シューティング01-11(アイテム).mp3,SNES　シューティング01-11(アイテム).mp3,SNES　シューティング01,,,Game Shooter,https://otologic.jp/free/se/game-shooter01.html,https://otologic.jp/sounds/se/mp3-zip/SNES-Shooter02-mp3.zip,SNES-Shooter02-mp3.zip,otologic_sounds_smart/Game Shooter/SNES　シューティング01/SNES　シューティング01-11(アイテム).mp3,11633,otologic_sounds_smart/Game Shooter/SNES　シューティング01/metadata.json
GB　シューティング01-プレビュー.mp3,GB　シューティング01-プレビュー.mp3,SNES　シューティング01,,,Game Shooter,https://otologic.jp/free/se/game-shooter01.html,https://otologic.jp/sounds/se/mp3-zip/SNES-Shooter02-mp3.zip,SNES-Shooter02-mp3.zip,otologic_sounds_smart/Game Shooter/SNES　シューティング01/GB　シューティング01-プレビュー.mp3,157467,otologic_sounds_smart/Game Shooter/SNES　シューティング01/metadata.json
SNES　シューティング01-08(アイテム).mp3,SNES　シューティング01-08(アイテム).mp3,SNES　シューティング01,,,Game Shooter,https://otologic.jp/free/se/game-shooter01.html,https://otologic.jp/sounds/se/mp3-zip/SNES-Shooter02-mp3.zip,SNES-Shooter02-mp3.zip,otologic_sounds_smart/Game Shooter/SNES　シューティング01/SNES　シューティング01-08(アイテム).mp3,21545,otologic_sounds_smart/Game Shooter/SNES　シューティング01/metadata.json
SNES　シューティング01-05(ダメージ).mp3,SNES　シューティング01-05(ダメージ).mp3,SNES　シューティング01,,,Game Shooter,https://otologic.jp/free/se/game-shooter01.html,https://otologic.jp/sounds/se/mp3-zip/SNES-Shooter02-mp3.zip,SNES-Shooter02-mp3.zip,otologic_sounds_smart/Game Shooter/SNES　シューティング01/SNES　シューティング01-05(ダメージ).mp3,14032,otologic_sounds_smart/Game Shooter/SNES　シューティング01/metadata.json
SNES　シューティング01-10(アイテム).mp3,SNES　シューティング01-10(アイテム).mp3,SNES　シューティング01,,,Game Shooter,https://otologic.jp/free/se/game-shooter01.html,https://otologic.jp/sounds/se/mp3-zip/SNES-Shooter02-mp3.zip,SNES-Shooter02-mp3.zip,otologic_sounds_smart/Game Shooter/SNES　シューティング01/SNES　シューティング01-10(アイテム).mp3,13824,otologic_sounds_smart/Game Shooter/SNES　シューティング01/metadata.json
SNES　シューティング01-09(アイテム).mp3,SNES　シューティング01-09(アイテム).mp3,SNES　シューティング01,,,Game Shooter,https://otologic.jp/free/se/game-shooter01.html,https://otologic.jp/sounds/se/mp3-zip/SNES-Shooter02-mp3.zip,SNES-Shooter02-mp3.zip,otologic_sounds_smart/Game Shooter/SNES　シューティング01/SNES　シューティング01-09(アイテム).mp3,18102,otologic_sounds_smart/Game Shooter/SNES　シューティング01/metadata.json
SNES　シューティング01-06(ダメージ).mp3,SNES　シューティング01-06(ダメージ).mp3,SNES　シューティング01,,,Game Shooter,https://otologic.jp/free/se/game-shooter01.html,https://otologic.jp/sounds/se/mp3-zip/SNES-Shooter02-mp3.zip,SNES-Shooter02-mp3.zip,otologic_sounds_smart/Game Shooter/SNES　シューティング01/SNES　シューティング01-06(ダメージ).mp3,21962,otologic_sounds_smart/Game Shooter/SNES　シューティング01/metadata.json
NES　シューティング01-5(ダメージ).mp3,NES　シューティング01-5(ダメージ).mp3,NES　シューティング01,,,Game Shooter,https://otologic.jp/free/se/game-shooter01.html,https://otologic.jp/sounds/se/mp3-zip/SNES-Shooter02-mp3.zip,SNES-Shooter02-mp3.zip,otologic_sounds_smart/Game Shooter/NES　シューティング01/NES　シューティング01-5(ダメージ).mp3,17059,otologic_sounds_smart/Game Shooter/NES　シューティング01/metadata.json
NES　シューティング01-6(スコア).mp3,NES　シューティング01-6(スコア).mp3,NES　シューティング01,,,Game Shooter,https://otologic.jp/free/se/game-shooter01.html,https://otologic.jp/sounds/se/mp3-zip/SNES-Shooter02-mp3.zip,SNES-Shooter02-mp3.zip,otologic_sounds_smart/Game Shooter/NES　シューティング01/NES　シューティング01-6(スコア).mp3,9763,otologic_sounds_smart/Game Shooter/NES　シューティング01/metadata.json
NES　シューティング01-7(スコア).mp3,NES　シューティング01-7(スコア).mp3,NES　シューティング01,,,Game Shooter,https://otologic.jp/free/se/game-shooter01.html,https://otologic.jp/sounds/se/mp3-zip/SNES-Shooter02-mp3.zip,SNES-Shooter02-mp3.zip,otologic_sounds_smart/Game Shooter/NES　シューティング01/NES　シューティング01-7(スコア).mp3,11216,otologic_sounds_smart/Game Shooter/NES　シューティング01/metadata.json
NES　シューティング01-1(発射).mp3,NES　シューティング01-1(発射).mp3,NES　シューティング01,,,Game Shooter,https://otologic.jp/free/se/game-shooter01.html,https://otologic.jp/sounds/se/mp3-zip/SNES-Shooter02-mp3.zip,SNES-Shooter02-mp3.zip,otologic_sounds_smart/Game Shooter/NES　シューティング01/NES　シューティング01-1(発射).mp3,13198,otologic_sounds_smart/Game Shooter/NES　シューティング01/metadata.json
NES　シューティング01-3(ダメージ).mp3,NES　シューティング01-3(ダメージ).mp3,NES　シューティング01,,,Game Shooter,https://otologic.jp/free/se/game-shooter01.html,https://otologic.jp/sounds/se/mp3-zip/SNES-Shooter02-mp3.zip,SNES-Shooter02-mp3.zip,otologic_sounds_smart/Game Shooter/NES　シューティング01/NES　シューティング01-3(ダメージ).mp3,13825,otologic_sounds_smart/Game Shooter/NES　シューティング01/metadata.json
NES　シューティング01-2(発射).mp3,NES　シューティング01-2(発射).mp3,NES　シューティング01,,,Game Shooter,https://otologic.jp/free/se/game-shooter01.html,https://otologic.jp/sounds/se/mp3-zip/SNES-Shooter02-mp3.zip,SNES-Shooter02-mp3.zip,otologic_sounds_smart/Game Shooter/NES　シューティング01/NES　シューティング01-2(発射).mp3,15181,otologic_sounds_smart/Game Shooter/NES　シューティング01/metadata.json
NES　シューティング01-プレビュー.mp3,NES　シューティング01-プレビュー.mp3,NES　シューティング01,,,Game Shooter,https://otologic.jp/free/se/game-shooter01.html,https://otologic.jp/sounds/se/mp3-zip/SNES-Shooter02-mp3.zip,SNES-Shooter02-mp3.zip,otologic_sounds_smart/Game Shooter/NES　シューティング01/NES　シューティング01-プレビュー.mp3,92834,otologic_sounds_smart/Game Shooter/NES　シューティング01/metadata.json
NES　シューティング01-4(ダメージ).mp3,NES　シューティング01-4(ダメージ).mp3,NES　シューティング01,,,Game Shooter,https://otologic.jp/free/se/game-shooter01.html,https://otologic.jp/sounds/se/mp3-zip/SNES-Shooter02-mp3.zip,SNES-Shooter02-mp3.zip,otologic_sounds_smart/Game Shooter/NES　シューティング01/NES　シューティング01-4(ダメージ).mp3,16224,otologic_sounds_smart/Game Shooter/NES　シューティング01/metadata.json
NES　シューティング01-8(スコア).mp3,NES　シューティング01-8(スコア).mp3,NES　シューティング01,,,Game Shooter,https://otologic.jp/free/se/game-shooter01.html,https://otologic.jp/sounds/se/mp3-zip/SNES-Shooter02-mp3.zip,SNES-Shooter02-mp3.zip,otologic_sounds_smart/Game Shooter/NES　シューティング01/NES　シューティング01-8(スコア).mp3,15807,otologic_sounds_smart/Game Shooter/NES　シューティング01/metadata.json
NES　シューティング01-9(スコア).mp3,NES　シューティング01-9(スコア).mp3,NES　シューティング01,,,Game Shooter,https://otologic.jp/free/se/game-shooter01.html,https://otologic.jp/sounds/se/mp3-zip/SNES-Shooter02-mp3.zip,SNES-Shooter02-mp3.zip,otologic_sounds_smart/Game Shooter/NES　シューティング01/NES　シューティング01-9(スコア).mp3,33331,otologic_sounds_smart/Game Shooter/NES　シューティング01/metadata.json
SNES　シューティング01-03(発射).mp3,SNES　シューティング01-03(発射).mp3,SNES　シューティング02,,,Game Shooter,https://otologic.jp/free/se/game-shooter01.html,https://otologic.jp/sounds/se/mp3-zip/SNES-Shooter02-mp3.zip,SNES-Shooter02-mp3.zip,otologic_sounds_smart/Game Shooter/SNES　シューティング02/SNES　シューティング01-03(発射).mp3,20397,otologic_sounds_smart/Game Shooter/SNES　シューティング02/metadata.json
SNES　シューティング02-14(選択).mp3,SNES　シューティング02-14(選択).mp3,SNES　シューティング02,,,Game Shooter,https://otologic.jp/free/se/game-shooter01.html,https://otologic.jp/sounds/se/mp3-zip/SNES-Shooter02-mp3.zip,SNES-Shooter02-mp3.zip,otologic_sounds_smart/Game Shooter/SNES　シューティング02/SNES　シューティング02-14(選択).mp3,15598,otologic_sounds_smart/Game Shooter/SNES　シューティング02/metadata.json
SNES　シューティング01-02(発射).mp3,SNES　シューティング01-02(発射).mp3,SNES　シューティング02,,,Game Shooter,https://otologic.jp/free/se/game-shooter01.html,https://otologic.jp/sounds/se/mp3-zip/SNES-Shooter02-mp3.zip,SNES-Shooter02-mp3.zip,otologic_sounds_smart/Game Shooter/SNES　シューティング02/SNES　シューティング01-02(発射).mp3,23840,otologic_sounds_smart/Game Shooter/SNES　シューティング02/metadata.json
SNES　シューティング02-12(ダメージ).mp3,SNES　シューティング02-12(ダメージ).mp3,SNES　シューティング02,,,Game Shooter,https://otologic.jp/free/se/game-shooter01.html,https://otologic.jp/sounds/se/mp3-zip/SNES-Shooter02-mp3.zip,SNES-Shooter02-mp3.zip,otologic_sounds_smart/Game Shooter/SNES　シューティング02/SNES　シューティング02-12(ダメージ).mp3,24988,otologic_sounds_smart/Game Shooter/SNES　シューティング02/metadata.json
SNES　シューティング02-15(選択).mp3,SNES　シューティング02-15(選択).mp3,SNES　シューティング02,,,Game Shooter,https://otologic.jp/free/se/game-shooter01.html,https://otologic.jp/sounds/se/mp3-zip/SNES-Shooter02-mp3.zip,SNES-Shooter02-mp3.zip,otologic_sounds_smart/Game Shooter/SNES　シューティング02/SNES　シューティング02-15(選択).mp3,20919,otologic_sounds_smart/Game Shooter/SNES　シューティング02/metadata.json
SNES　シューティング02-16(スコア).mp3,SNES　シューティング02-16(スコア).mp3,SNES　シューティング02,,,Game Shooter,https://otologic.jp/free/se/game-shooter01.html,https://otologic.jp/sounds/se/mp3-zip/SNES-Shooter02-mp3.zip,SNES-Shooter02-mp3.zip,otologic_sounds_smart/Game Shooter/SNES　シューティング02/SNES　シューティング02-16(スコア).mp3,31559,otologic_sounds_smart/Game Shooter/SNES　シューティング02/metadata.json
SNES　シューティング02-11(ダメージ).mp3,SNES　シューティング02-11(ダメージ).mp3,SNES　シューティング02,,,Game Shooter,https://otologic.jp/free/se/game-shooter01.html,https://otologic.jp/sounds/se/mp3-zip/SNES-Shooter02-mp3.zip,SNES-Shooter02-mp3.zip,otologic_sounds_smart/Game Shooter/SNES　シューティング02/SNES　シューティング02-11(ダメージ).mp3,38127,otologic_sounds_smart/Game Shooter/SNES　シューティング02/metadata.json
SNES　シューティング01-プレビュー.mp3,SNES　シューティング01-プレビュー.mp3,SNES　シューティング02,,,Game Shooter,https://otologic.jp/free/se/game-shooter01.html,https://otologic.jp/sounds/se/mp3-zip/SNES-Shooter02-mp3.zip,SNES-Shooter02-mp3.zip,otologic_sounds_smart/Game Shooter/SNES　シューティング02/SNES　シューティング01-プレビュー.mp3,156938,otologic_sounds_smart/Game Shooter/SNES　シューティング02/metadata.json
SNES　シューティング01-01(発射).mp3,SNES　シューティング01-01(発射).mp3,SNES　シューティング02,,,Game Shooter,https://otologic.jp/free/se/game-shooter01.html,https://otologic.jp/sounds/se/mp3-zip/SNES-Shooter02-mp3.zip,SNES-Shooter02-mp3.zip,otologic_sounds_smart/Game Shooter/SNES　シューティング02/SNES　シューティング01-01(発射).mp3,12885,otologic_sounds_smart/Game Shooter/SNES　シューティング02/metadata.json
SNES　シューティング02-13(選択).mp3,SNES　シューティング02-13(選択).mp3,SNES　シューティング02,,,Game Shooter,https://otologic.jp/free/se/game-shooter01.html,https://otologic.jp/sounds/se/mp3-zip/SNES-Shooter02-mp3.zip,SNES-Shooter02-mp3.zip,otologic_sounds_smart/Game Shooter/SNES　シューティング02/SNES　シューティング02-13(選択).mp3,14450,otologic_sounds_smart/Game Shooter/SNES　シューティング02/metadata.json
SNES　シューティング01-04(発射).mp3,SNES　シューティング01-04(発射).mp3,SNES　シューティング02,,,Game Shooter,https://otologic.jp/free/se/game-shooter01.html,https://otologic.jp/sounds/se/mp3-zip/SNES-Shooter02-mp3.zip,SNES-Shooter02-mp3.zip,otologic_sounds_smart/Game Shooter/SNES　シューティング02/SNES　シューティング01-04(発射).mp3,17058,otologic_sounds_smart/Game Shooter/SNES　シューティング02/metadata.json
SNES　ゴルフ01-02(ショット).mp3,SNES　ゴルフ01-02(ショット).mp3,SNES　ゴルフ01,,,Game Sports,https://otologic.jp/free/se/game-sports01.html,https://otologic.jp/sounds/se/mp3-zip/SNES-Shooter02-mp3.zip,SNES-Shooter02-mp3.zip,otologic_sounds_smart/Game Sports/SNES　ゴルフ01/SNES　ゴルフ01-02(ショット).mp3,12572,otologic_sounds_smart/Game Sports/SNES　ゴルフ01/metadata.json
SNES　ゴルフ01-07(ボール　木).mp3,SNES　ゴルフ01-07(ボール　木).mp3,SNES　ゴルフ01,,,Game Sports,https://otologic.jp/free/se/game-sports01.html,https://otologic.jp/sounds/se/mp3-zip/SNES-Shooter02-mp3.zip,SNES-Shooter02-mp3.zip,otologic_sounds_smart/Game Sports/SNES　ゴルフ01/SNES　ゴルフ01-07(ボール　木).mp3,12155,otologic_sounds_smart/Game Sports/SNES　ゴルフ01/metadata.json
SNES　ゴルフ01-06(ボール　跳ねる).mp3,SNES　ゴルフ01-06(ボール　跳ねる).mp3,SNES　ゴルフ01,,,Game Sports,https://otologic.jp/free/se/game-sports01.html,https://otologic.jp/sounds/se/mp3-zip/SNES-Shooter02-mp3.zip,SNES-Shooter02-mp3.zip,otologic_sounds_smart/Game Sports/SNES　ゴルフ01/SNES　ゴルフ01-06(ボール　跳ねる).mp3,10590,otologic_sounds_smart/Game Sports/SNES　ゴルフ01/metadata.json
SNES　ゴルフ01-08(ボール　水).mp3,SNES　ゴルフ01-08(ボール　水).mp3,SNES　ゴルフ01,,,Game Sports,https://otologic.jp/free/se/game-sports01.html,https://otologic.jp/sounds/se/mp3-zip/SNES-Shooter02-mp3.zip,SNES-Shooter02-mp3.zip,otologic_sounds_smart/Game Sports/SNES　ゴルフ01/SNES　ゴルフ01-08(ボール　水).mp3,12468,otologic_sounds_smart/Game Sports/SNES　ゴルフ01/metadata.json
SNES　ゴルフ01-11(選択).mp3,SNES　ゴルフ01-11(選択).mp3,SNES　ゴルフ01,,,Game Sports,https://otologic.jp/free/se/game-sports01.html,https://otologic.jp/sounds/se/mp3-zip/SNES-Shooter02-mp3.zip,SNES-Shooter02-mp3.zip,otologic_sounds_smart/Game Sports/SNES　ゴルフ01/SNES　ゴルフ01-11(選択).mp3,12155,otologic_sounds_smart/Game Sports/SNES　ゴルフ01/metadata.json
SNES　ゴルフ01-09(歓声).mp3,SNES　ゴルフ01-09(歓声).mp3,SNES　ゴルフ01,,,Game Sports,https://otologic.jp/free/se/game-sports01.html,https://otologic.jp/sounds/se/mp3-zip/SNES-Shooter02-mp3.zip,SNES-Shooter02-mp3.zip,otologic_sounds_smart/Game Sports/SNES　ゴルフ01/SNES　ゴルフ01-09(歓声).mp3,58976,otologic_sounds_smart/Game Sports/SNES　ゴルフ01/metadata.json
SNES　ゴルフ01-03(スイング).mp3,SNES　ゴルフ01-03(スイング).mp3,SNES　ゴルフ01,,,Game Sports,https://otologic.jp/free/se/game-sports01.html,https://otologic.jp/sounds/se/mp3-zip/SNES-Shooter02-mp3.zip,SNES-Shooter02-mp3.zip,otologic_sounds_smart/Game Sports/SNES　ゴルフ01/SNES　ゴルフ01-03(スイング).mp3,13094,otologic_sounds_smart/Game Sports/SNES　ゴルフ01/metadata.json
SNES　ゴルフ01-04(パター).mp3,SNES　ゴルフ01-04(パター).mp3,SNES　ゴルフ01,,,Game Sports,https://otologic.jp/free/se/game-sports01.html,https://otologic.jp/sounds/se/mp3-zip/SNES-Shooter02-mp3.zip,SNES-Shooter02-mp3.zip,otologic_sounds_smart/Game Sports/SNES　ゴルフ01/SNES　ゴルフ01-04(パター).mp3,11320,otologic_sounds_smart/Game Sports/SNES　ゴルフ01/metadata.json
SNES　ゴルフ01-10(選択).mp3,SNES　ゴルフ01-10(選択).mp3,SNES　ゴルフ01,,,Game Sports,https://otologic.jp/free/se/game-sports01.html,https://otologic.jp/sounds/se/mp3-zip/SNES-Shooter02-mp3.zip,SNES-Shooter02-mp3.zip,otologic_sounds_smart/Game Sports/SNES　ゴルフ01/SNES　ゴルフ01-10(選択).mp3,11842,otologic_sounds_smart/Game Sports/SNES　ゴルフ01/metadata.json
SNES　ゴルフ01-05(カップイン).mp3,SNES　ゴルフ01-05(カップイン).mp3,SNES　ゴルフ01,,,Game Sports,https://otologic.jp/free/se/game-sports01.html,https://otologic.jp/sounds/se/mp3-zip/SNES-Shooter02-mp3.zip,SNES-Shooter02-mp3.zip,otologic_sounds_smart/Game Sports/SNES　ゴルフ01/SNES　ゴルフ01-05(カップイン).mp3,14346,otologic_sounds_smart/Game Sports/SNES　ゴルフ01/metadata.json
SNES　サッカー01-04(ショルダーチャージ).mp3,SNES　サッカー01-04(ショルダーチャージ).mp3,SNES　野球01,,,Game Sports,https://otologic.jp/free/se/game-sports01.html,https://otologic.jp/sounds/se/mp3-zip/SNES-Shooter02-mp3.zip,SNES-Shooter02-mp3.zip,otologic_sounds_smart/Game Sports/SNES　野球01/SNES　サッカー01-04(ショルダーチャージ).mp3,13407,otologic_sounds_smart/Game Sports/SNES　野球01/metadata.json
SNES　サッカー01-01(シュート).mp3,SNES　サッカー01-01(シュート).mp3,SNES　野球01,,,Game Sports,https://otologic.jp/free/se/game-sports01.html,https://otologic.jp/sounds/se/mp3-zip/SNES-Shooter02-mp3.zip,SNES-Shooter02-mp3.zip,otologic_sounds_smart/Game Sports/SNES　野球01/SNES　サッカー01-01(シュート).mp3,12989,otologic_sounds_smart/Game Sports/SNES　野球01/metadata.json
SNES　野球01-10(歓声).mp3,SNES　野球01-10(歓声).mp3,SNES　野球01,,,Game Sports,https://otologic.jp/free/se/game-sports01.html,https://otologic.jp/sounds/se/mp3-zip/SNES-Shooter02-mp3.zip,SNES-Shooter02-mp3.zip,otologic_sounds_smart/Game Sports/SNES　野球01/SNES　野球01-10(歓声).mp3,29892,otologic_sounds_smart/Game Sports/SNES　野球01/metadata.json
SNES　サッカー01-06(ホイッスル).mp3,SNES　サッカー01-06(ホイッスル).mp3,SNES　野球01,,,Game Sports,https://otologic.jp/free/se/game-sports01.html,https://otologic.jp/sounds/se/mp3-zip/SNES-Shooter02-mp3.zip,SNES-Shooter02-mp3.zip,otologic_sounds_smart/Game Sports/SNES　野球01/SNES　サッカー01-06(ホイッスル).mp3,15493,otologic_sounds_smart/Game Sports/SNES　野球01/metadata.json
SNES　野球01-11(選択).mp3,SNES　野球01-11(選択).mp3,SNES　野球01,,,Game Sports,https://otologic.jp/free/se/game-sports01.html,https://otologic.jp/sounds/se/mp3-zip/SNES-Shooter02-mp3.zip,SNES-Shooter02-mp3.zip,otologic_sounds_smart/Game Sports/SNES　野球01/SNES　野球01-11(選択).mp3,11842,otologic_sounds_smart/Game Sports/SNES　野球01/metadata.json
SNES　サッカー01-プレビュー.mp3,SNES　サッカー01-プレビュー.mp3,SNES　野球01,,,Game Sports,https://otologic.jp/free/se/game-sports01.html,https://otologic.jp/sounds/se/mp3-zip/SNES-Shooter02-mp3.zip,SNES-Shooter02-mp3.zip,otologic_sounds_smart/Game Sports/SNES　野球01/SNES　サッカー01-プレビュー.mp3,247223,otologic_sounds_smart/Game Sports/SNES　野球01/metadata.json
SNES　野球01-12(選択).mp3,SNES　野球01-12(選択).mp3,SNES　野球01,,,Game Sports,https://otologic.jp/free/se/game-sports01.html,https://otologic.jp/sounds/se/mp3-zip/SNES-Shooter02-mp3.zip,SNES-Shooter02-mp3.zip,otologic_sounds_smart/Game Sports/SNES　野球01/SNES　野球01-12(選択).mp3,14450,otologic_sounds_smart/Game Sports/SNES　野球01/metadata.json
SNES　サッカー01-03(スライディング).mp3,SNES　サッカー01-03(スライディング).mp3,SNES　野球01,,,Game Sports,https://otologic.jp/free/se/game-sports01.html,https://otologic.jp/sounds/se/mp3-zip/SNES-Shooter02-mp3.zip,SNES-Shooter02-mp3.zip,otologic_sounds_smart/Game Sports/SNES　野球01/SNES　サッカー01-03(スライディング).mp3,15910,otologic_sounds_smart/Game Sports/SNES　野球01/metadata.json
SNES　サッカー01-05(ホイッスル).mp3,SNES　サッカー01-05(ホイッスル).mp3,SNES　野球01,,,Game Sports,https://otologic.jp/free/se/game-sports01.html,https://otologic.jp/sounds/se/mp3-zip/SNES-Shooter02-mp3.zip,SNES-Shooter02-mp3.zip,otologic_sounds_smart/Game Sports/SNES　野球01/SNES　サッカー01-05(ホイッスル).mp3,11112,otologic_sounds_smart/Game Sports/SNES　野球01/metadata.json
SNES　サッカー01-02(パス).mp3,SNES　サッカー01-02(パス).mp3,SNES　野球01,,,Game Sports,https://otologic.jp/free/se/game-sports01.html,https://otologic.jp/sounds/se/mp3-zip/SNES-Shooter02-mp3.zip,SNES-Shooter02-mp3.zip,otologic_sounds_smart/Game Sports/SNES　野球01/SNES　サッカー01-02(パス).mp3,11216,otologic_sounds_smart/Game Sports/SNES　野球01/metadata.json
SNES　ゴルフ01-01(ティーショット).mp3,SNES　ゴルフ01-01(ティーショット).mp3,SNES　サッカー01,,,Game Sports,https://otologic.jp/free/se/game-sports01.html,https://otologic.jp/sounds/se/mp3-zip/SNES-Shooter02-mp3.zip,SNES-Shooter02-mp3.zip,otologic_sounds_smart/Game Sports/SNES　サッカー01/SNES　ゴルフ01-01(ティーショット).mp3,12781,otologic_sounds_smart/Game Sports/SNES　サッカー01/metadata.json
SNES　サッカー01-12(選択).mp3,SNES　サッカー01-12(選択).mp3,SNES　サッカー01,,,Game Sports,https://otologic.jp/free/se/game-sports01.html,https://otologic.jp/sounds/se/mp3-zip/SNES-Shooter02-mp3.zip,SNES-Shooter02-mp3.zip,otologic_sounds_smart/Game Sports/SNES　サッカー01/SNES　サッカー01-12(選択).mp3,13511,otologic_sounds_smart/Game Sports/SNES　サッカー01/metadata.json
SNES　サッカー01-11(ゴール).mp3,SNES　サッカー01-11(ゴール).mp3,SNES　サッカー01,,,Game Sports,https://otologic.jp/free/se/game-sports01.html,https://otologic.jp/sounds/se/mp3-zip/SNES-Shooter02-mp3.zip,SNES-Shooter02-mp3.zip,otologic_sounds_smart/Game Sports/SNES　サッカー01/SNES　サッカー01-11(ゴール).mp3,37814,otologic_sounds_smart/Game Sports/SNES　サッカー01/metadata.json
SNES　サッカー01-13(選択).mp3,SNES　サッカー01-13(選択).mp3,SNES　サッカー01,,,Game Sports,https://otologic.jp/free/se/game-sports01.html,https://otologic.jp/sounds/se/mp3-zip/SNES-Shooter02-mp3.zip,SNES-Shooter02-mp3.zip,otologic_sounds_smart/Game Sports/SNES　サッカー01/SNES　サッカー01-13(選択).mp3,13720,otologic_sounds_smart/Game Sports/SNES　サッカー01/metadata.json
SNES　サッカー01-08(歓声).mp3,SNES　サッカー01-08(歓声).mp3,SNES　サッカー01,,,Game Sports,https://otologic.jp/free/se/game-sports01.html,https://otologic.jp/sounds/se/mp3-zip/SNES-Shooter02-mp3.zip,SNES-Shooter02-mp3.zip,otologic_sounds_smart/Game Sports/SNES　サッカー01/SNES　サッカー01-08(歓声).mp3,113396,otologic_sounds_smart/Game Sports/SNES　サッカー01/metadata.json
SNES　サッカー01-09(歓声　ループ).mp3,SNES　サッカー01-09(歓声　ループ).mp3,SNES　サッカー01,,,Game Sports,https://otologic.jp/free/se/game-sports01.html,https://otologic.jp/sounds/se/mp3-zip/SNES-Shooter02-mp3.zip,SNES-Shooter02-mp3.zip,otologic_sounds_smart/Game Sports/SNES　サッカー01/SNES　サッカー01-09(歓声　ループ).mp3,35001,otologic_sounds_smart/Game Sports/SNES　サッカー01/metadata.json
SNES　ゴルフ01-プレビュー.mp3,SNES　ゴルフ01-プレビュー.mp3,SNES　サッカー01,,,Game Sports,https://otologic.jp/free/se/game-sports01.html,https://otologic.jp/sounds/se/mp3-zip/SNES-Shooter02-mp3.zip,SNES-Shooter02-mp3.zip,otologic_sounds_smart/Game Sports/SNES　サッカー01/SNES　ゴルフ01-プレビュー.mp3,103672,otologic_sounds_smart/Game Sports/SNES　サッカー01/metadata.json
SNES　サッカー01-10(歓声).mp3,SNES　サッカー01-10(歓声).mp3,SNES　サッカー01,,,Game Sports,https://otologic.jp/free/se/game-sports01.html,https://otologic.jp/sounds/se/mp3-zip/SNES-Shooter02-mp3.zip,SNES-Shooter02-mp3.zip,otologic_sounds_smart/Game Sports/SNES　サッカー01/SNES　サッカー01-10(歓声).mp3,60854,otologic_sounds_smart/Game Sports/SNES　サッカー01/metadata.json
SNES　サッカー01-14(選択).mp3,SNES　サッカー01-14(選択).mp3,SNES　サッカー01,,,Game Sports,https://otologic.jp/free/se/game-sports01.html,https://otologic.jp/sounds/se/mp3-zip/SNES-Shooter02-mp3.zip,SNES-Shooter02-mp3.zip,otologic_sounds_smart/Game Sports/SNES　サッカー01/SNES　サッカー01-14(選択).mp3,14450,otologic_sounds_smart/Game Sports/SNES　サッカー01/metadata.json
SNES　サッカー01-07(ホイッスル).mp3,SNES　サッカー01-07(ホイッスル).mp3,SNES　サッカー01,,,Game Sports,https://otologic.jp/free/se/game-sports01.html,https://otologic.jp/sounds/se/mp3-zip/SNES-Shooter02-mp3.zip,SNES-Shooter02-mp3.zip,otologic_sounds_smart/Game Sports/SNES　サッカー01/SNES　サッカー01-07(ホイッスル).mp3,19458,otologic_sounds_smart/Game Sports/SNES　サッカー01/metadata.json
NES　格闘02-2(ヒット).mp3,NES　格闘02-2(ヒット).mp3,NES　格闘02,,,Game Fighting,https://otologic.jp/free/se/game-fighting01.html,https://otologic.jp/sounds/se/mp3-zip/SNES-Shooter02-mp3.zip,SNES-Shooter02-mp3.zip,otologic_sounds_smart/Game Fighting/NES　格闘02/NES　格闘02-2(ヒット).mp3,13511,otologic_sounds_smart/Game Fighting/NES　格闘02/metadata.json
GB　格闘01-13(選択).mp3,GB　格闘01-13(選択).mp3,NES　格闘02,,,Game Fighting,https://otologic.jp/free/se/game-fighting01.html,https://otologic.jp/sounds/se/mp3-zip/SNES-Shooter02-mp3.zip,SNES-Shooter02-mp3.zip,otologic_sounds_smart/Game Fighting/NES　格闘02/GB　格闘01-13(選択).mp3,27179,otologic_sounds_smart/Game Fighting/NES　格闘02/metadata.json
NES　格闘02-5(倒れる).mp3,NES　格闘02-5(倒れる).mp3,NES　格闘02,,,Game Fighting,https://otologic.jp/free/se/game-fighting01.html,https://otologic.jp/sounds/se/mp3-zip/SNES-Shooter02-mp3.zip,SNES-Shooter02-mp3.zip,otologic_sounds_smart/Game Fighting/NES　格闘02/NES　格闘02-5(倒れる).mp3,12363,otologic_sounds_smart/Game Fighting/NES　格闘02/metadata.json
GB　格闘01-12(選択).mp3,GB　格闘01-12(選択).mp3,NES　格闘02,,,Game Fighting,https://otologic.jp/free/se/game-fighting01.html,https://otologic.jp/sounds/se/mp3-zip/SNES-Shooter02-mp3.zip,SNES-Shooter02-mp3.zip,otologic_sounds_smart/Game Fighting/NES　格闘02/GB　格闘01-12(選択).mp3,12364,otologic_sounds_smart/Game Fighting/NES　格闘02/metadata.json
GB　格闘01-15(メッセージ).mp3,GB　格闘01-15(メッセージ).mp3,NES　格闘02,,,Game Fighting,https://otologic.jp/free/se/game-fighting01.html,https://otologic.jp/sounds/se/mp3-zip/SNES-Shooter02-mp3.zip,SNES-Shooter02-mp3.zip,otologic_sounds_smart/Game Fighting/NES　格闘02/GB　格闘01-15(メッセージ).mp3,25301,otologic_sounds_smart/Game Fighting/NES　格闘02/metadata.json
NES　格闘02-1(ヒット).mp3,NES　格闘02-1(ヒット).mp3,NES　格闘02,,,Game Fighting,https://otologic.jp/free/se/game-fighting01.html,https://otologic.jp/sounds/se/mp3-zip/SNES-Shooter02-mp3.zip,SNES-Shooter02-mp3.zip,otologic_sounds_smart/Game Fighting/NES　格闘02/NES　格闘02-1(ヒット).mp3,12989,otologic_sounds_smart/Game Fighting/NES　格闘02/metadata.json
NES　格闘02-4(スイング).mp3,NES　格闘02-4(スイング).mp3,NES　格闘02,,,Game Fighting,https://otologic.jp/free/se/game-fighting01.html,https://otologic.jp/sounds/se/mp3-zip/SNES-Shooter02-mp3.zip,SNES-Shooter02-mp3.zip,otologic_sounds_smart/Game Fighting/NES　格闘02/NES　格闘02-4(スイング).mp3,13198,otologic_sounds_smart/Game Fighting/NES　格闘02/metadata.json
GB　格闘01-14(メッセージ).mp3,GB　格闘01-14(メッセージ).mp3,NES　格闘02,,,Game Fighting,https://otologic.jp/free/se/game-fighting01.html,https://otologic.jp/sounds/se/mp3-zip/SNES-Shooter02-mp3.zip,SNES-Shooter02-mp3.zip,otologic_sounds_smart/Game Fighting/NES　格闘02/GB　格闘01-14(メッセージ).mp3,17267,otologic_sounds_smart/Game Fighting/NES　格闘02/metadata.json
NES　格闘02-プレビュー.mp3,NES　格闘02-プレビュー.mp3,NES　格闘02,,,Game Fighting,https://otologic.jp/free/se/game-fighting01.html,https://otologic.jp/sounds/se/mp3-zip/SNES-Shooter02-mp3.zip,SNES-Shooter02-mp3.zip,otologic_sounds_smart/Game Fighting/NES　格闘02/NES　格闘02-プレビュー.mp3,35919,otologic_sounds_smart/Game Fighting/NES　格闘02/metadata.json
NES　格闘02-3(スイング).mp3,NES　格闘02-3(スイング).mp3,NES　格闘02,,,Game Fighting,https://otologic.jp/free/se/game-fighting01.html,https://otologic.jp/sounds/se/mp3-zip/SNES-Shooter02-mp3.zip,SNES-Shooter02-mp3.zip,otologic_sounds_smart/Game Fighting/NES　格闘02/NES　格闘02-3(スイング).mp3,11946,otologic_sounds_smart/Game Fighting/NES　格闘02/metadata.json
SNES　格闘02-11(ドラム缶).mp3,SNES　格闘02-11(ドラム缶).mp3,SNES　格闘02,,,Game Fighting,https://otologic.jp/free/se/game-fighting01.html,https://otologic.jp/sounds/se/mp3-zip/SNES-Shooter02-mp3.zip,SNES-Shooter02-mp3.zip,otologic_sounds_smart/Game Fighting/SNES　格闘02/SNES　格闘02-11(ドラム缶).mp3,16119,otologic_sounds_smart/Game Fighting/SNES　格闘02/metadata.json
SNES　格闘02-12(アイテム).mp3,SNES　格闘02-12(アイテム).mp3,SNES　格闘02,,,Game Fighting,https://otologic.jp/free/se/game-fighting01.html,https://otologic.jp/sounds/se/mp3-zip/SNES-Shooter02-mp3.zip,SNES-Shooter02-mp3.zip,otologic_sounds_smart/Game Fighting/SNES　格闘02/SNES　格闘02-12(アイテム).mp3,13511,otologic_sounds_smart/Game Fighting/SNES　格闘02/metadata.json
SNES　格闘02-15(選択).mp3,SNES　格闘02-15(選択).mp3,SNES　格闘02,,,Game Fighting,https://otologic.jp/free/se/game-fighting01.html,https://otologic.jp/sounds/se/mp3-zip/SNES-Shooter02-mp3.zip,SNES-Shooter02-mp3.zip,otologic_sounds_smart/Game Fighting/SNES　格闘02/SNES　格闘02-15(選択).mp3,17893,otologic_sounds_smart/Game Fighting/SNES　格闘02/metadata.json
SNES　格闘01-プレビュー.mp3,SNES　格闘01-プレビュー.mp3,SNES　格闘02,,,Game Fighting,https://otologic.jp/free/se/game-fighting01.html,https://otologic.jp/sounds/se/mp3-zip/SNES-Shooter02-mp3.zip,SNES-Shooter02-mp3.zip,otologic_sounds_smart/Game Fighting/SNES　格闘02/SNES　格闘01-プレビュー.mp3,58121,otologic_sounds_smart/Game Fighting/SNES　格闘02/metadata.json
SNES　格闘02-10(ガラス).mp3,SNES　格闘02-10(ガラス).mp3,SNES　格闘02,,,Game Fighting,https://otologic.jp/free/se/game-fighting01.html,https://otologic.jp/sounds/se/mp3-zip/SNES-Shooter02-mp3.zip,SNES-Shooter02-mp3.zip,otologic_sounds_smart/Game Fighting/SNES　格闘02/SNES　格闘02-10(ガラス).mp3,19249,otologic_sounds_smart/Game Fighting/SNES　格闘02/metadata.json
SNES　格闘02-06(スイング).mp3,SNES　格闘02-06(スイング).mp3,SNES　格闘02,,,Game Fighting,https://otologic.jp/free/se/game-fighting01.html,https://otologic.jp/sounds/se/mp3-zip/SNES-Shooter02-mp3.zip,SNES-Shooter02-mp3.zip,otologic_sounds_smart/Game Fighting/SNES　格闘02/SNES　格闘02-06(スイング).mp3,13824,otologic_sounds_smart/Game Fighting/SNES　格闘02/metadata.json
SNES　格闘02-09(炎).mp3,SNES　格闘02-09(炎).mp3,SNES　格闘02,,,Game Fighting,https://otologic.jp/free/se/game-fighting01.html,https://otologic.jp/sounds/se/mp3-zip/SNES-Shooter02-mp3.zip,SNES-Shooter02-mp3.zip,otologic_sounds_smart/Game Fighting/SNES　格闘02/SNES　格闘02-09(炎).mp3,17371,otologic_sounds_smart/Game Fighting/SNES　格闘02/metadata.json
SNES　格闘02-14(選択).mp3,SNES　格闘02-14(選択).mp3,SNES　格闘02,,,Game Fighting,https://otologic.jp/free/se/game-fighting01.html,https://otologic.jp/sounds/se/mp3-zip/SNES-Shooter02-mp3.zip,SNES-Shooter02-mp3.zip,otologic_sounds_smart/Game Fighting/SNES　格闘02/SNES　格闘02-14(選択).mp3,15076,otologic_sounds_smart/Game Fighting/SNES　格闘02/metadata.json
SNES　格闘02-08(電気).mp3,SNES　格闘02-08(電気).mp3,SNES　格闘02,,,Game Fighting,https://otologic.jp/free/se/game-fighting01.html,https://otologic.jp/sounds/se/mp3-zip/SNES-Shooter02-mp3.zip,SNES-Shooter02-mp3.zip,otologic_sounds_smart/Game Fighting/SNES　格闘02/SNES　格闘02-08(電気).mp3,16015,otologic_sounds_smart/Game Fighting/SNES　格闘02/metadata.json
SNES　格闘02-13(Go).mp3,SNES　格闘02-13(Go).mp3,SNES　格闘02,,,Game Fighting,https://otologic.jp/free/se/game-fighting01.html,https://otologic.jp/sounds/se/mp3-zip/SNES-Shooter02-mp3.zip,SNES-Shooter02-mp3.zip,otologic_sounds_smart/Game Fighting/SNES　格闘02/SNES　格闘02-13(Go).mp3,13719,otologic_sounds_smart/Game Fighting/SNES　格闘02/metadata.json
SNES　格闘02-07(爆発).mp3,SNES　格闘02-07(爆発).mp3,SNES　格闘02,,,Game Fighting,https://otologic.jp/free/se/game-fighting01.html,https://otologic.jp/sounds/se/mp3-zip/SNES-Shooter02-mp3.zip,SNES-Shooter02-mp3.zip,otologic_sounds_smart/Game Fighting/SNES　格闘02/SNES　格闘02-07(爆発).mp3,17267,otologic_sounds_smart/Game Fighting/SNES　格闘02/metadata.json
SNES　格闘05-09(倒れる).mp3,SNES　格闘05-09(倒れる).mp3,SNES　格闘05,,,Game Fighting,https://otologic.jp/free/se/game-fighting01.html,https://otologic.jp/sounds/se/mp3-zip/SNES-Shooter02-mp3.zip,SNES-Shooter02-mp3.zip,otologic_sounds_smart/Game Fighting/SNES　格闘05/SNES　格闘05-09(倒れる).mp3,15598,otologic_sounds_smart/Game Fighting/SNES　格闘05/metadata.json
SNES　格闘05-03(ヒット).mp3,SNES　格闘05-03(ヒット).mp3,SNES　格闘05,,,Game Fighting,https://otologic.jp/free/se/game-fighting01.html,https://otologic.jp/sounds/se/mp3-zip/SNES-Shooter02-mp3.zip,SNES-Shooter02-mp3.zip,otologic_sounds_smart/Game Fighting/SNES　格闘05/SNES　格闘05-03(ヒット).mp3,18936,otologic_sounds_smart/Game Fighting/SNES　格闘05/metadata.json
SNES　格闘05-02(ヒット).mp3,SNES　格闘05-02(ヒット).mp3,SNES　格闘05,,,Game Fighting,https://otologic.jp/free/se/game-fighting01.html,https://otologic.jp/sounds/se/mp3-zip/SNES-Shooter02-mp3.zip,SNES-Shooter02-mp3.zip,otologic_sounds_smart/Game Fighting/SNES　格闘05/SNES　格闘05-02(ヒット).mp3,19771,otologic_sounds_smart/Game Fighting/SNES　格闘05/metadata.json
SNES　格闘05-06(スイング).mp3,SNES　格闘05-06(スイング).mp3,SNES　格闘05,,,Game Fighting,https://otologic.jp/free/se/game-fighting01.html,https://otologic.jp/sounds/se/mp3-zip/SNES-Shooter02-mp3.zip,SNES-Shooter02-mp3.zip,otologic_sounds_smart/Game Fighting/SNES　格闘05/SNES　格闘05-06(スイング).mp3,12572,otologic_sounds_smart/Game Fighting/SNES　格闘05/metadata.json
SNES　格闘05-12(スコア).mp3,SNES　格闘05-12(スコア).mp3,SNES　格闘05,,,Game Fighting,https://otologic.jp/free/se/game-fighting01.html,https://otologic.jp/sounds/se/mp3-zip/SNES-Shooter02-mp3.zip,SNES-Shooter02-mp3.zip,otologic_sounds_smart/Game Fighting/SNES　格闘05/SNES　格闘05-12(スコア).mp3,44589,otologic_sounds_smart/Game Fighting/SNES　格闘05/metadata.json
SNES　格闘05-04(ヒット).mp3,SNES　格闘05-04(ヒット).mp3,SNES　格闘05,,,Game Fighting,https://otologic.jp/free/se/game-fighting01.html,https://otologic.jp/sounds/se/mp3-zip/SNES-Shooter02-mp3.zip,SNES-Shooter02-mp3.zip,otologic_sounds_smart/Game Fighting/SNES　格闘05/SNES　格闘05-04(ヒット).mp3,20605,otologic_sounds_smart/Game Fighting/SNES　格闘05/metadata.json
SNES　格闘05-08(着地).mp3,SNES　格闘05-08(着地).mp3,SNES　格闘05,,,Game Fighting,https://otologic.jp/free/se/game-fighting01.html,https://otologic.jp/sounds/se/mp3-zip/SNES-Shooter02-mp3.zip,SNES-Shooter02-mp3.zip,otologic_sounds_smart/Game Fighting/SNES　格闘05/SNES　格闘05-08(着地).mp3,12154,otologic_sounds_smart/Game Fighting/SNES　格闘05/metadata.json
SNES　格闘05-05(防御).mp3,SNES　格闘05-05(防御).mp3,SNES　格闘05,,,Game Fighting,https://otologic.jp/free/se/game-fighting01.html,https://otologic.jp/sounds/se/mp3-zip/SNES-Shooter02-mp3.zip,SNES-Shooter02-mp3.zip,otologic_sounds_smart/Game Fighting/SNES　格闘05/SNES　格闘05-05(防御).mp3,12259,otologic_sounds_smart/Game Fighting/SNES　格闘05/metadata.json
SNES　格闘05-10(選択).mp3,SNES　格闘05-10(選択).mp3,SNES　格闘05,,,Game Fighting,https://otologic.jp/free/se/game-fighting01.html,https://otologic.jp/sounds/se/mp3-zip/SNES-Shooter02-mp3.zip,SNES-Shooter02-mp3.zip,otologic_sounds_smart/Game Fighting/SNES　格闘05/SNES　格闘05-10(選択).mp3,16954,otologic_sounds_smart/Game Fighting/SNES　格闘05/metadata.json
SNES　格闘05-07(スイング).mp3,SNES　格闘05-07(スイング).mp3,SNES　格闘05,,,Game Fighting,https://otologic.jp/free/se/game-fighting01.html,https://otologic.jp/sounds/se/mp3-zip/SNES-Shooter02-mp3.zip,SNES-Shooter02-mp3.zip,otologic_sounds_smart/Game Fighting/SNES　格闘05/SNES　格闘05-07(スイング).mp3,14032,otologic_sounds_smart/Game Fighting/SNES　格闘05/metadata.json
SNES　格闘05-11(選択).mp3,SNES　格闘05-11(選択).mp3,SNES　格闘05,,,Game Fighting,https://otologic.jp/free/se/game-fighting01.html,https://otologic.jp/sounds/se/mp3-zip/SNES-Shooter02-mp3.zip,SNES-Shooter02-mp3.zip,otologic_sounds_smart/Game Fighting/SNES　格闘05/SNES　格闘05-11(選択).mp3,27074,otologic_sounds_smart/Game Fighting/SNES　格闘05/metadata.json
SNES　格闘04-2(叫び).mp3,SNES　格闘04-2(叫び).mp3,SNES　格闘04,,,Game Fighting,https://otologic.jp/free/se/game-fighting01.html,https://otologic.jp/sounds/se/mp3-zip/SNES-Shooter02-mp3.zip,SNES-Shooter02-mp3.zip,otologic_sounds_smart/Game Fighting/SNES　格闘04/SNES　格闘04-2(叫び).mp3,13928,otologic_sounds_smart/Game Fighting/SNES　格闘04/metadata.json
SNES　格闘04-3(叫び).mp3,SNES　格闘04-3(叫び).mp3,SNES　格闘04,,,Game Fighting,https://otologic.jp/free/se/game-fighting01.html,https://otologic.jp/sounds/se/mp3-zip/SNES-Shooter02-mp3.zip,SNES-Shooter02-mp3.zip,otologic_sounds_smart/Game Fighting/SNES　格闘04/SNES　格闘04-3(叫び).mp3,13302,otologic_sounds_smart/Game Fighting/SNES　格闘04/metadata.json
SNES　格闘03-2(ラウンド２).mp3,SNES　格闘03-2(ラウンド２).mp3,SNES　格闘04,,,Game Fighting,https://otologic.jp/free/se/game-fighting01.html,https://otologic.jp/sounds/se/mp3-zip/SNES-Shooter02-mp3.zip,SNES-Shooter02-mp3.zip,otologic_sounds_smart/Game Fighting/SNES　格闘04/SNES　格闘03-2(ラウンド２).mp3,26866,otologic_sounds_smart/Game Fighting/SNES　格闘04/metadata.json
SNES　格闘04-7(笑う).mp3,SNES　格闘04-7(笑う).mp3,SNES　格闘04,,,Game Fighting,https://otologic.jp/free/se/game-fighting01.html,https://otologic.jp/sounds/se/mp3-zip/SNES-Shooter02-mp3.zip,SNES-Shooter02-mp3.zip,otologic_sounds_smart/Game Fighting/SNES　格闘04/SNES　格闘04-7(笑う).mp3,23947,otologic_sounds_smart/Game Fighting/SNES　格闘04/metadata.json
SNES　格闘04-プレビュー.mp3,SNES　格闘04-プレビュー.mp3,SNES　格闘04,,,Game Fighting,https://otologic.jp/free/se/game-fighting01.html,https://otologic.jp/sounds/se/mp3-zip/SNES-Shooter02-mp3.zip,SNES-Shooter02-mp3.zip,otologic_sounds_smart/Game Fighting/SNES　格闘04/SNES　格闘04-プレビュー.mp3,152776,otologic_sounds_smart/Game Fighting/SNES　格闘04/metadata.json
SNES　格闘03-プレビュー.mp3,SNES　格闘03-プレビュー.mp3,SNES　格闘04,,,Game Fighting,https://otologic.jp/free/se/game-fighting01.html,https://otologic.jp/sounds/se/mp3-zip/SNES-Shooter02-mp3.zip,SNES-Shooter02-mp3.zip,otologic_sounds_smart/Game Fighting/SNES　格闘04/SNES　格闘03-プレビュー.mp3,152477,otologic_sounds_smart/Game Fighting/SNES　格闘04/metadata.json
SNES　格闘03-1(ラウンド１).mp3,SNES　格闘03-1(ラウンド１).mp3,SNES　格闘04,,,Game Fighting,https://otologic.jp/free/se/game-fighting01.html,https://otologic.jp/sounds/se/mp3-zip/SNES-Shooter02-mp3.zip,SNES-Shooter02-mp3.zip,otologic_sounds_smart/Game Fighting/SNES　格闘04/SNES　格闘03-1(ラウンド１).mp3,27908,otologic_sounds_smart/Game Fighting/SNES　格闘04/metadata.json
SNES　格闘04-6(悲鳴).mp3,SNES　格闘04-6(悲鳴).mp3,SNES　格闘04,,,Game Fighting,https://otologic.jp/free/se/game-fighting01.html,https://otologic.jp/sounds/se/mp3-zip/SNES-Shooter02-mp3.zip,SNES-Shooter02-mp3.zip,otologic_sounds_smart/Game Fighting/SNES　格闘04/SNES　格闘04-6(悲鳴).mp3,37812,otologic_sounds_smart/Game Fighting/SNES　格闘04/metadata.json
SNES　格闘04-1(叫び).mp3,SNES　格闘04-1(叫び).mp3,SNES　格闘04,,,Game Fighting,https://otologic.jp/free/se/game-fighting01.html,https://otologic.jp/sounds/se/mp3-zip/SNES-Shooter02-mp3.zip,SNES-Shooter02-mp3.zip,otologic_sounds_smart/Game Fighting/SNES　格闘04/SNES　格闘04-1(叫び).mp3,13198,otologic_sounds_smart/Game Fighting/SNES　格闘04/metadata.json
SNES　格闘04-4(悲鳴).mp3,SNES　格闘04-4(悲鳴).mp3,SNES　格闘04,,,Game Fighting,https://otologic.jp/free/se/game-fighting01.html,https://otologic.jp/sounds/se/mp3-zip/SNES-Shooter02-mp3.zip,SNES-Shooter02-mp3.zip,otologic_sounds_smart/Game Fighting/SNES　格闘04/SNES　格闘04-4(悲鳴).mp3,35309,otologic_sounds_smart/Game Fighting/SNES　格闘04/metadata.json
SNES　格闘04-5(悲鳴).mp3,SNES　格闘04-5(悲鳴).mp3,SNES　格闘04,,,Game Fighting,https://otologic.jp/free/se/game-fighting01.html,https://otologic.jp/sounds/se/mp3-zip/SNES-Shooter02-mp3.zip,SNES-Shooter02-mp3.zip,otologic_sounds_smart/Game Fighting/SNES　格闘04/SNES　格闘04-5(悲鳴).mp3,42711,otologic_sounds_smart/Game Fighting/SNES　格闘04/metadata.json
SNES　格闘03-7(パーフェクト).mp3,SNES　格闘03-7(パーフェクト).mp3,SNES　格闘03,,,Game Fighting,https://otologic.jp/free/se/game-fighting01.html,https://otologic.jp/sounds/se/mp3-zip/SNES-Shooter02-mp3.zip,SNES-Shooter02-mp3.zip,otologic_sounds_smart/Game Fighting/SNES　格闘03/SNES　格闘03-7(パーフェクト).mp3,21023,otologic_sounds_smart/Game Fighting/SNES　格闘03/metadata.json
SNES　格闘02-04(スイング).mp3,SNES　格闘02-04(スイング).mp3,SNES　格闘03,,,Game Fighting,https://otologic.jp/free/se/game-fighting01.html,https://otologic.jp/sounds/se/mp3-zip/SNES-Shooter02-mp3.zip,SNES-Shooter02-mp3.zip,otologic_sounds_smart/Game Fighting/SNES　格闘03/SNES　格闘02-04(スイング).mp3,11946,otologic_sounds_smart/Game Fighting/SNES　格闘03/metadata.json
SNES　格闘02-プレビュー.mp3,SNES　格闘02-プレビュー.mp3,SNES　格闘03,,,Game Fighting,https://otologic.jp/free/se/game-fighting01.html,https://otologic.jp/sounds/se/mp3-zip/SNES-Shooter02-mp3.zip,SNES-Shooter02-mp3.zip,otologic_sounds_smart/Game Fighting/SNES　格闘03/SNES　格闘02-プレビュー.mp3,119822,otologic_sounds_smart/Game Fighting/SNES　格闘03/metadata.json
SNES　格闘02-03(防御).mp3,SNES　格闘02-03(防御).mp3,SNES　格闘03,,,Game Fighting,https://otologic.jp/free/se/game-fighting01.html,https://otologic.jp/sounds/se/mp3-zip/SNES-Shooter02-mp3.zip,SNES-Shooter02-mp3.zip,otologic_sounds_smart/Game Fighting/SNES　格闘03/SNES　格闘02-03(防御).mp3,12050,otologic_sounds_smart/Game Fighting/SNES　格闘03/metadata.json
SNES　格闘02-01(ヒット).mp3,SNES　格闘02-01(ヒット).mp3,SNES　格闘03,,,Game Fighting,https://otologic.jp/free/se/game-fighting01.html,https://otologic.jp/sounds/se/mp3-zip/SNES-Shooter02-mp3.zip,SNES-Shooter02-mp3.zip,otologic_sounds_smart/Game Fighting/SNES　格闘03/SNES　格闘02-01(ヒット).mp3,12885,otologic_sounds_smart/Game Fighting/SNES　格闘03/metadata.json
SNES　格闘02-05(スイング).mp3,SNES　格闘02-05(スイング).mp3,SNES　格闘03,,,Game Fighting,https://otologic.jp/free/se/game-fighting01.html,https://otologic.jp/sounds/se/mp3-zip/SNES-Shooter02-mp3.zip,SNES-Shooter02-mp3.zip,otologic_sounds_smart/Game Fighting/SNES　格闘03/SNES　格闘02-05(スイング).mp3,13198,otologic_sounds_smart/Game Fighting/SNES　格闘03/metadata.json
SNES　格闘03-3(ラウンド３).mp3,SNES　格闘03-3(ラウンド３).mp3,SNES　格闘03,,,Game Fighting,https://otologic.jp/free/se/game-fighting01.html,https://otologic.jp/sounds/se/mp3-zip/SNES-Shooter02-mp3.zip,SNES-Shooter02-mp3.zip,otologic_sounds_smart/Game Fighting/SNES　格闘03/SNES　格闘03-3(ラウンド３).mp3,25614,otologic_sounds_smart/Game Fighting/SNES　格闘03/metadata.json
SNES　格闘03-6(YOU LOSE).mp3,SNES　格闘03-6(YOU LOSE).mp3,SNES　格闘03,,,Game Fighting,https://otologic.jp/free/se/game-fighting01.html,https://otologic.jp/sounds/se/mp3-zip/SNES-Shooter02-mp3.zip,SNES-Shooter02-mp3.zip,otologic_sounds_smart/Game Fighting/SNES　格闘03/SNES　格闘03-6(YOU LOSE).mp3,28535,otologic_sounds_smart/Game Fighting/SNES　格闘03/metadata.json
SNES　格闘02-02(ヒット).mp3,SNES　格闘02-02(ヒット).mp3,SNES　格闘03,,,Game Fighting,https://otologic.jp/free/se/game-fighting01.html,https://otologic.jp/sounds/se/mp3-zip/SNES-Shooter02-mp3.zip,SNES-Shooter02-mp3.zip,otologic_sounds_smart/Game Fighting/SNES　格闘03/SNES　格闘02-02(ヒット).mp3,13928,otologic_sounds_smart/Game Fighting/SNES　格闘03/metadata.json
SNES　格闘03-4(ファイッ).mp3,SNES　格闘03-4(ファイッ).mp3,SNES　格闘03,,,Game Fighting,https://otologic.jp/free/se/game-fighting01.html,https://otologic.jp/sounds/se/mp3-zip/SNES-Shooter02-mp3.zip,SNES-Shooter02-mp3.zip,otologic_sounds_smart/Game Fighting/SNES　格闘03/SNES　格闘03-4(ファイッ).mp3,18415,otologic_sounds_smart/Game Fighting/SNES　格闘03/metadata.json
SNES　格闘03-5(YOU WIN).mp3,SNES　格闘03-5(YOU WIN).mp3,SNES　格闘03,,,Game Fighting,https://otologic.jp/free/se/game-fighting01.html,https://otologic.jp/sounds/se/mp3-zip/SNES-Shooter02-mp3.zip,SNES-Shooter02-mp3.zip,otologic_sounds_smart/Game Fighting/SNES　格闘03/SNES　格闘03-5(YOU WIN).mp3,26657,otologic_sounds_smart/Game Fighting/SNES　格闘03/metadata.json
NES　格闘02-6(選択).mp3,NES　格闘02-6(選択).mp3,NES　格闘01,,,Game Fighting,https://otologic.jp/free/se/game-fighting01.html,https://otologic.jp/sounds/se/mp3-zip/SNES-Shooter02-mp3.zip,SNES-Shooter02-mp3.zip,otologic_sounds_smart/Game Fighting/NES　格闘01/NES　格闘02-6(選択).mp3,11216,otologic_sounds_smart/Game Fighting/NES　格闘01/metadata.json
NES　格闘01-6(スコア).mp3,NES　格闘01-6(スコア).mp3,NES　格闘01,,,Game Fighting,https://otologic.jp/free/se/game-fighting01.html,https://otologic.jp/sounds/se/mp3-zip/SNES-Shooter02-mp3.zip,SNES-Shooter02-mp3.zip,otologic_sounds_smart/Game Fighting/NES　格闘01/NES　格闘01-6(スコア).mp3,12364,otologic_sounds_smart/Game Fighting/NES　格闘01/metadata.json
NES　格闘02-7(選択).mp3,NES　格闘02-7(選択).mp3,NES　格闘01,,,Game Fighting,https://otologic.jp/free/se/game-fighting01.html,https://otologic.jp/sounds/se/mp3-zip/SNES-Shooter02-mp3.zip,SNES-Shooter02-mp3.zip,otologic_sounds_smart/Game Fighting/NES　格闘01/NES　格闘02-7(選択).mp3,12781,otologic_sounds_smart/Game Fighting/NES　格闘01/metadata.json
NES　格闘01-1(ヒット).mp3,NES　格闘01-1(ヒット).mp3,NES　格闘01,,,Game Fighting,https://otologic.jp/free/se/game-fighting01.html,https://otologic.jp/sounds/se/mp3-zip/SNES-Shooter02-mp3.zip,SNES-Shooter02-mp3.zip,otologic_sounds_smart/Game Fighting/NES　格闘01/NES　格闘01-1(ヒット).mp3,12468,otologic_sounds_smart/Game Fighting/NES　格闘01/metadata.json
NES　格闘01-2(スイング).mp3,NES　格闘01-2(スイング).mp3,NES　格闘01,,,Game Fighting,https://otologic.jp/free/se/game-fighting01.html,https://otologic.jp/sounds/se/mp3-zip/SNES-Shooter02-mp3.zip,SNES-Shooter02-mp3.zip,otologic_sounds_smart/Game Fighting/NES　格闘01/NES　格闘01-2(スイング).mp3,11320,otologic_sounds_smart/Game Fighting/NES　格闘01/metadata.json
NES　格闘01-5(スコア).mp3,NES　格闘01-5(スコア).mp3,NES　格闘01,,,Game Fighting,https://otologic.jp/free/se/game-fighting01.html,https://otologic.jp/sounds/se/mp3-zip/SNES-Shooter02-mp3.zip,SNES-Shooter02-mp3.zip,otologic_sounds_smart/Game Fighting/NES　格闘01/NES　格闘01-5(スコア).mp3,12886,otologic_sounds_smart/Game Fighting/NES　格闘01/metadata.json
NES　格闘01-プレビュー.mp3,NES　格闘01-プレビュー.mp3,NES　格闘01,,,Game Fighting,https://otologic.jp/free/se/game-fighting01.html,https://otologic.jp/sounds/se/mp3-zip/SNES-Shooter02-mp3.zip,SNES-Shooter02-mp3.zip,otologic_sounds_smart/Game Fighting/NES　格闘01/NES　格闘01-プレビュー.mp3,73552,otologic_sounds_smart/Game Fighting/NES　格闘01/metadata.json
NES　格闘01-4(倒れる).mp3,NES　格闘01-4(倒れる).mp3,NES　格闘01,,,Game Fighting,https://otologic.jp/free/se/game-fighting01.html,https://otologic.jp/sounds/se/mp3-zip/SNES-Shooter02-mp3.zip,SNES-Shooter02-mp3.zip,otologic_sounds_smart/Game Fighting/NES　格闘01/NES　格闘01-4(倒れる).mp3,15493,otologic_sounds_smart/Game Fighting/NES　格闘01/metadata.json
NES　格闘01-3(倒れる).mp3,NES　格闘01-3(倒れる).mp3,NES　格闘01,,,Game Fighting,https://otologic.jp/free/se/game-fighting01.html,https://otologic.jp/sounds/se/mp3-zip/SNES-Shooter02-mp3.zip,SNES-Shooter02-mp3.zip,otologic_sounds_smart/Game Fighting/NES　格闘01/NES　格闘01-3(倒れる).mp3,13302,otologic_sounds_smart/Game Fighting/NES　格闘01/metadata.json
NES　格闘01-7(歓声).mp3,NES　格闘01-7(歓声).mp3,NES　格闘01,,,Game Fighting,https://otologic.jp/free/se/game-fighting01.html,https://otologic.jp/sounds/se/mp3-zip/SNES-Shooter02-mp3.zip,SNES-Shooter02-mp3.zip,otologic_sounds_smart/Game Fighting/NES　格闘01/NES　格闘01-7(歓声).mp3,39064,otologic_sounds_smart/Game Fighting/NES　格闘01/metadata.json
SNES　格闘06-04(ヒット).mp3,SNES　格闘06-04(ヒット).mp3,Gen　格闘01,,,Game Fighting,https://otologic.jp/free/se/game-fighting01.html,https://otologic.jp/sounds/se/mp3-zip/GB-General04-mp3.zip,GB-General04-mp3.zip,otologic_sounds_smart/Game Fighting/Gen　格闘01/SNES　格闘06-04(ヒット).mp3,12363,otologic_sounds_smart/Game Fighting/Gen　格闘01/metadata.json
SNES　格闘06-05(ヒット).mp3,SNES　格闘06-05(ヒット).mp3,Gen　格闘01,,,Game Fighting,https://otologic.jp/free/se/game-fighting01.html,https://otologic.jp/sounds/se/mp3-zip/GB-General04-mp3.zip,GB-General04-mp3.zip,otologic_sounds_smart/Game Fighting/Gen　格闘01/SNES　格闘06-05(ヒット).mp3,13928,otologic_sounds_smart/Game Fighting/Gen　格闘01/metadata.json
Gen　格闘01-12(倒れる).mp3,Gen　格闘01-12(倒れる).mp3,Gen　格闘01,,,Game Fighting,https://otologic.jp/free/se/game-fighting01.html,https://otologic.jp/sounds/se/mp3-zip/GB-General04-mp3.zip,GB-General04-mp3.zip,otologic_sounds_smart/Game Fighting/Gen　格闘01/Gen　格闘01-12(倒れる).mp3,14450,otologic_sounds_smart/Game Fighting/Gen　格闘01/metadata.json
SNES　格闘06-03(ヒット).mp3,SNES　格闘06-03(ヒット).mp3,Gen　格闘01,,,Game Fighting,https://otologic.jp/free/se/game-fighting01.html,https://otologic.jp/sounds/se/mp3-zip/GB-General04-mp3.zip,GB-General04-mp3.zip,otologic_sounds_smart/Game Fighting/Gen　格闘01/SNES　格闘06-03(ヒット).mp3,15910,otologic_sounds_smart/Game Fighting/Gen　格闘01/metadata.json
SNES　格闘06-02(ヒット).mp3,SNES　格闘06-02(ヒット).mp3,Gen　格闘01,,,Game Fighting,https://otologic.jp/free/se/game-fighting01.html,https://otologic.jp/sounds/se/mp3-zip/GB-General04-mp3.zip,GB-General04-mp3.zip,otologic_sounds_smart/Game Fighting/Gen　格闘01/SNES　格闘06-02(ヒット).mp3,14345,otologic_sounds_smart/Game Fighting/Gen　格闘01/metadata.json
Gen　格闘01-14(選択).mp3,Gen　格闘01-14(選択).mp3,Gen　格闘01,,,Game Fighting,https://otologic.jp/free/se/game-fighting01.html,https://otologic.jp/sounds/se/mp3-zip/GB-General04-mp3.zip,GB-General04-mp3.zip,otologic_sounds_smart/Game Fighting/Gen　格闘01/Gen　格闘01-14(選択).mp3,25926,otologic_sounds_smart/Game Fighting/Gen　格闘01/metadata.json
SNES　格闘06-06(ヒット).mp3,SNES　格闘06-06(ヒット).mp3,Gen　格闘01,,,Game Fighting,https://otologic.jp/free/se/game-fighting01.html,https://otologic.jp/sounds/se/mp3-zip/GB-General04-mp3.zip,GB-General04-mp3.zip,otologic_sounds_smart/Game Fighting/Gen　格闘01/SNES　格闘06-06(ヒット).mp3,15389,otologic_sounds_smart/Game Fighting/Gen　格闘01/metadata.json
SNES　格闘06-プレビュー.mp3,SNES　格闘06-プレビュー.mp3,Gen　格闘01,,,Game Fighting,https://otologic.jp/free/se/game-fighting01.html,https://otologic.jp/sounds/se/mp3-zip/GB-General04-mp3.zip,GB-General04-mp3.zip,otologic_sounds_smart/Game Fighting/Gen　格闘01/SNES　格闘06-プレビュー.mp3,123261,otologic_sounds_smart/Game Fighting/Gen　格闘01/metadata.json
SNES　格闘06-01(ヒット).mp3,SNES　格闘06-01(ヒット).mp3,Gen　格闘01,,,Game Fighting,https://otologic.jp/free/se/game-fighting01.html,https://otologic.jp/sounds/se/mp3-zip/GB-General04-mp3.zip,GB-General04-mp3.zip,otologic_sounds_smart/Game Fighting/Gen　格闘01/SNES　格闘06-01(ヒット).mp3,12468,otologic_sounds_smart/Game Fighting/Gen　格闘01/metadata.json
Gen　格闘01-13(選択).mp3,Gen　格闘01-13(選択).mp3,Gen　格闘01,,,Game Fighting,https://otologic.jp/free/se/game-fighting01.html,https://otologic.jp/sounds/se/mp3-zip/GB-General04-mp3.zip,GB-General04-mp3.zip,otologic_sounds_smart/Game Fighting/Gen　格闘01/Gen　格闘01-13(選択).mp3,15911,otologic_sounds_smart/Game Fighting/Gen　格闘01/metadata.json
Gen　格闘01-11(着地).mp3,Gen　格闘01-11(着地).mp3,Gen　格闘01,,,Game Fighting,https://otologic.jp/free/se/game-fighting01.html,https://otologic.jp/sounds/se/mp3-zip/GB-General04-mp3.zip,GB-General04-mp3.zip,otologic_sounds_smart/Game Fighting/Gen　格闘01/Gen　格闘01-11(着地).mp3,11737,otologic_sounds_smart/Game Fighting/Gen　格闘01/metadata.json
SNES　格闘06-07(防御).mp3,SNES　格闘06-07(防御).mp3,SNES　格闘06,,,Game Fighting,https://otologic.jp/free/se/game-fighting01.html,https://otologic.jp/sounds/se/mp3-zip/SNES-Shooter02-mp3.zip,SNES-Shooter02-mp3.zip,otologic_sounds_smart/Game Fighting/SNES　格闘06/SNES　格闘06-07(防御).mp3,12571,otologic_sounds_smart/Game Fighting/SNES　格闘06/metadata.json
SNES　格闘06-10(スイング).mp3,SNES　格闘06-10(スイング).mp3,SNES　格闘06,,,Game Fighting,https://otologic.jp/free/se/game-fighting01.html,https://otologic.jp/sounds/se/mp3-zip/SNES-Shooter02-mp3.zip,SNES-Shooter02-mp3.zip,otologic_sounds_smart/Game Fighting/SNES　格闘06/SNES　格闘06-10(スイング).mp3,13302,otologic_sounds_smart/Game Fighting/SNES　格闘06/metadata.json
SNES　格闘06-12(倒れる).mp3,SNES　格闘06-12(倒れる).mp3,SNES　格闘06,,,Game Fighting,https://otologic.jp/free/se/game-fighting01.html,https://otologic.jp/sounds/se/mp3-zip/SNES-Shooter02-mp3.zip,SNES-Shooter02-mp3.zip,otologic_sounds_smart/Game Fighting/SNES　格闘06/SNES　格闘06-12(倒れる).mp3,16432,otologic_sounds_smart/Game Fighting/SNES　格闘06/metadata.json
SNES　格闘06-09(スイング).mp3,SNES　格闘06-09(スイング).mp3,SNES　格闘06,,,Game Fighting,https://otologic.jp/free/se/game-fighting01.html,https://otologic.jp/sounds/se/mp3-zip/SNES-Shooter02-mp3.zip,SNES-Shooter02-mp3.zip,otologic_sounds_smart/Game Fighting/SNES　格闘06/SNES　格闘06-09(スイング).mp3,11738,otologic_sounds_smart/Game Fighting/SNES　格闘06/metadata.json
SNES　格闘06-15(スコア).mp3,SNES　格闘06-15(スコア).mp3,SNES　格闘06,,,Game Fighting,https://otologic.jp/free/se/game-fighting01.html,https://otologic.jp/sounds/se/mp3-zip/SNES-Shooter02-mp3.zip,SNES-Shooter02-mp3.zip,otologic_sounds_smart/Game Fighting/SNES　格闘06/SNES　格闘06-15(スコア).mp3,27909,otologic_sounds_smart/Game Fighting/SNES　格闘06/metadata.json
SNES　格闘06-11(着地).mp3,SNES　格闘06-11(着地).mp3,SNES　格闘06,,,Game Fighting,https://otologic.jp/free/se/game-fighting01.html,https://otologic.jp/sounds/se/mp3-zip/SNES-Shooter02-mp3.zip,SNES-Shooter02-mp3.zip,otologic_sounds_smart/Game Fighting/SNES　格闘06/SNES　格闘06-11(着地).mp3,11216,otologic_sounds_smart/Game Fighting/SNES　格闘06/metadata.json
SNES　格闘06-13(選択).mp3,SNES　格闘06-13(選択).mp3,SNES　格闘06,,,Game Fighting,https://otologic.jp/free/se/game-fighting01.html,https://otologic.jp/sounds/se/mp3-zip/SNES-Shooter02-mp3.zip,SNES-Shooter02-mp3.zip,otologic_sounds_smart/Game Fighting/SNES　格闘06/SNES　格闘06-13(選択).mp3,18936,otologic_sounds_smart/Game Fighting/SNES　格闘06/metadata.json
SNES　格闘06-08(スイング).mp3,SNES　格闘06-08(スイング).mp3,SNES　格闘06,,,Game Fighting,https://otologic.jp/free/se/game-fighting01.html,https://otologic.jp/sounds/se/mp3-zip/SNES-Shooter02-mp3.zip,SNES-Shooter02-mp3.zip,otologic_sounds_smart/Game Fighting/SNES　格闘06/SNES　格闘06-08(スイング).mp3,11424,otologic_sounds_smart/Game Fighting/SNES　格闘06/metadata.json
SNES　格闘05-01(ヒット).mp3,SNES　格闘05-01(ヒット).mp3,SNES　格闘06,,,Game Fighting,https://otologic.jp/free/se/game-fighting01.html,https://otologic.jp/sounds/se/mp3-zip/SNES-Shooter02-mp3.zip,SNES-Shooter02-mp3.zip,otologic_sounds_smart/Game Fighting/SNES　格闘06/SNES　格闘05-01(ヒット).mp3,17788,otologic_sounds_smart/Game Fighting/SNES　格闘06/metadata.json
SNES　格闘05-プレビュー.mp3,SNES　格闘05-プレビュー.mp3,SNES　格闘06,,,Game Fighting,https://otologic.jp/free/se/game-fighting01.html,https://otologic.jp/sounds/se/mp3-zip/SNES-Shooter02-mp3.zip,SNES-Shooter02-mp3.zip,otologic_sounds_smart/Game Fighting/SNES　格闘06/SNES　格闘05-プレビュー.mp3,157884,otologic_sounds_smart/Game Fighting/SNES　格闘06/metadata.json
SNES　格闘06-14(選択).mp3,SNES　格闘06-14(選択).mp3,SNES　格闘06,,,Game Fighting,https://otologic.jp/free/se/game-fighting01.html,https://otologic.jp/sounds/se/mp3-zip/SNES-Shooter02-mp3.zip,SNES-Shooter02-mp3.zip,otologic_sounds_smart/Game Fighting/SNES　格闘06/SNES　格闘06-14(選択).mp3,20396,otologic_sounds_smart/Game Fighting/SNES　格闘06/metadata.json
SNES　格闘01-5(悲鳴).mp3,SNES　格闘01-5(悲鳴).mp3,SNES　格闘01,,,Game Fighting,https://otologic.jp/free/se/game-fighting01.html,https://otologic.jp/sounds/se/mp3-zip/SNES-Shooter02-mp3.zip,SNES-Shooter02-mp3.zip,otologic_sounds_smart/Game Fighting/SNES　格闘01/SNES　格闘01-5(悲鳴).mp3,16432,otologic_sounds_smart/Game Fighting/SNES　格闘01/metadata.json
GB　格闘01-プレビュー.mp3,GB　格闘01-プレビュー.mp3,SNES　格闘01,,,Game Fighting,https://otologic.jp/free/se/game-fighting01.html,https://otologic.jp/sounds/se/mp3-zip/SNES-Shooter02-mp3.zip,SNES-Shooter02-mp3.zip,otologic_sounds_smart/Game Fighting/SNES　格闘01/GB　格闘01-プレビュー.mp3,139214,otologic_sounds_smart/Game Fighting/SNES　格闘01/metadata.json
SNES　格闘01-4(悲鳴).mp3,SNES　格闘01-4(悲鳴).mp3,SNES　格闘01,,,Game Fighting,https://otologic.jp/free/se/game-fighting01.html,https://otologic.jp/sounds/se/mp3-zip/SNES-Shooter02-mp3.zip,SNES-Shooter02-mp3.zip,otologic_sounds_smart/Game Fighting/SNES　格闘01/SNES　格闘01-4(悲鳴).mp3,14658,otologic_sounds_smart/Game Fighting/SNES　格闘01/metadata.json
SNES　格闘01-2(叫び).mp3,SNES　格闘01-2(叫び).mp3,SNES　格闘01,,,Game Fighting,https://otologic.jp/free/se/game-fighting01.html,https://otologic.jp/sounds/se/mp3-zip/SNES-Shooter02-mp3.zip,SNES-Shooter02-mp3.zip,otologic_sounds_smart/Game Fighting/SNES　格闘01/SNES　格闘01-2(叫び).mp3,12676,otologic_sounds_smart/Game Fighting/SNES　格闘01/metadata.json
SNES　格闘01-3(叫び).mp3,SNES　格闘01-3(叫び).mp3,SNES　格闘01,,,Game Fighting,https://otologic.jp/free/se/game-fighting01.html,https://otologic.jp/sounds/se/mp3-zip/SNES-Shooter02-mp3.zip,SNES-Shooter02-mp3.zip,otologic_sounds_smart/Game Fighting/SNES　格闘01/SNES　格闘01-3(叫び).mp3,12989,otologic_sounds_smart/Game Fighting/SNES　格闘01/metadata.json
SNES　格闘01-6(悲鳴).mp3,SNES　格闘01-6(悲鳴).mp3,SNES　格闘01,,,Game Fighting,https://otologic.jp/free/se/game-fighting01.html,https://otologic.jp/sounds/se/mp3-zip/SNES-Shooter02-mp3.zip,SNES-Shooter02-mp3.zip,otologic_sounds_smart/Game Fighting/SNES　格闘01/SNES　格闘01-6(悲鳴).mp3,14346,otologic_sounds_smart/Game Fighting/SNES　格闘01/metadata.json
GB　格闘01-01(ヒット).mp3,GB　格闘01-01(ヒット).mp3,SNES　格闘01,,,Game Fighting,https://otologic.jp/free/se/game-fighting01.html,https://otologic.jp/sounds/se/mp3-zip/SNES-Shooter02-mp3.zip,SNES-Shooter02-mp3.zip,otologic_sounds_smart/Game Fighting/SNES　格闘01/GB　格闘01-01(ヒット).mp3,12781,otologic_sounds_smart/Game Fighting/SNES　格闘01/metadata.json
SNES　格闘01-7(悲鳴).mp3,SNES　格闘01-7(悲鳴).mp3,SNES　格闘01,,,Game Fighting,https://otologic.jp/free/se/game-fighting01.html,https://otologic.jp/sounds/se/mp3-zip/SNES-Shooter02-mp3.zip,SNES-Shooter02-mp3.zip,otologic_sounds_smart/Game Fighting/SNES　格闘01/SNES　格闘01-7(悲鳴).mp3,15701,otologic_sounds_smart/Game Fighting/SNES　格闘01/metadata.json
SNES　格闘01-1(叫び).mp3,SNES　格闘01-1(叫び).mp3,SNES　格闘01,,,Game Fighting,https://otologic.jp/free/se/game-fighting01.html,https://otologic.jp/sounds/se/mp3-zip/SNES-Shooter02-mp3.zip,SNES-Shooter02-mp3.zip,otologic_sounds_smart/Game Fighting/SNES　格闘01/SNES　格闘01-1(叫び).mp3,12363,otologic_sounds_smart/Game Fighting/SNES　格闘01/metadata.json
SNES　格闘01-8(悲鳴).mp3,SNES　格闘01-8(悲鳴).mp3,SNES　格闘01,,,Game Fighting,https://otologic.jp/free/se/game-fighting01.html,https://otologic.jp/sounds/se/mp3-zip/SNES-Shooter02-mp3.zip,SNES-Shooter02-mp3.zip,otologic_sounds_smart/Game Fighting/SNES　格闘01/SNES　格闘01-8(悲鳴).mp3,15076,otologic_sounds_smart/Game Fighting/SNES　格闘01/metadata.json
NES　汎用02-09(ノイズ 単音2).mp3,NES　汎用02-09(ノイズ 単音2).mp3,NES　汎用02,,,Game Other,https://otologic.jp/free/se/game-other01.html,https://otologic.jp/sounds/se/mp3-zip/SNES-Shooter02-mp3.zip,SNES-Shooter02-mp3.zip,otologic_sounds_smart/Game Other/NES　汎用02/NES　汎用02-09(ノイズ 単音2).mp3,11768,otologic_sounds_smart/Game Other/NES　汎用02/metadata.json
GB　汎用01-14(ピッチ).mp3,GB　汎用01-14(ピッチ).mp3,NES　汎用02,,,Game Other,https://otologic.jp/free/se/game-other01.html,https://otologic.jp/sounds/se/mp3-zip/SNES-Shooter02-mp3.zip,SNES-Shooter02-mp3.zip,otologic_sounds_smart/Game Other/NES　汎用02/GB　汎用01-14(ピッチ).mp3,13302,otologic_sounds_smart/Game Other/NES　汎用02/metadata.json
GB　汎用01-15(ピッチ).mp3,GB　汎用01-15(ピッチ).mp3,NES　汎用02,,,Game Other,https://otologic.jp/free/se/game-other01.html,https://otologic.jp/sounds/se/mp3-zip/SNES-Shooter02-mp3.zip,SNES-Shooter02-mp3.zip,otologic_sounds_smart/Game Other/NES　汎用02/GB　汎用01-15(ピッチ).mp3,12886,otologic_sounds_smart/Game Other/NES　汎用02/metadata.json
NES　汎用02-01(ノイズ 単音1).mp3,NES　汎用02-01(ノイズ 単音1).mp3,NES　汎用02,,,Game Other,https://otologic.jp/free/se/game-other01.html,https://otologic.jp/sounds/se/mp3-zip/SNES-Shooter02-mp3.zip,SNES-Shooter02-mp3.zip,otologic_sounds_smart/Game Other/NES　汎用02/NES　汎用02-01(ノイズ 単音1).mp3,28766,otologic_sounds_smart/Game Other/NES　汎用02/metadata.json
NES　汎用02-05(ノイズ 単音1).mp3,NES　汎用02-05(ノイズ 単音1).mp3,NES　汎用02,,,Game Other,https://otologic.jp/free/se/game-other01.html,https://otologic.jp/sounds/se/mp3-zip/SNES-Shooter02-mp3.zip,SNES-Shooter02-mp3.zip,otologic_sounds_smart/Game Other/NES　汎用02/NES　汎用02-05(ノイズ 単音1).mp3,17758,otologic_sounds_smart/Game Other/NES　汎用02/metadata.json
GB　汎用01-13(ピッチ).mp3,GB　汎用01-13(ピッチ).mp3,NES　汎用02,,,Game Other,https://otologic.jp/free/se/game-other01.html,https://otologic.jp/sounds/se/mp3-zip/SNES-Shooter02-mp3.zip,SNES-Shooter02-mp3.zip,otologic_sounds_smart/Game Other/NES　汎用02/GB　汎用01-13(ピッチ).mp3,12886,otologic_sounds_smart/Game Other/NES　汎用02/metadata.json
NES　汎用02-02(ノイズ 単音1).mp3,NES　汎用02-02(ノイズ 単音1).mp3,NES　汎用02,,,Game Other,https://otologic.jp/free/se/game-other01.html,https://otologic.jp/sounds/se/mp3-zip/SNES-Shooter02-mp3.zip,SNES-Shooter02-mp3.zip,otologic_sounds_smart/Game Other/NES　汎用02/NES　汎用02-02(ノイズ 単音1).mp3,18591,otologic_sounds_smart/Game Other/NES　汎用02/metadata.json
NES　汎用02-プレビュー.mp3,NES　汎用02-プレビュー.mp3,NES　汎用02,,,Game Other,https://otologic.jp/free/se/game-other01.html,https://otologic.jp/sounds/se/mp3-zip/SNES-Shooter02-mp3.zip,SNES-Shooter02-mp3.zip,otologic_sounds_smart/Game Other/NES　汎用02/NES　汎用02-プレビュー.mp3,283204,otologic_sounds_smart/Game Other/NES　汎用02/metadata.json
NES　汎用02-06(ノイズ 単音1).mp3,NES　汎用02-06(ノイズ 単音1).mp3,NES　汎用02,,,Game Other,https://otologic.jp/free/se/game-other01.html,https://otologic.jp/sounds/se/mp3-zip/SNES-Shooter02-mp3.zip,SNES-Shooter02-mp3.zip,otologic_sounds_smart/Game Other/NES　汎用02/NES　汎用02-06(ノイズ 単音1).mp3,17603,otologic_sounds_smart/Game Other/NES　汎用02/metadata.json
NES　汎用02-10(ノイズ 単音2).mp3,NES　汎用02-10(ノイズ 単音2).mp3,NES　汎用02,,,Game Other,https://otologic.jp/free/se/game-other01.html,https://otologic.jp/sounds/se/mp3-zip/SNES-Shooter02-mp3.zip,SNES-Shooter02-mp3.zip,otologic_sounds_smart/Game Other/NES　汎用02/NES　汎用02-10(ノイズ 単音2).mp3,11847,otologic_sounds_smart/Game Other/NES　汎用02/metadata.json
NES　汎用02-07(ノイズ 単音1).mp3,NES　汎用02-07(ノイズ 単音1).mp3,NES　汎用02,,,Game Other,https://otologic.jp/free/se/game-other01.html,https://otologic.jp/sounds/se/mp3-zip/SNES-Shooter02-mp3.zip,SNES-Shooter02-mp3.zip,otologic_sounds_smart/Game Other/NES　汎用02/NES　汎用02-07(ノイズ 単音1).mp3,17785,otologic_sounds_smart/Game Other/NES　汎用02/metadata.json
NES　汎用02-03(ノイズ 単音1).mp3,NES　汎用02-03(ノイズ 単音1).mp3,NES　汎用02,,,Game Other,https://otologic.jp/free/se/game-other01.html,https://otologic.jp/sounds/se/mp3-zip/SNES-Shooter02-mp3.zip,SNES-Shooter02-mp3.zip,otologic_sounds_smart/Game Other/NES　汎用02/NES　汎用02-03(ノイズ 単音1).mp3,17655,otologic_sounds_smart/Game Other/NES　汎用02/metadata.json
NES　汎用02-11(ノイズ 単音2).mp3,NES　汎用02-11(ノイズ 単音2).mp3,NES　汎用02,,,Game Other,https://otologic.jp/free/se/game-other01.html,https://otologic.jp/sounds/se/mp3-zip/SNES-Shooter02-mp3.zip,SNES-Shooter02-mp3.zip,otologic_sounds_smart/Game Other/NES　汎用02/NES　汎用02-11(ノイズ 単音2).mp3,11846,otologic_sounds_smart/Game Other/NES　汎用02/metadata.json
NES　汎用02-12(ノイズ 単音2).mp3,NES　汎用02-12(ノイズ 単音2).mp3,NES　汎用02,,,Game Other,https://otologic.jp/free/se/game-other01.html,https://otologic.jp/sounds/se/mp3-zip/SNES-Shooter02-mp3.zip,SNES-Shooter02-mp3.zip,otologic_sounds_smart/Game Other/NES　汎用02/NES　汎用02-12(ノイズ 単音2).mp3,11690,otologic_sounds_smart/Game Other/NES　汎用02/metadata.json
NES　汎用02-04(ノイズ 単音1).mp3,NES　汎用02-04(ノイズ 単音1).mp3,NES　汎用02,,,Game Other,https://otologic.jp/free/se/game-other01.html,https://otologic.jp/sounds/se/mp3-zip/SNES-Shooter02-mp3.zip,SNES-Shooter02-mp3.zip,otologic_sounds_smart/Game Other/NES　汎用02/NES　汎用02-04(ノイズ 単音1).mp3,17862,otologic_sounds_smart/Game Other/NES　汎用02/metadata.json
NES　汎用02-08(ノイズ 単音2).mp3,NES　汎用02-08(ノイズ 単音2).mp3,NES　汎用02,,,Game Other,https://otologic.jp/free/se/game-other01.html,https://otologic.jp/sounds/se/mp3-zip/SNES-Shooter02-mp3.zip,SNES-Shooter02-mp3.zip,otologic_sounds_smart/Game Other/NES　汎用02/NES　汎用02-08(ノイズ 単音2).mp3,11951,otologic_sounds_smart/Game Other/NES　汎用02/metadata.json
NES　汎用02-28(ノイズ フレーズ).mp3,NES　汎用02-28(ノイズ フレーズ).mp3,NES　汎用01,,,Game Other,https://otologic.jp/free/se/game-other01.html,https://otologic.jp/sounds/se/mp3-zip/SNES-Shooter02-mp3.zip,SNES-Shooter02-mp3.zip,otologic_sounds_smart/Game Other/NES　汎用01/NES　汎用02-28(ノイズ フレーズ).mp3,12684,otologic_sounds_smart/Game Other/NES　汎用01/metadata.json
NES　汎用02-15(ノイズ フレーズ).mp3,NES　汎用02-15(ノイズ フレーズ).mp3,NES　汎用01,,,Game Other,https://otologic.jp/free/se/game-other01.html,https://otologic.jp/sounds/se/mp3-zip/SNES-Shooter02-mp3.zip,SNES-Shooter02-mp3.zip,otologic_sounds_smart/Game Other/NES　汎用01/NES　汎用02-15(ノイズ フレーズ).mp3,13286,otologic_sounds_smart/Game Other/NES　汎用01/metadata.json
NES　汎用02-27(ノイズ フレーズ).mp3,NES　汎用02-27(ノイズ フレーズ).mp3,NES　汎用01,,,Game Other,https://otologic.jp/free/se/game-other01.html,https://otologic.jp/sounds/se/mp3-zip/SNES-Shooter02-mp3.zip,SNES-Shooter02-mp3.zip,otologic_sounds_smart/Game Other/NES　汎用01/NES　汎用02-27(ノイズ フレーズ).mp3,12528,otologic_sounds_smart/Game Other/NES　汎用01/metadata.json
NES　汎用02-20(ノイズ フレーズ).mp3,NES　汎用02-20(ノイズ フレーズ).mp3,NES　汎用01,,,Game Other,https://otologic.jp/free/se/game-other01.html,https://otologic.jp/sounds/se/mp3-zip/SNES-Shooter02-mp3.zip,SNES-Shooter02-mp3.zip,otologic_sounds_smart/Game Other/NES　汎用01/NES　汎用02-20(ノイズ フレーズ).mp3,12787,otologic_sounds_smart/Game Other/NES　汎用01/metadata.json
NES　汎用02-13(ノイズ 単音2).mp3,NES　汎用02-13(ノイズ 単音2).mp3,NES　汎用01,,,Game Other,https://otologic.jp/free/se/game-other01.html,https://otologic.jp/sounds/se/mp3-zip/SNES-Shooter02-mp3.zip,SNES-Shooter02-mp3.zip,otologic_sounds_smart/Game Other/NES　汎用01/NES　汎用02-13(ノイズ 単音2).mp3,11690,otologic_sounds_smart/Game Other/NES　汎用01/metadata.json
NES　汎用02-21(ノイズ フレーズ).mp3,NES　汎用02-21(ノイズ フレーズ).mp3,NES　汎用01,,,Game Other,https://otologic.jp/free/se/game-other01.html,https://otologic.jp/sounds/se/mp3-zip/SNES-Shooter02-mp3.zip,SNES-Shooter02-mp3.zip,otologic_sounds_smart/Game Other/NES　汎用01/NES　汎用02-21(ノイズ フレーズ).mp3,12606,otologic_sounds_smart/Game Other/NES　汎用01/metadata.json
NES　汎用02-14(ノイズ フレーズ).mp3,NES　汎用02-14(ノイズ フレーズ).mp3,NES　汎用01,,,Game Other,https://otologic.jp/free/se/game-other01.html,https://otologic.jp/sounds/se/mp3-zip/SNES-Shooter02-mp3.zip,SNES-Shooter02-mp3.zip,otologic_sounds_smart/Game Other/NES　汎用01/NES　汎用02-14(ノイズ フレーズ).mp3,13417,otologic_sounds_smart/Game Other/NES　汎用01/metadata.json
NES　汎用02-26(ノイズ フレーズ).mp3,NES　汎用02-26(ノイズ フレーズ).mp3,NES　汎用01,,,Game Other,https://otologic.jp/free/se/game-other01.html,https://otologic.jp/sounds/se/mp3-zip/SNES-Shooter02-mp3.zip,SNES-Shooter02-mp3.zip,otologic_sounds_smart/Game Other/NES　汎用01/NES　汎用02-26(ノイズ フレーズ).mp3,12580,otologic_sounds_smart/Game Other/NES　汎用01/metadata.json
NES　汎用02-23(ノイズ フレーズ).mp3,NES　汎用02-23(ノイズ フレーズ).mp3,NES　汎用01,,,Game Other,https://otologic.jp/free/se/game-other01.html,https://otologic.jp/sounds/se/mp3-zip/SNES-Shooter02-mp3.zip,SNES-Shooter02-mp3.zip,otologic_sounds_smart/Game Other/NES　汎用01/NES　汎用02-23(ノイズ フレーズ).mp3,12683,otologic_sounds_smart/Game Other/NES　汎用01/metadata.json
NES　汎用02-16(ノイズ フレーズ).mp3,NES　汎用02-16(ノイズ フレーズ).mp3,NES　汎用01,,,Game Other,https://otologic.jp/free/se/game-other01.html,https://otologic.jp/sounds/se/mp3-zip/SNES-Shooter02-mp3.zip,SNES-Shooter02-mp3.zip,otologic_sounds_smart/Game Other/NES　汎用01/NES　汎用02-16(ノイズ フレーズ).mp3,13521,otologic_sounds_smart/Game Other/NES　汎用01/metadata.json
NES　汎用02-24(ノイズ フレーズ).mp3,NES　汎用02-24(ノイズ フレーズ).mp3,NES　汎用01,,,Game Other,https://otologic.jp/free/se/game-other01.html,https://otologic.jp/sounds/se/mp3-zip/SNES-Shooter02-mp3.zip,SNES-Shooter02-mp3.zip,otologic_sounds_smart/Game Other/NES　汎用01/NES　汎用02-24(ノイズ フレーズ).mp3,13021,otologic_sounds_smart/Game Other/NES　汎用01/metadata.json
NES　汎用02-19(ノイズ フレーズ).mp3,NES　汎用02-19(ノイズ フレーズ).mp3,NES　汎用01,,,Game Other,https://otologic.jp/free/se/game-other01.html,https://otologic.jp/sounds/se/mp3-zip/SNES-Shooter02-mp3.zip,SNES-Shooter02-mp3.zip,otologic_sounds_smart/Game Other/NES　汎用01/NES　汎用02-19(ノイズ フレーズ).mp3,12684,otologic_sounds_smart/Game Other/NES　汎用01/metadata.json
NES　汎用02-17(ノイズ フレーズ).mp3,NES　汎用02-17(ノイズ フレーズ).mp3,NES　汎用01,,,Game Other,https://otologic.jp/free/se/game-other01.html,https://otologic.jp/sounds/se/mp3-zip/SNES-Shooter02-mp3.zip,SNES-Shooter02-mp3.zip,otologic_sounds_smart/Game Other/NES　汎用01/NES　汎用02-17(ノイズ フレーズ).mp3,13573,otologic_sounds_smart/Game Other/NES　汎用01/metadata.json
NES　汎用02-25(ノイズ フレーズ).mp3,NES　汎用02-25(ノイズ フレーズ).mp3,NES　汎用01,,,Game Other,https://otologic.jp/free/se/game-other01.html,https://otologic.jp/sounds/se/mp3-zip/SNES-Shooter02-mp3.zip,SNES-Shooter02-mp3.zip,otologic_sounds_smart/Game Other/NES　汎用01/NES　汎用02-25(ノイズ フレーズ).mp3,12892,otologic_sounds_smart/Game Other/NES　汎用01/metadata.json
NES　汎用02-18(ノイズ フレーズ).mp3,NES　汎用02-18(ノイズ フレーズ).mp3,NES　汎用01,,,Game Other,https://otologic.jp/free/se/game-other01.html,https://otologic.jp/sounds/se/mp3-zip/SNES-Shooter02-mp3.zip,SNES-Shooter02-mp3.zip,otologic_sounds_smart/Game Other/NES　汎用01/NES　汎用02-18(ノイズ フレーズ).mp3,11955,otologic_sounds_smart/Game Other/NES　汎用01/metadata.json
NES　汎用02-22(ノイズ フレーズ).mp3,NES　汎用02-22(ノイズ フレーズ).mp3,NES　汎用01,,,Game Other,https://otologic.jp/free/se/game-other01.html,https://otologic.jp/sounds/se/mp3-zip/SNES-Shooter02-mp3.zip,SNES-Shooter02-mp3.zip,otologic_sounds_smart/Game Other/NES　汎用01/NES　汎用02-22(ノイズ フレーズ).mp3,12736,otologic_sounds_smart/Game Other/NES　汎用01/metadata.json
GB　RPG01-1(攻撃).mp3,GB　RPG01-1(攻撃).mp3,GB　RPG01,,,game-rpg01,https://otologic.jp/free/se/game-rpg01.html,https://otologic.jp/sounds/se/mp3-zip/SNES-RPG01-mp3.zip,SNES-RPG01-mp3.zip,CSV: otologic_filenames.csv,0,otologic_filenames.csv
GB　RPG01-2(攻撃).mp3,GB　RPG01-2(攻撃).mp3,GB　RPG01,,,game-rpg01,https://otologic.jp/free/se/game-rpg01.html,https://otologic.jp/sounds/se/mp3-zip/SNES-RPG01-mp3.zip,SNES-RPG01-mp3.zip,CSV: otologic_filenames.csv,0,otologic_filenames.csv
GB　RPG01-3(倒す).mp3,GB　RPG01-3(倒す).mp3,GB　RPG01,,,game-rpg01,https://otologic.jp/free/se/game-rpg01.html,https://otologic.jp/sounds/se/mp3-zip/SNES-RPG01-mp3.zip,SNES-RPG01-mp3.zip,CSV: otologic_filenames.csv,0,otologic_filenames.csv
GB　RPG01-4(エンカウント).mp3,GB　RPG01-4(エンカウント).mp3,GB　RPG01,,,game-rpg01,https://otologic.jp/free/se/game-rpg01.html,https://otologic.jp/sounds/se/mp3-zip/SNES-RPG01-mp3.zip,SNES-RPG01-mp3.zip,CSV: otologic_filenames.csv,0,otologic_filenames.csv
GB　RPG01-5(入る).mp3,GB　RPG01-5(入る).mp3,GB　RPG01,,,game-rpg01,https://otologic.jp/free/se/game-rpg01.html,https://otologic.jp/sounds/se/mp3-zip/SNES-RPG01-mp3.zip,SNES-RPG01-mp3.zip,CSV: otologic_filenames.csv,0,otologic_filenames.csv
GB　RPG01-6(選択).mp3,GB　RPG01-6(選択).mp3,GB　RPG01,,,game-rpg01,https://otologic.jp/free/se/game-rpg01.html,https://otologic.jp/sounds/se/mp3-zip/SNES-RPG01-mp3.zip,SNES-RPG01-mp3.zip,CSV: otologic_filenames.csv,0,otologic_filenames.csv
GB　RPG01-7(選択).mp3,GB　RPG01-7(選択).mp3,GB　RPG01,,,game-rpg01,https://otologic.jp/free/se/game-rpg01.html,https://otologic.jp/sounds/se/mp3-zip/SNES-RPG01-mp3.zip,SNES-RPG01-mp3.zip,CSV: otologic_filenames.csv,0,otologic_filenames.csv
GB　RPG01-8(選択).mp3,GB　RPG01-8(選択).mp3,GB　RPG01,,,game-rpg01,https://otologic.jp/free/se/game-rpg01.html,https://otologic.jp/sounds/se/mp3-zip/SNES-RPG01-mp3.zip,SNES-RPG01-mp3.zip,CSV: otologic_filenames.csv,0,otologic_filenames.csv
GB　RPG01-9(ヒール).mp3,GB　RPG01-9(ヒール).mp3,GB　RPG01,,,game-rpg01,https://otologic.jp/free/se/game-rpg01.html,https://otologic.jp/sounds/se/mp3-zip/SNES-RPG01-mp3.zip,SNES-RPG01-mp3.zip,CSV: otologic_filenames.csv,0,otologic_filenames.csv
GB　RPG01-プレビュー.mp3,GB　RPG01-プレビュー.mp3,GB　RPG01,,,game-rpg01,https://otologic.jp/free/se/game-rpg01.html,https://otologic.jp/sounds/se/mp3-zip/SNES-RPG01-mp3.zip,SNES-RPG01-mp3.zip,CSV: otologic_filenames.csv,0,otologic_filenames.csv
Gen　格闘01-01(ヒット).mp3,Gen　格闘01-01(ヒット).mp3,Gen　格闘01,,,game-other01,https://otologic.jp/free/se/game-other01.html,https://otologic.jp/sounds/se/mp3-zip/GB-General04-mp3.zip,GB-General04-mp3.zip,CSV: otologic_filenames.csv,0,otologic_filenames.csv
Gen　格闘01-02(ヒット).mp3,Gen　格闘01-02(ヒット).mp3,Gen　格闘01,,,game-other01,https://otologic.jp/free/se/game-other01.html,https://otologic.jp/sounds/se/mp3-zip/GB-General04-mp3.zip,GB-General04-mp3.zip,CSV: otologic_filenames.csv,0,otologic_filenames.csv
Gen　格闘01-03(ヒット).mp3,Gen　格闘01-03(ヒット).mp3,Gen　格闘01,,,game-other01,https://otologic.jp/free/se/game-other01.html,https://otologic.jp/sounds/se/mp3-zip/GB-General04-mp3.zip,GB-General04-mp3.zip,CSV: otologic_filenames.csv,0,otologic_filenames.csv
Gen　格闘01-04(ヒット).mp3,Gen　格闘01-04(ヒット).mp3,Gen　格闘01,,,game-other01,https://otologic.jp/free/se/game-other01.html,https://otologic.jp/sounds/se/mp3-zip/GB-General04-mp3.zip,GB-General04-mp3.zip,CSV: otologic_filenames.csv,0,otologic_filenames.csv
Gen　格闘01-05(ヒット).mp3,Gen　格闘01-05(ヒット).mp3,Gen　格闘01,,,game-other01,https://otologic.jp/free/se/game-other01.html,https://otologic.jp/sounds/se/mp3-zip/GB-General04-mp3.zip,GB-General04-mp3.zip,CSV: otologic_filenames.csv,0,otologic_filenames.csv
Gen　格闘01-06(ヒット).mp3,Gen　格闘01-06(ヒット).mp3,Gen　格闘01,,,game-other01,https://otologic.jp/free/se/game-other01.html,https://otologic.jp/sounds/se/mp3-zip/GB-General04-mp3.zip,GB-General04-mp3.zip,CSV: otologic_filenames.csv,0,otologic_filenames.csv
Gen　格闘01-07(防御).mp3,Gen　格闘01-07(防御).mp3,Gen　格闘01,,,game-other01,https://otologic.jp/free/se/game-other01.html,https://otologic.jp/sounds/se/mp3-zip/GB-General04-mp3.zip,GB-General04-mp3.zip,CSV: otologic_filenames.csv,0,otologic_filenames.csv
Gen　格闘01-08(スイング).mp3,Gen　格闘01-08(スイング).mp3,Gen　格闘01,,,game-other01,https://otologic.jp/free/se/game-other01.html,https://otologic.jp/sounds/se/mp3-zip/GB-General04-mp3.zip,GB-General04-mp3.zip,CSV: otologic_filenames.csv,0,otologic_filenames.csv
Gen　格闘01-09(スイング).mp3,Gen　格闘01-09(スイング).mp3,Gen　格闘01,,,game-other01,https://otologic.jp/free/se/game-other01.html,https://otologic.jp/sounds/se/mp3-zip/GB-General04-mp3.zip,GB-General04-mp3.zip,CSV: otologic_filenames.csv,0,otologic_filenames.csv
Gen　格闘01-10(スイング).mp3,Gen　格闘01-10(スイング).mp3,Gen　格闘01,,,game-other01,https://otologic.jp/free/se/game-other01.html,https://otologic.jp/sounds/se/mp3-zip/GB-General04-mp3.zip,GB-General04-mp3.zip,CSV: otologic_filenames.csv,0,otologic_filenames.csv
Gen　格闘01-プレビュー.mp3,Gen　格闘01-プレビュー.mp3,Gen　格闘01,,,game-other01,https://otologic.jp/free/se/game-other01.html,https://otologic.jp/sounds/se/mp3-zip/GB-General04-mp3.zip,GB-General04-mp3.zip,CSV: otologic_filenames.csv,0,otologic_filenames.csv
NES　RPG01-01(攻撃).mp3,NES　RPG01-01(攻撃).mp3,NES　RPG01,,,game-shooter01,https://otologic.jp/free/se/game-shooter01.html,https://otologic.jp/sounds/se/mp3-zip/SNES-Shooter02-mp3.zip,SNES-Shooter02-mp3.zip,CSV: otologic_filenames.csv,0,otologic_filenames.csv
NES　RPG01-02(攻撃).mp3,NES　RPG01-02(攻撃).mp3,NES　RPG01,,,game-shooter01,https://otologic.jp/free/se/game-shooter01.html,https://otologic.jp/sounds/se/mp3-zip/SNES-Shooter02-mp3.zip,SNES-Shooter02-mp3.zip,CSV: otologic_filenames.csv,0,otologic_filenames.csv
NES　RPG01-03(攻撃).mp3,NES　RPG01-03(攻撃).mp3,NES　RPG01,,,game-shooter01,https://otologic.jp/free/se/game-shooter01.html,https://otologic.jp/sounds/se/mp3-zip/SNES-Shooter02-mp3.zip,SNES-Shooter02-mp3.zip,CSV: otologic_filenames.csv,0,otologic_filenames.csv
NES　RPG01-04(魔法).mp3,NES　RPG01-04(魔法).mp3,NES　RPG01,,,game-shooter01,https://otologic.jp/free/se/game-shooter01.html,https://otologic.jp/sounds/se/mp3-zip/SNES-Shooter02-mp3.zip,SNES-Shooter02-mp3.zip,CSV: otologic_filenames.csv,0,otologic_filenames.csv
NES　RPG01-05(魔法).mp3,NES　RPG01-05(魔法).mp3,NES　RPG01,,,game-shooter01,https://otologic.jp/free/se/game-shooter01.html,https://otologic.jp/sounds/se/mp3-zip/SNES-Shooter02-mp3.zip,SNES-Shooter02-mp3.zip,CSV: otologic_filenames.csv,0,otologic_filenames.csv
NES　RPG01-06(倒す).mp3,NES　RPG01-06(倒す).mp3,NES　RPG01,,,game-shooter01,https://otologic.jp/free/se/game-shooter01.html,https://otologic.jp/sounds/se/mp3-zip/SNES-Shooter02-mp3.zip,SNES-Shooter02-mp3.zip,CSV: otologic_filenames.csv,0,otologic_filenames.csv
NES　RPG01-07(倒す).mp3,NES　RPG01-07(倒す).mp3,NES　RPG01,,,game-shooter01,https://otologic.jp/free/se/game-shooter01.html,https://otologic.jp/sounds/se/mp3-zip/SNES-Shooter02-mp3.zip,SNES-Shooter02-mp3.zip,CSV: otologic_filenames.csv,0,otologic_filenames.csv
NES　RPG01-08(メッセージ).mp3,NES　RPG01-08(メッセージ).mp3,NES　RPG01,,,game-shooter01,https://otologic.jp/free/se/game-shooter01.html,https://otologic.jp/sounds/se/mp3-zip/SNES-Shooter02-mp3.zip,SNES-Shooter02-mp3.zip,CSV: otologic_filenames.csv,0,otologic_filenames.csv
NES　RPG01-09(メッセージ).mp3,NES　RPG01-09(メッセージ).mp3,NES　RPG01,,,game-shooter01,https://otologic.jp/free/se/game-shooter01.html,https://otologic.jp/sounds/se/mp3-zip/SNES-Shooter02-mp3.zip,SNES-Shooter02-mp3.zip,CSV: otologic_filenames.csv,0,otologic_filenames.csv
NES　RPG01-10(メッセージ).mp3,NES　RPG01-10(メッセージ).mp3,NES　RPG01,,,game-shooter01,https://otologic.jp/free/se/game-shooter01.html,https://otologic.jp/sounds/se/mp3-zip/SNES-Shooter02-mp3.zip,SNES-Shooter02-mp3.zip,CSV: otologic_filenames.csv,0,otologic_filenames.csv
NES　RPG01-11(選択).mp3,NES　RPG01-11(選択).mp3,NES　RPG01,,,game-shooter01,https://otologic.jp/free/se/game-shooter01.html,https://otologic.jp/sounds/se/mp3-zip/SNES-Shooter02-mp3.zip,SNES-Shooter02-mp3.zip,CSV: otologic_filenames.csv,0,otologic_filenames.csv
NES　RPG01-12(選択).mp3,NES　RPG01-12(選択).mp3,NES　RPG01,,,game-shooter01,https://otologic.jp/free/se/game-shooter01.html,https://otologic.jp/sounds/se/mp3-zip/SNES-Shooter02-mp3.zip,SNES-Shooter02-mp3.zip,CSV: otologic_filenames.csv,0,otologic_filenames.csv
NES　RPG01-13(宝箱).mp3,NES　RPG01-13(宝箱).mp3,NES　RPG01,,,game-shooter01,https://otologic.jp/free/se/game-shooter01.html,https://otologic.jp/sounds/se/mp3-zip/SNES-Shooter02-mp3.zip,SNES-Shooter02-mp3.zip,CSV: otologic_filenames.csv,0,otologic_filenames.csv
NES　RPG01-14(扉).mp3,NES　RPG01-14(扉).mp3,NES　RPG01,,,game-shooter01,https://otologic.jp/free/se/game-shooter01.html,https://otologic.jp/sounds/se/mp3-zip/SNES-Shooter02-mp3.zip,SNES-Shooter02-mp3.zip,CSV: otologic_filenames.csv,0,otologic_filenames.csv
NES　RPG01-プレビュー.mp3,NES　RPG01-プレビュー.mp3,NES　RPG01,,,game-shooter01,https://otologic.jp/free/se/game-shooter01.html,https://otologic.jp/sounds/se/mp3-zip/SNES-Shooter02-mp3.zip,SNES-Shooter02-mp3.zip,CSV: otologic_filenames.csv,0,otologic_filenames.csv
NES　RPG02-01(入る).mp3,NES　RPG02-01(入る).mp3,NES　RPG02,,,game-shooter01,https://otologic.jp/free/se/game-shooter01.html,https://otologic.jp/sounds/se/mp3-zip/SNES-Shooter02-mp3.zip,SNES-Shooter02-mp3.zip,CSV: otologic_filenames.csv,0,otologic_filenames.csv
NES　RPG02-02(壁).mp3,NES　RPG02-02(壁).mp3,NES　RPG02,,,game-shooter01,https://otologic.jp/free/se/game-shooter01.html,https://otologic.jp/sounds/se/mp3-zip/SNES-Shooter02-mp3.zip,SNES-Shooter02-mp3.zip,CSV: otologic_filenames.csv,0,otologic_filenames.csv
NES　RPG02-03(宝箱).mp3,NES　RPG02-03(宝箱).mp3,NES　RPG02,,,game-shooter01,https://otologic.jp/free/se/game-shooter01.html,https://otologic.jp/sounds/se/mp3-zip/SNES-Shooter02-mp3.zip,SNES-Shooter02-mp3.zip,CSV: otologic_filenames.csv,0,otologic_filenames.csv
NES　RPG02-04(ワープ).mp3,NES　RPG02-04(ワープ).mp3,NES　RPG02,,,game-shooter01,https://otologic.jp/free/se/game-shooter01.html,https://otologic.jp/sounds/se/mp3-zip/SNES-Shooter02-mp3.zip,SNES-Shooter02-mp3.zip,CSV: otologic_filenames.csv,0,otologic_filenames.csv
NES　RPG02-05(ワープ).mp3,NES　RPG02-05(ワープ).mp3,NES　RPG02,,,game-shooter01,https://otologic.jp/free/se/game-shooter01.html,https://otologic.jp/sounds/se/mp3-zip/SNES-Shooter02-mp3.zip,SNES-Shooter02-mp3.zip,CSV: otologic_filenames.csv,0,otologic_filenames.csv
NES　RPG02-06(選択).mp3,NES　RPG02-06(選択).mp3,NES　RPG02,,,game-shooter01,https://otologic.jp/free/se/game-shooter01.html,https://otologic.jp/sounds/se/mp3-zip/SNES-Shooter02-mp3.zip,SNES-Shooter02-mp3.zip,CSV: otologic_filenames.csv,0,otologic_filenames.csv
NES　RPG02-07(選択).mp3,NES　RPG02-07(選択).mp3,NES　RPG02,,,game-shooter01,https://otologic.jp/free/se/game-shooter01.html,https://otologic.jp/sounds/se/mp3-zip/SNES-Shooter02-mp3.zip,SNES-Shooter02-mp3.zip,CSV: otologic_filenames.csv,0,otologic_filenames.csv
NES　RPG02-08(メッセージ).mp3,NES　RPG02-08(メッセージ).mp3,NES　RPG02,,,game-shooter01,https://otologic.jp/free/se/game-shooter01.html,https://otologic.jp/sounds/se/mp3-zip/SNES-Shooter02-mp3.zip,SNES-Shooter02-mp3.zip,CSV: otologic_filenames.csv,0,otologic_filenames.csv
NES　RPG02-09(メッセージ).mp3,NES　RPG02-09(メッセージ).mp3,NES　RPG02,,,game-shooter01,https://otologic.jp/free/se/game-shooter01.html,https://otologic.jp/sounds/se/mp3-zip/SNES-Shooter02-mp3.zip,SNES-Shooter02-mp3.zip,CSV: otologic_filenames.csv,0,otologic_filenames.csv
NES　RPG02-10(メッセージ).mp3,NES　RPG02-10(メッセージ).mp3,NES　RPG02,,,game-shooter01,https://otologic.jp/free/se/game-shooter01.html,https://otologic.jp/sounds/se/mp3-zip/SNES-Shooter02-mp3.zip,SNES-Shooter02-mp3.zip,CSV: otologic_filenames.csv,0,otologic_filenames.csv
NES　RPG02-11(崩壊).mp3,NES　RPG02-11(崩壊).mp3,NES　RPG02,,,game-shooter01,https://otologic.jp/free/se/game-shooter01.html,https://otologic.jp/sounds/se/mp3-zip/SNES-Shooter02-mp3.zip,SNES-Shooter02-mp3.zip,CSV: otologic_filenames.csv,0,otologic_filenames.csv
NES　RPG02-12(崩壊).mp3,NES　RPG02-12(崩壊).mp3,NES　RPG02,,,game-shooter01,https://otologic.jp/free/se/game-shooter01.html,https://otologic.jp/sounds/se/mp3-zip/SNES-Shooter02-mp3.zip,SNES-Shooter02-mp3.zip,CSV: otologic_filenames.csv,0,otologic_filenames.csv
NES　RPG02-プレビュー.mp3,NES　RPG02-プレビュー.mp3,NES　RPG02,,,game-shooter01,https://otologic.jp/free/se/game-shooter01.html,https://otologic.jp/sounds/se/mp3-zip/SNES-Shooter02-mp3.zip,SNES-Shooter02-mp3.zip,CSV: otologic_filenames.csv,0,otologic_filenames.csv
NES　RPG03-01(攻撃).mp3,NES　RPG03-01(攻撃).mp3,NES　RPG03,,,game-shooter01,https://otologic.jp/free/se/game-shooter01.html,https://otologic.jp/sounds/se/mp3-zip/SNES-Shooter02-mp3.zip,SNES-Shooter02-mp3.zip,CSV: otologic_filenames.csv,0,otologic_filenames.csv
NES　RPG03-02(攻撃).mp3,NES　RPG03-02(攻撃).mp3,NES　RPG03,,,game-shooter01,https://otologic.jp/free/se/game-shooter01.html,https://otologic.jp/sounds/se/mp3-zip/SNES-Shooter02-mp3.zip,SNES-Shooter02-mp3.zip,CSV: otologic_filenames.csv,0,otologic_filenames.csv
NES　RPG03-03(ダメージ).mp3,NES　RPG03-03(ダメージ).mp3,NES　RPG03,,,game-shooter01,https://otologic.jp/free/se/game-shooter01.html,https://otologic.jp/sounds/se/mp3-zip/SNES-Shooter02-mp3.zip,SNES-Shooter02-mp3.zip,CSV: otologic_filenames.csv,0,otologic_filenames.csv
NES　RPG03-04(魔法).mp3,NES　RPG03-04(魔法).mp3,NES　RPG03,,,game-shooter01,https://otologic.jp/free/se/game-shooter01.html,https://otologic.jp/sounds/se/mp3-zip/SNES-Shooter02-mp3.zip,SNES-Shooter02-mp3.zip,CSV: otologic_filenames.csv,0,otologic_filenames.csv
NES　RPG03-05(魔法　炎).mp3,NES　RPG03-05(魔法　炎).mp3,NES　RPG03,,,game-shooter01,https://otologic.jp/free/se/game-shooter01.html,https://otologic.jp/sounds/se/mp3-zip/SNES-Shooter02-mp3.zip,SNES-Shooter02-mp3.zip,CSV: otologic_filenames.csv,0,otologic_filenames.csv
NES　RPG03-06(魔法　雷).mp3,NES　RPG03-06(魔法　雷).mp3,NES　RPG03,,,game-shooter01,https://otologic.jp/free/se/game-shooter01.html,https://otologic.jp/sounds/se/mp3-zip/SNES-Shooter02-mp3.zip,SNES-Shooter02-mp3.zip,CSV: otologic_filenames.csv,0,otologic_filenames.csv
NES　RPG03-07(魔法　氷).mp3,NES　RPG03-07(魔法　氷).mp3,NES　RPG03,,,game-shooter01,https://otologic.jp/free/se/game-shooter01.html,https://otologic.jp/sounds/se/mp3-zip/SNES-Shooter02-mp3.zip,SNES-Shooter02-mp3.zip,CSV: otologic_filenames.csv,0,otologic_filenames.csv
NES　RPG03-08(魔法　状態).mp3,NES　RPG03-08(魔法　状態).mp3,NES　RPG03,,,game-shooter01,https://otologic.jp/free/se/game-shooter01.html,https://otologic.jp/sounds/se/mp3-zip/SNES-Shooter02-mp3.zip,SNES-Shooter02-mp3.zip,CSV: otologic_filenames.csv,0,otologic_filenames.csv
NES　RPG03-09(魔法　ヒール).mp3,NES　RPG03-09(魔法　ヒール).mp3,NES　RPG03,,,game-shooter01,https://otologic.jp/free/se/game-shooter01.html,https://otologic.jp/sounds/se/mp3-zip/SNES-Shooter02-mp3.zip,SNES-Shooter02-mp3.zip,CSV: otologic_filenames.csv,0,otologic_filenames.csv
NES　RPG03-10(倒す).mp3,NES　RPG03-10(倒す).mp3,NES　RPG03,,,game-shooter01,https://otologic.jp/free/se/game-shooter01.html,https://otologic.jp/sounds/se/mp3-zip/SNES-Shooter02-mp3.zip,SNES-Shooter02-mp3.zip,CSV: otologic_filenames.csv,0,otologic_filenames.csv
NES　RPG03-11(エンカウント).mp3,NES　RPG03-11(エンカウント).mp3,NES　RPG03,,,game-shooter01,https://otologic.jp/free/se/game-shooter01.html,https://otologic.jp/sounds/se/mp3-zip/SNES-Shooter02-mp3.zip,SNES-Shooter02-mp3.zip,CSV: otologic_filenames.csv,0,otologic_filenames.csv
NES　RPG03-12(逃げる).mp3,NES　RPG03-12(逃げる).mp3,NES　RPG03,,,game-shooter01,https://otologic.jp/free/se/game-shooter01.html,https://otologic.jp/sounds/se/mp3-zip/SNES-Shooter02-mp3.zip,SNES-Shooter02-mp3.zip,CSV: otologic_filenames.csv,0,otologic_filenames.csv
NES　RPG03-プレビュー.mp3,NES　RPG03-プレビュー.mp3,NES　RPG03,,,game-shooter01,https://otologic.jp/free/se/game-shooter01.html,https://otologic.jp/sounds/se/mp3-zip/SNES-Shooter02-mp3.zip,SNES-Shooter02-mp3.zip,CSV: otologic_filenames.csv,0,otologic_filenames.csv
NES　アクション01-13(アイテム).mp3,NES　アクション01-13(アイテム).mp3,NES　アクション01,,,game-shooter01,https://otologic.jp/free/se/game-shooter01.html,https://otologic.jp/sounds/se/mp3-zip/SNES-Shooter02-mp3.zip,SNES-Shooter02-mp3.zip,CSV: otologic_filenames.csv,0,otologic_filenames.csv
NES　アクション01-14(入る).mp3,NES　アクション01-14(入る).mp3,NES　アクション01,,,game-shooter01,https://otologic.jp/free/se/game-shooter01.html,https://otologic.jp/sounds/se/mp3-zip/SNES-Shooter02-mp3.zip,SNES-Shooter02-mp3.zip,CSV: otologic_filenames.csv,0,otologic_filenames.csv
NES　アクション01-15(ミス).mp3,NES　アクション01-15(ミス).mp3,NES　アクション01,,,game-shooter01,https://otologic.jp/free/se/game-shooter01.html,https://otologic.jp/sounds/se/mp3-zip/SNES-Shooter02-mp3.zip,SNES-Shooter02-mp3.zip,CSV: otologic_filenames.csv,0,otologic_filenames.csv
NES　アクション01-16(スコア).mp3,NES　アクション01-16(スコア).mp3,NES　アクション01,,,game-shooter01,https://otologic.jp/free/se/game-shooter01.html,https://otologic.jp/sounds/se/mp3-zip/SNES-Shooter02-mp3.zip,SNES-Shooter02-mp3.zip,CSV: otologic_filenames.csv,0,otologic_filenames.csv
NES　アクション01-プレビュー.mp3,NES　アクション01-プレビュー.mp3,NES　アクション01,,,game-shooter01,https://otologic.jp/free/se/game-shooter01.html,https://otologic.jp/sounds/se/mp3-zip/SNES-Shooter02-mp3.zip,SNES-Shooter02-mp3.zip,CSV: otologic_filenames.csv,0,otologic_filenames.csv
NES　汎用01-01(ピッチ).mp3,NES　汎用01-01(ピッチ).mp3,NES　汎用01,,,game-shooter01,https://otologic.jp/free/se/game-shooter01.html,https://otologic.jp/sounds/se/mp3-zip/SNES-Shooter02-mp3.zip,SNES-Shooter02-mp3.zip,CSV: otologic_filenames.csv,0,otologic_filenames.csv
NES　汎用01-02(ピッチ).mp3,NES　汎用01-02(ピッチ).mp3,NES　汎用01,,,game-shooter01,https://otologic.jp/free/se/game-shooter01.html,https://otologic.jp/sounds/se/mp3-zip/SNES-Shooter02-mp3.zip,SNES-Shooter02-mp3.zip,CSV: otologic_filenames.csv,0,otologic_filenames.csv
NES　汎用01-03(ピッチ).mp3,NES　汎用01-03(ピッチ).mp3,NES　汎用01,,,game-shooter01,https://otologic.jp/free/se/game-shooter01.html,https://otologic.jp/sounds/se/mp3-zip/SNES-Shooter02-mp3.zip,SNES-Shooter02-mp3.zip,CSV: otologic_filenames.csv,0,otologic_filenames.csv
NES　汎用01-04(ピッチ).mp3,NES　汎用01-04(ピッチ).mp3,NES　汎用01,,,game-shooter01,https://otologic.jp/free/se/game-shooter01.html,https://otologic.jp/sounds/se/mp3-zip/SNES-Shooter02-mp3.zip,SNES-Shooter02-mp3.zip,CSV: otologic_filenames.csv,0,otologic_filenames.csv
NES　汎用01-05(ピッチ).mp3,NES　汎用01-05(ピッチ).mp3,NES　汎用01,,,game-shooter01,https://otologic.jp/free/se/game-shooter01.html,https://otologic.jp/sounds/se/mp3-zip/SNES-Shooter02-mp3.zip,SNES-Shooter02-mp3.zip,CSV: otologic_filenames.csv,0,otologic_filenames.csv
NES　汎用01-06(ピッチ).mp3,NES　汎用01-06(ピッチ).mp3,NES　汎用01,,,game-shooter01,https://otologic.jp/free/se/game-shooter01.html,https://otologic.jp/sounds/se/mp3-zip/SNES-Shooter02-mp3.zip,SNES-Shooter02-mp3.zip,CSV: otologic_filenames.csv,0,otologic_filenames.csv
NES　汎用01-07(ピッチ).mp3,NES　汎用01-07(ピッチ).mp3,NES　汎用01,,,game-shooter01,https://otologic.jp/free/se/game-shooter01.html,https://otologic.jp/sounds/se/mp3-zip/SNES-Shooter02-mp3.zip,SNES-Shooter02-mp3.zip,CSV: otologic_filenames.csv,0,otologic_filenames.csv
NES　汎用01-08(ピッチ).mp3,NES　汎用01-08(ピッチ).mp3,NES　汎用01,,,game-shooter01,https://otologic.jp/free/se/game-shooter01.html,https://otologic.jp/sounds/se/mp3-zip/SNES-Shooter02-mp3.zip,SNES-Shooter02-mp3.zip,CSV: otologic_filenames.csv,0,otologic_filenames.csv
NES　汎用01-09(ピッチ).mp3,NES　汎用01-09(ピッチ).mp3,NES　汎用01,,,game-shooter01,https://otologic.jp/free/se/game-shooter01.html,https://otologic.jp/sounds/se/mp3-zip/SNES-Shooter02-mp3.zip,SNES-Shooter02-mp3.zip,CSV: otologic_filenames.csv,0,otologic_filenames.csv
NES　汎用01-10(ピッチ).mp3,NES　汎用01-10(ピッチ).mp3,NES　汎用01,,,game-shooter01,https://otologic.jp/free/se/game-shooter01.html,https://otologic.jp/sounds/se/mp3-zip/SNES-Shooter02-mp3.zip,SNES-Shooter02-mp3.zip,CSV: otologic_filenames.csv,0,otologic_filenames.csv
NES　汎用01-11(ピッチ).mp3,NES　汎用01-11(ピッチ).mp3,NES　汎用01,,,game-shooter01,https://otologic.jp/free/se/game-shooter01.html,https://otologic.jp/sounds/se/mp3-zip/SNES-Shooter02-mp3.zip,SNES-Shooter02-mp3.zip,CSV: otologic_filenames.csv,0,otologic_filenames.csv
NES　汎用01-12(ピッチ).mp3,NES　汎用01-12(ピッチ).mp3,NES　汎用01,,,game-shooter01,https://otologic.jp/free/se/game-shooter01.html,https://otologic.jp/sounds/se/mp3-zip/SNES-Shooter02-mp3.zip,SNES-Shooter02-mp3.zip,CSV: otologic_filenames.csv,0,otologic_filenames.csv
NES　汎用01-13(ピッチ).mp3,NES　汎用01-13(ピッチ).mp3,NES　汎用01,,,game-shooter01,https://otologic.jp/free/se/game-shooter01.html,https://otologic.jp/sounds/se/mp3-zip/SNES-Shooter02-mp3.zip,SNES-Shooter02-mp3.zip,CSV: otologic_filenames.csv,0,otologic_filenames.csv
NES　汎用01-14(ピッチ).mp3,NES　汎用01-14(ピッチ).mp3,NES　汎用01,,,game-shooter01,https://otologic.jp/free/se/game-shooter01.html,https://otologic.jp/sounds/se/mp3-zip/SNES-Shooter02-mp3.zip,SNES-Shooter02-mp3.zip,CSV: otologic_filenames.csv,0,otologic_filenames.csv
NES　汎用01-15(ピッチ).mp3,NES　汎用01-15(ピッチ).mp3,NES　汎用01,,,game-shooter01,https://otologic.jp/free/se/game-shooter01.html,https://otologic.jp/sounds/se/mp3-zip/SNES-Shooter02-mp3.zip,SNES-Shooter02-mp3.zip,CSV: otologic_filenames.csv,0,otologic_filenames.csv
NES　汎用01-16(スウィープ).mp3,NES　汎用01-16(スウィープ).mp3,NES　汎用01,,,game-shooter01,https://otologic.jp/free/se/game-shooter01.html,https://otologic.jp/sounds/se/mp3-zip/SNES-Shooter02-mp3.zip,SNES-Shooter02-mp3.zip,CSV: otologic_filenames.csv,0,otologic_filenames.csv
NES　汎用01-17(スウィープ).mp3,NES　汎用01-17(スウィープ).mp3,NES　汎用01,,,game-shooter01,https://otologic.jp/free/se/game-shooter01.html,https://otologic.jp/sounds/se/mp3-zip/SNES-Shooter02-mp3.zip,SNES-Shooter02-mp3.zip,CSV: otologic_filenames.csv,0,otologic_filenames.csv
NES　汎用01-18(ビープ).mp3,NES　汎用01-18(ビープ).mp3,NES　汎用01,,,game-shooter01,https://otologic.jp/free/se/game-shooter01.html,https://otologic.jp/sounds/se/mp3-zip/SNES-Shooter02-mp3.zip,SNES-Shooter02-mp3.zip,CSV: otologic_filenames.csv,0,otologic_filenames.csv
NES　汎用01-19(ビープ).mp3,NES　汎用01-19(ビープ).mp3,NES　汎用01,,,game-shooter01,https://otologic.jp/free/se/game-shooter01.html,https://otologic.jp/sounds/se/mp3-zip/SNES-Shooter02-mp3.zip,SNES-Shooter02-mp3.zip,CSV: otologic_filenames.csv,0,otologic_filenames.csv
NES　汎用01-20(ビープ).mp3,NES　汎用01-20(ビープ).mp3,NES　汎用01,,,game-shooter01,https://otologic.jp/free/se/game-shooter01.html,https://otologic.jp/sounds/se/mp3-zip/SNES-Shooter02-mp3.zip,SNES-Shooter02-mp3.zip,CSV: otologic_filenames.csv,0,otologic_filenames.csv
NES　汎用01-21(ビープ).mp3,NES　汎用01-21(ビープ).mp3,NES　汎用01,,,game-shooter01,https://otologic.jp/free/se/game-shooter01.html,https://otologic.jp/sounds/se/mp3-zip/SNES-Shooter02-mp3.zip,SNES-Shooter02-mp3.zip,CSV: otologic_filenames.csv,0,otologic_filenames.csv
NES　汎用01-22(ノイズ).mp3,NES　汎用01-22(ノイズ).mp3,NES　汎用01,,,game-shooter01,https://otologic.jp/free/se/game-shooter01.html,https://otologic.jp/sounds/se/mp3-zip/SNES-Shooter02-mp3.zip,SNES-Shooter02-mp3.zip,CSV: otologic_filenames.csv,0,otologic_filenames.csv
NES　汎用01-23(ノイズ).mp3,NES　汎用01-23(ノイズ).mp3,NES　汎用01,,,game-shooter01,https://otologic.jp/free/se/game-shooter01.html,https://otologic.jp/sounds/se/mp3-zip/SNES-Shooter02-mp3.zip,SNES-Shooter02-mp3.zip,CSV: otologic_filenames.csv,0,otologic_filenames.csv
NES　汎用01-24(ノイズ).mp3,NES　汎用01-24(ノイズ).mp3,NES　汎用01,,,game-shooter01,https://otologic.jp/free/se/game-shooter01.html,https://otologic.jp/sounds/se/mp3-zip/SNES-Shooter02-mp3.zip,SNES-Shooter02-mp3.zip,CSV: otologic_filenames.csv,0,otologic_filenames.csv
NES　汎用01-プレビュー.mp3,NES　汎用01-プレビュー.mp3,NES　汎用01,,,game-shooter01,https://otologic.jp/free/se/game-shooter01.html,https://otologic.jp/sounds/se/mp3-zip/SNES-Shooter02-mp3.zip,SNES-Shooter02-mp3.zip,CSV: otologic_filenames.csv,0,otologic_filenames.csv
NES　汎用02-29(ノイズ フレーズ).mp3,NES　汎用02-29(ノイズ フレーズ).mp3,NES　汎用02,,,game-shooter01,https://otologic.jp/free/se/game-shooter01.html,https://otologic.jp/sounds/se/mp3-zip/SNES-Shooter02-mp3.zip,SNES-Shooter02-mp3.zip,CSV: otologic_filenames.csv,0,otologic_filenames.csv
NES　汎用02-30(ノイズ フレーズ).mp3,NES　汎用02-30(ノイズ フレーズ).mp3,NES　汎用02,,,game-shooter01,https://otologic.jp/free/se/game-shooter01.html,https://otologic.jp/sounds/se/mp3-zip/SNES-Shooter02-mp3.zip,SNES-Shooter02-mp3.zip,CSV: otologic_filenames.csv,0,otologic_filenames.csv
NES　汎用02-31(ノイズ フレーズ).mp3,NES　汎用02-31(ノイズ フレーズ).mp3,NES　汎用02,,,game-shooter01,https://otologic.jp/free/se/game-shooter01.html,https://otologic.jp/sounds/se/mp3-zip/SNES-Shooter02-mp3.zip,SNES-Shooter02-mp3.zip,CSV: otologic_filenames.csv,0,otologic_filenames.csv
NES　汎用02-32(ノイズ フレーズ).mp3,NES　汎用02-32(ノイズ フレーズ).mp3,NES　汎用02,,,game-shooter01,https://otologic.jp/free/se/game-shooter01.html,https://otologic.jp/sounds/se/mp3-zip/SNES-Shooter02-mp3.zip,SNES-Shooter02-mp3.zip,CSV: otologic_filenames.csv,0,otologic_filenames.csv
NES　汎用02-33(ノイズ フレーズ).mp3,NES　汎用02-33(ノイズ フレーズ).mp3,NES　汎用02,,,game-shooter01,https://otologic.jp/free/se/game-shooter01.html,https://otologic.jp/sounds/se/mp3-zip/SNES-Shooter02-mp3.zip,SNES-Shooter02-mp3.zip,CSV: otologic_filenames.csv,0,otologic_filenames.csv
NES　汎用02-34(ノイズ フレーズ).mp3,NES　汎用02-34(ノイズ フレーズ).mp3,NES　汎用02,,,game-shooter01,https://otologic.jp/free/se/game-shooter01.html,https://otologic.jp/sounds/se/mp3-zip/SNES-Shooter02-mp3.zip,SNES-Shooter02-mp3.zip,CSV: otologic_filenames.csv,0,otologic_filenames.csv
NES　汎用02-35(ノイズ フレーズ).mp3,NES　汎用02-35(ノイズ フレーズ).mp3,NES　汎用02,,,game-shooter01,https://otologic.jp/free/se/game-shooter01.html,https://otologic.jp/sounds/se/mp3-zip/SNES-Shooter02-mp3.zip,SNES-Shooter02-mp3.zip,CSV: otologic_filenames.csv,0,otologic_filenames.csv
NES　汎用02-36(ノイズ フレーズ).mp3,NES　汎用02-36(ノイズ フレーズ).mp3,NES　汎用02,,,game-shooter01,https://otologic.jp/free/se/game-shooter01.html,https://otologic.jp/sounds/se/mp3-zip/SNES-Shooter02-mp3.zip,SNES-Shooter02-mp3.zip,CSV: otologic_filenames.csv,0,otologic_filenames.csv
NES　汎用02-37(ノイズ フレーズ).mp3,NES　汎用02-37(ノイズ フレーズ).mp3,NES　汎用02,,,game-shooter01,https://otologic.jp/free/se/game-shooter01.html,https://otologic.jp/sounds/se/mp3-zip/SNES-Shooter02-mp3.zip,SNES-Shooter02-mp3.zip,CSV: otologic_filenames.csv,0,otologic_filenames.csv
NES　汎用02-38(ノイズ フレーズ).mp3,NES　汎用02-38(ノイズ フレーズ).mp3,NES　汎用02,,,game-shooter01,https://otologic.jp/free/se/game-shooter01.html,https://otologic.jp/sounds/se/mp3-zip/SNES-Shooter02-mp3.zip,SNES-Shooter02-mp3.zip,CSV: otologic_filenames.csv,0,otologic_filenames.csv
SNES　RPG01-01(宝箱).mp3,SNES　RPG01-01(宝箱).mp3,SNES　RPG01,,,game-shooter01,https://otologic.jp/free/se/game-shooter01.html,https://otologic.jp/sounds/se/mp3-zip/SNES-Shooter02-mp3.zip,SNES-Shooter02-mp3.zip,CSV: otologic_filenames.csv,0,otologic_filenames.csv
SNES　RPG01-02(ドア).mp3,SNES　RPG01-02(ドア).mp3,SNES　RPG01,,,game-shooter01,https://otologic.jp/free/se/game-shooter01.html,https://otologic.jp/sounds/se/mp3-zip/SNES-Shooter02-mp3.zip,SNES-Shooter02-mp3.zip,CSV: otologic_filenames.csv,0,otologic_filenames.csv
SNES　RPG01-03(扉).mp3,SNES　RPG01-03(扉).mp3,SNES　RPG01,,,game-shooter01,https://otologic.jp/free/se/game-shooter01.html,https://otologic.jp/sounds/se/mp3-zip/SNES-Shooter02-mp3.zip,SNES-Shooter02-mp3.zip,CSV: otologic_filenames.csv,0,otologic_filenames.csv
SNES　RPG01-04(壁).mp3,SNES　RPG01-04(壁).mp3,SNES　RPG01,,,game-shooter01,https://otologic.jp/free/se/game-shooter01.html,https://otologic.jp/sounds/se/mp3-zip/SNES-Shooter02-mp3.zip,SNES-Shooter02-mp3.zip,CSV: otologic_filenames.csv,0,otologic_filenames.csv
SNES　RPG01-05(階段).mp3,SNES　RPG01-05(階段).mp3,SNES　RPG01,,,game-shooter01,https://otologic.jp/free/se/game-shooter01.html,https://otologic.jp/sounds/se/mp3-zip/SNES-Shooter02-mp3.zip,SNES-Shooter02-mp3.zip,CSV: otologic_filenames.csv,0,otologic_filenames.csv
SNES　RPG01-06(階段).mp3,SNES　RPG01-06(階段).mp3,SNES　RPG01,,,game-shooter01,https://otologic.jp/free/se/game-shooter01.html,https://otologic.jp/sounds/se/mp3-zip/SNES-Shooter02-mp3.zip,SNES-Shooter02-mp3.zip,CSV: otologic_filenames.csv,0,otologic_filenames.csv
SNES　RPG01-07(メッセージ).mp3,SNES　RPG01-07(メッセージ).mp3,SNES　RPG01,,,game-shooter01,https://otologic.jp/free/se/game-shooter01.html,https://otologic.jp/sounds/se/mp3-zip/SNES-Shooter02-mp3.zip,SNES-Shooter02-mp3.zip,CSV: otologic_filenames.csv,0,otologic_filenames.csv
SNES　RPG01-08(メッセージ).mp3,SNES　RPG01-08(メッセージ).mp3,SNES　RPG01,,,game-shooter01,https://otologic.jp/free/se/game-shooter01.html,https://otologic.jp/sounds/se/mp3-zip/SNES-Shooter02-mp3.zip,SNES-Shooter02-mp3.zip,CSV: otologic_filenames.csv,0,otologic_filenames.csv
SNES　RPG01-09(メッセージ).mp3,SNES　RPG01-09(メッセージ).mp3,SNES　RPG01,,,game-shooter01,https://otologic.jp/free/se/game-shooter01.html,https://otologic.jp/sounds/se/mp3-zip/SNES-Shooter02-mp3.zip,SNES-Shooter02-mp3.zip,CSV: otologic_filenames.csv,0,otologic_filenames.csv
SNES　RPG01-10(選択).mp3,SNES　RPG01-10(選択).mp3,SNES　RPG01,,,game-shooter01,https://otologic.jp/free/se/game-shooter01.html,https://otologic.jp/sounds/se/mp3-zip/SNES-Shooter02-mp3.zip,SNES-Shooter02-mp3.zip,CSV: otologic_filenames.csv,0,otologic_filenames.csv
SNES　RPG01-11(選択).mp3,SNES　RPG01-11(選択).mp3,SNES　RPG01,,,game-shooter01,https://otologic.jp/free/se/game-shooter01.html,https://otologic.jp/sounds/se/mp3-zip/SNES-Shooter02-mp3.zip,SNES-Shooter02-mp3.zip,CSV: otologic_filenames.csv,0,otologic_filenames.csv
SNES　RPG01-12(選択).mp3,SNES　RPG01-12(選択).mp3,SNES　RPG01,,,game-shooter01,https://otologic.jp/free/se/game-shooter01.html,https://otologic.jp/sounds/se/mp3-zip/SNES-Shooter02-mp3.zip,SNES-Shooter02-mp3.zip,CSV: otologic_filenames.csv,0,otologic_filenames.csv
SNES　RPG01-プレビュー.mp3,SNES　RPG01-プレビュー.mp3,SNES　RPG01,,,game-shooter01,https://otologic.jp/free/se/game-shooter01.html,https://otologic.jp/sounds/se/mp3-zip/SNES-Shooter02-mp3.zip,SNES-Shooter02-mp3.zip,CSV: otologic_filenames.csv,0,otologic_filenames.csv
SNES　RPG02-01(攻撃　剣).mp3,SNES　RPG02-01(攻撃　剣).mp3,SNES　RPG02,,,game-shooter01,https://otologic.jp/free/se/game-shooter01.html,https://otologic.jp/sounds/se/mp3-zip/SNES-Shooter02-mp3.zip,SNES-Shooter02-mp3.zip,CSV: otologic_filenames.csv,0,otologic_filenames.csv
SNES　RPG02-02(攻撃　ブーメラン).mp3,SNES　RPG02-02(攻撃　ブーメラン).mp3,SNES　RPG02,,,game-shooter01,https://otologic.jp/free/se/game-shooter01.html,https://otologic.jp/sounds/se/mp3-zip/SNES-Shooter02-mp3.zip,SNES-Shooter02-mp3.zip,CSV: otologic_filenames.csv,0,otologic_filenames.csv
SNES　RPG02-03(攻撃　ムチ).mp3,SNES　RPG02-03(攻撃　ムチ).mp3,SNES　RPG02,,,game-shooter01,https://otologic.jp/free/se/game-shooter01.html,https://otologic.jp/sounds/se/mp3-zip/SNES-Shooter02-mp3.zip,SNES-Shooter02-mp3.zip,CSV: otologic_filenames.csv,0,otologic_filenames.csv
SNES　RPG02-04(攻撃　パンチ).mp3,SNES　RPG02-04(攻撃　パンチ).mp3,SNES　RPG02,,,game-shooter01,https://otologic.jp/free/se/game-shooter01.html,https://otologic.jp/sounds/se/mp3-zip/SNES-Shooter02-mp3.zip,SNES-Shooter02-mp3.zip,CSV: otologic_filenames.csv,0,otologic_filenames.csv
SNES　RPG02-05(ダメージ).mp3,SNES　RPG02-05(ダメージ).mp3,SNES　RPG02,,,game-shooter01,https://otologic.jp/free/se/game-shooter01.html,https://otologic.jp/sounds/se/mp3-zip/SNES-Shooter02-mp3.zip,SNES-Shooter02-mp3.zip,CSV: otologic_filenames.csv,0,otologic_filenames.csv
SNES　RPG02-06(ダメージ).mp3,SNES　RPG02-06(ダメージ).mp3,SNES　RPG02,,,game-shooter01,https://otologic.jp/free/se/game-shooter01.html,https://otologic.jp/sounds/se/mp3-zip/SNES-Shooter02-mp3.zip,SNES-Shooter02-mp3.zip,CSV: otologic_filenames.csv,0,otologic_filenames.csv
SNES　RPG02-07(攻撃　敵).mp3,SNES　RPG02-07(攻撃　敵).mp3,SNES　RPG02,,,game-shooter01,https://otologic.jp/free/se/game-shooter01.html,https://otologic.jp/sounds/se/mp3-zip/SNES-Shooter02-mp3.zip,SNES-Shooter02-mp3.zip,CSV: otologic_filenames.csv,0,otologic_filenames.csv
SNES　RPG02-08(ダメージ).mp3,SNES　RPG02-08(ダメージ).mp3,SNES　RPG02,,,game-shooter01,https://otologic.jp/free/se/game-shooter01.html,https://otologic.jp/sounds/se/mp3-zip/SNES-Shooter02-mp3.zip,SNES-Shooter02-mp3.zip,CSV: otologic_filenames.csv,0,otologic_filenames.csv
SNES　RPG02-09(ミス).mp3,SNES　RPG02-09(ミス).mp3,SNES　RPG02,,,game-shooter01,https://otologic.jp/free/se/game-shooter01.html,https://otologic.jp/sounds/se/mp3-zip/SNES-Shooter02-mp3.zip,SNES-Shooter02-mp3.zip,CSV: otologic_filenames.csv,0,otologic_filenames.csv
SNES　RPG02-10(逃げる).mp3,SNES　RPG02-10(逃げる).mp3,SNES　RPG02,,,game-shooter01,https://otologic.jp/free/se/game-shooter01.html,https://otologic.jp/sounds/se/mp3-zip/SNES-Shooter02-mp3.zip,SNES-Shooter02-mp3.zip,CSV: otologic_filenames.csv,0,otologic_filenames.csv
SNES　RPG02-プレビュー.mp3,SNES　RPG02-プレビュー.mp3,SNES　RPG02,,,game-shooter01,https://otologic.jp/free/se/game-shooter01.html,https://otologic.jp/sounds/se/mp3-zip/SNES-Shooter02-mp3.zip,SNES-Shooter02-mp3.zip,CSV: otologic_filenames.csv,0,otologic_filenames.csv
SNES　RPG03-1(入る).mp3,SNES　RPG03-1(入る).mp3,SNES　RPG03,,,game-shooter01,https://otologic.jp/free/se/game-shooter01.html,https://otologic.jp/sounds/se/mp3-zip/SNES-Shooter02-mp3.zip,SNES-Shooter02-mp3.zip,CSV: otologic_filenames.csv,0,otologic_filenames.csv
SNES　RPG03-2(ドア).mp3,SNES　RPG03-2(ドア).mp3,SNES　RPG03,,,game-shooter01,https://otologic.jp/free/se/game-shooter01.html,https://otologic.jp/sounds/se/mp3-zip/SNES-Shooter02-mp3.zip,SNES-Shooter02-mp3.zip,CSV: otologic_filenames.csv,0,otologic_filenames.csv
SNES　RPG03-3(扉).mp3,SNES　RPG03-3(扉).mp3,SNES　RPG03,,,game-shooter01,https://otologic.jp/free/se/game-shooter01.html,https://otologic.jp/sounds/se/mp3-zip/SNES-Shooter02-mp3.zip,SNES-Shooter02-mp3.zip,CSV: otologic_filenames.csv,0,otologic_filenames.csv
SNES　RPG03-4(宝箱).mp3,SNES　RPG03-4(宝箱).mp3,SNES　RPG03,,,game-shooter01,https://otologic.jp/free/se/game-shooter01.html,https://otologic.jp/sounds/se/mp3-zip/SNES-Shooter02-mp3.zip,SNES-Shooter02-mp3.zip,CSV: otologic_filenames.csv,0,otologic_filenames.csv
SNES　RPG03-5(スイッチ).mp3,SNES　RPG03-5(スイッチ).mp3,SNES　RPG03,,,game-shooter01,https://otologic.jp/free/se/game-shooter01.html,https://otologic.jp/sounds/se/mp3-zip/SNES-Shooter02-mp3.zip,SNES-Shooter02-mp3.zip,CSV: otologic_filenames.csv,0,otologic_filenames.csv
SNES　RPG03-6(購入).mp3,SNES　RPG03-6(購入).mp3,SNES　RPG03,,,game-shooter01,https://otologic.jp/free/se/game-shooter01.html,https://otologic.jp/sounds/se/mp3-zip/SNES-Shooter02-mp3.zip,SNES-Shooter02-mp3.zip,CSV: otologic_filenames.csv,0,otologic_filenames.csv
SNES　RPG03-7(選択).mp3,SNES　RPG03-7(選択).mp3,SNES　RPG03,,,game-shooter01,https://otologic.jp/free/se/game-shooter01.html,https://otologic.jp/sounds/se/mp3-zip/SNES-Shooter02-mp3.zip,SNES-Shooter02-mp3.zip,CSV: otologic_filenames.csv,0,otologic_filenames.csv
SNES　RPG03-8(選択).mp3,SNES　RPG03-8(選択).mp3,SNES　RPG03,,,game-shooter01,https://otologic.jp/free/se/game-shooter01.html,https://otologic.jp/sounds/se/mp3-zip/SNES-Shooter02-mp3.zip,SNES-Shooter02-mp3.zip,CSV: otologic_filenames.csv,0,otologic_filenames.csv
SNES　RPG03-9(崩壊).mp3,SNES　RPG03-9(崩壊).mp3,SNES　RPG03,,,game-shooter01,https://otologic.jp/free/se/game-shooter01.html,https://otologic.jp/sounds/se/mp3-zip/SNES-Shooter02-mp3.zip,SNES-Shooter02-mp3.zip,CSV: otologic_filenames.csv,0,otologic_filenames.csv
SNES　RPG03-プレビュー.mp3,SNES　RPG03-プレビュー.mp3,SNES　RPG03,,,game-shooter01,https://otologic.jp/free/se/game-shooter01.html,https://otologic.jp/sounds/se/mp3-zip/SNES-Shooter02-mp3.zip,SNES-Shooter02-mp3.zip,CSV: otologic_filenames.csv,0,otologic_filenames.csv
SNES　RPG04-01(詠唱).mp3,SNES　RPG04-01(詠唱).mp3,SNES　RPG04,,,game-shooter01,https://otologic.jp/free/se/game-shooter01.html,https://otologic.jp/sounds/se/mp3-zip/SNES-Shooter02-mp3.zip,SNES-Shooter02-mp3.zip,CSV: otologic_filenames.csv,0,otologic_filenames.csv
SNES　RPG04-02(魔法　炎１).mp3,SNES　RPG04-02(魔法　炎１).mp3,SNES　RPG04,,,game-shooter01,https://otologic.jp/free/se/game-shooter01.html,https://otologic.jp/sounds/se/mp3-zip/SNES-Shooter02-mp3.zip,SNES-Shooter02-mp3.zip,CSV: otologic_filenames.csv,0,otologic_filenames.csv
SNES　RPG04-03(魔法　炎２).mp3,SNES　RPG04-03(魔法　炎２).mp3,SNES　RPG04,,,game-shooter01,https://otologic.jp/free/se/game-shooter01.html,https://otologic.jp/sounds/se/mp3-zip/SNES-Shooter02-mp3.zip,SNES-Shooter02-mp3.zip,CSV: otologic_filenames.csv,0,otologic_filenames.csv
SNES　RPG04-04(魔法　炎３).mp3,SNES　RPG04-04(魔法　炎３).mp3,SNES　RPG04,,,game-shooter01,https://otologic.jp/free/se/game-shooter01.html,https://otologic.jp/sounds/se/mp3-zip/SNES-Shooter02-mp3.zip,SNES-Shooter02-mp3.zip,CSV: otologic_filenames.csv,0,otologic_filenames.csv
SNES　RPG04-05(魔法　雷１).mp3,SNES　RPG04-05(魔法　雷１).mp3,SNES　RPG04,,,game-shooter01,https://otologic.jp/free/se/game-shooter01.html,https://otologic.jp/sounds/se/mp3-zip/SNES-Shooter02-mp3.zip,SNES-Shooter02-mp3.zip,CSV: otologic_filenames.csv,0,otologic_filenames.csv
SNES　RPG04-06(魔法　雷２).mp3,SNES　RPG04-06(魔法　雷２).mp3,SNES　RPG04,,,game-shooter01,https://otologic.jp/free/se/game-shooter01.html,https://otologic.jp/sounds/se/mp3-zip/SNES-Shooter02-mp3.zip,SNES-Shooter02-mp3.zip,CSV: otologic_filenames.csv,0,otologic_filenames.csv
SNES　RPG04-07(魔法　雷３).mp3,SNES　RPG04-07(魔法　雷３).mp3,SNES　RPG04,,,game-shooter01,https://otologic.jp/free/se/game-shooter01.html,https://otologic.jp/sounds/se/mp3-zip/SNES-Shooter02-mp3.zip,SNES-Shooter02-mp3.zip,CSV: otologic_filenames.csv,0,otologic_filenames.csv
SNES　RPG04-08(魔法　氷１).mp3,SNES　RPG04-08(魔法　氷１).mp3,SNES　RPG04,,,game-shooter01,https://otologic.jp/free/se/game-shooter01.html,https://otologic.jp/sounds/se/mp3-zip/SNES-Shooter02-mp3.zip,SNES-Shooter02-mp3.zip,CSV: otologic_filenames.csv,0,otologic_filenames.csv
SNES　RPG04-09(魔法　氷２).mp3,SNES　RPG04-09(魔法　氷２).mp3,SNES　RPG04,,,game-shooter01,https://otologic.jp/free/se/game-shooter01.html,https://otologic.jp/sounds/se/mp3-zip/SNES-Shooter02-mp3.zip,SNES-Shooter02-mp3.zip,CSV: otologic_filenames.csv,0,otologic_filenames.csv
SNES　RPG04-10(魔法　氷３).mp3,SNES　RPG04-10(魔法　氷３).mp3,SNES　RPG04,,,game-shooter01,https://otologic.jp/free/se/game-shooter01.html,https://otologic.jp/sounds/se/mp3-zip/SNES-Shooter02-mp3.zip,SNES-Shooter02-mp3.zip,CSV: otologic_filenames.csv,0,otologic_filenames.csv
SNES　RPG04-11(詠唱).mp3,SNES　RPG04-11(詠唱).mp3,SNES　RPG04,,,game-shooter01,https://otologic.jp/free/se/game-shooter01.html,https://otologic.jp/sounds/se/mp3-zip/SNES-Shooter02-mp3.zip,SNES-Shooter02-mp3.zip,CSV: otologic_filenames.csv,0,otologic_filenames.csv
SNES　RPG04-12(魔法　回復).mp3,SNES　RPG04-12(魔法　回復).mp3,SNES　RPG04,,,game-shooter01,https://otologic.jp/free/se/game-shooter01.html,https://otologic.jp/sounds/se/mp3-zip/SNES-Shooter02-mp3.zip,SNES-Shooter02-mp3.zip,CSV: otologic_filenames.csv,0,otologic_filenames.csv
SNES　RPG04-13(魔法　回復).mp3,SNES　RPG04-13(魔法　回復).mp3,SNES　RPG04,,,game-shooter01,https://otologic.jp/free/se/game-shooter01.html,https://otologic.jp/sounds/se/mp3-zip/SNES-Shooter02-mp3.zip,SNES-Shooter02-mp3.zip,CSV: otologic_filenames.csv,0,otologic_filenames.csv
SNES　RPG04-14(魔法　状態).mp3,SNES　RPG04-14(魔法　状態).mp3,SNES　RPG04,,,game-shooter01,https://otologic.jp/free/se/game-shooter01.html,https://otologic.jp/sounds/se/mp3-zip/SNES-Shooter02-mp3.zip,SNES-Shooter02-mp3.zip,CSV: otologic_filenames.csv,0,otologic_filenames.csv
SNES　RPG04-15(魔法　状態).mp3,SNES　RPG04-15(魔法　状態).mp3,SNES　RPG04,,,game-shooter01,https://otologic.jp/free/se/game-shooter01.html,https://otologic.jp/sounds/se/mp3-zip/SNES-Shooter02-mp3.zip,SNES-Shooter02-mp3.zip,CSV: otologic_filenames.csv,0,otologic_filenames.csv
SNES　RPG04-16(魔法　状態).mp3,SNES　RPG04-16(魔法　状態).mp3,SNES　RPG04,,,game-shooter01,https://otologic.jp/free/se/game-shooter01.html,https://otologic.jp/sounds/se/mp3-zip/SNES-Shooter02-mp3.zip,SNES-Shooter02-mp3.zip,CSV: otologic_filenames.csv,0,otologic_filenames.csv
SNES　RPG04-17(魔法　状態).mp3,SNES　RPG04-17(魔法　状態).mp3,SNES　RPG04,,,game-shooter01,https://otologic.jp/free/se/game-shooter01.html,https://otologic.jp/sounds/se/mp3-zip/SNES-Shooter02-mp3.zip,SNES-Shooter02-mp3.zip,CSV: otologic_filenames.csv,0,otologic_filenames.csv
SNES　RPG04-プレビュー.mp3,SNES　RPG04-プレビュー.mp3,SNES　RPG04,,,game-shooter01,https://otologic.jp/free/se/game-shooter01.html,https://otologic.jp/sounds/se/mp3-zip/SNES-Shooter02-mp3.zip,SNES-Shooter02-mp3.zip,CSV: otologic_filenames.csv,0,otologic_filenames.csv
SNES　RPG05-01(攻撃　剣).mp3,SNES　RPG05-01(攻撃　剣).mp3,SNES　RPG05,,,game-shooter01,https://otologic.jp/free/se/game-shooter01.html,https://otologic.jp/sounds/se/mp3-zip/SNES-Shooter02-mp3.zip,SNES-Shooter02-mp3.zip,CSV: otologic_filenames.csv,0,otologic_filenames.csv
SNES　RPG05-02(攻撃　ナイフ).mp3,SNES　RPG05-02(攻撃　ナイフ).mp3,SNES　RPG05,,,game-shooter01,https://otologic.jp/free/se/game-shooter01.html,https://otologic.jp/sounds/se/mp3-zip/SNES-Shooter02-mp3.zip,SNES-Shooter02-mp3.zip,CSV: otologic_filenames.csv,0,otologic_filenames.csv
SNES　RPG05-03(攻撃　槍).mp3,SNES　RPG05-03(攻撃　槍).mp3,SNES　RPG05,,,game-shooter01,https://otologic.jp/free/se/game-shooter01.html,https://otologic.jp/sounds/se/mp3-zip/SNES-Shooter02-mp3.zip,SNES-Shooter02-mp3.zip,CSV: otologic_filenames.csv,0,otologic_filenames.csv
SNES　RPG05-04(攻撃　ムチ).mp3,SNES　RPG05-04(攻撃　ムチ).mp3,SNES　RPG05,,,game-shooter01,https://otologic.jp/free/se/game-shooter01.html,https://otologic.jp/sounds/se/mp3-zip/SNES-Shooter02-mp3.zip,SNES-Shooter02-mp3.zip,CSV: otologic_filenames.csv,0,otologic_filenames.csv
SNES　RPG05-05(攻撃　矢).mp3,SNES　RPG05-05(攻撃　矢).mp3,SNES　RPG05,,,game-shooter01,https://otologic.jp/free/se/game-shooter01.html,https://otologic.jp/sounds/se/mp3-zip/SNES-Shooter02-mp3.zip,SNES-Shooter02-mp3.zip,CSV: otologic_filenames.csv,0,otologic_filenames.csv
SNES　RPG05-06(攻撃　矢).mp3,SNES　RPG05-06(攻撃　矢).mp3,SNES　RPG05,,,game-shooter01,https://otologic.jp/free/se/game-shooter01.html,https://otologic.jp/sounds/se/mp3-zip/SNES-Shooter02-mp3.zip,SNES-Shooter02-mp3.zip,CSV: otologic_filenames.csv,0,otologic_filenames.csv
SNES　RPG05-07(攻撃　パンチ).mp3,SNES　RPG05-07(攻撃　パンチ).mp3,SNES　RPG05,,,game-shooter01,https://otologic.jp/free/se/game-shooter01.html,https://otologic.jp/sounds/se/mp3-zip/SNES-Shooter02-mp3.zip,SNES-Shooter02-mp3.zip,CSV: otologic_filenames.csv,0,otologic_filenames.csv
SNES　RPG05-08(ミス).mp3,SNES　RPG05-08(ミス).mp3,SNES　RPG05,,,game-shooter01,https://otologic.jp/free/se/game-shooter01.html,https://otologic.jp/sounds/se/mp3-zip/SNES-Shooter02-mp3.zip,SNES-Shooter02-mp3.zip,CSV: otologic_filenames.csv,0,otologic_filenames.csv
SNES　RPG05-09(ミス).mp3,SNES　RPG05-09(ミス).mp3,SNES　RPG05,,,game-shooter01,https://otologic.jp/free/se/game-shooter01.html,https://otologic.jp/sounds/se/mp3-zip/SNES-Shooter02-mp3.zip,SNES-Shooter02-mp3.zip,CSV: otologic_filenames.csv,0,otologic_filenames.csv
SNES　RPG05-10(ダメージ).mp3,SNES　RPG05-10(ダメージ).mp3,SNES　RPG05,,,game-shooter01,https://otologic.jp/free/se/game-shooter01.html,https://otologic.jp/sounds/se/mp3-zip/SNES-Shooter02-mp3.zip,SNES-Shooter02-mp3.zip,CSV: otologic_filenames.csv,0,otologic_filenames.csv
SNES　RPG05-11(防御).mp3,SNES　RPG05-11(防御).mp3,SNES　RPG05,,,game-shooter01,https://otologic.jp/free/se/game-shooter01.html,https://otologic.jp/sounds/se/mp3-zip/SNES-Shooter02-mp3.zip,SNES-Shooter02-mp3.zip,CSV: otologic_filenames.csv,0,otologic_filenames.csv
SNES　RPG05-12(ジャンプ).mp3,SNES　RPG05-12(ジャンプ).mp3,SNES　RPG05,,,game-shooter01,https://otologic.jp/free/se/game-shooter01.html,https://otologic.jp/sounds/se/mp3-zip/SNES-Shooter02-mp3.zip,SNES-Shooter02-mp3.zip,CSV: otologic_filenames.csv,0,otologic_filenames.csv
SNES　RPG05-13(ジャンプ).mp3,SNES　RPG05-13(ジャンプ).mp3,SNES　RPG05,,,game-shooter01,https://otologic.jp/free/se/game-shooter01.html,https://otologic.jp/sounds/se/mp3-zip/SNES-Shooter02-mp3.zip,SNES-Shooter02-mp3.zip,CSV: otologic_filenames.csv,0,otologic_filenames.csv
SNES　RPG05-14(ターン).mp3,SNES　RPG05-14(ターン).mp3,SNES　RPG05,,,game-shooter01,https://otologic.jp/free/se/game-shooter01.html,https://otologic.jp/sounds/se/mp3-zip/SNES-Shooter02-mp3.zip,SNES-Shooter02-mp3.zip,CSV: otologic_filenames.csv,0,otologic_filenames.csv
SNES　RPG05-15(倒す).mp3,SNES　RPG05-15(倒す).mp3,SNES　RPG05,,,game-shooter01,https://otologic.jp/free/se/game-shooter01.html,https://otologic.jp/sounds/se/mp3-zip/SNES-Shooter02-mp3.zip,SNES-Shooter02-mp3.zip,CSV: otologic_filenames.csv,0,otologic_filenames.csv
SNES　RPG05-16(倒す).mp3,SNES　RPG05-16(倒す).mp3,SNES　RPG05,,,game-shooter01,https://otologic.jp/free/se/game-shooter01.html,https://otologic.jp/sounds/se/mp3-zip/SNES-Shooter02-mp3.zip,SNES-Shooter02-mp3.zip,CSV: otologic_filenames.csv,0,otologic_filenames.csv
SNES　RPG05-17(エンカウント).mp3,SNES　RPG05-17(エンカウント).mp3,SNES　RPG05,,,game-shooter01,https://otologic.jp/free/se/game-shooter01.html,https://otologic.jp/sounds/se/mp3-zip/SNES-Shooter02-mp3.zip,SNES-Shooter02-mp3.zip,CSV: otologic_filenames.csv,0,otologic_filenames.csv
SNES　RPG05-18(逃げる).mp3,SNES　RPG05-18(逃げる).mp3,SNES　RPG05,,,game-shooter01,https://otologic.jp/free/se/game-shooter01.html,https://otologic.jp/sounds/se/mp3-zip/SNES-Shooter02-mp3.zip,SNES-Shooter02-mp3.zip,CSV: otologic_filenames.csv,0,otologic_filenames.csv
SNES　RPG05-プレビュー.mp3,SNES　RPG05-プレビュー.mp3,SNES　RPG05,,,game-shooter01,https://otologic.jp/free/se/game-shooter01.html,https://otologic.jp/sounds/se/mp3-zip/SNES-Shooter02-mp3.zip,SNES-Shooter02-mp3.zip,CSV: otologic_filenames.csv,0,otologic_filenames.csv
SNES　アクション01-01(ジャンプ).mp3,SNES　アクション01-01(ジャンプ).mp3,SNES　アクション01,,,game-shooter01,https://otologic.jp/free/se/game-shooter01.html,https://otologic.jp/sounds/se/mp3-zip/SNES-Shooter02-mp3.zip,SNES-Shooter02-mp3.zip,CSV: otologic_filenames.csv,0,otologic_filenames.csv
SNES　アクション01-02(ジャンプ).mp3,SNES　アクション01-02(ジャンプ).mp3,SNES　アクション01,,,game-shooter01,https://otologic.jp/free/se/game-shooter01.html,https://otologic.jp/sounds/se/mp3-zip/SNES-Shooter02-mp3.zip,SNES-Shooter02-mp3.zip,CSV: otologic_filenames.csv,0,otologic_filenames.csv
SNES　アクション01-03(踏む).mp3,SNES　アクション01-03(踏む).mp3,SNES　アクション01,,,game-shooter01,https://otologic.jp/free/se/game-shooter01.html,https://otologic.jp/sounds/se/mp3-zip/SNES-Shooter02-mp3.zip,SNES-Shooter02-mp3.zip,CSV: otologic_filenames.csv,0,otologic_filenames.csv
SNES　アクション01-04(投げる).mp3,SNES　アクション01-04(投げる).mp3,SNES　アクション01,,,game-shooter01,https://otologic.jp/free/se/game-shooter01.html,https://otologic.jp/sounds/se/mp3-zip/SNES-Shooter02-mp3.zip,SNES-Shooter02-mp3.zip,CSV: otologic_filenames.csv,0,otologic_filenames.csv
SNES　アクション01-05(ブロック).mp3,SNES　アクション01-05(ブロック).mp3,SNES　アクション01,,,game-shooter01,https://otologic.jp/free/se/game-shooter01.html,https://otologic.jp/sounds/se/mp3-zip/SNES-Shooter02-mp3.zip,SNES-Shooter02-mp3.zip,CSV: otologic_filenames.csv,0,otologic_filenames.csv
SNES　アクション01-06(着地).mp3,SNES　アクション01-06(着地).mp3,SNES　アクション01,,,game-shooter01,https://otologic.jp/free/se/game-shooter01.html,https://otologic.jp/sounds/se/mp3-zip/SNES-Shooter02-mp3.zip,SNES-Shooter02-mp3.zip,CSV: otologic_filenames.csv,0,otologic_filenames.csv
SNES　アクション01-07(ブレーキ).mp3,SNES　アクション01-07(ブレーキ).mp3,SNES　アクション01,,,game-shooter01,https://otologic.jp/free/se/game-shooter01.html,https://otologic.jp/sounds/se/mp3-zip/SNES-Shooter02-mp3.zip,SNES-Shooter02-mp3.zip,CSV: otologic_filenames.csv,0,otologic_filenames.csv
SNES　アクション01-08(衝撃).mp3,SNES　アクション01-08(衝撃).mp3,SNES　アクション01,,,game-shooter01,https://otologic.jp/free/se/game-shooter01.html,https://otologic.jp/sounds/se/mp3-zip/SNES-Shooter02-mp3.zip,SNES-Shooter02-mp3.zip,CSV: otologic_filenames.csv,0,otologic_filenames.csv
SNES　アクション01-09(ドア).mp3,SNES　アクション01-09(ドア).mp3,SNES　アクション01,,,game-shooter01,https://otologic.jp/free/se/game-shooter01.html,https://otologic.jp/sounds/se/mp3-zip/SNES-Shooter02-mp3.zip,SNES-Shooter02-mp3.zip,CSV: otologic_filenames.csv,0,otologic_filenames.csv
SNES　アクション01-10(ダメージ).mp3,SNES　アクション01-10(ダメージ).mp3,SNES　アクション01,,,game-shooter01,https://otologic.jp/free/se/game-shooter01.html,https://otologic.jp/sounds/se/mp3-zip/SNES-Shooter02-mp3.zip,SNES-Shooter02-mp3.zip,CSV: otologic_filenames.csv,0,otologic_filenames.csv
SNES　アクション01-11(ダメージ).mp3,SNES　アクション01-11(ダメージ).mp3,SNES　アクション01,,,game-shooter01,https://otologic.jp/free/se/game-shooter01.html,https://otologic.jp/sounds/se/mp3-zip/SNES-Shooter02-mp3.zip,SNES-Shooter02-mp3.zip,CSV: otologic_filenames.csv,0,otologic_filenames.csv
SNES　アクション01-12(防御).mp3,SNES　アクション01-12(防御).mp3,SNES　アクション01,,,game-shooter01,https://otologic.jp/free/se/game-shooter01.html,https://otologic.jp/sounds/se/mp3-zip/SNES-Shooter02-mp3.zip,SNES-Shooter02-mp3.zip,CSV: otologic_filenames.csv,0,otologic_filenames.csv
SNES　アクション01-プレビュー.mp3,SNES　アクション01-プレビュー.mp3,SNES　アクション01,,,game-shooter01,https://otologic.jp/free/se/game-shooter01.html,https://otologic.jp/sounds/se/mp3-zip/SNES-Shooter02-mp3.zip,SNES-Shooter02-mp3.zip,CSV: otologic_filenames.csv,0,otologic_filenames.csv
SNES　シューティング02-01(発射).mp3,SNES　シューティング02-01(発射).mp3,SNES　シューティング02,,,game-shooter01,https://otologic.jp/free/se/game-shooter01.html,https://otologic.jp/sounds/se/mp3-zip/SNES-Shooter02-mp3.zip,SNES-Shooter02-mp3.zip,CSV: otologic_filenames.csv,0,otologic_filenames.csv
SNES　シューティング02-02(発射).mp3,SNES　シューティング02-02(発射).mp3,SNES　シューティング02,,,game-shooter01,https://otologic.jp/free/se/game-shooter01.html,https://otologic.jp/sounds/se/mp3-zip/SNES-Shooter02-mp3.zip,SNES-Shooter02-mp3.zip,CSV: otologic_filenames.csv,0,otologic_filenames.csv
SNES　シューティング02-03(発射).mp3,SNES　シューティング02-03(発射).mp3,SNES　シューティング02,,,game-shooter01,https://otologic.jp/free/se/game-shooter01.html,https://otologic.jp/sounds/se/mp3-zip/SNES-Shooter02-mp3.zip,SNES-Shooter02-mp3.zip,CSV: otologic_filenames.csv,0,otologic_filenames.csv
SNES　シューティング02-04(発射).mp3,SNES　シューティング02-04(発射).mp3,SNES　シューティング02,,,game-shooter01,https://otologic.jp/free/se/game-shooter01.html,https://otologic.jp/sounds/se/mp3-zip/SNES-Shooter02-mp3.zip,SNES-Shooter02-mp3.zip,CSV: otologic_filenames.csv,0,otologic_filenames.csv
SNES　シューティング02-05(爆弾).mp3,SNES　シューティング02-05(爆弾).mp3,SNES　シューティング02,,,game-shooter01,https://otologic.jp/free/se/game-shooter01.html,https://otologic.jp/sounds/se/mp3-zip/SNES-Shooter02-mp3.zip,SNES-Shooter02-mp3.zip,CSV: otologic_filenames.csv,0,otologic_filenames.csv
SNES　シューティング02-06(ミサイル).mp3,SNES　シューティング02-06(ミサイル).mp3,SNES　シューティング02,,,game-shooter01,https://otologic.jp/free/se/game-shooter01.html,https://otologic.jp/sounds/se/mp3-zip/SNES-Shooter02-mp3.zip,SNES-Shooter02-mp3.zip,CSV: otologic_filenames.csv,0,otologic_filenames.csv
SNES　シューティング02-07(特殊兵器).mp3,SNES　シューティング02-07(特殊兵器).mp3,SNES　シューティング02,,,game-shooter01,https://otologic.jp/free/se/game-shooter01.html,https://otologic.jp/sounds/se/mp3-zip/SNES-Shooter02-mp3.zip,SNES-Shooter02-mp3.zip,CSV: otologic_filenames.csv,0,otologic_filenames.csv
SNES　シューティング02-08(ダメージ).mp3,SNES　シューティング02-08(ダメージ).mp3,SNES　シューティング02,,,game-shooter01,https://otologic.jp/free/se/game-shooter01.html,https://otologic.jp/sounds/se/mp3-zip/SNES-Shooter02-mp3.zip,SNES-Shooter02-mp3.zip,CSV: otologic_filenames.csv,0,otologic_filenames.csv
SNES　シューティング02-09(ダメージ).mp3,SNES　シューティング02-09(ダメージ).mp3,SNES　シューティング02,,,game-shooter01,https://otologic.jp/free/se/game-shooter01.html,https://otologic.jp/sounds/se/mp3-zip/SNES-Shooter02-mp3.zip,SNES-Shooter02-mp3.zip,CSV: otologic_filenames.csv,0,otologic_filenames.csv
SNES　シューティング02-10(ダメージ).mp3,SNES　シューティング02-10(ダメージ).mp3,SNES　シューティング02,,,game-shooter01,https://otologic.jp/free/se/game-shooter01.html,https://otologic.jp/sounds/se/mp3-zip/SNES-Shooter02-mp3.zip,SNES-Shooter02-mp3.zip,CSV: otologic_filenames.csv,0,otologic_filenames.csv
SNES　シューティング02-プレビュー.mp3,SNES　シューティング02-プレビュー.mp3,SNES　シューティング02,,,game-shooter01,https://otologic.jp/free/se/game-shooter01.html,https://otologic.jp/sounds/se/mp3-zip/SNES-Shooter02-mp3.zip,SNES-Shooter02-mp3.zip,CSV: otologic_filenames.csv,0,otologic_filenames.csv
SNES　レース02-01(エンジン).mp3,SNES　レース02-01(エンジン).mp3,SNES　レース02,,,game-shooter01,https://otologic.jp/free/se/game-shooter01.html,https://otologic.jp/sounds/se/mp3-zip/SNES-Shooter02-mp3.zip,SNES-Shooter02-mp3.zip,CSV: otologic_filenames.csv,0,otologic_filenames.csv
SNES　レース02-02(エンジン　ループ).mp3,SNES　レース02-02(エンジン　ループ).mp3,SNES　レース02,,,game-shooter01,https://otologic.jp/free/se/game-shooter01.html,https://otologic.jp/sounds/se/mp3-zip/SNES-Shooter02-mp3.zip,SNES-Shooter02-mp3.zip,CSV: otologic_filenames.csv,0,otologic_filenames.csv
SNES　レース02-03(通過).mp3,SNES　レース02-03(通過).mp3,SNES　レース02,,,game-shooter01,https://otologic.jp/free/se/game-shooter01.html,https://otologic.jp/sounds/se/mp3-zip/SNES-Shooter02-mp3.zip,SNES-Shooter02-mp3.zip,CSV: otologic_filenames.csv,0,otologic_filenames.csv
SNES　レース02-04(スターティンググリッド).mp3,SNES　レース02-04(スターティンググリッド).mp3,SNES　レース02,,,game-shooter01,https://otologic.jp/free/se/game-shooter01.html,https://otologic.jp/sounds/se/mp3-zip/SNES-Shooter02-mp3.zip,SNES-Shooter02-mp3.zip,CSV: otologic_filenames.csv,0,otologic_filenames.csv
SNES　レース02-05(タイヤ　スキール).mp3,SNES　レース02-05(タイヤ　スキール).mp3,SNES　レース02,,,game-shooter01,https://otologic.jp/free/se/game-shooter01.html,https://otologic.jp/sounds/se/mp3-zip/SNES-Shooter02-mp3.zip,SNES-Shooter02-mp3.zip,CSV: otologic_filenames.csv,0,otologic_filenames.csv
SNES　レース02-06(タイヤ　スキール).mp3,SNES　レース02-06(タイヤ　スキール).mp3,SNES　レース02,,,game-shooter01,https://otologic.jp/free/se/game-shooter01.html,https://otologic.jp/sounds/se/mp3-zip/SNES-Shooter02-mp3.zip,SNES-Shooter02-mp3.zip,CSV: otologic_filenames.csv,0,otologic_filenames.csv
SNES　レース02-07(タイヤ　スキール).mp3,SNES　レース02-07(タイヤ　スキール).mp3,SNES　レース02,,,game-shooter01,https://otologic.jp/free/se/game-shooter01.html,https://otologic.jp/sounds/se/mp3-zip/SNES-Shooter02-mp3.zip,SNES-Shooter02-mp3.zip,CSV: otologic_filenames.csv,0,otologic_filenames.csv
SNES　レース02-08(スリップ).mp3,SNES　レース02-08(スリップ).mp3,SNES　レース02,,,game-shooter01,https://otologic.jp/free/se/game-shooter01.html,https://otologic.jp/sounds/se/mp3-zip/SNES-Shooter02-mp3.zip,SNES-Shooter02-mp3.zip,CSV: otologic_filenames.csv,0,otologic_filenames.csv
SNES　レース02-09(カウントダウン).mp3,SNES　レース02-09(カウントダウン).mp3,SNES　レース02,,,game-shooter01,https://otologic.jp/free/se/game-shooter01.html,https://otologic.jp/sounds/se/mp3-zip/SNES-Shooter02-mp3.zip,SNES-Shooter02-mp3.zip,CSV: otologic_filenames.csv,0,otologic_filenames.csv
SNES　レース02-プレビュー.mp3,SNES　レース02-プレビュー.mp3,SNES　レース02,,,game-shooter01,https://otologic.jp/free/se/game-shooter01.html,https://otologic.jp/sounds/se/mp3-zip/SNES-Shooter02-mp3.zip,SNES-Shooter02-mp3.zip,CSV: otologic_filenames.csv,0,otologic_filenames.csv
SNES　野球01-01(金属バット).mp3,SNES　野球01-01(金属バット).mp3,SNES　野球01,,,game-shooter01,https://otologic.jp/free/se/game-shooter01.html,https://otologic.jp/sounds/se/mp3-zip/SNES-Shooter02-mp3.zip,SNES-Shooter02-mp3.zip,CSV: otologic_filenames.csv,0,otologic_filenames.csv
SNES　野球01-02(金属バット).mp3,SNES　野球01-02(金属バット).mp3,SNES　野球01,,,game-shooter01,https://otologic.jp/free/se/game-shooter01.html,https://otologic.jp/sounds/se/mp3-zip/SNES-Shooter02-mp3.zip,SNES-Shooter02-mp3.zip,CSV: otologic_filenames.csv,0,otologic_filenames.csv
SNES　野球01-03(木製バット).mp3,SNES　野球01-03(木製バット).mp3,SNES　野球01,,,game-shooter01,https://otologic.jp/free/se/game-shooter01.html,https://otologic.jp/sounds/se/mp3-zip/SNES-Shooter02-mp3.zip,SNES-Shooter02-mp3.zip,CSV: otologic_filenames.csv,0,otologic_filenames.csv
SNES　野球01-04(木製バット).mp3,SNES　野球01-04(木製バット).mp3,SNES　野球01,,,game-shooter01,https://otologic.jp/free/se/game-shooter01.html,https://otologic.jp/sounds/se/mp3-zip/SNES-Shooter02-mp3.zip,SNES-Shooter02-mp3.zip,CSV: otologic_filenames.csv,0,otologic_filenames.csv
SNES　野球01-05(ミット).mp3,SNES　野球01-05(ミット).mp3,SNES　野球01,,,game-shooter01,https://otologic.jp/free/se/game-shooter01.html,https://otologic.jp/sounds/se/mp3-zip/SNES-Shooter02-mp3.zip,SNES-Shooter02-mp3.zip,CSV: otologic_filenames.csv,0,otologic_filenames.csv
SNES　野球01-06(グローブ).mp3,SNES　野球01-06(グローブ).mp3,SNES　野球01,,,game-shooter01,https://otologic.jp/free/se/game-shooter01.html,https://otologic.jp/sounds/se/mp3-zip/SNES-Shooter02-mp3.zip,SNES-Shooter02-mp3.zip,CSV: otologic_filenames.csv,0,otologic_filenames.csv
SNES　野球01-07(スイング).mp3,SNES　野球01-07(スイング).mp3,SNES　野球01,,,game-shooter01,https://otologic.jp/free/se/game-shooter01.html,https://otologic.jp/sounds/se/mp3-zip/SNES-Shooter02-mp3.zip,SNES-Shooter02-mp3.zip,CSV: otologic_filenames.csv,0,otologic_filenames.csv
SNES　野球01-08(スイング).mp3,SNES　野球01-08(スイング).mp3,SNES　野球01,,,game-shooter01,https://otologic.jp/free/se/game-shooter01.html,https://otologic.jp/sounds/se/mp3-zip/SNES-Shooter02-mp3.zip,SNES-Shooter02-mp3.zip,CSV: otologic_filenames.csv,0,otologic_filenames.csv
SNES　野球01-09(歓声).mp3,SNES　野球01-09(歓声).mp3,SNES　野球01,,,game-shooter01,https://otologic.jp/free/se/game-shooter01.html,https://otologic.jp/sounds/se/mp3-zip/SNES-Shooter02-mp3.zip,SNES-Shooter02-mp3.zip,CSV: otologic_filenames.csv,0,otologic_filenames.csv
SNES　野球01-プレビュー.mp3,SNES　野球01-プレビュー.mp3,SNES　野球01,,,game-shooter01,https://otologic.jp/free/se/game-shooter01.html,https://otologic.jp/sounds/se/mp3-zip/SNES-Shooter02-mp3.zip,SNES-Shooter02-mp3.zip,CSV: otologic_filenames.csv,0,otologic_filenames.csv
規制音　1kHz01-1(中).mp3,規制音　1kHz01-1(中).mp3,規制音　1kHz01,,,censor-bleep01,https://otologic.jp/free/se/censor-bleep01.html,https://otologic.jp/sounds/se/mp3-zip/Censor_Bleep-1kHz01-mp3.zip,Censor_Bleep-1kHz01-mp3.zip,CSV: otologic_filenames.csv,0,otologic_filenames.csv
規制音　1kHz01-2(短).mp3,規制音　1kHz01-2(短).mp3,規制音　1kHz01,,,censor-bleep01,https://otologic.jp/free/se/censor-bleep01.html,https://otologic.jp/sounds/se/mp3-zip/Censor_Bleep-1kHz01-mp3.zip,Censor_Bleep-1kHz01-mp3.zip,CSV: otologic_filenames.csv,0,otologic_filenames.csv
規制音　1kHz01-3(長).mp3,規制音　1kHz01-3(長).mp3,規制音　1kHz01,,,censor-bleep01,https://otologic.jp/free/se/censor-bleep01.html,https://otologic.jp/sounds/se/mp3-zip/Censor_Bleep-1kHz01-mp3.zip,Censor_Bleep-1kHz01-mp3.zip,CSV: otologic_filenames.csv,0,otologic_filenames.csv
