sequential_number,sequential_filename,original_filename,source,original_path,duration_seconds,duration_minutes,csv_path
1,sound_1.mp3,トライアングル03-1(長).mp3,otologic_sounds_smart/Instruments Percussion,otologic_sounds_smart/Instruments Percussion/ビブラスラップ02/トライアングル03-1(長).mp3,16.51612244897959,0.2752687074829932,ビブラスラップ02/トライアングル03-1(長).mp3
2,sound_2.mp3,ビブラスラップ01-7(低　短　リバーブ).mp3,otologic_sounds_smart/Instruments Percussion,otologic_sounds_smart/Instruments Percussion/ビブラスラップ02/ビブラスラップ01-7(低　短　リバーブ).mp3,5.042244897959184,0.0840374149659863,ビブラスラップ02/ビブラスラップ01-7(低　短　リバーブ).mp3
3,sound_3.mp3,ビブラスラップ01-8(低　長　リバーブ).mp3,otologic_sounds_smart/Instruments Percussion,otologic_sounds_smart/Instruments Percussion/ビブラスラップ02/ビブラスラップ01-8(低　長　リバーブ).mp3,7.0718367346938775,0.1178639455782313,ビブラスラップ02/ビブラスラップ01-8(低　長　リバーブ).mp3
4,sound_4.mp3,トライアングル03-2(短).mp3,otologic_sounds_smart/Instruments Percussion,otologic_sounds_smart/Instruments Percussion/ビブラスラップ02/トライアングル03-2(短).mp3,6.628480725623583,0.110474678760393,ビブラスラップ02/トライアングル03-2(短).mp3
5,sound_5.mp3,カウベル01-7(リバーブ).mp3,otologic_sounds_smart/Instruments Percussion,otologic_sounds_smart/Instruments Percussion/カウベル01/カウベル01-7(リバーブ).mp3,5.069138321995465,0.0844856386999244,カウベル01/カウベル01-7(リバーブ).mp3
6,sound_6.mp3,ビブラスラップ01-4(低　長).mp3,otologic_sounds_smart/Instruments Percussion,otologic_sounds_smart/Instruments Percussion/フレクサトーン01/ビブラスラップ01-4(低　長).mp3,5.603673469387755,0.0933945578231292,フレクサトーン01/ビブラスラップ01-4(低　長).mp3
7,sound_7.mp3,フィンガーシンバル02-2(長).mp3,otologic_sounds_smart/Instruments Percussion,otologic_sounds_smart/Instruments Percussion/効果音＞パーカッション/フィンガーシンバル02-2(長).mp3,13.759614512471655,0.2293269085411942,効果音＞パーカッション/フィンガーシンバル02-2(長).mp3
8,sound_8.mp3,フィンガーシンバル02-1(短).mp3,otologic_sounds_smart/Instruments Percussion,otologic_sounds_smart/Instruments Percussion/効果音＞パーカッション/フィンガーシンバル02-1(短).mp3,6.2759183673469385,0.1045986394557823,効果音＞パーカッション/フィンガーシンバル02-1(短).mp3
9,sound_9.mp3,フィンガーシンバル02-3(短).mp3,otologic_sounds_smart/Instruments Percussion,otologic_sounds_smart/Instruments Percussion/効果音＞パーカッション/フィンガーシンバル02-3(短).mp3,6.582040816326531,0.1097006802721088,効果音＞パーカッション/フィンガーシンバル02-3(短).mp3
10,sound_10.mp3,タンバリン04-07(パターン).mp3,otologic_sounds_smart/Instruments Percussion,otologic_sounds_smart/Instruments Percussion/タンバリン05/タンバリン04-07(パターン).mp3,5.988253968253968,0.0998042328042328,タンバリン05/タンバリン04-07(パターン).mp3
11,sound_11.mp3,トライアングル01-1(単音　長).mp3,otologic_sounds_smart/Instruments Percussion,otologic_sounds_smart/Instruments Percussion/トライアングル03/トライアングル01-1(単音　長).mp3,9.224875283446712,0.1537479213907785,トライアングル03/トライアングル01-1(単音　長).mp3
12,sound_12.mp3,トライアングル02-7(単音).mp3,otologic_sounds_smart/Instruments Percussion,otologic_sounds_smart/Instruments Percussion/トライアングル03/トライアングル02-7(単音).mp3,16.092403628117914,0.2682067271352986,トライアングル03/トライアングル02-7(単音).mp3
13,sound_13.mp3,トライアングル01-3(単音　長).mp3,otologic_sounds_smart/Instruments Percussion,otologic_sounds_smart/Instruments Percussion/トライアングル03/トライアングル01-3(単音　長).mp3,9.318684807256236,0.1553114134542706,トライアングル03/トライアングル01-3(単音　長).mp3
14,sound_14.mp3,トライアングル02-6(ロール　短).mp3,otologic_sounds_smart/Instruments Percussion,otologic_sounds_smart/Instruments Percussion/トライアングル03/トライアングル02-6(ロール　短).mp3,5.567324263038548,0.0927887377173091,トライアングル03/トライアングル02-6(ロール　短).mp3
15,sound_15.mp3,トライアングル01-6(ロール　短).mp3,otologic_sounds_smart/Instruments Percussion,otologic_sounds_smart/Instruments Percussion/トライアングル02/トライアングル01-6(ロール　短).mp3,6.244240362811792,0.1040706727135298,トライアングル02/トライアングル01-6(ロール　短).mp3
16,sound_16.mp3,トライアングル01-7(単音).mp3,otologic_sounds_smart/Instruments Percussion,otologic_sounds_smart/Instruments Percussion/トライアングル02/トライアングル01-7(単音).mp3,11.05061224489796,0.1841768707482993,トライアングル02/トライアングル01-7(単音).mp3
17,sound_17.mp3,トライアングル01-5(ロール　長).mp3,otologic_sounds_smart/Instruments Percussion,otologic_sounds_smart/Instruments Percussion/トライアングル02/トライアングル01-5(ロール　長).mp3,11.121972789115649,0.1853662131519274,トライアングル02/トライアングル01-5(ロール　長).mp3
18,sound_18.mp3,トライアングル02-5(ロール　長).mp3,otologic_sounds_smart/Instruments Percussion,otologic_sounds_smart/Instruments Percussion/ビブラスラップ01/トライアングル02-5(ロール　長).mp3,10.808480725623582,0.1801413454270597,ビブラスラップ01/トライアングル02-5(ロール　長).mp3
19,sound_19.mp3,トライアングル02-1(単音　長).mp3,otologic_sounds_smart/Instruments Percussion,otologic_sounds_smart/Instruments Percussion/ビブラスラップ01/トライアングル02-1(単音　長).mp3,11.307006802721087,0.1884501133786848,ビブラスラップ01/トライアングル02-1(単音　長).mp3
20,sound_20.mp3,トライアングル02-3(単音　長).mp3,otologic_sounds_smart/Instruments Percussion,otologic_sounds_smart/Instruments Percussion/ビブラスラップ01/トライアングル02-3(単音　長).mp3,11.501655328798186,0.1916942554799697,ビブラスラップ01/トライアングル02-3(単音　長).mp3
21,sound_21.mp3,ビブラスラップ02-4(ディレイ).mp3,otologic_sounds_smart/Instruments Percussion,otologic_sounds_smart/Instruments Percussion/フレクサトーン02/ビブラスラップ02-4(ディレイ).mp3,6.097687074829932,0.1016281179138322,フレクサトーン02/ビブラスラップ02-4(ディレイ).mp3
22,sound_22.mp3,ビブラスラップ02-1(長).mp3,otologic_sounds_smart/Instruments Percussion,otologic_sounds_smart/Instruments Percussion/フレクサトーン02/ビブラスラップ02-1(長).mp3,6.722290249433106,0.1120381708238851,フレクサトーン02/ビブラスラップ02-1(長).mp3
23,sound_23.mp3,フィンガーシンバル02-4(長).mp3,otologic_sounds_smart/Instruments Percussion,otologic_sounds_smart/Instruments Percussion/フィンガーシンバル03/フィンガーシンバル02-4(長).mp3,13.145804988662132,0.2190967498110355,フィンガーシンバル03/フィンガーシンバル02-4(長).mp3
24,sound_24.mp3,フィンガーシンバル01-2(リバーブ　長).mp3,otologic_sounds_smart/Instruments Percussion,otologic_sounds_smart/Instruments Percussion/フィンガーシンバル03/フィンガーシンバル01-2(リバーブ　長).mp3,11.968979591836735,0.1994829931972789,フィンガーシンバル03/フィンガーシンバル01-2(リバーブ　長).mp3
25,sound_25.mp3,フィンガーシンバル01-4(リバーブ　長).mp3,otologic_sounds_smart/Instruments Percussion,otologic_sounds_smart/Instruments Percussion/フィンガーシンバル03/フィンガーシンバル01-4(リバーブ　長).mp3,12.327392290249431,0.2054565381708238,フィンガーシンバル03/フィンガーシンバル01-4(リバーブ　長).mp3
26,sound_26.mp3,フィンガーシンバル01-6(ドライ　長).mp3,otologic_sounds_smart/Instruments Percussion,otologic_sounds_smart/Instruments Percussion/フィンガーシンバル02/フィンガーシンバル01-6(ドライ　長).mp3,9.021337868480726,0.1503556311413454,フィンガーシンバル02/フィンガーシンバル01-6(ドライ　長).mp3
27,sound_27.mp3,フィンガーシンバル01-8(ドライ　長).mp3,otologic_sounds_smart/Instruments Percussion,otologic_sounds_smart/Instruments Percussion/フィンガーシンバル02/フィンガーシンバル01-8(ドライ　長).mp3,8.888616780045352,0.1481436130007558,フィンガーシンバル02/フィンガーシンバル01-8(ドライ　長).mp3
28,sound_28.mp3,PC　駆動音03-11(遠い　ロング).mp3,otologic_sounds_smart/Pc,otologic_sounds_smart/Pc/PC　駆動音03/PC　駆動音03-11(遠い　ロング).mp3,66.06480725623582,1.1010801209372638,PC　駆動音03/PC　駆動音03-11(遠い　ロング).mp3
29,sound_29.mp3,PC　駆動音03-09(遠い　強制シャットダウン).mp3,otologic_sounds_smart/Pc,otologic_sounds_smart/Pc/PC　駆動音03/PC　駆動音03-09(遠い　強制シャットダウン).mp3,13.148934240362813,0.2191489040060468,PC　駆動音03/PC　駆動音03-09(遠い　強制シャットダウン).mp3
30,sound_30.mp3,PC　駆動音02-01(オンオフ).mp3,otologic_sounds_smart/Pc,otologic_sounds_smart/Pc/PC　駆動音03/PC　駆動音02-01(オンオフ).mp3,65.7565306122449,1.0959421768707485,PC　駆動音03/PC　駆動音02-01(オンオフ).mp3
31,sound_31.mp3,PC　駆動音03-13(遠い　ルームノイズ).mp3,otologic_sounds_smart/Pc,otologic_sounds_smart/Pc/PC　駆動音03/PC　駆動音03-13(遠い　ルームノイズ).mp3,65.96095238095238,1.0993492063492063,PC　駆動音03/PC　駆動音03-13(遠い　ルームノイズ).mp3
32,sound_32.mp3,PC　駆動音02-02(オンオフ).mp3,otologic_sounds_smart/Pc,otologic_sounds_smart/Pc/PC　駆動音03/PC　駆動音02-02(オンオフ).mp3,75.75965986394557,1.262660997732426,PC　駆動音03/PC　駆動音02-02(オンオフ).mp3
33,sound_33.mp3,PC　駆動音02-03(強制シャットダウン).mp3,otologic_sounds_smart/Pc,otologic_sounds_smart/Pc/PC　駆動音03/PC　駆動音02-03(強制シャットダウン).mp3,7.982517006802721,0.1330419501133787,PC　駆動音03/PC　駆動音02-03(強制シャットダウン).mp3
34,sound_34.mp3,PC　駆動音03-12(遠い　ロング).mp3,otologic_sounds_smart/Pc,otologic_sounds_smart/Pc/PC　駆動音03/PC　駆動音03-12(遠い　ロング).mp3,66.269410430839,1.1044901738473167,PC　駆動音03/PC　駆動音03-12(遠い　ロング).mp3
35,sound_35.mp3,PC　駆動音02-08(ロング).mp3,otologic_sounds_smart/Pc,otologic_sounds_smart/Pc/PC　駆動音02/PC　駆動音02-08(ロング).mp3,66.61761904761904,1.1102936507936507,PC　駆動音02/PC　駆動音02-08(ロング).mp3
36,sound_36.mp3,PC　駆動音02-10(遠い　オンオフ).mp3,otologic_sounds_smart/Pc,otologic_sounds_smart/Pc/PC　駆動音02/PC　駆動音02-10(遠い　オンオフ).mp3,77.50283446712018,1.2917139077853363,PC　駆動音02/PC　駆動音02-10(遠い　オンオフ).mp3
37,sound_37.mp3,PC　駆動音02-07(ロング).mp3,otologic_sounds_smart/Pc,otologic_sounds_smart/Pc/PC　駆動音02/PC　駆動音02-07(ロング).mp3,65.83303854875284,1.0972173091458806,PC　駆動音02/PC　駆動音02-07(ロング).mp3
38,sound_38.mp3,PC　駆動音02-09(遠い　オンオフ).mp3,otologic_sounds_smart/Pc,otologic_sounds_smart/Pc/PC　駆動音02/PC　駆動音02-09(遠い　オンオフ).mp3,66.10238095238095,1.1017063492063492,PC　駆動音02/PC　駆動音02-09(遠い　オンオフ).mp3
39,sound_39.mp3,PC　駆動音02-04(強制シャットダウン).mp3,otologic_sounds_smart/Pc,otologic_sounds_smart/Pc/PC　駆動音02/PC　駆動音02-04(強制シャットダウン).mp3,7.668548752834467,0.1278091458805744,PC　駆動音02/PC　駆動音02-04(強制シャットダウン).mp3
40,sound_40.mp3,PC　駆動音02-06(ロング).mp3,otologic_sounds_smart/Pc,otologic_sounds_smart/Pc/PC　駆動音02/PC　駆動音02-06(ロング).mp3,66.6780045351474,1.1113000755857898,PC　駆動音02/PC　駆動音02-06(ロング).mp3
41,sound_41.mp3,PC　駆動音02-11(遠い　強制シャットダウン).mp3,otologic_sounds_smart/Pc,otologic_sounds_smart/Pc/PC　駆動音02/PC　駆動音02-11(遠い　強制シャットダウン).mp3,6.949365079365079,0.1158227513227513,PC　駆動音02/PC　駆動音02-11(遠い　強制シャットダウン).mp3
42,sound_42.mp3,フロッピードライブ02-2(動作音).mp3,otologic_sounds_smart/Pc,otologic_sounds_smart/Pc/フロッピードライブ01/フロッピードライブ02-2(動作音).mp3,15.120090702947843,0.2520015117157974,フロッピードライブ01/フロッピードライブ02-2(動作音).mp3
43,sound_43.mp3,光学ドライブ01-4(動作音).mp3,otologic_sounds_smart/Pc,otologic_sounds_smart/Pc/フロッピードライブ01/光学ドライブ01-4(動作音).mp3,17.101179138321996,0.2850196523053666,フロッピードライブ01/光学ドライブ01-4(動作音).mp3
44,sound_44.mp3,フロッピードライブ02-1(動作音).mp3,otologic_sounds_smart/Pc,otologic_sounds_smart/Pc/フロッピードライブ01/フロッピードライブ02-1(動作音).mp3,16.817913832199547,0.2802985638699924,フロッピードライブ01/フロッピードライブ02-1(動作音).mp3
45,sound_45.mp3,光学ドライブ01-3(動作音).mp3,otologic_sounds_smart/Pc,otologic_sounds_smart/Pc/フロッピードライブ01/光学ドライブ01-3(動作音).mp3,27.186371882086167,0.4531061980347694,フロッピードライブ01/光学ドライブ01-3(動作音).mp3
46,sound_46.mp3,光学ドライブ03-2(動作音).mp3,otologic_sounds_smart/Pc,otologic_sounds_smart/Pc/光学ドライブ01/光学ドライブ03-2(動作音).mp3,132.07850340136054,2.2013083900226755,光学ドライブ01/光学ドライブ03-2(動作音).mp3
47,sound_47.mp3,光学ドライブ03-3(動作音).mp3,otologic_sounds_smart/Pc,otologic_sounds_smart/Pc/光学ドライブ01/光学ドライブ03-3(動作音).mp3,37.8,0.63,光学ドライブ01/光学ドライブ03-3(動作音).mp3
48,sound_48.mp3,光学ドライブ02-1(動作音).mp3,otologic_sounds_smart/Pc,otologic_sounds_smart/Pc/光学ドライブ01/光学ドライブ02-1(動作音).mp3,25.940385487528346,0.4323397581254724,光学ドライブ01/光学ドライブ02-1(動作音).mp3
49,sound_49.mp3,光学ドライブ03-4(動作音).mp3,otologic_sounds_smart/Pc,otologic_sounds_smart/Pc/光学ドライブ01/光学ドライブ03-4(動作音).mp3,26.33015873015873,0.4388359788359788,光学ドライブ01/光学ドライブ03-4(動作音).mp3
50,sound_50.mp3,ハードディスクドライブ02-1(動作音).mp3,otologic_sounds_smart/Pc,otologic_sounds_smart/Pc/ハードディスクドライブ01/ハードディスクドライブ02-1(動作音).mp3,23.109931972789116,0.3851655328798186,ハードディスクドライブ01/ハードディスクドライブ02-1(動作音).mp3
51,sound_51.mp3,ハードディスクドライブ01-4(動作音).mp3,otologic_sounds_smart/Pc,otologic_sounds_smart/Pc/ハードディスクドライブ01/ハードディスクドライブ01-4(動作音).mp3,25.779909297052154,0.4296651549508692,ハードディスクドライブ01/ハードディスクドライブ01-4(動作音).mp3
52,sound_52.mp3,ハードディスクドライブ01-3(動作音).mp3,otologic_sounds_smart/Pc,otologic_sounds_smart/Pc/ハードディスクドライブ01/ハードディスクドライブ01-3(動作音).mp3,11.320725623582767,0.1886787603930461,ハードディスクドライブ01/ハードディスクドライブ01-3(動作音).mp3
53,sound_53.mp3,ハードディスクドライブ01-2(動作音).mp3,otologic_sounds_smart/Pc,otologic_sounds_smart/Pc/ハードディスクドライブ01/ハードディスクドライブ01-2(動作音).mp3,12.231587301587302,0.2038597883597883,ハードディスクドライブ01/ハードディスクドライブ01-2(動作音).mp3
54,sound_54.mp3,ハードディスクドライブ02-2(動作音).mp3,otologic_sounds_smart/Pc,otologic_sounds_smart/Pc/ハードディスクドライブ01/ハードディスクドライブ02-2(動作音).mp3,32.582585034013604,0.5430430839002267,ハードディスクドライブ01/ハードディスクドライブ02-2(動作音).mp3
55,sound_55.mp3,ハードディスクドライブ01-1(動作音).mp3,otologic_sounds_smart/Pc,otologic_sounds_smart/Pc/ハードディスクドライブ01/ハードディスクドライブ01-1(動作音).mp3,17.87952380952381,0.2979920634920635,ハードディスクドライブ01/ハードディスクドライブ01-1(動作音).mp3
56,sound_56.mp3,PC　駆動音03-05(ロング).mp3,otologic_sounds_smart/Pc,otologic_sounds_smart/Pc/効果音＞PC・その他/PC　駆動音03-05(ロング).mp3,66.44408163265307,1.1074013605442177,効果音＞PC・その他/PC　駆動音03-05(ロング).mp3
57,sound_57.mp3,PC　駆動音03-07(遠い　オンオフ).mp3,otologic_sounds_smart/Pc,otologic_sounds_smart/Pc/効果音＞PC・その他/PC　駆動音03-07(遠い　オンオフ).mp3,52.41995464852608,0.873665910808768,効果音＞PC・その他/PC　駆動音03-07(遠い　オンオフ).mp3
58,sound_58.mp3,PC　駆動音03-03(強制シャットダウン).mp3,otologic_sounds_smart/Pc,otologic_sounds_smart/Pc/効果音＞PC・その他/PC　駆動音03-03(強制シャットダウン).mp3,12.768843537414966,0.2128140589569161,効果音＞PC・その他/PC　駆動音03-03(強制シャットダウン).mp3
59,sound_59.mp3,PC　駆動音03-01(オンオフ).mp3,otologic_sounds_smart/Pc,otologic_sounds_smart/Pc/効果音＞PC・その他/PC　駆動音03-01(オンオフ).mp3,49.59342403628118,0.8265570672713529,効果音＞PC・その他/PC　駆動音03-01(オンオフ).mp3
60,sound_60.mp3,PC　駆動音03-08(遠い　オンオフ).mp3,otologic_sounds_smart/Pc,otologic_sounds_smart/Pc/効果音＞PC・その他/PC　駆動音03-08(遠い　オンオフ).mp3,53.28927437641723,0.8881545729402872,効果音＞PC・その他/PC　駆動音03-08(遠い　オンオフ).mp3
61,sound_61.mp3,PC　駆動音03-02(オンオフ).mp3,otologic_sounds_smart/Pc,otologic_sounds_smart/Pc/効果音＞PC・その他/PC　駆動音03-02(オンオフ).mp3,49.70331065759637,0.8283885109599395,効果音＞PC・その他/PC　駆動音03-02(オンオフ).mp3
62,sound_62.mp3,PC　駆動音03-06(ロング).mp3,otologic_sounds_smart/Pc,otologic_sounds_smart/Pc/効果音＞PC・その他/PC　駆動音03-06(ロング).mp3,66.66442176870748,1.1110736961451246,効果音＞PC・その他/PC　駆動音03-06(ロング).mp3
63,sound_63.mp3,OS効果音01-23(スピーカー　電話).mp3,otologic_sounds_smart/Pc,otologic_sounds_smart/Pc/ダイヤルアップ接続音01/OS効果音01-23(スピーカー　電話).mp3,8.0837641723356,0.13472940287226,ダイヤルアップ接続音01/OS効果音01-23(スピーカー　電話).mp3
64,sound_64.mp3,ダイヤルアップ接続音01-1.mp3,otologic_sounds_smart/Pc,otologic_sounds_smart/Pc/ダイヤルアップ接続音01/ダイヤルアップ接続音01-1.mp3,24.881315192743763,0.4146885865457294,ダイヤルアップ接続音01/ダイヤルアップ接続音01-1.mp3
65,sound_65.mp3,OS効果音01-11(電話).mp3,otologic_sounds_smart/Pc,otologic_sounds_smart/Pc/ダイヤルアップ接続音01/OS効果音01-11(電話).mp3,8.03702947845805,0.1339504913076341,ダイヤルアップ接続音01/OS効果音01-11(電話).mp3
66,sound_66.mp3,PC　駆動音02-17(遠い　ルームノイズ).mp3,otologic_sounds_smart/Pc,otologic_sounds_smart/Pc/PC　駆動音01/PC　駆動音02-17(遠い　ルームノイズ).mp3,66.36746031746031,1.1061243386243385,PC　駆動音01/PC　駆動音02-17(遠い　ルームノイズ).mp3
67,sound_67.mp3,PC　駆動音01-02(オンオフ).mp3,otologic_sounds_smart/Pc,otologic_sounds_smart/Pc/PC　駆動音01/PC　駆動音01-02(オンオフ).mp3,75.73891156462585,1.262315192743764,PC　駆動音01/PC　駆動音01-02(オンオフ).mp3
68,sound_68.mp3,PC　駆動音02-16(遠い　ロング).mp3,otologic_sounds_smart/Pc,otologic_sounds_smart/Pc/PC　駆動音01/PC　駆動音02-16(遠い　ロング).mp3,64.95585034013605,1.0825975056689343,PC　駆動音01/PC　駆動音02-16(遠い　ロング).mp3
69,sound_69.mp3,PC　駆動音01-01(オンオフ).mp3,otologic_sounds_smart/Pc,otologic_sounds_smart/Pc/PC　駆動音01/PC　駆動音01-01(オンオフ).mp3,104.5955328798186,1.7432588813303098,PC　駆動音01/PC　駆動音01-01(オンオフ).mp3
70,sound_70.mp3,PC　駆動音02-14(遠い　ロング).mp3,otologic_sounds_smart/Pc,otologic_sounds_smart/Pc/PC　駆動音01/PC　駆動音02-14(遠い　ロング).mp3,66.38480725623583,1.1064134542705972,PC　駆動音01/PC　駆動音02-14(遠い　ロング).mp3
71,sound_71.mp3,PC　駆動音02-15(遠い　ロング).mp3,otologic_sounds_smart/Pc,otologic_sounds_smart/Pc/PC　駆動音01/PC　駆動音02-15(遠い　ロング).mp3,65.8852380952381,1.0980873015873016,PC　駆動音01/PC　駆動音02-15(遠い　ロング).mp3
72,sound_72.mp3,PC　駆動音02-12(遠い　強制シャットダウン).mp3,otologic_sounds_smart/Pc,otologic_sounds_smart/Pc/PC　駆動音01/PC　駆動音02-12(遠い　強制シャットダウン).mp3,6.288027210884354,0.1048004535147392,PC　駆動音01/PC　駆動音02-12(遠い　強制シャットダウン).mp3
73,sound_73.mp3,光学ドライブ02-3(動作音).mp3,otologic_sounds_smart/Pc,otologic_sounds_smart/Pc/フロッピードライブ02/光学ドライブ02-3(動作音).mp3,38.21834467120181,0.6369724111866969,フロッピードライブ02/光学ドライブ02-3(動作音).mp3
74,sound_74.mp3,光学ドライブ02-2(動作音).mp3,otologic_sounds_smart/Pc,otologic_sounds_smart/Pc/フロッピードライブ02/光学ドライブ02-2(動作音).mp3,39.489614512471654,0.6581602418745276,フロッピードライブ02/光学ドライブ02-2(動作音).mp3
75,sound_75.mp3,光学ドライブ01-1(動作音).mp3,otologic_sounds_smart/Pc,otologic_sounds_smart/Pc/フロッピードライブ02/光学ドライブ01-1(動作音).mp3,43.361655328798186,0.7226942554799698,フロッピードライブ02/光学ドライブ01-1(動作音).mp3
76,sound_76.mp3,光学ドライブ01-2(動作音).mp3,otologic_sounds_smart/Pc,otologic_sounds_smart/Pc/フロッピードライブ02/光学ドライブ01-2(動作音).mp3,22.716349206349207,0.3786058201058201,フロッピードライブ02/光学ドライブ01-2(動作音).mp3
77,sound_77.mp3,ハードディスクドライブ03-2(動作音).mp3,otologic_sounds_smart/Pc,otologic_sounds_smart/Pc/ハードディスクドライブ02/ハードディスクドライブ03-2(動作音).mp3,61.11333333333334,1.0185555555555557,ハードディスクドライブ02/ハードディスクドライブ03-2(動作音).mp3
78,sound_78.mp3,ハードディスクドライブ03-3(強制終了).mp3,otologic_sounds_smart/Pc,otologic_sounds_smart/Pc/ハードディスクドライブ02/ハードディスクドライブ03-3(強制終了).mp3,5.894240362811791,0.0982373393801965,ハードディスクドライブ02/ハードディスクドライブ03-3(強制終了).mp3
79,sound_79.mp3,ハードディスクドライブ03-1(動作音).mp3,otologic_sounds_smart/Pc,otologic_sounds_smart/Pc/ハードディスクドライブ02/ハードディスクドライブ03-1(動作音).mp3,20.45503401360544,0.3409172335600907,ハードディスクドライブ02/ハードディスクドライブ03-1(動作音).mp3
80,sound_80.mp3,PC　駆動音01-17(遠い　ルームノイズ).mp3,otologic_sounds_smart/Pc,otologic_sounds_smart/Pc/光学ドライブ02/PC　駆動音01-17(遠い　ルームノイズ).mp3,65.33197278911565,1.0888662131519276,光学ドライブ02/PC　駆動音01-17(遠い　ルームノイズ).mp3
81,sound_81.mp3,PC　駆動音01-15(遠い　ロング).mp3,otologic_sounds_smart/Pc,otologic_sounds_smart/Pc/光学ドライブ02/PC　駆動音01-15(遠い　ロング).mp3,65.97662131519274,1.0996103552532124,光学ドライブ02/PC　駆動音01-15(遠い　ロング).mp3
82,sound_82.mp3,光学ドライブ03-1(動作音).mp3,otologic_sounds_smart/Pc,otologic_sounds_smart/Pc/光学ドライブ02/光学ドライブ03-1(動作音).mp3,58.31052154195011,0.9718420256991686,光学ドライブ02/光学ドライブ03-1(動作音).mp3
83,sound_83.mp3,PC　駆動音01-14(遠い　ロング).mp3,otologic_sounds_smart/Pc,otologic_sounds_smart/Pc/光学ドライブ02/PC　駆動音01-14(遠い　ロング).mp3,66.37600907029478,1.1062668178382464,光学ドライブ02/PC　駆動音01-14(遠い　ロング).mp3
84,sound_84.mp3,PC　駆動音01-11(遠い　強制シャットダウン).mp3,otologic_sounds_smart/Pc,otologic_sounds_smart/Pc/光学ドライブ02/PC　駆動音01-11(遠い　強制シャットダウン).mp3,6.212199546485261,0.1035366591080876,光学ドライブ02/PC　駆動音01-11(遠い　強制シャットダウン).mp3
85,sound_85.mp3,PC　駆動音01-12(遠い　強制シャットダウン).mp3,otologic_sounds_smart/Pc,otologic_sounds_smart/Pc/光学ドライブ02/PC　駆動音01-12(遠い　強制シャットダウン).mp3,6.324263038548753,0.1054043839758125,光学ドライブ02/PC　駆動音01-12(遠い　強制シャットダウン).mp3
86,sound_86.mp3,PC　駆動音01-16(遠い　ロング).mp3,otologic_sounds_smart/Pc,otologic_sounds_smart/Pc/光学ドライブ02/PC　駆動音01-16(遠い　ロング).mp3,65.91337868480726,1.0985563114134542,光学ドライブ02/PC　駆動音01-16(遠い　ロング).mp3
87,sound_87.mp3,フロッピードライブ01-1(動作音).mp3,otologic_sounds_smart/Pc,otologic_sounds_smart/Pc/ハードディスクドライブ03/フロッピードライブ01-1(動作音).mp3,34.0037641723356,0.56672940287226,ハードディスクドライブ03/フロッピードライブ01-1(動作音).mp3
88,sound_88.mp3,フロッピードライブ01-2(動作音).mp3,otologic_sounds_smart/Pc,otologic_sounds_smart/Pc/ハードディスクドライブ03/フロッピードライブ01-2(動作音).mp3,17.03628117913832,0.2839380196523053,ハードディスクドライブ03/フロッピードライブ01-2(動作音).mp3
89,sound_89.mp3,PC　駆動音01-06(ロング).mp3,otologic_sounds_smart/Pc,otologic_sounds_smart/Pc/光学ドライブ03/PC　駆動音01-06(ロング).mp3,65.97045351473923,1.0995075585789873,光学ドライブ03/PC　駆動音01-06(ロング).mp3
90,sound_90.mp3,PC　駆動音01-10(遠い　オンオフ).mp3,otologic_sounds_smart/Pc,otologic_sounds_smart/Pc/光学ドライブ03/PC　駆動音01-10(遠い　オンオフ).mp3,54.73553287981859,0.91225888133031,光学ドライブ03/PC　駆動音01-10(遠い　オンオフ).mp3
91,sound_91.mp3,PC　駆動音01-09(遠い　オンオフ).mp3,otologic_sounds_smart/Pc,otologic_sounds_smart/Pc/光学ドライブ03/PC　駆動音01-09(遠い　オンオフ).mp3,101.8563492063492,1.6976058201058202,光学ドライブ03/PC　駆動音01-09(遠い　オンオフ).mp3
92,sound_92.mp3,PC　駆動音01-07(ロング).mp3,otologic_sounds_smart/Pc,otologic_sounds_smart/Pc/光学ドライブ03/PC　駆動音01-07(ロング).mp3,66.67734693877551,1.1112891156462583,光学ドライブ03/PC　駆動音01-07(ロング).mp3
93,sound_93.mp3,PC　駆動音01-04(強制シャットダウン).mp3,otologic_sounds_smart/Pc,otologic_sounds_smart/Pc/光学ドライブ03/PC　駆動音01-04(強制シャットダウン).mp3,5.410748299319728,0.0901791383219954,光学ドライブ03/PC　駆動音01-04(強制シャットダウン).mp3
94,sound_94.mp3,PC　駆動音01-03(強制シャットダウン).mp3,otologic_sounds_smart/Pc,otologic_sounds_smart/Pc/光学ドライブ03/PC　駆動音01-03(強制シャットダウン).mp3,6.0968027210884355,0.1016133786848072,光学ドライブ03/PC　駆動音01-03(強制シャットダウン).mp3
95,sound_95.mp3,PC　駆動音01-08(ロング).mp3,otologic_sounds_smart/Pc,otologic_sounds_smart/Pc/光学ドライブ03/PC　駆動音01-08(ロング).mp3,66.09718820861679,1.1016198034769464,光学ドライブ03/PC　駆動音01-08(ロング).mp3
96,sound_96.mp3,PC　マウス　ムーブ04-19(遠い　木　中).mp3,otologic_sounds_smart/Pc Mouse,otologic_sounds_smart/Pc Mouse/PC　マウス01/PC　マウス　ムーブ04-19(遠い　木　中).mp3,5.061632653061224,0.084360544217687,PC　マウス01/PC　マウス　ムーブ04-19(遠い　木　中).mp3
97,sound_97.mp3,PC　マウス　ムーブ04-25(遠い　ソフトパッド　中).mp3,otologic_sounds_smart/Pc Mouse,otologic_sounds_smart/Pc Mouse/PC　マウス01/PC　マウス　ムーブ04-25(遠い　ソフトパッド　中).mp3,5.0940589569161,0.0849009826152683,PC　マウス01/PC　マウス　ムーブ04-25(遠い　ソフトパッド　中).mp3
98,sound_98.mp3,PC　マウス　ムーブ04-13(ハードパッド　中).mp3,otologic_sounds_smart/Pc Mouse,otologic_sounds_smart/Pc Mouse/PC　マウス01/PC　マウス　ムーブ04-13(ハードパッド　中).mp3,5.203877551020408,0.0867312925170068,PC　マウス01/PC　マウス　ムーブ04-13(ハードパッド　中).mp3
99,sound_99.mp3,PC　マウス　ムーブ04-14(ハードパッド　長).mp3,otologic_sounds_smart/Pc Mouse,otologic_sounds_smart/Pc Mouse/PC　マウス01/PC　マウス　ムーブ04-14(ハードパッド　長).mp3,5.136621315192744,0.0856103552532124,PC　マウス01/PC　マウス　ムーブ04-14(ハードパッド　長).mp3
100,sound_100.mp3,PC　マウス　ムーブ03-08(ソフトパッド　長).mp3,otologic_sounds_smart/Pc Mouse,otologic_sounds_smart/Pc Mouse/PC　マウス　ムーブ03/PC　マウス　ムーブ03-08(ソフトパッド　長).mp3,5.34453514739229,0.0890755857898715,PC　マウス　ムーブ03/PC　マウス　ムーブ03-08(ソフトパッド　長).mp3
101,sound_101.mp3,PC　マウス　ムーブ03-14(ハードパッド　長).mp3,otologic_sounds_smart/Pc Mouse,otologic_sounds_smart/Pc Mouse/PC　マウス　ムーブ03/PC　マウス　ムーブ03-14(ハードパッド　長).mp3,5.448639455782313,0.0908106575963718,PC　マウス　ムーブ03/PC　マウス　ムーブ03-14(ハードパッド　長).mp3
102,sound_102.mp3,PC　マウス　ムーブ04-31(遠い　ハードパッド　中).mp3,otologic_sounds_smart/Pc Mouse,otologic_sounds_smart/Pc Mouse/PC　マウス　ムーブ04/PC　マウス　ムーブ04-31(遠い　ハードパッド　中).mp3,5.203877551020408,0.0867312925170068,PC　マウス　ムーブ04/PC　マウス　ムーブ04-31(遠い　ハードパッド　中).mp3
103,sound_103.mp3,PC　マウス　ムーブ04-32(遠い　ハードパッド　長).mp3,otologic_sounds_smart/Pc Mouse,otologic_sounds_smart/Pc Mouse/PC　マウス　ムーブ04/PC　マウス　ムーブ04-32(遠い　ハードパッド　長).mp3,5.136621315192744,0.0856103552532124,PC　マウス　ムーブ04/PC　マウス　ムーブ04-32(遠い　ハードパッド　長).mp3
104,sound_104.mp3,PC　マウス　ムーブ03-26(遠い　ソフトパッド　長).mp3,otologic_sounds_smart/Pc Mouse,otologic_sounds_smart/Pc Mouse/PC　マウス　ムーブ02/PC　マウス　ムーブ03-26(遠い　ソフトパッド　長).mp3,5.34453514739229,0.0890755857898715,PC　マウス　ムーブ02/PC　マウス　ムーブ03-26(遠い　ソフトパッド　長).mp3
105,sound_105.mp3,PC　マウス　ムーブ03-32(遠い　ハードパッド　長).mp3,otologic_sounds_smart/Pc Mouse,otologic_sounds_smart/Pc Mouse/PC　マウス　ムーブ02/PC　マウス　ムーブ03-32(遠い　ハードパッド　長).mp3,5.448639455782313,0.0908106575963718,PC　マウス　ムーブ02/PC　マウス　ムーブ03-32(遠い　ハードパッド　長).mp3
106,sound_106.mp3,PC　マウス　ムーブ04-01(木　中).mp3,otologic_sounds_smart/Pc Mouse,otologic_sounds_smart/Pc Mouse/PC　マウス02/PC　マウス　ムーブ04-01(木　中).mp3,5.061632653061224,0.084360544217687,PC　マウス02/PC　マウス　ムーブ04-01(木　中).mp3
107,sound_107.mp3,PC　マウス　ムーブ04-07(ソフトパッド　中).mp3,otologic_sounds_smart/Pc Mouse,otologic_sounds_smart/Pc Mouse/PC　マウス02/PC　マウス　ムーブ04-07(ソフトパッド　中).mp3,5.0940589569161,0.0849009826152683,PC　マウス02/PC　マウス　ムーブ04-07(ソフトパッド　中).mp3
108,sound_108.mp3,妄想03-1(速い).mp3,otologic_sounds_smart/Fantasize,otologic_sounds_smart/Fantasize/効果音＞シーン・妄想/妄想03-1(速い).mp3,5.52108843537415,0.0920181405895691,効果音＞シーン・妄想/妄想03-1(速い).mp3
109,sound_109.mp3,妄想03-2(遅い).mp3,otologic_sounds_smart/Fantasize,otologic_sounds_smart/Fantasize/効果音＞シーン・妄想/妄想03-2(遅い).mp3,5.951859410430839,0.0991976568405139,効果音＞シーン・妄想/妄想03-2(遅い).mp3
110,sound_110.mp3,妄想02-2(長).mp3,otologic_sounds_smart/Fantasize,otologic_sounds_smart/Fantasize/妄想02/妄想02-2(長).mp3,6.717437641723356,0.1119572940287225,妄想02/妄想02-2(長).mp3
111,sound_111.mp3,アーケード　汎用01-14(LFO).mp3,otologic_sounds_smart/Game Other,otologic_sounds_smart/Game Other/システム音セット01/アーケード　汎用01-14(LFO).mp3,7.972698412698413,0.1328783068783068,システム音セット01/アーケード　汎用01-14(LFO).mp3
112,sound_112.mp3,アーケード　汎用01-13(LFO).mp3,otologic_sounds_smart/Game Other,otologic_sounds_smart/Game Other/システム音セット02/アーケード　汎用01-13(LFO).mp3,7.930657596371882,0.132177626606198,システム音セット02/アーケード　汎用01-13(LFO).mp3
113,sound_113.mp3,そろばん01-06(上段　引く).mp3,otologic_sounds_smart/Soroban,otologic_sounds_smart/Soroban/そろばん01/そろばん01-06(上段　引く).mp3,6.261315192743764,0.104355253212396,そろばん01/そろばん01-06(上段　引く).mp3
114,sound_114.mp3,そろばん02-06(上段　引く).mp3,otologic_sounds_smart/Soroban,otologic_sounds_smart/Soroban/効果音＞そろばん/そろばん02-06(上段　引く).mp3,5.034036281179138,0.0839006046863189,効果音＞そろばん/そろばん02-06(上段　引く).mp3
115,sound_115.mp3,そろばん02-01(遅い).mp3,otologic_sounds_smart/Soroban,otologic_sounds_smart/Soroban/効果音＞そろばん/そろばん02-01(遅い).mp3,16.92124716553288,0.2820207860922146,効果音＞そろばん/そろばん02-01(遅い).mp3
116,sound_116.mp3,そろばん02-04(下段　引く).mp3,otologic_sounds_smart/Soroban,otologic_sounds_smart/Soroban/効果音＞そろばん/そろばん02-04(下段　引く).mp3,10.562403628117911,0.1760400604686318,効果音＞そろばん/そろばん02-04(下段　引く).mp3
117,sound_117.mp3,そろばん02-02(速い).mp3,otologic_sounds_smart/Soroban,otologic_sounds_smart/Soroban/効果音＞そろばん/そろばん02-02(速い).mp3,5.752585034013605,0.09587641723356,効果音＞そろばん/そろばん02-02(速い).mp3
118,sound_118.mp3,そろばん02-05(上段　足す).mp3,otologic_sounds_smart/Soroban,otologic_sounds_smart/Soroban/効果音＞そろばん/そろばん02-05(上段　足す).mp3,5.569319727891156,0.0928219954648526,効果音＞そろばん/そろばん02-05(上段　足す).mp3
119,sound_119.mp3,そろばん02-03(下段　足す).mp3,otologic_sounds_smart/Soroban,otologic_sounds_smart/Soroban/効果音＞そろばん/そろばん02-03(下段　足す).mp3,11.660113378684809,0.1943352229780801,効果音＞そろばん/そろばん02-03(下段　足す).mp3
120,sound_120.mp3,そろばん01-05(上段　足す).mp3,otologic_sounds_smart/Soroban,otologic_sounds_smart/Soroban/そろばん02/そろばん01-05(上段　足す).mp3,7.587619047619048,0.1264603174603174,そろばん02/そろばん01-05(上段　足す).mp3
121,sound_121.mp3,そろばん01-04(下段　引く).mp3,otologic_sounds_smart/Soroban,otologic_sounds_smart/Soroban/そろばん02/そろばん01-04(下段　引く).mp3,12.559614512471656,0.2093269085411942,そろばん02/そろばん01-04(下段　引く).mp3
122,sound_122.mp3,そろばん01-02(速い).mp3,otologic_sounds_smart/Soroban,otologic_sounds_smart/Soroban/そろばん02/そろばん01-02(速い).mp3,5.5240136054421765,0.0920668934240362,そろばん02/そろばん01-02(速い).mp3
123,sound_123.mp3,そろばん01-03(下段　足す).mp3,otologic_sounds_smart/Soroban,otologic_sounds_smart/Soroban/そろばん02/そろばん01-03(下段　足す).mp3,15.0397052154195,0.250661753590325,そろばん02/そろばん01-03(下段　足す).mp3
124,sound_124.mp3,そろばん01-01(遅い).mp3,otologic_sounds_smart/Soroban,otologic_sounds_smart/Soroban/そろばん02/そろばん01-01(遅い).mp3,13.05907029478458,0.217651171579743,そろばん02/そろばん01-01(遅い).mp3
125,sound_125.mp3,映写機01-4.mp3,otologic_sounds_smart/Theater,otologic_sounds_smart/Theater/映写機01/映写機01-4.mp3,67.47326530612244,1.1245544217687071,映写機01/映写機01-4.mp3
126,sound_126.mp3,開演ブザー02-2.mp3,otologic_sounds_smart/Theater,otologic_sounds_smart/Theater/映写機01/開演ブザー02-2.mp3,5.828095238095238,0.0971349206349206,映写機01/開演ブザー02-2.mp3
127,sound_127.mp3,開演ブザー02-3.mp3,otologic_sounds_smart/Theater,otologic_sounds_smart/Theater/開演ブザー02/開演ブザー02-3.mp3,7.315873015873016,0.1219312169312169,開演ブザー02/開演ブザー02-3.mp3
128,sound_128.mp3,開演ブザー01-2.mp3,otologic_sounds_smart/Theater,otologic_sounds_smart/Theater/開演ブザー02/開演ブザー01-2.mp3,5.690793650793651,0.0948465608465608,開演ブザー02/開演ブザー01-2.mp3
129,sound_129.mp3,開演ブザー01-3.mp3,otologic_sounds_smart/Theater,otologic_sounds_smart/Theater/開演ブザー01/開演ブザー01-3.mp3,7.340566893424036,0.1223427815570672,開演ブザー01/開演ブザー01-3.mp3
130,sound_130.mp3,映写機01-3.mp3,otologic_sounds_smart/Theater,otologic_sounds_smart/Theater/効果音＞劇場/映写機01-3.mp3,20.19795918367347,0.3366326530612245,効果音＞劇場/映写機01-3.mp3
131,sound_131.mp3,映写機01-2.mp3,otologic_sounds_smart/Theater,otologic_sounds_smart/Theater/効果音＞劇場/映写機01-2.mp3,67.46034013605443,1.124339002267574,効果音＞劇場/映写機01-2.mp3
132,sound_132.mp3,映写機01-1.mp3,otologic_sounds_smart/Theater,otologic_sounds_smart/Theater/効果音＞劇場/映写機01-1.mp3,20.244875283446714,0.3374145880574452,効果音＞劇場/映写機01-1.mp3
133,sound_133.mp3,消防車　サイレン　フェイク02-5(リバーブ　サイレン).mp3,otologic_sounds_smart/Transportation,otologic_sounds_smart/Transportation/消防車　サイレン　フェイク02/消防車　サイレン　フェイク02-5(リバーブ　サイレン).mp3,8.741632653061224,0.1456938775510204,消防車　サイレン　フェイク02/消防車　サイレン　フェイク02-5(リバーブ　サイレン).mp3
134,sound_134.mp3,消防車　サイレン　フェイク02-8(リバーブ　ベル).mp3,otologic_sounds_smart/Transportation,otologic_sounds_smart/Transportation/消防車　サイレン　フェイク02/消防車　サイレン　フェイク02-8(リバーブ　ベル).mp3,5.086349206349206,0.0847724867724867,消防車　サイレン　フェイク02/消防車　サイレン　フェイク02-8(リバーブ　ベル).mp3
135,sound_135.mp3,消防車　サイレン　フェイク02-7(リバーブ　ベル).mp3,otologic_sounds_smart/Transportation,otologic_sounds_smart/Transportation/消防車　サイレン　フェイク02/消防車　サイレン　フェイク02-7(リバーブ　ベル).mp3,7.428140589569161,0.123802343159486,消防車　サイレン　フェイク02/消防車　サイレン　フェイク02-7(リバーブ　ベル).mp3
136,sound_136.mp3,消防車　サイレン　フェイク02-1(サイレン).mp3,otologic_sounds_smart/Transportation,otologic_sounds_smart/Transportation/消防車　サイレン　フェイク02/消防車　サイレン　フェイク02-1(サイレン).mp3,6.079387755102041,0.1013231292517006,消防車　サイレン　フェイク02/消防車　サイレン　フェイク02-1(サイレン).mp3
137,sound_137.mp3,消防車　サイレン　フェイク02-6(リバーブ　サイレン).mp3,otologic_sounds_smart/Transportation,otologic_sounds_smart/Transportation/消防車　サイレン　フェイク02/消防車　サイレン　フェイク02-6(リバーブ　サイレン).mp3,6.166984126984127,0.1027830687830687,消防車　サイレン　フェイク02/消防車　サイレン　フェイク02-6(リバーブ　サイレン).mp3
138,sound_138.mp3,消防車　サイレン　フェイク02-3(ベル).mp3,otologic_sounds_smart/Transportation,otologic_sounds_smart/Transportation/消防車　サイレン　フェイク02/消防車　サイレン　フェイク02-3(ベル).mp3,5.692653061224489,0.0948775510204081,消防車　サイレン　フェイク02/消防車　サイレン　フェイク02-3(ベル).mp3
139,sound_139.mp3,パトカー　サイレン　フェイク02-04(遅).mp3,otologic_sounds_smart/Transportation,otologic_sounds_smart/Transportation/救急車　サイレン01/パトカー　サイレン　フェイク02-04(遅).mp3,5.905011337868481,0.0984168556311413,救急車　サイレン01/パトカー　サイレン　フェイク02-04(遅).mp3
140,sound_140.mp3,救急車　サイレン01-1.mp3,otologic_sounds_smart/Transportation,otologic_sounds_smart/Transportation/救急車　サイレン01/救急車　サイレン01-1.mp3,22.268072562358277,0.3711345427059713,救急車　サイレン01/救急車　サイレン01-1.mp3
141,sound_141.mp3,救急車　サイレン01-2.mp3,otologic_sounds_smart/Transportation,otologic_sounds_smart/Transportation/救急車　サイレン01/救急車　サイレン01-2.mp3,22.268072562358277,0.3711345427059713,救急車　サイレン01/救急車　サイレン01-2.mp3
142,sound_142.mp3,救急車　サイレン01-3L.mp3,otologic_sounds_smart/Transportation,otologic_sounds_smart/Transportation/救急車　サイレン01/救急車　サイレン01-3L.mp3,9.896916099773245,0.1649486016628873,救急車　サイレン01/救急車　サイレン01-3L.mp3
143,sound_143.mp3,パトカー　サイレン01-6(ドライ).mp3,otologic_sounds_smart/Transportation,otologic_sounds_smart/Transportation/パトカー　サイレン01/パトカー　サイレン01-6(ドライ).mp3,8.344285714285714,0.1390714285714285,パトカー　サイレン01/パトカー　サイレン01-6(ドライ).mp3
144,sound_144.mp3,パトカー　サイレン01-2(近い).mp3,otologic_sounds_smart/Transportation,otologic_sounds_smart/Transportation/パトカー　サイレン01/パトカー　サイレン01-2(近い).mp3,9.463492063492064,0.1577248677248677,パトカー　サイレン01/パトカー　サイレン01-2(近い).mp3
145,sound_145.mp3,パトカー　サイレン01-4(遠い).mp3,otologic_sounds_smart/Transportation,otologic_sounds_smart/Transportation/パトカー　サイレン01/パトカー　サイレン01-4(遠い).mp3,10.640385487528343,0.1773397581254724,パトカー　サイレン01/パトカー　サイレン01-4(遠い).mp3
146,sound_146.mp3,パトカー　サイレン01-1(近い).mp3,otologic_sounds_smart/Transportation,otologic_sounds_smart/Transportation/パトカー　サイレン01/パトカー　サイレン01-1(近い).mp3,11.075986394557823,0.1845997732426303,パトカー　サイレン01/パトカー　サイレン01-1(近い).mp3
147,sound_147.mp3,パトカー　サイレン01-3(遠い).mp3,otologic_sounds_smart/Transportation,otologic_sounds_smart/Transportation/パトカー　サイレン01/パトカー　サイレン01-3(遠い).mp3,11.871904761904762,0.1978650793650793,パトカー　サイレン01/パトカー　サイレン01-3(遠い).mp3
148,sound_148.mp3,パトカー　サイレン01-5(ドライ).mp3,otologic_sounds_smart/Transportation,otologic_sounds_smart/Transportation/パトカー　サイレン01/パトカー　サイレン01-5(ドライ).mp3,9.709478458049889,0.1618246409674981,パトカー　サイレン01/パトカー　サイレン01-5(ドライ).mp3
149,sound_149.mp3,パトカー　サイレン　フェイク02-11リバーブ　遅).mp3,otologic_sounds_smart/Transportation,otologic_sounds_smart/Transportation/パトカー　サイレン　フェイク02/パトカー　サイレン　フェイク02-11リバーブ　遅).mp3,5.939229024943311,0.0989871504157218,パトカー　サイレン　フェイク02/パトカー　サイレン　フェイク02-11リバーブ　遅).mp3
150,sound_150.mp3,パトカー　サイレン　フェイク02-07(リバーブ　速).mp3,otologic_sounds_smart/Transportation,otologic_sounds_smart/Transportation/パトカー　サイレン　フェイク02/パトカー　サイレン　フェイク02-07(リバーブ　速).mp3,6.344421768707483,0.1057403628117913,パトカー　サイレン　フェイク02/パトカー　サイレン　フェイク02-07(リバーブ　速).mp3
151,sound_151.mp3,パトカー　サイレン　フェイク02-10(リバーブ　遅).mp3,otologic_sounds_smart/Transportation,otologic_sounds_smart/Transportation/パトカー　サイレン　フェイク02/パトカー　サイレン　フェイク02-10(リバーブ　遅).mp3,8.533718820861678,0.1422286470143613,パトカー　サイレン　フェイク02/パトカー　サイレン　フェイク02-10(リバーブ　遅).mp3
152,sound_152.mp3,救急車　サイレン　フェイク02-4(低).mp3,otologic_sounds_smart/Transportation,otologic_sounds_smart/Transportation/救急車　サイレン　フェイク02/救急車　サイレン　フェイク02-4(低).mp3,11.574013605442175,0.1929002267573696,救急車　サイレン　フェイク02/救急車　サイレン　フェイク02-4(低).mp3
153,sound_153.mp3,救急車　サイレン　フェイク02-2(高).mp3,otologic_sounds_smart/Transportation,otologic_sounds_smart/Transportation/救急車　サイレン　フェイク02/救急車　サイレン　フェイク02-2(高).mp3,7.692131519274376,0.1282021919879062,救急車　サイレン　フェイク02/救急車　サイレン　フェイク02-2(高).mp3
154,sound_154.mp3,救急車　サイレン　フェイク02-7(リバーブ　低).mp3,otologic_sounds_smart/Transportation,otologic_sounds_smart/Transportation/救急車　サイレン　フェイク02/救急車　サイレン　フェイク02-7(リバーブ　低).mp3,5.572834467120181,0.092880574452003,救急車　サイレン　フェイク02/救急車　サイレン　フェイク02-7(リバーブ　低).mp3
155,sound_155.mp3,救急車　サイレン　フェイク02-8(リバーブ　低).mp3,otologic_sounds_smart/Transportation,otologic_sounds_smart/Transportation/救急車　サイレン　フェイク02/救急車　サイレン　フェイク02-8(リバーブ　低).mp3,14.20843537414966,0.2368072562358276,救急車　サイレン　フェイク02/救急車　サイレン　フェイク02-8(リバーブ　低).mp3
156,sound_156.mp3,救急車　サイレン　フェイク02-6(リバーブ　高).mp3,otologic_sounds_smart/Transportation,otologic_sounds_smart/Transportation/救急車　サイレン　フェイク02/救急車　サイレン　フェイク02-6(リバーブ　高).mp3,10.156213151927435,0.1692702191987906,救急車　サイレン　フェイク02/救急車　サイレン　フェイク02-6(リバーブ　高).mp3
157,sound_157.mp3,パトカー　サイレン03-08(遠い).mp3,otologic_sounds_smart/Transportation,otologic_sounds_smart/Transportation/効果音＞乗り物/パトカー　サイレン03-08(遠い).mp3,5.67907029478458,0.094651171579743,効果音＞乗り物/パトカー　サイレン03-08(遠い).mp3
158,sound_158.mp3,パトカー　サイレン03-04(近い).mp3,otologic_sounds_smart/Transportation,otologic_sounds_smart/Transportation/効果音＞乗り物/パトカー　サイレン03-04(近い).mp3,5.632721088435374,0.0938786848072562,効果音＞乗り物/パトカー　サイレン03-04(近い).mp3
159,sound_159.mp3,パトカー　サイレン03-06(遠い).mp3,otologic_sounds_smart/Transportation,otologic_sounds_smart/Transportation/効果音＞乗り物/パトカー　サイレン03-06(遠い).mp3,29.13780045351474,0.485630007558579,効果音＞乗り物/パトカー　サイレン03-06(遠い).mp3
160,sound_160.mp3,パトカー　サイレン03-01(近い).mp3,otologic_sounds_smart/Transportation,otologic_sounds_smart/Transportation/効果音＞乗り物/パトカー　サイレン03-01(近い).mp3,18.216621315192743,0.3036103552532124,効果音＞乗り物/パトカー　サイレン03-01(近い).mp3
161,sound_161.mp3,パトカー　サイレン03-09(ドライ).mp3,otologic_sounds_smart/Transportation,otologic_sounds_smart/Transportation/効果音＞乗り物/パトカー　サイレン03-09(ドライ).mp3,18.319251700680272,0.3053208616780045,効果音＞乗り物/パトカー　サイレン03-09(ドライ).mp3
162,sound_162.mp3,パトカー　サイレン03-07(遠い).mp3,otologic_sounds_smart/Transportation,otologic_sounds_smart/Transportation/効果音＞乗り物/パトカー　サイレン03-07(遠い).mp3,8.352380952380953,0.1392063492063492,効果音＞乗り物/パトカー　サイレン03-07(遠い).mp3
163,sound_163.mp3,パトカー　サイレン03-02(近い).mp3,otologic_sounds_smart/Transportation,otologic_sounds_smart/Transportation/効果音＞乗り物/パトカー　サイレン03-02(近い).mp3,29.261655328798184,0.4876942554799697,効果音＞乗り物/パトカー　サイレン03-02(近い).mp3
164,sound_164.mp3,パトカー　サイレン03-05(遠い).mp3,otologic_sounds_smart/Transportation,otologic_sounds_smart/Transportation/効果音＞乗り物/パトカー　サイレン03-05(遠い).mp3,18.22816326530612,0.3038027210884353,効果音＞乗り物/パトカー　サイレン03-05(遠い).mp3
165,sound_165.mp3,パトカー　サイレン03-03(近い).mp3,otologic_sounds_smart/Transportation,otologic_sounds_smart/Transportation/効果音＞乗り物/パトカー　サイレン03-03(近い).mp3,8.398616780045352,0.1399769463340892,効果音＞乗り物/パトカー　サイレン03-03(近い).mp3
166,sound_166.mp3,新幹線　走行音01-2.mp3,otologic_sounds_smart/Transportation,otologic_sounds_smart/Transportation/新幹線　走行音01/新幹線　走行音01-2.mp3,120.89183673469388,2.0148639455782313,新幹線　走行音01/新幹線　走行音01-2.mp3
167,sound_167.mp3,新幹線　走行音01-1.mp3,otologic_sounds_smart/Transportation,otologic_sounds_smart/Transportation/新幹線　走行音01/新幹線　走行音01-1.mp3,120.89183673469388,2.0148639455782313,新幹線　走行音01/新幹線　走行音01-1.mp3
168,sound_168.mp3,パトカー　サイレン03-12(ドライ).mp3,otologic_sounds_smart/Transportation,otologic_sounds_smart/Transportation/パトカー　サイレン03/パトカー　サイレン03-12(ドライ).mp3,5.645600907029478,0.0940933484504913,パトカー　サイレン03/パトカー　サイレン03-12(ドライ).mp3
169,sound_169.mp3,パトカー　サイレン02-01(近い).mp3,otologic_sounds_smart/Transportation,otologic_sounds_smart/Transportation/パトカー　サイレン03/パトカー　サイレン02-01(近い).mp3,12.4515873015873,0.207526455026455,パトカー　サイレン03/パトカー　サイレン02-01(近い).mp3
170,sound_170.mp3,パトカー　サイレン02-03(近い).mp3,otologic_sounds_smart/Transportation,otologic_sounds_smart/Transportation/パトカー　サイレン03/パトカー　サイレン02-03(近い).mp3,7.462766439909297,0.1243794406651549,パトカー　サイレン03/パトカー　サイレン02-03(近い).mp3
171,sound_171.mp3,パトカー　サイレン02-02(近い).mp3,otologic_sounds_smart/Transportation,otologic_sounds_smart/Transportation/パトカー　サイレン03/パトカー　サイレン02-02(近い).mp3,17.62814058956916,0.293802343159486,パトカー　サイレン03/パトカー　サイレン02-02(近い).mp3
172,sound_172.mp3,パトカー　サイレン03-10(ドライ).mp3,otologic_sounds_smart/Transportation,otologic_sounds_smart/Transportation/パトカー　サイレン03/パトカー　サイレン03-10(ドライ).mp3,29.171768707482993,0.4861961451247165,パトカー　サイレン03/パトカー　サイレン03-10(ドライ).mp3
173,sound_173.mp3,パトカー　サイレン03-11(ドライ).mp3,otologic_sounds_smart/Transportation,otologic_sounds_smart/Transportation/パトカー　サイレン03/パトカー　サイレン03-11(ドライ).mp3,8.395918367346939,0.1399319727891156,パトカー　サイレン03/パトカー　サイレン03-11(ドライ).mp3
174,sound_174.mp3,消防車　サイレン01-14(ドライ).mp3,otologic_sounds_smart/Transportation,otologic_sounds_smart/Transportation/救急車　サイレン03/消防車　サイレン01-14(ドライ).mp3,9.131587301587302,0.1521931216931217,救急車　サイレン03/消防車　サイレン01-14(ドライ).mp3
175,sound_175.mp3,救急車　サイレン03-1(近い).mp3,otologic_sounds_smart/Transportation,otologic_sounds_smart/Transportation/救急車　サイレン03/救急車　サイレン03-1(近い).mp3,10.6418820861678,0.17736470143613,救急車　サイレン03/救急車　サイレン03-1(近い).mp3
176,sound_176.mp3,消防車　サイレン01-10(遠い).mp3,otologic_sounds_smart/Transportation,otologic_sounds_smart/Transportation/救急車　サイレン03/消防車　サイレン01-10(遠い).mp3,18.87544217687075,0.3145907029478458,救急車　サイレン03/消防車　サイレン01-10(遠い).mp3
177,sound_177.mp3,消防車　サイレン01-12(ドライ).mp3,otologic_sounds_smart/Transportation,otologic_sounds_smart/Transportation/救急車　サイレン03/消防車　サイレン01-12(ドライ).mp3,24.76356009070295,0.4127260015117158,救急車　サイレン03/消防車　サイレン01-12(ドライ).mp3
178,sound_178.mp3,消防車　サイレン01-15(ドライ).mp3,otologic_sounds_smart/Transportation,otologic_sounds_smart/Transportation/救急車　サイレン03/消防車　サイレン01-15(ドライ).mp3,17.380907029478458,0.2896817838246409,救急車　サイレン03/消防車　サイレン01-15(ドライ).mp3
179,sound_179.mp3,救急車　サイレン03-2(近い).mp3,otologic_sounds_smart/Transportation,otologic_sounds_smart/Transportation/救急車　サイレン03/救急車　サイレン03-2(近い).mp3,12.30126984126984,0.205021164021164,救急車　サイレン03/救急車　サイレン03-2(近い).mp3
180,sound_180.mp3,消防車　サイレン01-13(ドライ).mp3,otologic_sounds_smart/Transportation,otologic_sounds_smart/Transportation/救急車　サイレン03/消防車　サイレン01-13(ドライ).mp3,6.194784580498866,0.1032464096749811,救急車　サイレン03/消防車　サイレン01-13(ドライ).mp3
181,sound_181.mp3,消防車　サイレン01-11(ドライ).mp3,otologic_sounds_smart/Transportation,otologic_sounds_smart/Transportation/救急車　サイレン03/消防車　サイレン01-11(ドライ).mp3,18.28331065759637,0.3047218442932728,救急車　サイレン03/消防車　サイレン01-11(ドライ).mp3
182,sound_182.mp3,救急車　サイレン03-3(遠い).mp3,otologic_sounds_smart/Transportation,otologic_sounds_smart/Transportation/救急車　サイレン03/救急車　サイレン03-3(遠い).mp3,11.704195011337868,0.1950699168556311,救急車　サイレン03/救急車　サイレン03-3(遠い).mp3
183,sound_183.mp3,消防車　サイレン　フェイク01-3(ベル).mp3,otologic_sounds_smart/Transportation,otologic_sounds_smart/Transportation/消防車　サイレン　フェイク01/消防車　サイレン　フェイク01-3(ベル).mp3,9.12750566893424,0.1521250944822373,消防車　サイレン　フェイク01/消防車　サイレン　フェイク01-3(ベル).mp3
184,sound_184.mp3,消防車　サイレン　フェイク01-2(サイレン).mp3,otologic_sounds_smart/Transportation,otologic_sounds_smart/Transportation/消防車　サイレン　フェイク01/消防車　サイレン　フェイク01-2(サイレン).mp3,7.437777777777778,0.1239629629629629,消防車　サイレン　フェイク01/消防車　サイレン　フェイク01-2(サイレン).mp3
185,sound_185.mp3,消防車　サイレン　フェイク01-5(リバーブ　サイレン).mp3,otologic_sounds_smart/Transportation,otologic_sounds_smart/Transportation/消防車　サイレン　フェイク01/消防車　サイレン　フェイク01-5(リバーブ　サイレン).mp3,10.690498866213153,0.1781749811035525,消防車　サイレン　フェイク01/消防車　サイレン　フェイク01-5(リバーブ　サイレン).mp3
186,sound_186.mp3,消防車　サイレン　フェイク01-8(リバーブ　ベル).mp3,otologic_sounds_smart/Transportation,otologic_sounds_smart/Transportation/消防車　サイレン　フェイク01/消防車　サイレン　フェイク01-8(リバーブ　ベル).mp3,7.920816326530613,0.1320136054421768,消防車　サイレン　フェイク01/消防車　サイレン　フェイク01-8(リバーブ　ベル).mp3
187,sound_187.mp3,消防車　サイレン　フェイク01-7(リバーブ　ベル).mp3,otologic_sounds_smart/Transportation,otologic_sounds_smart/Transportation/消防車　サイレン　フェイク01/消防車　サイレン　フェイク01-7(リバーブ　ベル).mp3,9.952721088435377,0.1658786848072562,消防車　サイレン　フェイク01/消防車　サイレン　フェイク01-7(リバーブ　ベル).mp3
188,sound_188.mp3,消防車　サイレン　フェイク01-4(ベル).mp3,otologic_sounds_smart/Transportation,otologic_sounds_smart/Transportation/消防車　サイレン　フェイク01/消防車　サイレン　フェイク01-4(ベル).mp3,6.907619047619048,0.1151269841269841,消防車　サイレン　フェイク01/消防車　サイレン　フェイク01-4(ベル).mp3
189,sound_189.mp3,消防車　サイレン　フェイク01-6(リバーブ　サイレン).mp3,otologic_sounds_smart/Transportation,otologic_sounds_smart/Transportation/消防車　サイレン　フェイク01/消防車　サイレン　フェイク01-6(リバーブ　サイレン).mp3,8.670340136054422,0.1445056689342403,消防車　サイレン　フェイク01/消防車　サイレン　フェイク01-6(リバーブ　サイレン).mp3
190,sound_190.mp3,消防車　サイレン　フェイク01-1(サイレン).mp3,otologic_sounds_smart/Transportation,otologic_sounds_smart/Transportation/消防車　サイレン　フェイク01/消防車　サイレン　フェイク01-1(サイレン).mp3,9.462244897959184,0.157704081632653,消防車　サイレン　フェイク01/消防車　サイレン　フェイク01-1(サイレン).mp3
191,sound_191.mp3,パトカー　サイレン　フェイク01-5(リバーブ　遅).mp3,otologic_sounds_smart/Transportation,otologic_sounds_smart/Transportation/パトカー　サイレン　フェイク01/パトカー　サイレン　フェイク01-5(リバーブ　遅).mp3,10.756054421768708,0.1792675736961451,パトカー　サイレン　フェイク01/パトカー　サイレン　フェイク01-5(リバーブ　遅).mp3
192,sound_192.mp3,パトカー　サイレン　フェイク01-6(リバーブ　遅).mp3,otologic_sounds_smart/Transportation,otologic_sounds_smart/Transportation/パトカー　サイレン　フェイク01/パトカー　サイレン　フェイク01-6(リバーブ　遅).mp3,7.072789115646258,0.1178798185941043,パトカー　サイレン　フェイク01/パトカー　サイレン　フェイク01-6(リバーブ　遅).mp3
193,sound_193.mp3,パトカー　サイレン　フェイク01-8(リバーブ　速).mp3,otologic_sounds_smart/Transportation,otologic_sounds_smart/Transportation/パトカー　サイレン　フェイク01/パトカー　サイレン　フェイク01-8(リバーブ　速).mp3,6.022154195011338,0.1003692365835223,パトカー　サイレン　フェイク01/パトカー　サイレン　フェイク01-8(リバーブ　速).mp3
194,sound_194.mp3,パトカー　サイレン　フェイク01-1(遅).mp3,otologic_sounds_smart/Transportation,otologic_sounds_smart/Transportation/パトカー　サイレン　フェイク01/パトカー　サイレン　フェイク01-1(遅).mp3,7.759319727891157,0.1293219954648526,パトカー　サイレン　フェイク01/パトカー　サイレン　フェイク01-1(遅).mp3
195,sound_195.mp3,パトカー　サイレン　フェイク01-3(速).mp3,otologic_sounds_smart/Transportation,otologic_sounds_smart/Transportation/パトカー　サイレン　フェイク01/パトカー　サイレン　フェイク01-3(速).mp3,5.720861678004535,0.0953476946334089,パトカー　サイレン　フェイク01/パトカー　サイレン　フェイク01-3(速).mp3
196,sound_196.mp3,パトカー　サイレン　フェイク01-7(リバーブ　速).mp3,otologic_sounds_smart/Transportation,otologic_sounds_smart/Transportation/パトカー　サイレン　フェイク01/パトカー　サイレン　フェイク01-7(リバーブ　速).mp3,8.774557823129252,0.1462426303854875,パトカー　サイレン　フェイク01/パトカー　サイレン　フェイク01-7(リバーブ　速).mp3
197,sound_197.mp3,パトカー　サイレン02-14(ドライ).mp3,otologic_sounds_smart/Transportation,otologic_sounds_smart/Transportation/パトカー　サイレン02/パトカー　サイレン02-14(ドライ).mp3,16.411179138321994,0.2735196523053665,パトカー　サイレン02/パトカー　サイレン02-14(ドライ).mp3
198,sound_198.mp3,パトカー　サイレン02-07(遠い).mp3,otologic_sounds_smart/Transportation,otologic_sounds_smart/Transportation/パトカー　サイレン02/パトカー　サイレン02-07(遠い).mp3,14.044172335600908,0.2340695389266817,パトカー　サイレン02/パトカー　サイレン02-07(遠い).mp3
199,sound_199.mp3,パトカー　サイレン02-12(遠い　ブザー).mp3,otologic_sounds_smart/Transportation,otologic_sounds_smart/Transportation/パトカー　サイレン02/パトカー　サイレン02-12(遠い　ブザー).mp3,6.423990929705216,0.1070665154950869,パトカー　サイレン02/パトカー　サイレン02-12(遠い　ブザー).mp3
200,sound_200.mp3,パトカー　サイレン02-15(ドライ).mp3,otologic_sounds_smart/Transportation,otologic_sounds_smart/Transportation/パトカー　サイレン02/パトカー　サイレン02-15(ドライ).mp3,6.257301587301587,0.1042883597883597,パトカー　サイレン02/パトカー　サイレン02-15(ドライ).mp3
201,sound_201.mp3,パトカー　サイレン02-13(ドライ).mp3,otologic_sounds_smart/Transportation,otologic_sounds_smart/Transportation/パトカー　サイレン02/パトカー　サイレン02-13(ドライ).mp3,11.281927437641723,0.1880321239606953,パトカー　サイレン02/パトカー　サイレン02-13(ドライ).mp3
202,sound_202.mp3,パトカー　サイレン02-10(遠い).mp3,otologic_sounds_smart/Transportation,otologic_sounds_smart/Transportation/パトカー　サイレン02/パトカー　サイレン02-10(遠い).mp3,5.226598639455783,0.087109977324263,パトカー　サイレン02/パトカー　サイレン02-10(遠い).mp3
203,sound_203.mp3,パトカー　サイレン02-09(遠い).mp3,otologic_sounds_smart/Transportation,otologic_sounds_smart/Transportation/パトカー　サイレン02/パトカー　サイレン02-09(遠い).mp3,8.461904761904762,0.141031746031746,パトカー　サイレン02/パトカー　サイレン02-09(遠い).mp3
204,sound_204.mp3,パトカー　サイレン02-08(遠い).mp3,otologic_sounds_smart/Transportation,otologic_sounds_smart/Transportation/パトカー　サイレン02/パトカー　サイレン02-08(遠い).mp3,19.185306122448974,0.3197551020408163,パトカー　サイレン02/パトカー　サイレン02-08(遠い).mp3
205,sound_205.mp3,救急車　サイレン02-4(遠い).mp3,otologic_sounds_smart/Transportation,otologic_sounds_smart/Transportation/救急車　サイレン02/救急車　サイレン02-4(遠い).mp3,5.162222222222222,0.086037037037037,救急車　サイレン02/救急車　サイレン02-4(遠い).mp3
206,sound_206.mp3,救急車　サイレン02-1(近い).mp3,otologic_sounds_smart/Transportation,otologic_sounds_smart/Transportation/救急車　サイレン02/救急車　サイレン02-1(近い).mp3,12.435600907029478,0.2072600151171579,救急車　サイレン02/救急車　サイレン02-1(近い).mp3
207,sound_207.mp3,救急車　サイレン03-5(ドライ).mp3,otologic_sounds_smart/Transportation,otologic_sounds_smart/Transportation/救急車　サイレン02/救急車　サイレン03-5(ドライ).mp3,9.597936507936508,0.1599656084656084,救急車　サイレン02/救急車　サイレン03-5(ドライ).mp3
208,sound_208.mp3,救急車　サイレン03-4(遠い).mp3,otologic_sounds_smart/Transportation,otologic_sounds_smart/Transportation/救急車　サイレン02/救急車　サイレン03-4(遠い).mp3,13.429795918367349,0.2238299319727891,救急車　サイレン02/救急車　サイレン03-4(遠い).mp3
209,sound_209.mp3,救急車　サイレン03-6(ドライ).mp3,otologic_sounds_smart/Transportation,otologic_sounds_smart/Transportation/救急車　サイレン02/救急車　サイレン03-6(ドライ).mp3,11.05655328798186,0.184275888133031,救急車　サイレン02/救急車　サイレン03-6(ドライ).mp3
210,sound_210.mp3,救急車　サイレン02-3(遠い).mp3,otologic_sounds_smart/Transportation,otologic_sounds_smart/Transportation/救急車　サイレン02/救急車　サイレン02-3(遠い).mp3,12.995464852607707,0.2165910808767951,救急車　サイレン02/救急車　サイレン02-3(遠い).mp3
211,sound_211.mp3,救急車　サイレン02-5(ドライ).mp3,otologic_sounds_smart/Transportation,otologic_sounds_smart/Transportation/救急車　サイレン02/救急車　サイレン02-5(ドライ).mp3,10.67687074829932,0.1779478458049886,救急車　サイレン02/救急車　サイレン02-5(ドライ).mp3
212,sound_212.mp3,救急車　サイレン　フェイク01-6(リバーブ　高).mp3,otologic_sounds_smart/Transportation,otologic_sounds_smart/Transportation/救急車　サイレン　フェイク01/救急車　サイレン　フェイク01-6(リバーブ　高).mp3,11.784648526077095,0.1964108087679516,救急車　サイレン　フェイク01/救急車　サイレン　フェイク01-6(リバーブ　高).mp3
213,sound_213.mp3,救急車　サイレン　フェイク01-8(リバーブ　低).mp3,otologic_sounds_smart/Transportation,otologic_sounds_smart/Transportation/救急車　サイレン　フェイク01/救急車　サイレン　フェイク01-8(リバーブ　低).mp3,13.983832199546486,0.2330638699924414,救急車　サイレン　フェイク01/救急車　サイレン　フェイク01-8(リバーブ　低).mp3
214,sound_214.mp3,救急車　サイレン　フェイク01-5(リバーブ　高).mp3,otologic_sounds_smart/Transportation,otologic_sounds_smart/Transportation/救急車　サイレン　フェイク01/救急車　サイレン　フェイク01-5(リバーブ　高).mp3,5.471065759637188,0.0911844293272864,救急車　サイレン　フェイク01/救急車　サイレン　フェイク01-5(リバーブ　高).mp3
215,sound_215.mp3,救急車　サイレン　フェイク01-2(高).mp3,otologic_sounds_smart/Transportation,otologic_sounds_smart/Transportation/救急車　サイレン　フェイク01/救急車　サイレン　フェイク01-2(高).mp3,8.718027210884355,0.1453004535147392,救急車　サイレン　フェイク01/救急車　サイレン　フェイク01-2(高).mp3
216,sound_216.mp3,救急車　サイレン　フェイク01-4(低).mp3,otologic_sounds_smart/Transportation,otologic_sounds_smart/Transportation/救急車　サイレン　フェイク01/救急車　サイレン　フェイク01-4(低).mp3,11.129750566893424,0.185495842781557,救急車　サイレン　フェイク01/救急車　サイレン　フェイク01-4(低).mp3
217,sound_217.mp3,救急車　サイレン　フェイク01-7(リバーブ　低).mp3,otologic_sounds_smart/Transportation,otologic_sounds_smart/Transportation/救急車　サイレン　フェイク01/救急車　サイレン　フェイク01-7(リバーブ　低).mp3,6.141020408163265,0.1023503401360544,救急車　サイレン　フェイク01/救急車　サイレン　フェイク01-7(リバーブ　低).mp3
218,sound_218.mp3,消防車　サイレン01-09(遠い).mp3,otologic_sounds_smart/Transportation,otologic_sounds_smart/Transportation/消防車　サイレン01/消防車　サイレン01-09(遠い).mp3,11.030521541950112,0.1838420256991685,消防車　サイレン01/消防車　サイレン01-09(遠い).mp3
219,sound_219.mp3,消防車　サイレン01-08(遠い).mp3,otologic_sounds_smart/Transportation,otologic_sounds_smart/Transportation/消防車　サイレン01/消防車　サイレン01-08(遠い).mp3,7.585714285714285,0.1264285714285714,消防車　サイレン01/消防車　サイレン01-08(遠い).mp3
220,sound_220.mp3,消防車　サイレン01-04(近い).mp3,otologic_sounds_smart/Transportation,otologic_sounds_smart/Transportation/消防車　サイレン01/消防車　サイレン01-04(近い).mp3,10.311746031746033,0.1718624338624338,消防車　サイレン01/消防車　サイレン01-04(近い).mp3
221,sound_221.mp3,消防車　サイレン01-05(近い).mp3,otologic_sounds_smart/Transportation,otologic_sounds_smart/Transportation/消防車　サイレン01/消防車　サイレン01-05(近い).mp3,18.41530612244898,0.3069217687074829,消防車　サイレン01/消防車　サイレン01-05(近い).mp3
222,sound_222.mp3,消防車　サイレン01-07(遠い).mp3,otologic_sounds_smart/Transportation,otologic_sounds_smart/Transportation/消防車　サイレン01/消防車　サイレン01-07(遠い).mp3,24.767664399092972,0.4127944066515495,消防車　サイレン01/消防車　サイレン01-07(遠い).mp3
223,sound_223.mp3,消防車　サイレン01-01(近い).mp3,otologic_sounds_smart/Transportation,otologic_sounds_smart/Transportation/消防車　サイレン01/消防車　サイレン01-01(近い).mp3,18.265532879818593,0.3044255479969766,消防車　サイレン01/消防車　サイレン01-01(近い).mp3
224,sound_224.mp3,消防車　サイレン01-06(遠い).mp3,otologic_sounds_smart/Transportation,otologic_sounds_smart/Transportation/消防車　サイレン01/消防車　サイレン01-06(遠い).mp3,18.323514739229022,0.3053919123204837,消防車　サイレン01/消防車　サイレン01-06(遠い).mp3
225,sound_225.mp3,消防車　サイレン01-03(近い).mp3,otologic_sounds_smart/Transportation,otologic_sounds_smart/Transportation/消防車　サイレン01/消防車　サイレン01-03(近い).mp3,7.216598639455782,0.1202766439909297,消防車　サイレン01/消防車　サイレン01-03(近い).mp3
226,sound_226.mp3,消防車　サイレン01-02(近い).mp3,otologic_sounds_smart/Transportation,otologic_sounds_smart/Transportation/消防車　サイレン01/消防車　サイレン01-02(近い).mp3,24.846530612244894,0.4141088435374149,消防車　サイレン01/消防車　サイレン01-02(近い).mp3
227,sound_227.mp3,サイバー08-3.mp3,otologic_sounds_smart/Cyber,otologic_sounds_smart/Cyber/サイバー09/サイバー08-3.mp3,12.809251700680273,0.2134875283446712,サイバー09/サイバー08-3.mp3
228,sound_228.mp3,サイバー08-2.mp3,otologic_sounds_smart/Cyber,otologic_sounds_smart/Cyber/サイバー09/サイバー08-2.mp3,6.197732426303855,0.1032955404383975,サイバー09/サイバー08-2.mp3
229,sound_229.mp3,サイバー08-1.mp3,otologic_sounds_smart/Cyber,otologic_sounds_smart/Cyber/サイバー09/サイバー08-1.mp3,6.338616780045352,0.1056436130007558,サイバー09/サイバー08-1.mp3
230,sound_230.mp3,サイバー08-4.mp3,otologic_sounds_smart/Cyber,otologic_sounds_smart/Cyber/サイバー09/サイバー08-4.mp3,13.436303854875284,0.2239383975812547,サイバー09/サイバー08-4.mp3
231,sound_231.mp3,サイバー07-1.mp3,otologic_sounds_smart/Cyber,otologic_sounds_smart/Cyber/サイバー08/サイバー07-1.mp3,16.600181405895693,0.2766696900982615,サイバー08/サイバー07-1.mp3
232,sound_232.mp3,サイバー07-3.mp3,otologic_sounds_smart/Cyber,otologic_sounds_smart/Cyber/サイバー08/サイバー07-3.mp3,16.600181405895693,0.2766696900982615,サイバー08/サイバー07-3.mp3
233,sound_233.mp3,サイバー07-2.mp3,otologic_sounds_smart/Cyber,otologic_sounds_smart/Cyber/サイバー08/サイバー07-2.mp3,16.600181405895693,0.2766696900982615,サイバー08/サイバー07-2.mp3
234,sound_234.mp3,サイバー01-1.mp3,otologic_sounds_smart/Cyber,otologic_sounds_smart/Cyber/サイバー01/サイバー01-1.mp3,5.2851020408163265,0.0880850340136054,サイバー01/サイバー01-1.mp3
235,sound_235.mp3,サイバー01-2.mp3,otologic_sounds_smart/Cyber,otologic_sounds_smart/Cyber/サイバー01/サイバー01-2.mp3,5.3061224489795915,0.0884353741496598,サイバー01/サイバー01-2.mp3
236,sound_236.mp3,サイバー20-4.mp3,otologic_sounds_smart/Cyber,otologic_sounds_smart/Cyber/サイバー21/サイバー20-4.mp3,7.975646258503401,0.1329274376417233,サイバー21/サイバー20-4.mp3
237,sound_237.mp3,チャイム　アナウンス02-2.mp3,otologic_sounds_smart/Announce,otologic_sounds_smart/Announce/チャイム　アナウンス02/チャイム　アナウンス02-2.mp3,7.244829931972789,0.1207471655328798,チャイム　アナウンス02/チャイム　アナウンス02-2.mp3
238,sound_238.mp3,チャイム　アナウンス02-1.mp3,otologic_sounds_smart/Announce,otologic_sounds_smart/Announce/チャイム　アナウンス02/チャイム　アナウンス02-1.mp3,7.244829931972789,0.1207471655328798,チャイム　アナウンス02/チャイム　アナウンス02-1.mp3
239,sound_239.mp3,チャイム　アナウンス07-4.mp3,otologic_sounds_smart/Announce,otologic_sounds_smart/Announce/チャイム　アナウンス07/チャイム　アナウンス07-4.mp3,5.76827664399093,0.0961379440665155,チャイム　アナウンス07/チャイム　アナウンス07-4.mp3
240,sound_240.mp3,チャイム　アナウンス07-3.mp3,otologic_sounds_smart/Announce,otologic_sounds_smart/Announce/チャイム　アナウンス07/チャイム　アナウンス07-3.mp3,5.67671201814059,0.0946118669690098,チャイム　アナウンス07/チャイム　アナウンス07-3.mp3
241,sound_241.mp3,チャイム　アナウンス07-2.mp3,otologic_sounds_smart/Announce,otologic_sounds_smart/Announce/チャイム　アナウンス07/チャイム　アナウンス07-2.mp3,5.772222222222222,0.0962037037037037,チャイム　アナウンス07/チャイム　アナウンス07-2.mp3
242,sound_242.mp3,チャイム　アナウンス07-1.mp3,otologic_sounds_smart/Announce,otologic_sounds_smart/Announce/チャイム　アナウンス07/チャイム　アナウンス07-1.mp3,5.579977324263038,0.0929996220710506,チャイム　アナウンス07/チャイム　アナウンス07-1.mp3
243,sound_243.mp3,チャイム　アナウンス09-7(4点　遅い　上昇).mp3,otologic_sounds_smart/Announce,otologic_sounds_smart/Announce/チャイム　アナウンス09/チャイム　アナウンス09-7(4点　遅い　上昇).mp3,9.827845804988662,0.1637974300831443,チャイム　アナウンス09/チャイム　アナウンス09-7(4点　遅い　上昇).mp3
244,sound_244.mp3,チャイム　アナウンス09-8(4点　遅い　下降).mp3,otologic_sounds_smart/Announce,otologic_sounds_smart/Announce/チャイム　アナウンス09/チャイム　アナウンス09-8(4点　遅い　下降).mp3,9.75061224489796,0.1625102040816326,チャイム　アナウンス09/チャイム　アナウンス09-8(4点　遅い　下降).mp3
245,sound_245.mp3,チャイム　アナウンス09-6(5点　遅い　下降).mp3,otologic_sounds_smart/Announce,otologic_sounds_smart/Announce/チャイム　アナウンス09/チャイム　アナウンス09-6(5点　遅い　下降).mp3,10.021065759637189,0.1670177626606198,チャイム　アナウンス09/チャイム　アナウンス09-6(5点　遅い　下降).mp3
246,sound_246.mp3,チャイム　アナウンス09-4(4点　速い　下降).mp3,otologic_sounds_smart/Announce,otologic_sounds_smart/Announce/効果音＞アナウンス音/チャイム　アナウンス09-4(4点　速い　下降).mp3,8.163990929705216,0.1360665154950869,効果音＞アナウンス音/チャイム　アナウンス09-4(4点　速い　下降).mp3
247,sound_247.mp3,チャイム　アナウンス09-2(5点　速い　下降).mp3,otologic_sounds_smart/Announce,otologic_sounds_smart/Announce/効果音＞アナウンス音/チャイム　アナウンス09-2(5点　速い　下降).mp3,8.324489795918367,0.1387414965986394,効果音＞アナウンス音/チャイム　アナウンス09-2(5点　速い　下降).mp3
248,sound_248.mp3,チャイム　アナウンス09-5(5点　遅い　上昇).mp3,otologic_sounds_smart/Announce,otologic_sounds_smart/Announce/効果音＞アナウンス音/チャイム　アナウンス09-5(5点　遅い　上昇).mp3,10.020907029478458,0.1670151171579743,効果音＞アナウンス音/チャイム　アナウンス09-5(5点　遅い　上昇).mp3
249,sound_249.mp3,チャイム　アナウンス09-1(5点　速い　上昇).mp3,otologic_sounds_smart/Announce,otologic_sounds_smart/Announce/効果音＞アナウンス音/チャイム　アナウンス09-1(5点　速い　上昇).mp3,8.224920634920634,0.1370820105820105,効果音＞アナウンス音/チャイム　アナウンス09-1(5点　速い　上昇).mp3
250,sound_250.mp3,チャイム　アナウンス09-3(4点　速い　上昇).mp3,otologic_sounds_smart/Announce,otologic_sounds_smart/Announce/効果音＞アナウンス音/チャイム　アナウンス09-3(4点　速い　上昇).mp3,8.261020408163265,0.1376836734693877,効果音＞アナウンス音/チャイム　アナウンス09-3(4点　速い　上昇).mp3
251,sound_251.mp3,チャイム　アナウンス07-5.mp3,otologic_sounds_smart/Announce,otologic_sounds_smart/Announce/チャイム　アナウンス06/チャイム　アナウンス07-5.mp3,5.692562358276644,0.0948760393046107,チャイム　アナウンス06/チャイム　アナウンス07-5.mp3
252,sound_252.mp3,チャイム　アナウンス07-6.mp3,otologic_sounds_smart/Announce,otologic_sounds_smart/Announce/チャイム　アナウンス06/チャイム　アナウンス07-6.mp3,5.88077097505669,0.0980128495842781,チャイム　アナウンス06/チャイム　アナウンス07-6.mp3
253,sound_253.mp3,チャイム　アナウンス01-2.mp3,otologic_sounds_smart/Announce,otologic_sounds_smart/Announce/チャイム　アナウンス01/チャイム　アナウンス01-2.mp3,6.0,0.1,チャイム　アナウンス01/チャイム　アナウンス01-2.mp3
254,sound_254.mp3,チャイム　アナウンス01-1.mp3,otologic_sounds_smart/Announce,otologic_sounds_smart/Announce/チャイム　アナウンス01/チャイム　アナウンス01-1.mp3,6.0,0.1,チャイム　アナウンス01/チャイム　アナウンス01-1.mp3
255,sound_255.mp3,天使04-2(長).mp3,otologic_sounds_smart/Angel,otologic_sounds_smart/Angel/効果音＞天使/天使04-2(長).mp3,9.666190476190476,0.1611031746031746,効果音＞天使/天使04-2(長).mp3
256,sound_256.mp3,天使04-1(短).mp3,otologic_sounds_smart/Angel,otologic_sounds_smart/Angel/効果音＞天使/天使04-1(短).mp3,7.684421768707483,0.1280736961451247,効果音＞天使/天使04-1(短).mp3
257,sound_257.mp3,天使04-3(短　ベル).mp3,otologic_sounds_smart/Angel,otologic_sounds_smart/Angel/効果音＞天使/天使04-3(短　ベル).mp3,7.508185941043084,0.125136432350718,効果音＞天使/天使04-3(短　ベル).mp3
258,sound_258.mp3,天使04-4(長　ベル).mp3,otologic_sounds_smart/Angel,otologic_sounds_smart/Angel/天使04/天使04-4(長　ベル).mp3,9.560408163265306,0.1593401360544217,天使04/天使04-4(長　ベル).mp3
259,sound_259.mp3,天使03-2(低).mp3,otologic_sounds_smart/Angel,otologic_sounds_smart/Angel/天使04/天使03-2(低).mp3,5.153151927437642,0.085885865457294,天使04/天使03-2(低).mp3
260,sound_260.mp3,天使03-1(高).mp3,otologic_sounds_smart/Angel,otologic_sounds_smart/Angel/天使04/天使03-1(高).mp3,5.190226757369614,0.0865037792894935,天使04/天使03-1(高).mp3
261,sound_261.mp3,天使02-1(長　ベル).mp3,otologic_sounds_smart/Angel,otologic_sounds_smart/Angel/天使03/天使02-1(長　ベル).mp3,6.68485260770975,0.1114142101284958,天使03/天使02-1(長　ベル).mp3
262,sound_262.mp3,天使03-3(高　リバーブ).mp3,otologic_sounds_smart/Angel,otologic_sounds_smart/Angel/天使03/天使03-3(高　リバーブ).mp3,8.1,0.1349999999999999,天使03/天使03-3(高　リバーブ).mp3
263,sound_263.mp3,天使03-4(低　リバーブ).mp3,otologic_sounds_smart/Angel,otologic_sounds_smart/Angel/天使03/天使03-4(低　リバーブ).mp3,8.307845804988663,0.138464096749811,天使03/天使03-4(低　リバーブ).mp3
264,sound_264.mp3,天使02-3(長).mp3,otologic_sounds_smart/Angel,otologic_sounds_smart/Angel/天使02/天使02-3(長).mp3,6.78687074829932,0.1131145124716553,天使02/天使02-3(長).mp3
265,sound_265.mp3,天使01-1.mp3,otologic_sounds_smart/Angel,otologic_sounds_smart/Angel/天使01/天使01-1.mp3,7.144489795918368,0.1190748299319728,天使01/天使01-1.mp3
266,sound_266.mp3,天使01-2.mp3,otologic_sounds_smart/Angel,otologic_sounds_smart/Angel/天使01/天使01-2.mp3,6.9392517006802725,0.1156541950113378,天使01/天使01-2.mp3
267,sound_267.mp3,モーション　吹き飛ぶ03-2(長).mp3,otologic_sounds_smart/Motion Blow Away,otologic_sounds_smart/Motion Blow Away/モーション　吹き飛ぶ04/モーション　吹き飛ぶ03-2(長).mp3,5.501383219954649,0.0916897203325774,モーション　吹き飛ぶ04/モーション　吹き飛ぶ03-2(長).mp3
268,sound_268.mp3,スレイベル03-09(リバーブ　叩く　弱).mp3,otologic_sounds_smart/Instruments Sleigh_Bells,otologic_sounds_smart/Instruments Sleigh_Bells/スレイベル03/スレイベル03-09(リバーブ　叩く　弱).mp3,93.507641723356,1.5584606953892668,スレイベル03/スレイベル03-09(リバーブ　叩く　弱).mp3
269,sound_269.mp3,スレイベル03-11(リバーブ　振る　弱).mp3,otologic_sounds_smart/Instruments Sleigh_Bells,otologic_sounds_smart/Instruments Sleigh_Bells/スレイベル03/スレイベル03-11(リバーブ　振る　弱).mp3,93.76526077097506,1.5627543461829176,スレイベル03/スレイベル03-11(リバーブ　振る　弱).mp3
270,sound_270.mp3,スレイベル03-13(リバーブ　叩く　弱　短).mp3,otologic_sounds_smart/Instruments Sleigh_Bells,otologic_sounds_smart/Instruments Sleigh_Bells/スレイベル03/スレイベル03-13(リバーブ　叩く　弱　短).mp3,5.464716553287982,0.0910786092214663,スレイベル03/スレイベル03-13(リバーブ　叩く　弱　短).mp3
271,sound_271.mp3,スレイベル03-14(リバーブ　叩く　強　短).mp3,otologic_sounds_smart/Instruments Sleigh_Bells,otologic_sounds_smart/Instruments Sleigh_Bells/スレイベル03/スレイベル03-14(リバーブ　叩く　強　短).mp3,5.145034013605442,0.085750566893424,スレイベル03/スレイベル03-14(リバーブ　叩く　強　短).mp3
272,sound_272.mp3,スレイベル03-15(リバーブ　振る　弱　短).mp3,otologic_sounds_smart/Instruments Sleigh_Bells,otologic_sounds_smart/Instruments Sleigh_Bells/スレイベル03/スレイベル03-15(リバーブ　振る　弱　短).mp3,6.0318820861678,0.1005313681027966,スレイベル03/スレイベル03-15(リバーブ　振る　弱　短).mp3
273,sound_273.mp3,スレイベル03-12(リバーブ　回す　弱).mp3,otologic_sounds_smart/Instruments Sleigh_Bells,otologic_sounds_smart/Instruments Sleigh_Bells/スレイベル03/スレイベル03-12(リバーブ　回す　弱).mp3,94.19147392290247,1.5698578987150416,スレイベル03/スレイベル03-12(リバーブ　回す　弱).mp3
274,sound_274.mp3,スレイベル03-10(リバーブ　叩く　強).mp3,otologic_sounds_smart/Instruments Sleigh_Bells,otologic_sounds_smart/Instruments Sleigh_Bells/スレイベル03/スレイベル03-10(リバーブ　叩く　強).mp3,94.08292517006802,1.568048752834467,スレイベル03/スレイベル03-10(リバーブ　叩く　強).mp3
275,sound_275.mp3,スレイベル03-07(振る　弱　短).mp3,otologic_sounds_smart/Instruments Sleigh_Bells,otologic_sounds_smart/Instruments Sleigh_Bells/スレイベル03/スレイベル03-07(振る　弱　短).mp3,5.697573696145125,0.0949595616024187,スレイベル03/スレイベル03-07(振る　弱　短).mp3
276,sound_276.mp3,スレイベル04-14(リバーブ　叩く　弱　短).mp3,otologic_sounds_smart/Instruments Sleigh_Bells,otologic_sounds_smart/Instruments Sleigh_Bells/スレイベル04/スレイベル04-14(リバーブ　叩く　弱　短).mp3,5.650680272108843,0.0941780045351474,スレイベル04/スレイベル04-14(リバーブ　叩く　弱　短).mp3
277,sound_277.mp3,スレイベル03-03(振る　弱).mp3,otologic_sounds_smart/Instruments Sleigh_Bells,otologic_sounds_smart/Instruments Sleigh_Bells/スレイベル04/スレイベル03-03(振る　弱).mp3,93.38172335600908,1.5563620559334843,スレイベル04/スレイベル03-03(振る　弱).mp3
278,sound_278.mp3,スレイベル03-01(叩く　弱).mp3,otologic_sounds_smart/Instruments Sleigh_Bells,otologic_sounds_smart/Instruments Sleigh_Bells/スレイベル04/スレイベル03-01(叩く　弱).mp3,93.11619047619048,1.551936507936508,スレイベル04/スレイベル03-01(叩く　弱).mp3
279,sound_279.mp3,スレイベル04-13(リバーブ　振る　弱　短).mp3,otologic_sounds_smart/Instruments Sleigh_Bells,otologic_sounds_smart/Instruments Sleigh_Bells/スレイベル04/スレイベル04-13(リバーブ　振る　弱　短).mp3,6.397551020408163,0.106625850340136,スレイベル04/スレイベル04-13(リバーブ　振る　弱　短).mp3
280,sound_280.mp3,スレイベル03-04(回す　弱).mp3,otologic_sounds_smart/Instruments Sleigh_Bells,otologic_sounds_smart/Instruments Sleigh_Bells/スレイベル04/スレイベル03-04(回す　弱).mp3,93.56185941043084,1.5593643235071808,スレイベル04/スレイベル03-04(回す　弱).mp3
281,sound_281.mp3,スレイベル04-16(リバーブ　回す　弱　短).mp3,otologic_sounds_smart/Instruments Sleigh_Bells,otologic_sounds_smart/Instruments Sleigh_Bells/スレイベル04/スレイベル04-16(リバーブ　回す　弱　短).mp3,6.299795918367347,0.1049965986394557,スレイベル04/スレイベル04-16(リバーブ　回す　弱　短).mp3
282,sound_282.mp3,スレイベル04-15(リバーブ　叩く　強　短).mp3,otologic_sounds_smart/Instruments Sleigh_Bells,otologic_sounds_smart/Instruments Sleigh_Bells/スレイベル04/スレイベル04-15(リバーブ　叩く　強　短).mp3,5.572630385487528,0.0928771730914588,スレイベル04/スレイベル04-15(リバーブ　叩く　強　短).mp3
283,sound_283.mp3,スレイベル03-02(叩く　強).mp3,otologic_sounds_smart/Instruments Sleigh_Bells,otologic_sounds_smart/Instruments Sleigh_Bells/スレイベル04/スレイベル03-02(叩く　強).mp3,93.58809523809524,1.5598015873015874,スレイベル04/スレイベル03-02(叩く　強).mp3
284,sound_284.mp3,スレイベル04-12(リバーブ　回す　弱).mp3,otologic_sounds_smart/Instruments Sleigh_Bells,otologic_sounds_smart/Instruments Sleigh_Bells/スレイベル04/スレイベル04-12(リバーブ　回す　弱).mp3,94.568820861678,1.5761470143613,スレイベル04/スレイベル04-12(リバーブ　回す　弱).mp3
285,sound_285.mp3,スレイベル03-16(リバーブ　回す　弱　短).mp3,otologic_sounds_smart/Instruments Sleigh_Bells,otologic_sounds_smart/Instruments Sleigh_Bells/スレイベル02/スレイベル03-16(リバーブ　回す　弱　短).mp3,5.586394557823129,0.0931065759637188,スレイベル02/スレイベル03-16(リバーブ　回す　弱　短).mp3
286,sound_286.mp3,リングベル01-7(リバーブ　フレーズ).mp3,otologic_sounds_smart/Instruments Sleigh_Bells,otologic_sounds_smart/Instruments Sleigh_Bells/リングベル01/リングベル01-7(リバーブ　フレーズ).mp3,5.427006802721088,0.0904501133786848,リングベル01/リングベル01-7(リバーブ　フレーズ).mp3
287,sound_287.mp3,スレイベル04-08(回す　弱　短).mp3,otologic_sounds_smart/Instruments Sleigh_Bells,otologic_sounds_smart/Instruments Sleigh_Bells/効果音＞スレイベル/スレイベル04-08(回す　弱　短).mp3,5.485374149659864,0.091422902494331,効果音＞スレイベル/スレイベル04-08(回す　弱　短).mp3
288,sound_288.mp3,スレイベル04-05(振る　弱　短).mp3,otologic_sounds_smart/Instruments Sleigh_Bells,otologic_sounds_smart/Instruments Sleigh_Bells/効果音＞スレイベル/スレイベル04-05(振る　弱　短).mp3,5.893696145124717,0.0982282690854119,効果音＞スレイベル/スレイベル04-05(振る　弱　短).mp3
289,sound_289.mp3,スレイベル04-04(回す　弱).mp3,otologic_sounds_smart/Instruments Sleigh_Bells,otologic_sounds_smart/Instruments Sleigh_Bells/効果音＞スレイベル/スレイベル04-04(回す　弱).mp3,93.863537414966,1.5643922902494332,効果音＞スレイベル/スレイベル04-04(回す　弱).mp3
290,sound_290.mp3,スレイベル04-02(叩く　弱).mp3,otologic_sounds_smart/Instruments Sleigh_Bells,otologic_sounds_smart/Instruments Sleigh_Bells/効果音＞スレイベル/スレイベル04-02(叩く　弱).mp3,93.11374149659864,1.551895691609977,効果音＞スレイベル/スレイベル04-02(叩く　弱).mp3
291,sound_291.mp3,スレイベル04-03(叩く　強).mp3,otologic_sounds_smart/Instruments Sleigh_Bells,otologic_sounds_smart/Instruments Sleigh_Bells/効果音＞スレイベル/スレイベル04-03(叩く　強).mp3,93.65927437641724,1.5609879062736205,効果音＞スレイベル/スレイベル04-03(叩く　強).mp3
292,sound_292.mp3,スレイベル04-06(叩く　弱　短).mp3,otologic_sounds_smart/Instruments Sleigh_Bells,otologic_sounds_smart/Instruments Sleigh_Bells/効果音＞スレイベル/スレイベル04-06(叩く　弱　短).mp3,5.035147392290249,0.0839191232048374,効果音＞スレイベル/スレイベル04-06(叩く　弱　短).mp3
293,sound_293.mp3,スレイベル04-11(リバーブ　叩く　強).mp3,otologic_sounds_smart/Instruments Sleigh_Bells,otologic_sounds_smart/Instruments Sleigh_Bells/効果音＞スレイベル/スレイベル04-11(リバーブ　叩く　強).mp3,94.3474149659864,1.5724569160997732,効果音＞スレイベル/スレイベル04-11(リバーブ　叩く　強).mp3
294,sound_294.mp3,スレイベル04-10(リバーブ　叩く　弱).mp3,otologic_sounds_smart/Instruments Sleigh_Bells,otologic_sounds_smart/Instruments Sleigh_Bells/効果音＞スレイベル/スレイベル04-10(リバーブ　叩く　弱).mp3,93.7902267573696,1.5631704459561602,効果音＞スレイベル/スレイベル04-10(リバーブ　叩く　弱).mp3
295,sound_295.mp3,スレイベル04-01(振る　弱).mp3,otologic_sounds_smart/Instruments Sleigh_Bells,otologic_sounds_smart/Instruments Sleigh_Bells/効果音＞スレイベル/スレイベル04-01(振る　弱).mp3,93.68478458049889,1.5614130763416478,効果音＞スレイベル/スレイベル04-01(振る　弱).mp3
296,sound_296.mp3,スレイベル04-09(リバーブ　振る　弱).mp3,otologic_sounds_smart/Instruments Sleigh_Bells,otologic_sounds_smart/Instruments Sleigh_Bells/効果音＞スレイベル/スレイベル04-09(リバーブ　振る　弱).mp3,94.36351473922902,1.572725245653817,効果音＞スレイベル/スレイベル04-09(リバーブ　振る　弱).mp3
297,sound_297.mp3,TV　ハードウェア02-04(アンテナ線　挿す).mp3,otologic_sounds_smart/Television,otologic_sounds_smart/Television/TV　消灯04/TV　ハードウェア02-04(アンテナ線　挿す).mp3,5.682403628117914,0.0947067271352985,TV　消灯04/TV　ハードウェア02-04(アンテナ線　挿す).mp3
298,sound_298.mp3,TV　ハードウェア02-22(遠い　アンテナ線　挿す).mp3,otologic_sounds_smart/Television,otologic_sounds_smart/Television/TV　消灯01/TV　ハードウェア02-22(遠い　アンテナ線　挿す).mp3,5.992244897959184,0.0998707482993197,TV　消灯01/TV　ハードウェア02-22(遠い　アンテナ線　挿す).mp3
299,sound_299.mp3,TV　シグナルノイズ01-1(近).mp3,otologic_sounds_smart/Television,otologic_sounds_smart/Television/TV　シグナルノイズ01/TV　シグナルノイズ01-1(近).mp3,10.513174603174605,0.1752195767195767,TV　シグナルノイズ01/TV　シグナルノイズ01-1(近).mp3
300,sound_300.mp3,TV　シグナルノイズ01-6(レトロ).mp3,otologic_sounds_smart/Television,otologic_sounds_smart/Television/TV　シグナルノイズ01/TV　シグナルノイズ01-6(レトロ).mp3,10.394036281179138,0.1732339380196523,TV　シグナルノイズ01/TV　シグナルノイズ01-6(レトロ).mp3
301,sound_301.mp3,TV　シグナルノイズ01-2(遠).mp3,otologic_sounds_smart/Television,otologic_sounds_smart/Television/TV　シグナルノイズ01/TV　シグナルノイズ01-2(遠).mp3,10.404648526077098,0.1734108087679516,TV　シグナルノイズ01/TV　シグナルノイズ01-2(遠).mp3
302,sound_302.mp3,TV　シグナルノイズ01-3(レトロ).mp3,otologic_sounds_smart/Television,otologic_sounds_smart/Television/TV　シグナルノイズ01/TV　シグナルノイズ01-3(レトロ).mp3,10.49485260770975,0.1749142101284958,TV　シグナルノイズ01/TV　シグナルノイズ01-3(レトロ).mp3
303,sound_303.mp3,TV　シグナルノイズ01-5(遠).mp3,otologic_sounds_smart/Television,otologic_sounds_smart/Television/TV　シグナルノイズ01/TV　シグナルノイズ01-5(遠).mp3,10.381519274376418,0.1730253212396069,TV　シグナルノイズ01/TV　シグナルノイズ01-5(遠).mp3
304,sound_304.mp3,TV　シグナルノイズ01-4(近).mp3,otologic_sounds_smart/Television,otologic_sounds_smart/Television/TV　シグナルノイズ01/TV　シグナルノイズ01-4(近).mp3,10.351428571428572,0.1725238095238095,TV　シグナルノイズ01/TV　シグナルノイズ01-4(近).mp3
305,sound_305.mp3,神楽鈴01-7.mp3,otologic_sounds_smart/Instruments Japanese,otologic_sounds_smart/Instruments Japanese/神楽鈴01/神楽鈴01-7.mp3,6.301292517006803,0.1050215419501133,神楽鈴01/神楽鈴01-7.mp3
306,sound_306.mp3,神楽鈴03-4.mp3,otologic_sounds_smart/Instruments Japanese,otologic_sounds_smart/Instruments Japanese/拍子木02/神楽鈴03-4.mp3,6.85344671201814,0.114224111866969,拍子木02/神楽鈴03-4.mp3
307,sound_307.mp3,拍子木02-2.mp3,otologic_sounds_smart/Instruments Japanese,otologic_sounds_smart/Instruments Japanese/拍子木03/拍子木02-2.mp3,6.423197278911565,0.1070532879818594,拍子木03/拍子木02-2.mp3
308,sound_308.mp3,拍子木02-3.mp3,otologic_sounds_smart/Instruments Japanese,otologic_sounds_smart/Instruments Japanese/拍子木03/拍子木02-3.mp3,8.899818594104309,0.1483303099017384,拍子木03/拍子木02-3.mp3
309,sound_309.mp3,拍子木02-1.mp3,otologic_sounds_smart/Instruments Japanese,otologic_sounds_smart/Instruments Japanese/拍子木03/拍子木02-1.mp3,7.589750566893424,0.126495842781557,拍子木03/拍子木02-1.mp3
310,sound_310.mp3,拍子木02-4.mp3,otologic_sounds_smart/Instruments Japanese,otologic_sounds_smart/Instruments Japanese/拍子木03/拍子木02-4.mp3,7.538095238095238,0.1256349206349206,拍子木03/拍子木02-4.mp3
311,sound_311.mp3,神楽鈴02-7.mp3,otologic_sounds_smart/Instruments Japanese,otologic_sounds_smart/Instruments Japanese/神楽鈴03/神楽鈴02-7.mp3,8.610566893424036,0.1435094482237339,神楽鈴03/神楽鈴02-7.mp3
312,sound_312.mp3,拍子木03-6.mp3,otologic_sounds_smart/Instruments Japanese,otologic_sounds_smart/Instruments Japanese/法螺貝01/拍子木03-6.mp3,10.537868480725624,0.175631141345427,法螺貝01/拍子木03-6.mp3
313,sound_313.mp3,拍子木03-5.mp3,otologic_sounds_smart/Instruments Japanese,otologic_sounds_smart/Instruments Japanese/法螺貝01/拍子木03-5.mp3,8.854399092970521,0.1475733182161753,法螺貝01/拍子木03-5.mp3
314,sound_314.mp3,神楽鈴03-5.mp3,otologic_sounds_smart/Instruments Japanese,otologic_sounds_smart/Instruments Japanese/拍子木01/神楽鈴03-5.mp3,6.788253968253969,0.1131375661375661,拍子木01/神楽鈴03-5.mp3
315,sound_315.mp3,神楽鈴03-6.mp3,otologic_sounds_smart/Instruments Japanese,otologic_sounds_smart/Instruments Japanese/拍子木01/神楽鈴03-6.mp3,6.67766439909297,0.1112944066515495,拍子木01/神楽鈴03-6.mp3
316,sound_316.mp3,神楽鈴02-3.mp3,otologic_sounds_smart/Instruments Japanese,otologic_sounds_smart/Instruments Japanese/拍子木01/神楽鈴02-3.mp3,7.127437641723356,0.1187906273620559,拍子木01/神楽鈴02-3.mp3
317,sound_317.mp3,法螺貝01-6.mp3,otologic_sounds_smart/Instruments Japanese,otologic_sounds_smart/Instruments Japanese/効果音＞和楽器/法螺貝01-6.mp3,6.427210884353742,0.1071201814058957,効果音＞和楽器/法螺貝01-6.mp3
318,sound_318.mp3,法螺貝01-3.mp3,otologic_sounds_smart/Instruments Japanese,otologic_sounds_smart/Instruments Japanese/効果音＞和楽器/法螺貝01-3.mp3,7.9019274376417235,0.131698790627362,効果音＞和楽器/法螺貝01-3.mp3
319,sound_319.mp3,法螺貝01-1.mp3,otologic_sounds_smart/Instruments Japanese,otologic_sounds_smart/Instruments Japanese/効果音＞和楽器/法螺貝01-1.mp3,6.446780045351474,0.1074463340891912,効果音＞和楽器/法螺貝01-1.mp3
320,sound_320.mp3,アニメモーション12-6(低　ディレイ).mp3,otologic_sounds_smart/Anime Motion,otologic_sounds_smart/Anime Motion/アニメモーション12/アニメモーション12-6(低　ディレイ).mp3,5.033990929705215,0.0838998488284202,アニメモーション12/アニメモーション12-6(低　ディレイ).mp3
321,sound_321.mp3,アニメモーション15-5(中　ディレイ).mp3,otologic_sounds_smart/Anime Motion,otologic_sounds_smart/Anime Motion/アニメモーション15/アニメモーション15-5(中　ディレイ).mp3,5.783333333333333,0.0963888888888888,アニメモーション15/アニメモーション15-5(中　ディレイ).mp3
322,sound_322.mp3,アニメモーション15-6(低　ディレイ).mp3,otologic_sounds_smart/Anime Motion,otologic_sounds_smart/Anime Motion/アニメモーション15/アニメモーション15-6(低　ディレイ).mp3,5.3678004535147394,0.0894633408919123,アニメモーション15/アニメモーション15-6(低　ディレイ).mp3
323,sound_323.mp3,アニメモーション15-4(高　ディレイ).mp3,otologic_sounds_smart/Anime Motion,otologic_sounds_smart/Anime Motion/効果音＞アニメモーション/アニメモーション15-4(高　ディレイ).mp3,5.6111791383219956,0.0935196523053665,効果音＞アニメモーション/アニメモーション15-4(高　ディレイ).mp3
324,sound_324.mp3,梱包用エアークッション01-16(遠い　ガサガサ).mp3,otologic_sounds_smart/Packing_Materials,otologic_sounds_smart/Packing_Materials/ダンボール01/梱包用エアークッション01-16(遠い　ガサガサ).mp3,8.467687074829932,0.1411281179138322,ダンボール01/梱包用エアークッション01-16(遠い　ガサガサ).mp3
325,sound_325.mp3,バラ緩衝材01-16(入れる　箱).mp3,otologic_sounds_smart/Packing_Materials,otologic_sounds_smart/Packing_Materials/梱包紙01/バラ緩衝材01-16(入れる　箱).mp3,11.75718820861678,0.1959531368102796,梱包紙01/バラ緩衝材01-16(入れる　箱).mp3
326,sound_326.mp3,ダンボール03-29(遠い　畳む).mp3,otologic_sounds_smart/Packing_Materials,otologic_sounds_smart/Packing_Materials/気泡緩衝材01/ダンボール03-29(遠い　畳む).mp3,8.529886621315192,0.1421647770219198,気泡緩衝材01/ダンボール03-29(遠い　畳む).mp3
327,sound_327.mp3,ダンボール02-01(開封).mp3,otologic_sounds_smart/Packing_Materials,otologic_sounds_smart/Packing_Materials/気泡緩衝材01/ダンボール02-01(開封).mp3,6.017165532879819,0.1002860922146636,気泡緩衝材01/ダンボール02-01(開封).mp3
328,sound_328.mp3,梱包紙01-14(遠い　ガサガサ).mp3,otologic_sounds_smart/Packing_Materials,otologic_sounds_smart/Packing_Materials/梱包用エアークッション01/梱包紙01-14(遠い　ガサガサ).mp3,6.98437641723356,0.1164062736205593,梱包用エアークッション01/梱包紙01-14(遠い　ガサガサ).mp3
329,sound_329.mp3,バラ緩衝材01-02(ガサガサ).mp3,otologic_sounds_smart/Packing_Materials,otologic_sounds_smart/Packing_Materials/梱包用エアークッション01/バラ緩衝材01-02(ガサガサ).mp3,8.242176870748299,0.1373696145124716,梱包用エアークッション01/バラ緩衝材01-02(ガサガサ).mp3
330,sound_330.mp3,梱包紙01-06(ガサガサ).mp3,otologic_sounds_smart/Packing_Materials,otologic_sounds_smart/Packing_Materials/梱包用エアークッション01/梱包紙01-06(ガサガサ).mp3,6.98437641723356,0.1164062736205593,梱包用エアークッション01/梱包紙01-06(ガサガサ).mp3
331,sound_331.mp3,ダンボール01-07(畳む).mp3,otologic_sounds_smart/Packing_Materials,otologic_sounds_smart/Packing_Materials/ダンボール02/ダンボール01-07(畳む).mp3,5.491995464852608,0.0915332577475434,ダンボール02/ダンボール01-07(畳む).mp3
332,sound_332.mp3,ダンボール01-08(遠い　開封).mp3,otologic_sounds_smart/Packing_Materials,otologic_sounds_smart/Packing_Materials/ダンボール02/ダンボール01-08(遠い　開封).mp3,5.946190476190476,0.0991031746031746,ダンボール02/ダンボール01-08(遠い　開封).mp3
333,sound_333.mp3,ダンボール01-14(遠い　畳む).mp3,otologic_sounds_smart/Packing_Materials,otologic_sounds_smart/Packing_Materials/ダンボール02/ダンボール01-14(遠い　畳む).mp3,5.491995464852608,0.0915332577475434,ダンボール02/ダンボール01-14(遠い　畳む).mp3
334,sound_334.mp3,梱包用エアークッション01-06(ガサガサ).mp3,otologic_sounds_smart/Packing_Materials,otologic_sounds_smart/Packing_Materials/ダンボール02/梱包用エアークッション01-06(ガサガサ).mp3,8.467687074829932,0.1411281179138322,ダンボール02/梱包用エアークッション01-06(ガサガサ).mp3
335,sound_335.mp3,ダンボール02-15(遠い　開封).mp3,otologic_sounds_smart/Packing_Materials,otologic_sounds_smart/Packing_Materials/ダンボール03/ダンボール02-15(遠い　開封).mp3,6.016802721088435,0.1002800453514739,ダンボール03/ダンボール02-15(遠い　開封).mp3
336,sound_336.mp3,ダンボール01-01(開封).mp3,otologic_sounds_smart/Packing_Materials,otologic_sounds_smart/Packing_Materials/ダンボール03/ダンボール01-01(開封).mp3,5.946190476190476,0.0991031746031746,ダンボール03/ダンボール01-01(開封).mp3
337,sound_337.mp3,ダンボール03-14(畳む).mp3,otologic_sounds_smart/Packing_Materials,otologic_sounds_smart/Packing_Materials/気泡緩衝材02/ダンボール03-14(畳む).mp3,8.529886621315192,0.1421647770219198,気泡緩衝材02/ダンボール03-14(畳む).mp3
338,sound_338.mp3,バラ緩衝材01-19(遠い　ガサガサ).mp3,otologic_sounds_smart/Packing_Materials,otologic_sounds_smart/Packing_Materials/バラ緩衝材01/バラ緩衝材01-19(遠い　ガサガサ).mp3,8.242176870748299,0.1373696145124716,バラ緩衝材01/バラ緩衝材01-19(遠い　ガサガサ).mp3
339,sound_339.mp3,バラ緩衝材01-33(遠い　入れる　箱).mp3,otologic_sounds_smart/Packing_Materials,otologic_sounds_smart/Packing_Materials/バラ緩衝材01/バラ緩衝材01-33(遠い　入れる　箱).mp3,11.75718820861678,0.1959531368102796,バラ緩衝材01/バラ緩衝材01-33(遠い　入れる　箱).mp3
340,sound_340.mp3,気泡緩衝材01-11(ガサガサ).mp3,otologic_sounds_smart/Packing_Materials,otologic_sounds_smart/Packing_Materials/気泡緩衝材03/気泡緩衝材01-11(ガサガサ).mp3,6.037142857142857,0.1006190476190476,気泡緩衝材03/気泡緩衝材01-11(ガサガサ).mp3
341,sound_341.mp3,ピアノ02-1(短).mp3,otologic_sounds_smart/Instruments Piano,otologic_sounds_smart/Instruments Piano/ピアノ02/ピアノ02-1(短).mp3,5.360884353741497,0.0893480725623582,ピアノ02/ピアノ02-1(短).mp3
342,sound_342.mp3,ピアノ02-2(長).mp3,otologic_sounds_smart/Instruments Piano,otologic_sounds_smart/Instruments Piano/ピアノ02/ピアノ02-2(長).mp3,7.983015873015873,0.1330502645502645,ピアノ02/ピアノ02-2(長).mp3
343,sound_343.mp3,ピアノ03-1(長　リバーブ).mp3,otologic_sounds_smart/Instruments Piano,otologic_sounds_smart/Instruments Piano/効果音＞ピアノ/ピアノ03-1(長　リバーブ).mp3,5.262063492063492,0.0877010582010582,効果音＞ピアノ/ピアノ03-1(長　リバーブ).mp3
344,sound_344.mp3,歓声　群衆02-2(中).mp3,otologic_sounds_smart/Applause Cheer,otologic_sounds_smart/Applause Cheer/効果音＞歓声・拍手/歓声　群衆02-2(中).mp3,9.69204081632653,0.1615340136054421,効果音＞歓声・拍手/歓声　群衆02-2(中).mp3
345,sound_345.mp3,歓声　群衆02-1(長).mp3,otologic_sounds_smart/Applause Cheer,otologic_sounds_smart/Applause Cheer/効果音＞歓声・拍手/歓声　群衆02-1(長).mp3,22.642879818594103,0.3773813303099017,効果音＞歓声・拍手/歓声　群衆02-1(長).mp3
346,sound_346.mp3,歓声　群衆01-2(低　中).mp3,otologic_sounds_smart/Applause Cheer,otologic_sounds_smart/Applause Cheer/効果音＞歓声・拍手/歓声　群衆01-2(低　中).mp3,7.533514739229025,0.1255585789871504,効果音＞歓声・拍手/歓声　群衆01-2(低　中).mp3
347,sound_347.mp3,歓声　群衆01-1(低　長).mp3,otologic_sounds_smart/Applause Cheer,otologic_sounds_smart/Applause Cheer/効果音＞歓声・拍手/歓声　群衆01-1(低　長).mp3,15.033537414965986,0.2505589569160997,効果音＞歓声・拍手/歓声　群衆01-1(低　長).mp3
348,sound_348.mp3,拍手　群衆02-2(中).mp3,otologic_sounds_smart/Applause Cheer,otologic_sounds_smart/Applause Cheer/拍手　群衆03/拍手　群衆02-2(中).mp3,5.595895691609977,0.0932649281934996,拍手　群衆03/拍手　群衆02-2(中).mp3
349,sound_349.mp3,拍手　群衆03-3(短).mp3,otologic_sounds_smart/Applause Cheer,otologic_sounds_smart/Applause Cheer/拍手　群衆03/拍手　群衆03-3(短).mp3,6.89374149659864,0.1148956916099773,拍手　群衆03/拍手　群衆03-3(短).mp3
350,sound_350.mp3,拍手　群衆02-1(長).mp3,otologic_sounds_smart/Applause Cheer,otologic_sounds_smart/Applause Cheer/拍手　群衆03/拍手　群衆02-1(長).mp3,14.515532879818592,0.2419255479969765,拍手　群衆03/拍手　群衆02-1(長).mp3
351,sound_351.mp3,拍手　群衆01-1(長).mp3,otologic_sounds_smart/Applause Cheer,otologic_sounds_smart/Applause Cheer/拍手　群衆03/拍手　群衆01-1(長).mp3,13.403151927437642,0.223385865457294,拍手　群衆03/拍手　群衆01-1(長).mp3
352,sound_352.mp3,拍手04-1(長).mp3,otologic_sounds_smart/Applause Cheer,otologic_sounds_smart/Applause Cheer/拍手　群衆02/拍手04-1(長).mp3,21.62444444444445,0.3604074074074074,拍手　群衆02/拍手04-1(長).mp3
353,sound_353.mp3,拍手04-2(中).mp3,otologic_sounds_smart/Applause Cheer,otologic_sounds_smart/Applause Cheer/拍手　群衆02/拍手04-2(中).mp3,7.594081632653062,0.1265680272108843,拍手　群衆02/拍手04-2(中).mp3
354,sound_354.mp3,拍手　群衆01-2(中).mp3,otologic_sounds_smart/Applause Cheer,otologic_sounds_smart/Applause Cheer/拍手　群衆02/拍手　群衆01-2(中).mp3,6.323265306122449,0.1053877551020408,拍手　群衆02/拍手　群衆01-2(中).mp3
355,sound_355.mp3,拍手　群衆03-2(中).mp3,otologic_sounds_smart/Applause Cheer,otologic_sounds_smart/Applause Cheer/歓声　イェイ01/拍手　群衆03-2(中).mp3,11.202834467120182,0.1867139077853363,歓声　イェイ01/拍手　群衆03-2(中).mp3
356,sound_356.mp3,拍手　群衆03-1(長).mp3,otologic_sounds_smart/Applause Cheer,otologic_sounds_smart/Applause Cheer/歓声　イェイ01/拍手　群衆03-1(長).mp3,31.16877551020408,0.5194795918367346,歓声　イェイ01/拍手　群衆03-1(長).mp3
357,sound_357.mp3,歓声　群衆01-5(高　中).mp3,otologic_sounds_smart/Applause Cheer,otologic_sounds_smart/Applause Cheer/歓声　群衆02/歓声　群衆01-5(高　中).mp3,5.543038548752834,0.0923839758125472,歓声　群衆02/歓声　群衆01-5(高　中).mp3
358,sound_358.mp3,歓声　群衆01-4(高　長).mp3,otologic_sounds_smart/Applause Cheer,otologic_sounds_smart/Applause Cheer/歓声　群衆02/歓声　群衆01-4(高　長).mp3,11.11310657596372,0.1852184429327286,歓声　群衆02/歓声　群衆01-4(高　長).mp3
359,sound_359.mp3,拍手01-1(安定　遅い).mp3,otologic_sounds_smart/Applause Cheer,otologic_sounds_smart/Applause Cheer/拍手02/拍手01-1(安定　遅い).mp3,5.481224489795919,0.0913537414965986,拍手02/拍手01-1(安定　遅い).mp3
360,sound_360.mp3,拍手02-5(遠い　中).mp3,otologic_sounds_smart/Applause Cheer,otologic_sounds_smart/Applause Cheer/拍手03/拍手02-5(遠い　中).mp3,6.480113378684807,0.1080018896447467,拍手03/拍手02-5(遠い　中).mp3
361,sound_361.mp3,拍手02-4(遠い　長).mp3,otologic_sounds_smart/Applause Cheer,otologic_sounds_smart/Applause Cheer/拍手03/拍手02-4(遠い　長).mp3,18.73739229024943,0.3122898715041572,拍手03/拍手02-4(遠い　長).mp3
362,sound_362.mp3,拍手02-2(中).mp3,otologic_sounds_smart/Applause Cheer,otologic_sounds_smart/Applause Cheer/拍手03/拍手02-2(中).mp3,6.230340136054422,0.1038390022675737,拍手03/拍手02-2(中).mp3
363,sound_363.mp3,拍手03-4(遠い　長).mp3,otologic_sounds_smart/Applause Cheer,otologic_sounds_smart/Applause Cheer/拍手04/拍手03-4(遠い　長).mp3,16.608662131519274,0.2768110355253212,拍手04/拍手03-4(遠い　長).mp3
364,sound_364.mp3,拍手02-1(長).mp3,otologic_sounds_smart/Applause Cheer,otologic_sounds_smart/Applause Cheer/拍手04/拍手02-1(長).mp3,18.48954648526077,0.3081591080876795,拍手04/拍手02-1(長).mp3
365,sound_365.mp3,拍手03-5(遠い　中).mp3,otologic_sounds_smart/Applause Cheer,otologic_sounds_smart/Applause Cheer/拍手04/拍手03-5(遠い　中).mp3,6.158820861678005,0.1026470143613,拍手04/拍手03-5(遠い　中).mp3
366,sound_366.mp3,拍手04-5(遠い　中).mp3,otologic_sounds_smart/Applause Cheer,otologic_sounds_smart/Applause Cheer/拍手　群衆01/拍手04-5(遠い　中).mp3,7.1558730158730155,0.1192645502645502,拍手　群衆01/拍手04-5(遠い　中).mp3
367,sound_367.mp3,拍手04-4(遠い　長).mp3,otologic_sounds_smart/Applause Cheer,otologic_sounds_smart/Applause Cheer/拍手　群衆01/拍手04-4(遠い　長).mp3,21.38687074829932,0.3564478458049886,拍手　群衆01/拍手04-4(遠い　長).mp3
368,sound_368.mp3,拍手03-2(中).mp3,otologic_sounds_smart/Applause Cheer,otologic_sounds_smart/Applause Cheer/拍手　群衆01/拍手03-2(中).mp3,5.661269841269841,0.0943544973544973,拍手　群衆01/拍手03-2(中).mp3
369,sound_369.mp3,拍手03-1(長).mp3,otologic_sounds_smart/Applause Cheer,otologic_sounds_smart/Applause Cheer/拍手　群衆01/拍手03-1(長).mp3,16.232380952380954,0.2705396825396826,拍手　群衆01/拍手03-1(長).mp3
370,sound_370.mp3,ハサミ03-4(紙を切る).mp3,otologic_sounds_smart/Stationery,otologic_sounds_smart/Stationery/効果音＞文房具/ハサミ03-4(紙を切る).mp3,9.693832199546485,0.1615638699924414,効果音＞文房具/ハサミ03-4(紙を切る).mp3
371,sound_371.mp3,下敷き01-1.mp3,otologic_sounds_smart/Stationery,otologic_sounds_smart/Stationery/効果音＞文房具/下敷き01-1.mp3,6.422857142857143,0.107047619047619,効果音＞文房具/下敷き01-1.mp3
372,sound_372.mp3,ハサミ02-3(紙を切る).mp3,otologic_sounds_smart/Stationery,otologic_sounds_smart/Stationery/ハサミ03/ハサミ02-3(紙を切る).mp3,5.7227210884353745,0.0953786848072562,ハサミ03/ハサミ02-3(紙を切る).mp3
373,sound_373.mp3,ハサミ02-4(紙を切る).mp3,otologic_sounds_smart/Stationery,otologic_sounds_smart/Stationery/ハサミ03/ハサミ02-4(紙を切る).mp3,8.035238095238094,0.1339206349206349,ハサミ03/ハサミ02-4(紙を切る).mp3
374,sound_374.mp3,カウントダウン06-4.mp3,otologic_sounds_smart/Countdown,otologic_sounds_smart/Countdown/効果音＞カウントダウン/カウントダウン06-4.mp3,11.952857142857145,0.1992142857142857,効果音＞カウントダウン/カウントダウン06-4.mp3
375,sound_375.mp3,カウントダウン06-3.mp3,otologic_sounds_smart/Countdown,otologic_sounds_smart/Countdown/効果音＞カウントダウン/カウントダウン06-3.mp3,6.937142857142857,0.1156190476190476,効果音＞カウントダウン/カウントダウン06-3.mp3
376,sound_376.mp3,カウントダウン04-2.mp3,otologic_sounds_smart/Countdown,otologic_sounds_smart/Countdown/カウントダウン05/カウントダウン04-2.mp3,5.165804988662131,0.0860967498110355,カウントダウン05/カウントダウン04-2.mp3
377,sound_377.mp3,カウントダウン04-3.mp3,otologic_sounds_smart/Countdown,otologic_sounds_smart/Countdown/カウントダウン05/カウントダウン04-3.mp3,7.16827664399093,0.1194712773998488,カウントダウン05/カウントダウン04-3.mp3
378,sound_378.mp3,カウントダウン02-2.mp3,otologic_sounds_smart/Countdown,otologic_sounds_smart/Countdown/カウントダウン02/カウントダウン02-2.mp3,5.173990929705216,0.0862331821617536,カウントダウン02/カウントダウン02-2.mp3
379,sound_379.mp3,カウントダウン02-3.mp3,otologic_sounds_smart/Countdown,otologic_sounds_smart/Countdown/カウントダウン02/カウントダウン02-3.mp3,7.179886621315193,0.1196647770219198,カウントダウン02/カウントダウン02-3.mp3
380,sound_380.mp3,カウントダウン02-4.mp3,otologic_sounds_smart/Countdown,otologic_sounds_smart/Countdown/カウントダウン02/カウントダウン02-4.mp3,12.213038548752834,0.2035506424792139,カウントダウン02/カウントダウン02-4.mp3
381,sound_381.mp3,カウントダウン03-3.mp3,otologic_sounds_smart/Countdown,otologic_sounds_smart/Countdown/カウントダウン03/カウントダウン03-3.mp3,6.679863945578231,0.1113310657596371,カウントダウン03/カウントダウン03-3.mp3
382,sound_382.mp3,カウントダウン03-4.mp3,otologic_sounds_smart/Countdown,otologic_sounds_smart/Countdown/カウントダウン03/カウントダウン03-4.mp3,11.658775510204082,0.194312925170068,カウントダウン03/カウントダウン03-4.mp3
383,sound_383.mp3,タイマー02-3(音色2　60秒).mp3,otologic_sounds_smart/Countdown,otologic_sounds_smart/Countdown/タイマー01/タイマー02-3(音色2　60秒).mp3,60.29442176870748,1.004907029478458,タイマー01/タイマー02-3(音色2　60秒).mp3
384,sound_384.mp3,タイマー01-2(30秒).mp3,otologic_sounds_smart/Countdown,otologic_sounds_smart/Countdown/タイマー01/タイマー01-2(30秒).mp3,31.462131519274376,0.524368858654573,タイマー01/タイマー01-2(30秒).mp3
385,sound_385.mp3,タイマー01-3(60秒).mp3,otologic_sounds_smart/Countdown,otologic_sounds_smart/Countdown/タイマー01/タイマー01-3(60秒).mp3,61.43557823129252,1.0239263038548754,タイマー01/タイマー01-3(60秒).mp3
386,sound_386.mp3,タイマー02-2(音色2　30秒).mp3,otologic_sounds_smart/Countdown,otologic_sounds_smart/Countdown/タイマー01/タイマー02-2(音色2　30秒).mp3,30.310770975056688,0.5051795162509448,タイマー01/タイマー02-2(音色2　30秒).mp3
387,sound_387.mp3,タイマー01-1(10秒).mp3,otologic_sounds_smart/Countdown,otologic_sounds_smart/Countdown/タイマー01/タイマー01-1(10秒).mp3,11.444149659863946,0.1907358276643991,タイマー01/タイマー01-1(10秒).mp3
388,sound_388.mp3,カウントダウン04-4.mp3,otologic_sounds_smart/Countdown,otologic_sounds_smart/Countdown/カウントダウン04/カウントダウン04-4.mp3,12.179909297052154,0.2029984882842025,カウントダウン04/カウントダウン04-4.mp3
389,sound_389.mp3,カウントダウン01-3.mp3,otologic_sounds_smart/Countdown,otologic_sounds_smart/Countdown/カウントダウン01/カウントダウン01-3.mp3,7.33265306122449,0.1222108843537415,カウントダウン01/カウントダウン01-3.mp3
390,sound_390.mp3,カウントダウン01-2.mp3,otologic_sounds_smart/Countdown,otologic_sounds_smart/Countdown/カウントダウン01/カウントダウン01-2.mp3,5.344875283446712,0.0890812547241118,カウントダウン01/カウントダウン01-2.mp3
391,sound_391.mp3,カウントダウン01-4.mp3,otologic_sounds_smart/Countdown,otologic_sounds_smart/Countdown/カウントダウン01/カウントダウン01-4.mp3,12.34655328798186,0.205775888133031,カウントダウン01/カウントダウン01-4.mp3
392,sound_392.mp3,カウントダウン05-1.mp3,otologic_sounds_smart/Countdown,otologic_sounds_smart/Countdown/カウントダウン06/カウントダウン05-1.mp3,5.009047619047619,0.0834841269841269,カウントダウン06/カウントダウン05-1.mp3
393,sound_393.mp3,カウントダウン05-2.mp3,otologic_sounds_smart/Countdown,otologic_sounds_smart/Countdown/カウントダウン06/カウントダウン05-2.mp3,7.973628117913832,0.1328938019652305,カウントダウン06/カウントダウン05-2.mp3
394,sound_394.mp3,カウントダウン05-3.mp3,otologic_sounds_smart/Countdown,otologic_sounds_smart/Countdown/カウントダウン06/カウントダウン05-3.mp3,12.989614512471656,0.2164935752078609,カウントダウン06/カウントダウン05-3.mp3
395,sound_395.mp3,タイマー02-2(音色1　30秒).mp3,otologic_sounds_smart/Countdown,otologic_sounds_smart/Countdown/タイマー02/タイマー02-2(音色1　30秒).mp3,30.40875283446712,0.5068125472411187,タイマー02/タイマー02-2(音色1　30秒).mp3
396,sound_396.mp3,タイマー02-1(音色2　10秒).mp3,otologic_sounds_smart/Countdown,otologic_sounds_smart/Countdown/タイマー02/タイマー02-1(音色2　10秒).mp3,10.294126984126985,0.171568783068783,タイマー02/タイマー02-1(音色2　10秒).mp3
397,sound_397.mp3,タイマー02-3(音色1　60秒).mp3,otologic_sounds_smart/Countdown,otologic_sounds_smart/Countdown/タイマー02/タイマー02-3(音色1　60秒).mp3,60.36074829931973,1.006012471655329,タイマー02/タイマー02-3(音色1　60秒).mp3
398,sound_398.mp3,タイマー02-1(音色1　10秒).mp3,otologic_sounds_smart/Countdown,otologic_sounds_smart/Countdown/タイマー02/タイマー02-1(音色1　10秒).mp3,10.428503401360544,0.1738083900226757,タイマー02/タイマー02-1(音色1　10秒).mp3
399,sound_399.mp3,カメラモーション08-5(リバーブ).mp3,otologic_sounds_smart/Camera Motion,otologic_sounds_smart/Camera Motion/カメラモーション10/カメラモーション08-5(リバーブ).mp3,5.316507936507937,0.0886084656084656,カメラモーション10/カメラモーション08-5(リバーブ).mp3
400,sound_400.mp3,カメラモーション08-8(リバーブ).mp3,otologic_sounds_smart/Camera Motion,otologic_sounds_smart/Camera Motion/カメラモーション09/カメラモーション08-8(リバーブ).mp3,5.81124716553288,0.0968541194255479,カメラモーション09/カメラモーション08-8(リバーブ).mp3
401,sound_401.mp3,カメラモーション07-5(リバーブ).mp3,otologic_sounds_smart/Camera Motion,otologic_sounds_smart/Camera Motion/カメラモーション08/カメラモーション07-5(リバーブ).mp3,5.116167800453515,0.0852694633408919,カメラモーション08/カメラモーション07-5(リバーブ).mp3
402,sound_402.mp3,カメラモーション07-6(リバーブ).mp3,otologic_sounds_smart/Camera Motion,otologic_sounds_smart/Camera Motion/カメラモーション08/カメラモーション07-6(リバーブ).mp3,5.933015873015873,0.0988835978835978,カメラモーション08/カメラモーション07-6(リバーブ).mp3
403,sound_403.mp3,カメラモーション07-8(リバーブ).mp3,otologic_sounds_smart/Camera Motion,otologic_sounds_smart/Camera Motion/カメラモーション08/カメラモーション07-8(リバーブ).mp3,5.43530612244898,0.0905884353741496,カメラモーション08/カメラモーション07-8(リバーブ).mp3
404,sound_404.mp3,カメラモーション07-7(リバーブ).mp3,otologic_sounds_smart/Camera Motion,otologic_sounds_smart/Camera Motion/カメラモーション08/カメラモーション07-7(リバーブ).mp3,6.47655328798186,0.1079425547996976,カメラモーション08/カメラモーション07-7(リバーブ).mp3
405,sound_405.mp3,レトロアニメ　アクセント02-3(低　長).mp3,otologic_sounds_smart/Retroanimeaccent,otologic_sounds_smart/Retroanimeaccent/レトロアニメ　アクセント03/レトロアニメ　アクセント02-3(低　長).mp3,5.442857142857143,0.0907142857142857,レトロアニメ　アクセント03/レトロアニメ　アクセント02-3(低　長).mp3
406,sound_406.mp3,洗濯機　ドラム式01-18(衣類　ガサガサ).mp3,otologic_sounds_smart/Washing Machines,otologic_sounds_smart/Washing Machines/洗濯機　ドラム式01/洗濯機　ドラム式01-18(衣類　ガサガサ).mp3,6.643265306122449,0.1107210884353741,洗濯機　ドラム式01/洗濯機　ドラム式01-18(衣類　ガサガサ).mp3
407,sound_407.mp3,洗濯機　ドラム式01-19(衣類　取り出す).mp3,otologic_sounds_smart/Washing Machines,otologic_sounds_smart/Washing Machines/洗濯機　ドラム式01/洗濯機　ドラム式01-19(衣類　取り出す).mp3,5.144535147392291,0.0857422524565381,洗濯機　ドラム式01/洗濯機　ドラム式01-19(衣類　取り出す).mp3
408,sound_408.mp3,洗濯機　ドラム式01-17(衣類　入れる　強).mp3,otologic_sounds_smart/Washing Machines,otologic_sounds_smart/Washing Machines/洗濯機　ドラム式01/洗濯機　ドラム式01-17(衣類　入れる　強).mp3,5.505396825396826,0.0917566137566137,洗濯機　ドラム式01/洗濯機　ドラム式01-17(衣類　入れる　強).mp3
409,sound_409.mp3,洗濯機　ドラム式　動作音01-21(遠い　脱水).mp3,otologic_sounds_smart/Washing Machines,otologic_sounds_smart/Washing Machines/洗濯機　ドラム式　動作音01/洗濯機　ドラム式　動作音01-21(遠い　脱水).mp3,184.3467800453515,3.072446334089191,洗濯機　ドラム式　動作音01/洗濯機　ドラム式　動作音01-21(遠い　脱水).mp3
410,sound_410.mp3,洗濯機　ドラム式　動作音01-20(遠い　脱水).mp3,otologic_sounds_smart/Washing Machines,otologic_sounds_smart/Washing Machines/洗濯機　ドラム式　動作音01/洗濯機　ドラム式　動作音01-20(遠い　脱水).mp3,205.84777777777776,3.430796296296296,洗濯機　ドラム式　動作音01/洗濯機　ドラム式　動作音01-20(遠い　脱水).mp3
411,sound_411.mp3,洗濯機　ドラム式　動作音01-22(遠い　乾燥).mp3,otologic_sounds_smart/Washing Machines,otologic_sounds_smart/Washing Machines/洗濯機　ドラム式　動作音01/洗濯機　ドラム式　動作音01-22(遠い　乾燥).mp3,65.04009070294785,1.0840015117157975,洗濯機　ドラム式　動作音01/洗濯機　ドラム式　動作音01-22(遠い　乾燥).mp3
412,sound_412.mp3,洗濯機　ドラム式　動作音01-19(遠い　注水).mp3,otologic_sounds_smart/Washing Machines,otologic_sounds_smart/Washing Machines/効果音＞洗濯機/洗濯機　ドラム式　動作音01-19(遠い　注水).mp3,16.93482993197279,0.2822471655328798,効果音＞洗濯機/洗濯機　ドラム式　動作音01-19(遠い　注水).mp3
413,sound_413.mp3,洗濯機　ドラム式　動作音01-14(遠い　洗う).mp3,otologic_sounds_smart/Washing Machines,otologic_sounds_smart/Washing Machines/効果音＞洗濯機/洗濯機　ドラム式　動作音01-14(遠い　洗う).mp3,61.7625850340136,1.02937641723356,効果音＞洗濯機/洗濯機　ドラム式　動作音01-14(遠い　洗う).mp3
414,sound_414.mp3,洗濯機　ドラム式　動作音01-11(ノイズ).mp3,otologic_sounds_smart/Washing Machines,otologic_sounds_smart/Washing Machines/効果音＞洗濯機/洗濯機　ドラム式　動作音01-11(ノイズ).mp3,22.192290249433107,0.3698715041572184,効果音＞洗濯機/洗濯機　ドラム式　動作音01-11(ノイズ).mp3
415,sound_415.mp3,洗濯機　ドラム式　動作音01-01(洗う).mp3,otologic_sounds_smart/Washing Machines,otologic_sounds_smart/Washing Machines/効果音＞洗濯機/洗濯機　ドラム式　動作音01-01(洗う).mp3,61.92575963718821,1.032095993953137,効果音＞洗濯機/洗濯機　ドラム式　動作音01-01(洗う).mp3
416,sound_416.mp3,洗濯機　ドラム式　動作音01-16(遠い　洗う).mp3,otologic_sounds_smart/Washing Machines,otologic_sounds_smart/Washing Machines/効果音＞洗濯機/洗濯機　ドラム式　動作音01-16(遠い　洗う).mp3,71.41421768707482,1.1902369614512471,効果音＞洗濯機/洗濯機　ドラム式　動作音01-16(遠い　洗う).mp3
417,sound_417.mp3,洗濯機　ドラム式　動作音01-09(乾燥).mp3,otologic_sounds_smart/Washing Machines,otologic_sounds_smart/Washing Machines/効果音＞洗濯機/洗濯機　ドラム式　動作音01-09(乾燥).mp3,65.04009070294785,1.0840015117157975,効果音＞洗濯機/洗濯機　ドラム式　動作音01-09(乾燥).mp3
418,sound_418.mp3,洗濯機　ドラム式　動作音01-03(洗う).mp3,otologic_sounds_smart/Washing Machines,otologic_sounds_smart/Washing Machines/効果音＞洗濯機/洗濯機　ドラム式　動作音01-03(洗う).mp3,72.4965306122449,1.2082755102040816,効果音＞洗濯機/洗濯機　ドラム式　動作音01-03(洗う).mp3
419,sound_419.mp3,洗濯機　ドラム式　動作音01-02(洗う).mp3,otologic_sounds_smart/Washing Machines,otologic_sounds_smart/Washing Machines/効果音＞洗濯機/洗濯機　ドラム式　動作音01-02(洗う).mp3,26.13875283446712,0.4356458805744519,効果音＞洗濯機/洗濯機　ドラム式　動作音01-02(洗う).mp3
420,sound_420.mp3,洗濯機　ドラム式　動作音01-08(脱水).mp3,otologic_sounds_smart/Washing Machines,otologic_sounds_smart/Washing Machines/効果音＞洗濯機/洗濯機　ドラム式　動作音01-08(脱水).mp3,186.1253968253968,3.102089947089947,効果音＞洗濯機/洗濯機　ドラム式　動作音01-08(脱水).mp3
421,sound_421.mp3,洗濯機　ドラム式　動作音01-10(重量検知).mp3,otologic_sounds_smart/Washing Machines,otologic_sounds_smart/Washing Machines/効果音＞洗濯機/洗濯機　ドラム式　動作音01-10(重量検知).mp3,24.187460317460317,0.4031243386243386,効果音＞洗濯機/洗濯機　ドラム式　動作音01-10(重量検知).mp3
422,sound_422.mp3,洗濯機　ドラム式　動作音01-18(遠い　注水).mp3,otologic_sounds_smart/Washing Machines,otologic_sounds_smart/Washing Machines/効果音＞洗濯機/洗濯機　ドラム式　動作音01-18(遠い　注水).mp3,17.084807256235827,0.2847467876039304,効果音＞洗濯機/洗濯機　ドラム式　動作音01-18(遠い　注水).mp3
423,sound_423.mp3,洗濯機　ドラム式　動作音01-15(遠い　洗う).mp3,otologic_sounds_smart/Washing Machines,otologic_sounds_smart/Washing Machines/効果音＞洗濯機/洗濯機　ドラム式　動作音01-15(遠い　洗う).mp3,24.26607709750567,0.4044346182917611,効果音＞洗濯機/洗濯機　ドラム式　動作音01-15(遠い　洗う).mp3
424,sound_424.mp3,洗濯機　ドラム式　動作音01-06(注水).mp3,otologic_sounds_smart/Washing Machines,otologic_sounds_smart/Washing Machines/効果音＞洗濯機/洗濯機　ドラム式　動作音01-06(注水).mp3,16.93482993197279,0.2822471655328798,効果音＞洗濯機/洗濯機　ドラム式　動作音01-06(注水).mp3
425,sound_425.mp3,洗濯機　ドラム式　動作音01-07(脱水).mp3,otologic_sounds_smart/Washing Machines,otologic_sounds_smart/Washing Machines/効果音＞洗濯機/洗濯機　ドラム式　動作音01-07(脱水).mp3,206.8321088435374,3.447201814058957,効果音＞洗濯機/洗濯機　ドラム式　動作音01-07(脱水).mp3
426,sound_426.mp3,洗濯機　ドラム式　動作音01-04(注水).mp3,otologic_sounds_smart/Washing Machines,otologic_sounds_smart/Washing Machines/効果音＞洗濯機/洗濯機　ドラム式　動作音01-04(注水).mp3,30.194625850340135,0.5032437641723356,効果音＞洗濯機/洗濯機　ドラム式　動作音01-04(注水).mp3
427,sound_427.mp3,洗濯機　ドラム式　動作音01-05(注水).mp3,otologic_sounds_smart/Washing Machines,otologic_sounds_smart/Washing Machines/効果音＞洗濯機/洗濯機　ドラム式　動作音01-05(注水).mp3,17.921836734693876,0.2986972789115646,効果音＞洗濯機/洗濯機　ドラム式　動作音01-05(注水).mp3
428,sound_428.mp3,洗濯機　ドラム式　動作音01-17(遠い　注水).mp3,otologic_sounds_smart/Washing Machines,otologic_sounds_smart/Washing Machines/効果音＞洗濯機/洗濯機　ドラム式　動作音01-17(遠い　注水).mp3,30.194625850340135,0.5032437641723356,効果音＞洗濯機/洗濯機　ドラム式　動作音01-17(遠い　注水).mp3
429,sound_429.mp3,洗濯機　ドラム式01-36(遠い　衣類　ガサガサ).mp3,otologic_sounds_smart/Washing Machines,otologic_sounds_smart/Washing Machines/洗濯機　ドラム式　ビープ01/洗濯機　ドラム式01-36(遠い　衣類　ガサガサ).mp3,5.916213151927438,0.0986035525321239,洗濯機　ドラム式　ビープ01/洗濯機　ドラム式01-36(遠い　衣類　ガサガサ).mp3
430,sound_430.mp3,洗濯機　ドラム式　ビープ01-07(メロディー).mp3,otologic_sounds_smart/Washing Machines,otologic_sounds_smart/Washing Machines/洗濯機　ドラム式　ビープ01/洗濯機　ドラム式　ビープ01-07(メロディー).mp3,10.67124716553288,0.177854119425548,洗濯機　ドラム式　ビープ01/洗濯機　ドラム式　ビープ01-07(メロディー).mp3
431,sound_431.mp3,洗濯機　ドラム式　ビープ01-14(遠い　メロディー).mp3,otologic_sounds_smart/Washing Machines,otologic_sounds_smart/Washing Machines/洗濯機　ドラム式　ビープ01/洗濯機　ドラム式　ビープ01-14(遠い　メロディー).mp3,10.845668934240363,0.180761148904006,洗濯機　ドラム式　ビープ01/洗濯機　ドラム式　ビープ01-14(遠い　メロディー).mp3
432,sound_432.mp3,洗濯機　ドラム式01-35(遠い　衣類　入れる　強).mp3,otologic_sounds_smart/Washing Machines,otologic_sounds_smart/Washing Machines/洗濯機　ドラム式　ビープ01/洗濯機　ドラム式01-35(遠い　衣類　入れる　強).mp3,5.505396825396826,0.0917566137566137,洗濯機　ドラム式　ビープ01/洗濯機　ドラム式01-35(遠い　衣類　入れる　強).mp3
433,sound_433.mp3,振り子時計　チャイム05-7(遠い　長).mp3,otologic_sounds_smart/Pendulum Clock,otologic_sounds_smart/Pendulum Clock/効果音＞振り子時計/振り子時計　チャイム05-7(遠い　長).mp3,9.00156462585034,0.1500260770975056,効果音＞振り子時計/振り子時計　チャイム05-7(遠い　長).mp3
434,sound_434.mp3,振り子時計　チャイム04-01(ノイズ除去　短).mp3,otologic_sounds_smart/Pendulum Clock,otologic_sounds_smart/Pendulum Clock/効果音＞振り子時計/振り子時計　チャイム04-01(ノイズ除去　短).mp3,9.587006802721088,0.1597834467120181,効果音＞振り子時計/振り子時計　チャイム04-01(ノイズ除去　短).mp3
435,sound_435.mp3,振り子時計　チャイム05-4(セット).mp3,otologic_sounds_smart/Pendulum Clock,otologic_sounds_smart/Pendulum Clock/効果音＞振り子時計/振り子時計　チャイム05-4(セット).mp3,23.328662131519273,0.3888110355253212,効果音＞振り子時計/振り子時計　チャイム05-4(セット).mp3
436,sound_436.mp3,振り子時計　チャイム05-1(短).mp3,otologic_sounds_smart/Pendulum Clock,otologic_sounds_smart/Pendulum Clock/効果音＞振り子時計/振り子時計　チャイム05-1(短).mp3,5.973560090702948,0.0995593348450491,効果音＞振り子時計/振り子時計　チャイム05-1(短).mp3
437,sound_437.mp3,振り子時計　チャイム05-2(中).mp3,otologic_sounds_smart/Pendulum Clock,otologic_sounds_smart/Pendulum Clock/効果音＞振り子時計/振り子時計　チャイム05-2(中).mp3,7.036485260770975,0.1172747543461829,効果音＞振り子時計/振り子時計　チャイム05-2(中).mp3
438,sound_438.mp3,振り子時計　チャイム05-3(長).mp3,otologic_sounds_smart/Pendulum Clock,otologic_sounds_smart/Pendulum Clock/効果音＞振り子時計/振り子時計　チャイム05-3(長).mp3,9.00156462585034,0.1500260770975056,効果音＞振り子時計/振り子時計　チャイム05-3(長).mp3
439,sound_439.mp3,振り子時計　チャイム05-8(遠い　セット).mp3,otologic_sounds_smart/Pendulum Clock,otologic_sounds_smart/Pendulum Clock/効果音＞振り子時計/振り子時計　チャイム05-8(遠い　セット).mp3,23.328662131519273,0.3888110355253212,効果音＞振り子時計/振り子時計　チャイム05-8(遠い　セット).mp3
440,sound_440.mp3,振り子時計　チャイム04-02(ノイズ除去　中).mp3,otologic_sounds_smart/Pendulum Clock,otologic_sounds_smart/Pendulum Clock/効果音＞振り子時計/振り子時計　チャイム04-02(ノイズ除去　中).mp3,11.39233560090703,0.1898722600151171,効果音＞振り子時計/振り子時計　チャイム04-02(ノイズ除去　中).mp3
441,sound_441.mp3,振り子時計　チャイム05-5(遠い　短).mp3,otologic_sounds_smart/Pendulum Clock,otologic_sounds_smart/Pendulum Clock/効果音＞振り子時計/振り子時計　チャイム05-5(遠い　短).mp3,5.973560090702948,0.0995593348450491,効果音＞振り子時計/振り子時計　チャイム05-5(遠い　短).mp3
442,sound_442.mp3,振り子時計　チャイム04-03(ノイズ除去　長).mp3,otologic_sounds_smart/Pendulum Clock,otologic_sounds_smart/Pendulum Clock/効果音＞振り子時計/振り子時計　チャイム04-03(ノイズ除去　長).mp3,13.650385487528345,0.2275064247921391,効果音＞振り子時計/振り子時計　チャイム04-03(ノイズ除去　長).mp3
443,sound_443.mp3,振り子時計　チャイム05-6(遠い　中).mp3,otologic_sounds_smart/Pendulum Clock,otologic_sounds_smart/Pendulum Clock/効果音＞振り子時計/振り子時計　チャイム05-6(遠い　中).mp3,7.036485260770975,0.1172747543461829,効果音＞振り子時計/振り子時計　チャイム05-6(遠い　中).mp3
444,sound_444.mp3,振り子時計　チャイム04-04(短).mp3,otologic_sounds_smart/Pendulum Clock,otologic_sounds_smart/Pendulum Clock/効果音＞振り子時計/振り子時計　チャイム04-04(短).mp3,10.960113378684808,0.1826685563114134,効果音＞振り子時計/振り子時計　チャイム04-04(短).mp3
445,sound_445.mp3,振り子時計　ハードウェア02-09(遠い　チクタク).mp3,otologic_sounds_smart/Pendulum Clock,otologic_sounds_smart/Pendulum Clock/振り子時計　チャイム01/振り子時計　ハードウェア02-09(遠い　チクタク).mp3,14.0,0.2333333333333333,振り子時計　チャイム01/振り子時計　ハードウェア02-09(遠い　チクタク).mp3
446,sound_446.mp3,振り子時計　ハードウェア01-12(遠い　チクタク).mp3,otologic_sounds_smart/Pendulum Clock,otologic_sounds_smart/Pendulum Clock/振り子時計　ハードウェア01/振り子時計　ハードウェア01-12(遠い　チクタク).mp3,16.99984126984127,0.2833306878306878,振り子時計　ハードウェア01/振り子時計　ハードウェア01-12(遠い　チクタク).mp3
447,sound_447.mp3,振り子時計　ハードウェア01-13(遠い　巻き上げる).mp3,otologic_sounds_smart/Pendulum Clock,otologic_sounds_smart/Pendulum Clock/振り子時計　ハードウェア01/振り子時計　ハードウェア01-13(遠い　巻き上げる).mp3,6.638276643990929,0.1106379440665154,振り子時計　ハードウェア01/振り子時計　ハードウェア01-13(遠い　巻き上げる).mp3
448,sound_448.mp3,振り子時計　チャイム03-14(遠い　高　セット).mp3,otologic_sounds_smart/Pendulum Clock,otologic_sounds_smart/Pendulum Clock/振り子時計　チャイム04/振り子時計　チャイム03-14(遠い　高　セット).mp3,39.78224489795918,0.6630374149659863,振り子時計　チャイム04/振り子時計　チャイム03-14(遠い　高　セット).mp3
449,sound_449.mp3,振り子時計　チャイム03-09(遠い　低).mp3,otologic_sounds_smart/Pendulum Clock,otologic_sounds_smart/Pendulum Clock/振り子時計　チャイム04/振り子時計　チャイム03-09(遠い　低).mp3,18.358866213151927,0.3059811035525321,振り子時計　チャイム04/振り子時計　チャイム03-09(遠い　低).mp3
450,sound_450.mp3,振り子時計　チャイム02-02(ノイズ除去　中).mp3,otologic_sounds_smart/Pendulum Clock,otologic_sounds_smart/Pendulum Clock/振り子時計　チャイム04/振り子時計　チャイム02-02(ノイズ除去　中).mp3,10.34952380952381,0.1724920634920635,振り子時計　チャイム04/振り子時計　チャイム02-02(ノイズ除去　中).mp3
451,sound_451.mp3,振り子時計　チャイム03-11(遠い　高).mp3,otologic_sounds_smart/Pendulum Clock,otologic_sounds_smart/Pendulum Clock/振り子時計　チャイム04/振り子時計　チャイム03-11(遠い　高).mp3,13.517052154195012,0.2252842025699168,振り子時計　チャイム04/振り子時計　チャイム03-11(遠い　高).mp3
452,sound_452.mp3,振り子時計　チャイム03-13(遠い　低　セット).mp3,otologic_sounds_smart/Pendulum Clock,otologic_sounds_smart/Pendulum Clock/振り子時計　チャイム04/振り子時計　チャイム03-13(遠い　低　セット).mp3,51.637142857142855,0.8606190476190476,振り子時計　チャイム04/振り子時計　チャイム03-13(遠い　低　セット).mp3
453,sound_453.mp3,振り子時計　チャイム03-06(低　セット).mp3,otologic_sounds_smart/Pendulum Clock,otologic_sounds_smart/Pendulum Clock/振り子時計　チャイム04/振り子時計　チャイム03-06(低　セット).mp3,51.637142857142855,0.8606190476190476,振り子時計　チャイム04/振り子時計　チャイム03-06(低　セット).mp3
454,sound_454.mp3,振り子時計　チャイム03-08(遠い　低).mp3,otologic_sounds_smart/Pendulum Clock,otologic_sounds_smart/Pendulum Clock/振り子時計　チャイム04/振り子時計　チャイム03-08(遠い　低).mp3,13.13514739229025,0.2189191232048375,振り子時計　チャイム04/振り子時計　チャイム03-08(遠い　低).mp3
455,sound_455.mp3,振り子時計　チャイム03-12(遠い　駆動音).mp3,otologic_sounds_smart/Pendulum Clock,otologic_sounds_smart/Pendulum Clock/振り子時計　チャイム04/振り子時計　チャイム03-12(遠い　駆動音).mp3,12.353106575963718,0.2058851095993953,振り子時計　チャイム04/振り子時計　チャイム03-12(遠い　駆動音).mp3
456,sound_456.mp3,振り子時計　チャイム03-10(遠い　高).mp3,otologic_sounds_smart/Pendulum Clock,otologic_sounds_smart/Pendulum Clock/振り子時計　チャイム04/振り子時計　チャイム03-10(遠い　高).mp3,10.043356009070294,0.1673892668178382,振り子時計　チャイム04/振り子時計　チャイム03-10(遠い　高).mp3
457,sound_457.mp3,振り子時計　チャイム02-01(ノイズ除去　短).mp3,otologic_sounds_smart/Pendulum Clock,otologic_sounds_smart/Pendulum Clock/振り子時計　チャイム04/振り子時計　チャイム02-01(ノイズ除去　短).mp3,9.225056689342404,0.1537509448223734,振り子時計　チャイム04/振り子時計　チャイム02-01(ノイズ除去　短).mp3
458,sound_458.mp3,振り子時計　チャイム03-07(高　セット).mp3,otologic_sounds_smart/Pendulum Clock,otologic_sounds_smart/Pendulum Clock/振り子時計　チャイム04/振り子時計　チャイム03-07(高　セット).mp3,39.78224489795918,0.6630374149659863,振り子時計　チャイム04/振り子時計　チャイム03-07(高　セット).mp3
459,sound_459.mp3,振り子時計　チャイム02-07(All).mp3,otologic_sounds_smart/Pendulum Clock,otologic_sounds_smart/Pendulum Clock/振り子時計　チャイム03/振り子時計　チャイム02-07(All).mp3,263.3374829931973,4.388958049886622,振り子時計　チャイム03/振り子時計　チャイム02-07(All).mp3
460,sound_460.mp3,振り子時計　チャイム02-10(遠い　長).mp3,otologic_sounds_smart/Pendulum Clock,otologic_sounds_smart/Pendulum Clock/振り子時計　チャイム03/振り子時計　チャイム02-10(遠い　長).mp3,16.055895691609976,0.2675982615268329,振り子時計　チャイム03/振り子時計　チャイム02-10(遠い　長).mp3
461,sound_461.mp3,振り子時計　チャイム02-11(遠い　All).mp3,otologic_sounds_smart/Pendulum Clock,otologic_sounds_smart/Pendulum Clock/振り子時計　チャイム03/振り子時計　チャイム02-11(遠い　All).mp3,249.18081632653065,4.153013605442177,振り子時計　チャイム03/振り子時計　チャイム02-11(遠い　All).mp3
462,sound_462.mp3,振り子時計　チャイム02-08(遠い　短).mp3,otologic_sounds_smart/Pendulum Clock,otologic_sounds_smart/Pendulum Clock/振り子時計　チャイム03/振り子時計　チャイム02-08(遠い　短).mp3,11.337891156462584,0.1889648526077097,振り子時計　チャイム03/振り子時計　チャイム02-08(遠い　短).mp3
463,sound_463.mp3,振り子時計　チャイム02-03(ノイズ除去　長).mp3,otologic_sounds_smart/Pendulum Clock,otologic_sounds_smart/Pendulum Clock/振り子時計　チャイム03/振り子時計　チャイム02-03(ノイズ除去　長).mp3,11.896009070294784,0.1982668178382464,振り子時計　チャイム03/振り子時計　チャイム02-03(ノイズ除去　長).mp3
464,sound_464.mp3,振り子時計　チャイム01-2(中).mp3,otologic_sounds_smart/Pendulum Clock,otologic_sounds_smart/Pendulum Clock/振り子時計　チャイム03/振り子時計　チャイム01-2(中).mp3,8.668571428571429,0.1444761904761904,振り子時計　チャイム03/振り子時計　チャイム01-2(中).mp3
465,sound_465.mp3,振り子時計　チャイム01-1(短).mp3,otologic_sounds_smart/Pendulum Clock,otologic_sounds_smart/Pendulum Clock/振り子時計　チャイム03/振り子時計　チャイム01-1(短).mp3,7.0685714285714285,0.1178095238095238,振り子時計　チャイム03/振り子時計　チャイム01-1(短).mp3
466,sound_466.mp3,振り子時計　チャイム02-09(遠い　中).mp3,otologic_sounds_smart/Pendulum Clock,otologic_sounds_smart/Pendulum Clock/振り子時計　チャイム03/振り子時計　チャイム02-09(遠い　中).mp3,12.660181405895692,0.2110030234315948,振り子時計　チャイム03/振り子時計　チャイム02-09(遠い　中).mp3
467,sound_467.mp3,振り子時計　チャイム02-06(長).mp3,otologic_sounds_smart/Pendulum Clock,otologic_sounds_smart/Pendulum Clock/振り子時計　チャイム03/振り子時計　チャイム02-06(長).mp3,17.22721088435374,0.2871201814058957,振り子時計　チャイム03/振り子時計　チャイム02-06(長).mp3
468,sound_468.mp3,振り子時計　チャイム02-04(短).mp3,otologic_sounds_smart/Pendulum Clock,otologic_sounds_smart/Pendulum Clock/振り子時計　チャイム03/振り子時計　チャイム02-04(短).mp3,12.836417233560091,0.2139402872260015,振り子時計　チャイム03/振り子時計　チャイム02-04(短).mp3
469,sound_469.mp3,振り子時計　チャイム02-05(中).mp3,otologic_sounds_smart/Pendulum Clock,otologic_sounds_smart/Pendulum Clock/振り子時計　チャイム03/振り子時計　チャイム02-05(中).mp3,13.7418820861678,0.2290313681027966,振り子時計　チャイム03/振り子時計　チャイム02-05(中).mp3
470,sound_470.mp3,振り子時計　ハードウェア02-01(チクタク).mp3,otologic_sounds_smart/Pendulum Clock,otologic_sounds_smart/Pendulum Clock/振り子時計　チャイム02/振り子時計　ハードウェア02-01(チクタク).mp3,14.0,0.2333333333333333,振り子時計　チャイム02/振り子時計　ハードウェア02-01(チクタク).mp3
471,sound_471.mp3,振り子時計　チャイム01-4(All).mp3,otologic_sounds_smart/Pendulum Clock,otologic_sounds_smart/Pendulum Clock/振り子時計　チャイム02/振り子時計　チャイム01-4(All).mp3,173.7435827664399,2.895726379440666,振り子時計　チャイム02/振り子時計　チャイム01-4(All).mp3
472,sound_472.mp3,振り子時計　チャイム01-5(遠い　短).mp3,otologic_sounds_smart/Pendulum Clock,otologic_sounds_smart/Pendulum Clock/振り子時計　チャイム02/振り子時計　チャイム01-5(遠い　短).mp3,7.0685714285714285,0.1178095238095238,振り子時計　チャイム02/振り子時計　チャイム01-5(遠い　短).mp3
473,sound_473.mp3,振り子時計　チャイム01-6(遠い　中).mp3,otologic_sounds_smart/Pendulum Clock,otologic_sounds_smart/Pendulum Clock/振り子時計　チャイム02/振り子時計　チャイム01-6(遠い　中).mp3,8.668571428571429,0.1444761904761904,振り子時計　チャイム02/振り子時計　チャイム01-6(遠い　中).mp3
474,sound_474.mp3,振り子時計　チャイム01-8(遠い　All).mp3,otologic_sounds_smart/Pendulum Clock,otologic_sounds_smart/Pendulum Clock/振り子時計　チャイム02/振り子時計　チャイム01-8(遠い　All).mp3,173.7435827664399,2.895726379440666,振り子時計　チャイム02/振り子時計　チャイム01-8(遠い　All).mp3
475,sound_475.mp3,振り子時計　チャイム01-7(遠い　長).mp3,otologic_sounds_smart/Pendulum Clock,otologic_sounds_smart/Pendulum Clock/振り子時計　チャイム02/振り子時計　チャイム01-7(遠い　長).mp3,11.329909297052154,0.1888318216175359,振り子時計　チャイム02/振り子時計　チャイム01-7(遠い　長).mp3
476,sound_476.mp3,振り子時計　チャイム01-3(長).mp3,otologic_sounds_smart/Pendulum Clock,otologic_sounds_smart/Pendulum Clock/振り子時計　チャイム02/振り子時計　チャイム01-3(長).mp3,11.329909297052154,0.1888318216175359,振り子時計　チャイム02/振り子時計　チャイム01-3(長).mp3
477,sound_477.mp3,振り子時計　チャイム04-10(遠い　長).mp3,otologic_sounds_smart/Pendulum Clock,otologic_sounds_smart/Pendulum Clock/振り子時計　チャイム05/振り子時計　チャイム04-10(遠い　長).mp3,14.340204081632653,0.2390034013605442,振り子時計　チャイム05/振り子時計　チャイム04-10(遠い　長).mp3
478,sound_478.mp3,振り子時計　チャイム03-03(高).mp3,otologic_sounds_smart/Pendulum Clock,otologic_sounds_smart/Pendulum Clock/振り子時計　チャイム05/振り子時計　チャイム03-03(高).mp3,10.043356009070294,0.1673892668178382,振り子時計　チャイム05/振り子時計　チャイム03-03(高).mp3
479,sound_479.mp3,振り子時計　チャイム03-01(低).mp3,otologic_sounds_smart/Pendulum Clock,otologic_sounds_smart/Pendulum Clock/振り子時計　チャイム05/振り子時計　チャイム03-01(低).mp3,13.13514739229025,0.2189191232048375,振り子時計　チャイム05/振り子時計　チャイム03-01(低).mp3
480,sound_480.mp3,振り子時計　チャイム04-11(遠い　All).mp3,otologic_sounds_smart/Pendulum Clock,otologic_sounds_smart/Pendulum Clock/振り子時計　チャイム05/振り子時計　チャイム04-11(遠い　All).mp3,209.16142857142856,3.486023809523809,振り子時計　チャイム05/振り子時計　チャイム04-11(遠い　All).mp3
481,sound_481.mp3,振り子時計　チャイム04-08(遠い　短).mp3,otologic_sounds_smart/Pendulum Clock,otologic_sounds_smart/Pendulum Clock/振り子時計　チャイム05/振り子時計　チャイム04-08(遠い　短).mp3,10.736893424036282,0.178948223733938,振り子時計　チャイム05/振り子時計　チャイム04-08(遠い　短).mp3
482,sound_482.mp3,振り子時計　チャイム04-07(All).mp3,otologic_sounds_smart/Pendulum Clock,otologic_sounds_smart/Pendulum Clock/振り子時計　チャイム05/振り子時計　チャイム04-07(All).mp3,209.16142857142856,3.486023809523809,振り子時計　チャイム05/振り子時計　チャイム04-07(All).mp3
483,sound_483.mp3,振り子時計　チャイム03-05(駆動音).mp3,otologic_sounds_smart/Pendulum Clock,otologic_sounds_smart/Pendulum Clock/振り子時計　チャイム05/振り子時計　チャイム03-05(駆動音).mp3,12.353106575963718,0.2058851095993953,振り子時計　チャイム05/振り子時計　チャイム03-05(駆動音).mp3
484,sound_484.mp3,振り子時計　チャイム04-09(遠い　中).mp3,otologic_sounds_smart/Pendulum Clock,otologic_sounds_smart/Pendulum Clock/振り子時計　チャイム05/振り子時計　チャイム04-09(遠い　中).mp3,12.090793650793652,0.2015132275132275,振り子時計　チャイム05/振り子時計　チャイム04-09(遠い　中).mp3
485,sound_485.mp3,振り子時計　チャイム04-05(中).mp3,otologic_sounds_smart/Pendulum Clock,otologic_sounds_smart/Pendulum Clock/振り子時計　チャイム05/振り子時計　チャイム04-05(中).mp3,12.304852607709751,0.2050808767951625,振り子時計　チャイム05/振り子時計　チャイム04-05(中).mp3
486,sound_486.mp3,振り子時計　チャイム04-06(長).mp3,otologic_sounds_smart/Pendulum Clock,otologic_sounds_smart/Pendulum Clock/振り子時計　チャイム05/振り子時計　チャイム04-06(長).mp3,14.520861678004534,0.2420143613000755,振り子時計　チャイム05/振り子時計　チャイム04-06(長).mp3
487,sound_487.mp3,振り子時計　チャイム03-04(高).mp3,otologic_sounds_smart/Pendulum Clock,otologic_sounds_smart/Pendulum Clock/振り子時計　チャイム05/振り子時計　チャイム03-04(高).mp3,13.517052154195012,0.2252842025699168,振り子時計　チャイム05/振り子時計　チャイム03-04(高).mp3
488,sound_488.mp3,振り子時計　チャイム03-02(低).mp3,otologic_sounds_smart/Pendulum Clock,otologic_sounds_smart/Pendulum Clock/振り子時計　チャイム05/振り子時計　チャイム03-02(低).mp3,18.358866213151927,0.3059811035525321,振り子時計　チャイム05/振り子時計　チャイム03-02(低).mp3
489,sound_489.mp3,振り子時計　ハードウェア01-02(巻き上げる).mp3,otologic_sounds_smart/Pendulum Clock,otologic_sounds_smart/Pendulum Clock/振り子時計　ハードウェア02/振り子時計　ハードウェア01-02(巻き上げる).mp3,6.638276643990929,0.1106379440665154,振り子時計　ハードウェア02/振り子時計　ハードウェア01-02(巻き上げる).mp3
490,sound_490.mp3,振り子時計　ハードウェア01-01(チクタク).mp3,otologic_sounds_smart/Pendulum Clock,otologic_sounds_smart/Pendulum Clock/振り子時計　ハードウェア02/振り子時計　ハードウェア01-01(チクタク).mp3,16.99984126984127,0.2833306878306878,振り子時計　ハードウェア02/振り子時計　ハードウェア01-01(チクタク).mp3
491,sound_491.mp3,ニュース　テロップ02-1.mp3,otologic_sounds_smart/News Accent,otologic_sounds_smart/News Accent/ニュース　テロップ03/ニュース　テロップ02-1.mp3,6.3841269841269845,0.1064021164021164,ニュース　テロップ03/ニュース　テロップ02-1.mp3
492,sound_492.mp3,ニュース　テロップ01-1.mp3,otologic_sounds_smart/News Accent,otologic_sounds_smart/News Accent/ニュース　テロップ01/ニュース　テロップ01-1.mp3,5.4,0.09,ニュース　テロップ01/ニュース　テロップ01-1.mp3
493,sound_493.mp3,横断歩道　誘導音02-1.mp3,otologic_sounds_smart/Facility Road,otologic_sounds_smart/Facility Road/横断歩道　誘導音03/横断歩道　誘導音02-1.mp3,30.389342403628117,0.5064890400604686,横断歩道　誘導音03/横断歩道　誘導音02-1.mp3
494,sound_494.mp3,横断歩道　誘導音02-2.mp3,otologic_sounds_smart/Facility Road,otologic_sounds_smart/Facility Road/横断歩道　誘導音03/横断歩道　誘導音02-2.mp3,17.45768707482993,0.2909614512471655,横断歩道　誘導音03/横断歩道　誘導音02-2.mp3
495,sound_495.mp3,横断歩道　誘導音02-3.mp3,otologic_sounds_smart/Facility Road,otologic_sounds_smart/Facility Road/横断歩道　誘導音02/横断歩道　誘導音02-3.mp3,31.533174603174604,0.52555291005291,横断歩道　誘導音02/横断歩道　誘導音02-3.mp3
496,sound_496.mp3,横断歩道　誘導音02-4.mp3,otologic_sounds_smart/Facility Road,otologic_sounds_smart/Facility Road/横断歩道　誘導音02/横断歩道　誘導音02-4.mp3,18.5821768707483,0.309702947845805,横断歩道　誘導音02/横断歩道　誘導音02-4.mp3
497,sound_497.mp3,横断歩道　誘導音01-1(ループ).mp3,otologic_sounds_smart/Facility Road,otologic_sounds_smart/Facility Road/横断歩道　誘導音02/横断歩道　誘導音01-1(ループ).mp3,12.113560090702949,0.2018926681783824,横断歩道　誘導音02/横断歩道　誘導音01-1(ループ).mp3
498,sound_498.mp3,横断歩道　誘導音03-1(ループ).mp3,otologic_sounds_smart/Facility Road,otologic_sounds_smart/Facility Road/効果音＞設備・横断歩道/横断歩道　誘導音03-1(ループ).mp3,6.0,0.1,効果音＞設備・横断歩道/横断歩道　誘導音03-1(ループ).mp3
499,sound_499.mp3,横断歩道　誘導音03-3(ループ).mp3,otologic_sounds_smart/Facility Road,otologic_sounds_smart/Facility Road/効果音＞設備・横断歩道/横断歩道　誘導音03-3(ループ).mp3,6.0,0.1,効果音＞設備・横断歩道/横断歩道　誘導音03-3(ループ).mp3
500,sound_500.mp3,横断歩道　誘導音03-2(ループ).mp3,otologic_sounds_smart/Facility Road,otologic_sounds_smart/Facility Road/効果音＞設備・横断歩道/横断歩道　誘導音03-2(ループ).mp3,6.3750113378684805,0.1062501889644746,効果音＞設備・横断歩道/横断歩道　誘導音03-2(ループ).mp3
501,sound_501.mp3,横断歩道　誘導音03-4(ループ).mp3,otologic_sounds_smart/Facility Road,otologic_sounds_smart/Facility Road/効果音＞設備・横断歩道/横断歩道　誘導音03-4(ループ).mp3,6.000725623582767,0.1000120937263794,効果音＞設備・横断歩道/横断歩道　誘導音03-4(ループ).mp3
502,sound_502.mp3,横断歩道　誘導音01-2(ループ).mp3,otologic_sounds_smart/Facility Road,otologic_sounds_smart/Facility Road/横断歩道　誘導音01/横断歩道　誘導音01-2(ループ).mp3,12.113560090702949,0.2018926681783824,横断歩道　誘導音01/横断歩道　誘導音01-2(ループ).mp3
503,sound_503.mp3,横断歩道　誘導音01-4(ループ).mp3,otologic_sounds_smart/Facility Road,otologic_sounds_smart/Facility Road/横断歩道　誘導音01/横断歩道　誘導音01-4(ループ).mp3,8.005283446712019,0.1334213907785336,横断歩道　誘導音01/横断歩道　誘導音01-4(ループ).mp3
504,sound_504.mp3,横断歩道　誘導音01-3(ループ).mp3,otologic_sounds_smart/Facility Road,otologic_sounds_smart/Facility Road/横断歩道　誘導音01/横断歩道　誘導音01-3(ループ).mp3,8.0,0.1333333333333333,横断歩道　誘導音01/横断歩道　誘導音01-3(ループ).mp3
505,sound_505.mp3,鉛筆削り02-1(削る).mp3,otologic_sounds_smart/Writing_Material,otologic_sounds_smart/Writing_Material/鉛筆削り01/鉛筆削り02-1(削る).mp3,6.5265759637188205,0.1087762660619803,鉛筆削り01/鉛筆削り02-1(削る).mp3
506,sound_506.mp3,鉛筆削り02-2(削る).mp3,otologic_sounds_smart/Writing_Material,otologic_sounds_smart/Writing_Material/鉛筆削り01/鉛筆削り02-2(削る).mp3,8.961383219954648,0.1493563869992441,鉛筆削り01/鉛筆削り02-2(削る).mp3
507,sound_507.mp3,鉛筆削り01-1(削る).mp3,otologic_sounds_smart/Writing_Material,otologic_sounds_smart/Writing_Material/鉛筆削り01/鉛筆削り01-1(削る).mp3,8.021791383219954,0.1336965230536659,鉛筆削り01/鉛筆削り01-1(削る).mp3
508,sound_508.mp3,フェルトペン02-2(書く).mp3,otologic_sounds_smart/Writing_Material,otologic_sounds_smart/Writing_Material/フェルトペン02/フェルトペン02-2(書く).mp3,14.20748299319728,0.2367913832199546,フェルトペン02/フェルトペン02-2(書く).mp3
509,sound_509.mp3,フェルトペン02-1(書く).mp3,otologic_sounds_smart/Writing_Material,otologic_sounds_smart/Writing_Material/フェルトペン02/フェルトペン02-1(書く).mp3,21.80199546485261,0.3633665910808767,フェルトペン02/フェルトペン02-1(書く).mp3
510,sound_510.mp3,シャープペン01-01(書く).mp3,otologic_sounds_smart/Writing_Material,otologic_sounds_smart/Writing_Material/鉛筆01/シャープペン01-01(書く).mp3,16.011904761904763,0.2668650793650793,鉛筆01/シャープペン01-01(書く).mp3
511,sound_511.mp3,シャープペン01-02(書く).mp3,otologic_sounds_smart/Writing_Material,otologic_sounds_smart/Writing_Material/鉛筆01/シャープペン01-02(書く).mp3,16.02467120181406,0.2670778533635676,鉛筆01/シャープペン01-02(書く).mp3
512,sound_512.mp3,シャープペン01-03(書く).mp3,otologic_sounds_smart/Writing_Material,otologic_sounds_smart/Writing_Material/鉛筆01/シャープペン01-03(書く).mp3,15.869637188208618,0.2644939531368103,鉛筆01/シャープペン01-03(書く).mp3
513,sound_513.mp3,ペン立て01-4(ガサゴソ).mp3,otologic_sounds_smart/Writing_Material,otologic_sounds_smart/Writing_Material/ペン立て01/ペン立て01-4(ガサゴソ).mp3,5.127913832199546,0.0854652305366591,ペン立て01/ペン立て01-4(ガサゴソ).mp3
514,sound_514.mp3,フェルトペン03-01(書く).mp3,otologic_sounds_smart/Writing_Material,otologic_sounds_smart/Writing_Material/効果音＞筆記用具/フェルトペン03-01(書く).mp3,11.154920634920636,0.1859153439153439,効果音＞筆記用具/フェルトペン03-01(書く).mp3
515,sound_515.mp3,鉛筆01-03(書く).mp3,otologic_sounds_smart/Writing_Material,otologic_sounds_smart/Writing_Material/効果音＞筆記用具/鉛筆01-03(書く).mp3,17.028049886621314,0.2838008314436885,効果音＞筆記用具/鉛筆01-03(書く).mp3
516,sound_516.mp3,鉛筆01-02(書く).mp3,otologic_sounds_smart/Writing_Material,otologic_sounds_smart/Writing_Material/効果音＞筆記用具/鉛筆01-02(書く).mp3,21.331065759637188,0.3555177626606198,効果音＞筆記用具/鉛筆01-02(書く).mp3
517,sound_517.mp3,フェルトペン03-02(書く).mp3,otologic_sounds_smart/Writing_Material,otologic_sounds_smart/Writing_Material/効果音＞筆記用具/フェルトペン03-02(書く).mp3,9.394172335600906,0.1565695389266817,効果音＞筆記用具/フェルトペン03-02(書く).mp3
518,sound_518.mp3,鉛筆01-01(書く).mp3,otologic_sounds_smart/Writing_Material,otologic_sounds_smart/Writing_Material/効果音＞筆記用具/鉛筆01-01(書く).mp3,18.781020408163265,0.3130170068027211,効果音＞筆記用具/鉛筆01-01(書く).mp3
519,sound_519.mp3,ボールペン01-01(書く).mp3,otologic_sounds_smart/Writing_Material,otologic_sounds_smart/Writing_Material/シャープペン01/ボールペン01-01(書く).mp3,14.94562358276644,0.2490937263794407,シャープペン01/ボールペン01-01(書く).mp3
520,sound_520.mp3,ボールペン01-03(書く).mp3,otologic_sounds_smart/Writing_Material,otologic_sounds_smart/Writing_Material/シャープペン01/ボールペン01-03(書く).mp3,13.073310657596371,0.2178885109599395,シャープペン01/ボールペン01-03(書く).mp3
521,sound_521.mp3,ボールペン01-02(書く).mp3,otologic_sounds_smart/Writing_Material,otologic_sounds_smart/Writing_Material/シャープペン01/ボールペン01-02(書く).mp3,12.729138321995466,0.2121523053665911,シャープペン01/ボールペン01-02(書く).mp3
522,sound_522.mp3,筆箱01-6(ガサガサ).mp3,otologic_sounds_smart/Writing_Material,otologic_sounds_smart/Writing_Material/鉛筆削り03/筆箱01-6(ガサガサ).mp3,6.5,0.1083333333333333,鉛筆削り03/筆箱01-6(ガサガサ).mp3
523,sound_523.mp3,ドアベル　ピンポン02-3.mp3,otologic_sounds_smart/Doorbell,otologic_sounds_smart/Doorbell/ドアベル　メロディー01/ドアベル　ピンポン02-3.mp3,5.66015873015873,0.0943359788359788,ドアベル　メロディー01/ドアベル　ピンポン02-3.mp3
524,sound_524.mp3,ドアベル　ピンポン02-6.mp3,otologic_sounds_smart/Doorbell,otologic_sounds_smart/Doorbell/ドアベル　ピンポン02/ドアベル　ピンポン02-6.mp3,5.66015873015873,0.0943359788359788,ドアベル　ピンポン02/ドアベル　ピンポン02-6.mp3
525,sound_525.mp3,ドアベル　メロディー01-1.mp3,otologic_sounds_smart/Doorbell,otologic_sounds_smart/Doorbell/効果音＞ドアベル/ドアベル　メロディー01-1.mp3,5.543786848072562,0.092396447467876,効果音＞ドアベル/ドアベル　メロディー01-1.mp3
526,sound_526.mp3,ドアベル　メロディー01-2.mp3,otologic_sounds_smart/Doorbell,otologic_sounds_smart/Doorbell/効果音＞ドアベル/ドアベル　メロディー01-2.mp3,5.543786848072562,0.092396447467876,効果音＞ドアベル/ドアベル　メロディー01-2.mp3
527,sound_527.mp3,鳩時計02-05(ベル　リバーブ　中).mp3,otologic_sounds_smart/Cuckoo Clock,otologic_sounds_smart/Cuckoo Clock/効果音＞鳩時計/鳩時計02-05(ベル　リバーブ　中).mp3,5.12671201814059,0.0854452003023431,効果音＞鳩時計/鳩時計02-05(ベル　リバーブ　中).mp3
528,sound_528.mp3,鳩時計02-03(ベル　長).mp3,otologic_sounds_smart/Cuckoo Clock,otologic_sounds_smart/Cuckoo Clock/効果音＞鳩時計/鳩時計02-03(ベル　長).mp3,6.176893424036281,0.102948223733938,効果音＞鳩時計/鳩時計02-03(ベル　長).mp3
529,sound_529.mp3,鳩時計02-06(ベル　リバーブ　長).mp3,otologic_sounds_smart/Cuckoo Clock,otologic_sounds_smart/Cuckoo Clock/効果音＞鳩時計/鳩時計02-06(ベル　リバーブ　長).mp3,6.526984126984127,0.1087830687830687,効果音＞鳩時計/鳩時計02-06(ベル　リバーブ　長).mp3
530,sound_530.mp3,鳩時計01-10(遠い　短).mp3,otologic_sounds_smart/Cuckoo Clock,otologic_sounds_smart/Cuckoo Clock/鳩時計01/鳩時計01-10(遠い　短).mp3,6.885646258503401,0.1147607709750566,鳩時計01/鳩時計01-10(遠い　短).mp3
531,sound_531.mp3,鳩時計01-07(短).mp3,otologic_sounds_smart/Cuckoo Clock,otologic_sounds_smart/Cuckoo Clock/鳩時計01/鳩時計01-07(短).mp3,6.806077097505669,0.1134346182917611,鳩時計01/鳩時計01-07(短).mp3
532,sound_532.mp3,鳩時計01-08(中).mp3,otologic_sounds_smart/Cuckoo Clock,otologic_sounds_smart/Cuckoo Clock/鳩時計01/鳩時計01-08(中).mp3,10.50920634920635,0.1751534391534391,鳩時計01/鳩時計01-08(中).mp3
533,sound_533.mp3,鳩時計01-09(長).mp3,otologic_sounds_smart/Cuckoo Clock,otologic_sounds_smart/Cuckoo Clock/鳩時計01/鳩時計01-09(長).mp3,17.953537414965986,0.2992256235827664,鳩時計01/鳩時計01-09(長).mp3
534,sound_534.mp3,鳩時計01-06(ノイズ除去　リバーブ　長).mp3,otologic_sounds_smart/Cuckoo Clock,otologic_sounds_smart/Cuckoo Clock/鳩時計01/鳩時計01-06(ノイズ除去　リバーブ　長).mp3,8.987619047619047,0.1497936507936507,鳩時計01/鳩時計01-06(ノイズ除去　リバーブ　長).mp3
535,sound_535.mp3,鳩時計01-12(遠い　長).mp3,otologic_sounds_smart/Cuckoo Clock,otologic_sounds_smart/Cuckoo Clock/鳩時計01/鳩時計01-12(遠い　長).mp3,18.079047619047618,0.3013174603174603,鳩時計01/鳩時計01-12(遠い　長).mp3
536,sound_536.mp3,鳩時計01-05(ノイズ除去　リバーブ　中).mp3,otologic_sounds_smart/Cuckoo Clock,otologic_sounds_smart/Cuckoo Clock/鳩時計01/鳩時計01-05(ノイズ除去　リバーブ　中).mp3,5.96718820861678,0.0994531368102796,鳩時計01/鳩時計01-05(ノイズ除去　リバーブ　中).mp3
537,sound_537.mp3,鳩時計01-11(遠い　中).mp3,otologic_sounds_smart/Cuckoo Clock,otologic_sounds_smart/Cuckoo Clock/鳩時計01/鳩時計01-11(遠い　中).mp3,10.724807256235827,0.1787467876039304,鳩時計01/鳩時計01-11(遠い　中).mp3
538,sound_538.mp3,鳩時計01-03(ノイズ除去　長).mp3,otologic_sounds_smart/Cuckoo Clock,otologic_sounds_smart/Cuckoo Clock/鳩時計02/鳩時計01-03(ノイズ除去　長).mp3,6.1926077097505665,0.1032101284958427,鳩時計02/鳩時計01-03(ノイズ除去　長).mp3
539,sound_539.mp3,鳩時計02-12(リバーブ　長).mp3,otologic_sounds_smart/Cuckoo Clock,otologic_sounds_smart/Cuckoo Clock/鳩時計02/鳩時計02-12(リバーブ　長).mp3,5.710498866213152,0.0951749811035525,鳩時計02/鳩時計02-12(リバーブ　長).mp3
540,sound_540.mp3,カメラ　インスタント01-10(フラッシュ　チャージ).mp3,otologic_sounds_smart/Camera,otologic_sounds_smart/Camera/カメラ　インスタント01/カメラ　インスタント01-10(フラッシュ　チャージ).mp3,5.278934240362812,0.0879822373393802,カメラ　インスタント01/カメラ　インスタント01-10(フラッシュ　チャージ).mp3
541,sound_541.mp3,カメラ　コンデジ01-03(シャッター).mp3,otologic_sounds_smart/Camera,otologic_sounds_smart/Camera/効果音＞カメラ/カメラ　コンデジ01-03(シャッター).mp3,5.04530612244898,0.0840884353741496,効果音＞カメラ/カメラ　コンデジ01-03(シャッター).mp3
542,sound_542.mp3,カメラ　使い捨て01-6(フラッシュ　チャージ).mp3,otologic_sounds_smart/Camera,otologic_sounds_smart/Camera/カメラ　使い捨て01/カメラ　使い捨て01-6(フラッシュ　チャージ).mp3,7.760408163265306,0.1293401360544217,カメラ　使い捨て01/カメラ　使い捨て01-6(フラッシュ　チャージ).mp3
543,sound_543.mp3,フレーズ04-2.mp3,otologic_sounds_smart/Phrase,otologic_sounds_smart/Phrase/フレーズ04/フレーズ04-2.mp3,7.083922902494331,0.1180653817082388,フレーズ04/フレーズ04-2.mp3
544,sound_544.mp3,フレーズ04-1.mp3,otologic_sounds_smart/Phrase,otologic_sounds_smart/Phrase/フレーズ05/フレーズ04-1.mp3,7.083922902494331,0.1180653817082388,フレーズ05/フレーズ04-1.mp3
545,sound_545.mp3,抽選箱02-02(ガサガサ).mp3,otologic_sounds_smart/Lottery Drawing Bingo,otologic_sounds_smart/Lottery Drawing Bingo/抽選箱02/抽選箱02-02(ガサガサ).mp3,12.025056689342405,0.20041761148904,抽選箱02/抽選箱02-02(ガサガサ).mp3
546,sound_546.mp3,当選ベル02-01(強).mp3,otologic_sounds_smart/Lottery Drawing Bingo,otologic_sounds_smart/Lottery Drawing Bingo/抽選器　ガラポン01/当選ベル02-01(強).mp3,7.681383219954649,0.1280230536659108,抽選器　ガラポン01/当選ベル02-01(強).mp3
547,sound_547.mp3,抽選器　ガラポン01-22(玉　入れる).mp3,otologic_sounds_smart/Lottery Drawing Bingo,otologic_sounds_smart/Lottery Drawing Bingo/抽選器　ガラポン01/抽選器　ガラポン01-22(玉　入れる).mp3,7.120226757369615,0.1186704459561602,抽選器　ガラポン01/抽選器　ガラポン01-22(玉　入れる).mp3
548,sound_548.mp3,抽選器　ガラポン01-15(少ない　回す　長).mp3,otologic_sounds_smart/Lottery Drawing Bingo,otologic_sounds_smart/Lottery Drawing Bingo/抽選器　ガラポン01/抽選器　ガラポン01-15(少ない　回す　長).mp3,6.35780045351474,0.1059633408919123,抽選器　ガラポン01/抽選器　ガラポン01-15(少ない　回す　長).mp3
549,sound_549.mp3,当選ベル02-02(強).mp3,otologic_sounds_smart/Lottery Drawing Bingo,otologic_sounds_smart/Lottery Drawing Bingo/抽選器　ガラポン01/当選ベル02-02(強).mp3,6.695328798185941,0.111588813303099,抽選器　ガラポン01/当選ベル02-02(強).mp3
550,sound_550.mp3,ビンゴマシーン01-11(ボール　入れる).mp3,otologic_sounds_smart/Lottery Drawing Bingo,otologic_sounds_smart/Lottery Drawing Bingo/ビンゴマシーン　デジタル02/ビンゴマシーン01-11(ボール　入れる).mp3,5.115895691609977,0.0852649281934996,ビンゴマシーン　デジタル02/ビンゴマシーン01-11(ボール　入れる).mp3
551,sound_551.mp3,ビンゴマシーン01-10(回す　長).mp3,otologic_sounds_smart/Lottery Drawing Bingo,otologic_sounds_smart/Lottery Drawing Bingo/ビンゴマシーン　デジタル02/ビンゴマシーン01-10(回す　長).mp3,6.707482993197279,0.1117913832199546,ビンゴマシーン　デジタル02/ビンゴマシーン01-10(回す　長).mp3
552,sound_552.mp3,ビンゴマシーン　デジタル02-1(プリセット　スピーカー).mp3,otologic_sounds_smart/Lottery Drawing Bingo,otologic_sounds_smart/Lottery Drawing Bingo/ビンゴマシーン　デジタル02/ビンゴマシーン　デジタル02-1(プリセット　スピーカー).mp3,14.393015873015871,0.2398835978835979,ビンゴマシーン　デジタル02/ビンゴマシーン　デジタル02-1(プリセット　スピーカー).mp3
553,sound_553.mp3,当選ベル02-10(遠い　強).mp3,otologic_sounds_smart/Lottery Drawing Bingo,otologic_sounds_smart/Lottery Drawing Bingo/当選ベル02/当選ベル02-10(遠い　強).mp3,7.503174603174603,0.12505291005291,当選ベル02/当選ベル02-10(遠い　強).mp3
554,sound_554.mp3,当選ベル02-11(遠い　弱).mp3,otologic_sounds_smart/Lottery Drawing Bingo,otologic_sounds_smart/Lottery Drawing Bingo/当選ベル02/当選ベル02-11(遠い　弱).mp3,7.37453514739229,0.1229089191232048,当選ベル02/当選ベル02-11(遠い　弱).mp3
555,sound_555.mp3,当選ベル02-09(遠い　強).mp3,otologic_sounds_smart/Lottery Drawing Bingo,otologic_sounds_smart/Lottery Drawing Bingo/当選ベル02/当選ベル02-09(遠い　強).mp3,6.695328798185941,0.111588813303099,当選ベル02/当選ベル02-09(遠い　強).mp3
556,sound_556.mp3,当選ベル02-07(弱).mp3,otologic_sounds_smart/Lottery Drawing Bingo,otologic_sounds_smart/Lottery Drawing Bingo/当選ベル02/当選ベル02-07(弱).mp3,6.371337868480726,0.1061889644746787,当選ベル02/当選ベル02-07(弱).mp3
557,sound_557.mp3,当選ベル02-03(強).mp3,otologic_sounds_smart/Lottery Drawing Bingo,otologic_sounds_smart/Lottery Drawing Bingo/当選ベル02/当選ベル02-03(強).mp3,7.503174603174603,0.12505291005291,当選ベル02/当選ベル02-03(強).mp3
558,sound_558.mp3,当選ベル02-05(弱).mp3,otologic_sounds_smart/Lottery Drawing Bingo,otologic_sounds_smart/Lottery Drawing Bingo/当選ベル02/当選ベル02-05(弱).mp3,6.183786848072562,0.1030631141345427,当選ベル02/当選ベル02-05(弱).mp3
559,sound_559.mp3,当選ベル02-08(遠い　強).mp3,otologic_sounds_smart/Lottery Drawing Bingo,otologic_sounds_smart/Lottery Drawing Bingo/当選ベル02/当選ベル02-08(遠い　強).mp3,7.681383219954649,0.1280230536659108,当選ベル02/当選ベル02-08(遠い　強).mp3
560,sound_560.mp3,当選ベル01-02(強).mp3,otologic_sounds_smart/Lottery Drawing Bingo,otologic_sounds_smart/Lottery Drawing Bingo/当選ベル02/当選ベル01-02(強).mp3,6.472539682539683,0.1078756613756613,当選ベル02/当選ベル01-02(強).mp3
561,sound_561.mp3,当選ベル02-06(弱).mp3,otologic_sounds_smart/Lottery Drawing Bingo,otologic_sounds_smart/Lottery Drawing Bingo/当選ベル02/当選ベル02-06(弱).mp3,8.306031746031746,0.1384338624338624,当選ベル02/当選ベル02-06(弱).mp3
562,sound_562.mp3,当選ベル02-13(遠い　弱).mp3,otologic_sounds_smart/Lottery Drawing Bingo,otologic_sounds_smart/Lottery Drawing Bingo/当選ベル02/当選ベル02-13(遠い　弱).mp3,7.893151927437642,0.1315525321239607,当選ベル02/当選ベル02-13(遠い　弱).mp3
563,sound_563.mp3,当選ベル02-04(弱).mp3,otologic_sounds_smart/Lottery Drawing Bingo,otologic_sounds_smart/Lottery Drawing Bingo/当選ベル02/当選ベル02-04(弱).mp3,7.648412698412699,0.127473544973545,当選ベル02/当選ベル02-04(弱).mp3
564,sound_564.mp3,当選ベル02-12(遠い　弱).mp3,otologic_sounds_smart/Lottery Drawing Bingo,otologic_sounds_smart/Lottery Drawing Bingo/当選ベル02/当選ベル02-12(遠い　弱).mp3,5.889319727891157,0.0981553287981859,当選ベル02/当選ベル02-12(遠い　弱).mp3
565,sound_565.mp3,当選ベル01-01(強).mp3,otologic_sounds_smart/Lottery Drawing Bingo,otologic_sounds_smart/Lottery Drawing Bingo/当選ベル02/当選ベル01-01(強).mp3,7.877687074829932,0.1312947845804988,当選ベル02/当選ベル01-01(強).mp3
566,sound_566.mp3,当選ベル02-14(遠い　弱).mp3,otologic_sounds_smart/Lottery Drawing Bingo,otologic_sounds_smart/Lottery Drawing Bingo/当選ベル02/当選ベル02-14(遠い　弱).mp3,6.255487528344672,0.1042581254724111,当選ベル02/当選ベル02-14(遠い　弱).mp3
567,sound_567.mp3,抽選器　ガラポン01-10(回す　長).mp3,otologic_sounds_smart/Lottery Drawing Bingo,otologic_sounds_smart/Lottery Drawing Bingo/効果音＞くじ・抽選・ビンゴ/抽選器　ガラポン01-10(回す　長).mp3,5.425192743764172,0.0904198790627362,効果音＞くじ・抽選・ビンゴ/抽選器　ガラポン01-10(回す　長).mp3
568,sound_568.mp3,抽選器　ガラポン01-09(回す　長).mp3,otologic_sounds_smart/Lottery Drawing Bingo,otologic_sounds_smart/Lottery Drawing Bingo/効果音＞くじ・抽選・ビンゴ/抽選器　ガラポン01-09(回す　長).mp3,7.3730612244897955,0.1228843537414965,効果音＞くじ・抽選・ビンゴ/抽選器　ガラポン01-09(回す　長).mp3
569,sound_569.mp3,抽選箱01-02(ガサガサ).mp3,otologic_sounds_smart/Lottery Drawing Bingo,otologic_sounds_smart/Lottery Drawing Bingo/抽選箱01/抽選箱01-02(ガサガサ).mp3,6.010113378684808,0.1001685563114134,抽選箱01/抽選箱01-02(ガサガサ).mp3
570,sound_570.mp3,ビンゴマシーン　デジタル01-1(プリセット　スピーカー).mp3,otologic_sounds_smart/Lottery Drawing Bingo,otologic_sounds_smart/Lottery Drawing Bingo/ビンゴマシーン　デジタル01/ビンゴマシーン　デジタル01-1(プリセット　スピーカー).mp3,8.022131519274376,0.1337021919879062,ビンゴマシーン　デジタル01/ビンゴマシーン　デジタル01-1(プリセット　スピーカー).mp3
571,sound_571.mp3,ビンゴマシーン　デジタル01-5(シャッフル　ドライ).mp3,otologic_sounds_smart/Lottery Drawing Bingo,otologic_sounds_smart/Lottery Drawing Bingo/ビンゴマシーン　デジタル01/ビンゴマシーン　デジタル01-5(シャッフル　ドライ).mp3,9.415873015873016,0.1569312169312169,ビンゴマシーン　デジタル01/ビンゴマシーン　デジタル01-5(シャッフル　ドライ).mp3
572,sound_572.mp3,ビンゴマシーン　デジタル01-2(シャッフル　スピーカー).mp3,otologic_sounds_smart/Lottery Drawing Bingo,otologic_sounds_smart/Lottery Drawing Bingo/ビンゴマシーン　デジタル01/ビンゴマシーン　デジタル01-2(シャッフル　スピーカー).mp3,9.320136054421768,0.1553356009070294,ビンゴマシーン　デジタル01/ビンゴマシーン　デジタル01-2(シャッフル　スピーカー).mp3
573,sound_573.mp3,ビンゴマシーン　デジタル02-3(シャッフル　スピーカー).mp3,otologic_sounds_smart/Lottery Drawing Bingo,otologic_sounds_smart/Lottery Drawing Bingo/ビンゴマシーン　デジタル01/ビンゴマシーン　デジタル02-3(シャッフル　スピーカー).mp3,13.854807256235828,0.2309134542705971,ビンゴマシーン　デジタル01/ビンゴマシーン　デジタル02-3(シャッフル　スピーカー).mp3
574,sound_574.mp3,ビンゴマシーン　デジタル02-7(シャッフル　ドライ).mp3,otologic_sounds_smart/Lottery Drawing Bingo,otologic_sounds_smart/Lottery Drawing Bingo/ビンゴマシーン　デジタル01/ビンゴマシーン　デジタル02-7(シャッフル　ドライ).mp3,13.923832199546483,0.2320638699924414,ビンゴマシーン　デジタル01/ビンゴマシーン　デジタル02-7(シャッフル　ドライ).mp3
575,sound_575.mp3,当選ベル01-04(強).mp3,otologic_sounds_smart/Lottery Drawing Bingo,otologic_sounds_smart/Lottery Drawing Bingo/当選ベル01/当選ベル01-04(強).mp3,9.455804988662132,0.1575967498110355,当選ベル01/当選ベル01-04(強).mp3
576,sound_576.mp3,当選ベル01-14(遠い　弱).mp3,otologic_sounds_smart/Lottery Drawing Bingo,otologic_sounds_smart/Lottery Drawing Bingo/当選ベル01/当選ベル01-14(遠い　弱).mp3,6.909342403628118,0.1151557067271353,当選ベル01/当選ベル01-14(遠い　弱).mp3
577,sound_577.mp3,当選ベル01-12(遠い　強).mp3,otologic_sounds_smart/Lottery Drawing Bingo,otologic_sounds_smart/Lottery Drawing Bingo/当選ベル01/当選ベル01-12(遠い　強).mp3,8.817913832199546,0.146965230536659,当選ベル01/当選ベル01-12(遠い　強).mp3
578,sound_578.mp3,当選ベル01-06(弱).mp3,otologic_sounds_smart/Lottery Drawing Bingo,otologic_sounds_smart/Lottery Drawing Bingo/当選ベル01/当選ベル01-06(弱).mp3,7.499115646258503,0.124985260770975,当選ベル01/当選ベル01-06(弱).mp3
579,sound_579.mp3,当選ベル01-13(遠い　弱).mp3,otologic_sounds_smart/Lottery Drawing Bingo,otologic_sounds_smart/Lottery Drawing Bingo/当選ベル01/当選ベル01-13(遠い　弱).mp3,8.00609977324263,0.1334349962207105,当選ベル01/当選ベル01-13(遠い　弱).mp3
580,sound_580.mp3,当選ベル01-08(弱).mp3,otologic_sounds_smart/Lottery Drawing Bingo,otologic_sounds_smart/Lottery Drawing Bingo/当選ベル01/当選ベル01-08(弱).mp3,7.832199546485261,0.1305366591080876,当選ベル01/当選ベル01-08(弱).mp3
581,sound_581.mp3,当選ベル01-15(遠い　弱).mp3,otologic_sounds_smart/Lottery Drawing Bingo,otologic_sounds_smart/Lottery Drawing Bingo/当選ベル01/当選ベル01-15(遠い　弱).mp3,9.843968253968256,0.1640661375661375,当選ベル01/当選ベル01-15(遠い　弱).mp3
582,sound_582.mp3,当選ベル01-11(遠い　強).mp3,otologic_sounds_smart/Lottery Drawing Bingo,otologic_sounds_smart/Lottery Drawing Bingo/当選ベル01/当選ベル01-11(遠い　強).mp3,6.29453514739229,0.1049089191232048,当選ベル01/当選ベル01-11(遠い　強).mp3
583,sound_583.mp3,当選ベル01-16(遠い　弱).mp3,otologic_sounds_smart/Lottery Drawing Bingo,otologic_sounds_smart/Lottery Drawing Bingo/当選ベル01/当選ベル01-16(遠い　弱).mp3,7.391269841269842,0.1231878306878307,当選ベル01/当選ベル01-16(遠い　弱).mp3
584,sound_584.mp3,当選ベル01-10(遠い　強).mp3,otologic_sounds_smart/Lottery Drawing Bingo,otologic_sounds_smart/Lottery Drawing Bingo/当選ベル01/当選ベル01-10(遠い　強).mp3,6.2929705215419505,0.1048828420256991,当選ベル01/当選ベル01-10(遠い　強).mp3
585,sound_585.mp3,当選ベル01-07(弱).mp3,otologic_sounds_smart/Lottery Drawing Bingo,otologic_sounds_smart/Lottery Drawing Bingo/当選ベル01/当選ベル01-07(弱).mp3,10.327097505668934,0.1721182917611489,当選ベル01/当選ベル01-07(弱).mp3
586,sound_586.mp3,当選ベル01-09(遠い　強).mp3,otologic_sounds_smart/Lottery Drawing Bingo,otologic_sounds_smart/Lottery Drawing Bingo/当選ベル01/当選ベル01-09(遠い　強).mp3,7.607482993197279,0.1267913832199546,当選ベル01/当選ベル01-09(遠い　強).mp3
587,sound_587.mp3,当選ベル01-05(弱).mp3,otologic_sounds_smart/Lottery Drawing Bingo,otologic_sounds_smart/Lottery Drawing Bingo/当選ベル01/当選ベル01-05(弱).mp3,8.591700680272108,0.1431950113378684,当選ベル01/当選ベル01-05(弱).mp3
588,sound_588.mp3,当選ベル01-03(強).mp3,otologic_sounds_smart/Lottery Drawing Bingo,otologic_sounds_smart/Lottery Drawing Bingo/当選ベル01/当選ベル01-03(強).mp3,7.035850340136054,0.1172641723356009,当選ベル01/当選ベル01-03(強).mp3
589,sound_589.mp3,ビンゴマシーン02-10(回す　長).mp3,otologic_sounds_smart/Lottery Drawing Bingo,otologic_sounds_smart/Lottery Drawing Bingo/ビンゴマシーン01/ビンゴマシーン02-10(回す　長).mp3,6.52015873015873,0.1086693121693121,ビンゴマシーン01/ビンゴマシーン02-10(回す　長).mp3
590,sound_590.mp3,ビンゴマシーン02-11(回す　早).mp3,otologic_sounds_smart/Lottery Drawing Bingo,otologic_sounds_smart/Lottery Drawing Bingo/ビンゴマシーン01/ビンゴマシーン02-11(回す　早).mp3,6.912108843537415,0.1152018140589569,ビンゴマシーン01/ビンゴマシーン02-11(回す　早).mp3
591,sound_591.mp3,オノマトペ　めまい01-5(遅　長).mp3,otologic_sounds_smart/Dizzy,otologic_sounds_smart/Dizzy/オノマトペ　めまい01/オノマトペ　めまい01-5(遅　長).mp3,20.950204081632652,0.3491700680272108,オノマトペ　めまい01/オノマトペ　めまい01-5(遅　長).mp3
592,sound_592.mp3,オノマトペ　めまい01-3(速　ループ).mp3,otologic_sounds_smart/Dizzy,otologic_sounds_smart/Dizzy/オノマトペ　めまい01/オノマトペ　めまい01-3(速　ループ).mp3,7.336848072562359,0.1222808012093726,オノマトペ　めまい01/オノマトペ　めまい01-3(速　ループ).mp3
593,sound_593.mp3,オノマトペ　めまい01-6(遅　ループ).mp3,otologic_sounds_smart/Dizzy,otologic_sounds_smart/Dizzy/オノマトペ　めまい01/オノマトペ　めまい01-6(遅　ループ).mp3,9.595510204081632,0.1599251700680272,オノマトペ　めまい01/オノマトペ　めまい01-6(遅　ループ).mp3
594,sound_594.mp3,オノマトペ　めまい03-3(速　長).mp3,otologic_sounds_smart/Dizzy,otologic_sounds_smart/Dizzy/効果音＞オノマトペ・めまい/オノマトペ　めまい03-3(速　長).mp3,12.529886621315192,0.2088314436885865,効果音＞オノマトペ・めまい/オノマトペ　めまい03-3(速　長).mp3
595,sound_595.mp3,オノマトペ　めまい03-2(速　中).mp3,otologic_sounds_smart/Dizzy,otologic_sounds_smart/Dizzy/効果音＞オノマトペ・めまい/オノマトペ　めまい03-2(速　中).mp3,5.627369614512472,0.0937894935752078,効果音＞オノマトペ・めまい/オノマトペ　めまい03-2(速　中).mp3
596,sound_596.mp3,オノマトペ　めまい02-2(速　長).mp3,otologic_sounds_smart/Dizzy,otologic_sounds_smart/Dizzy/オノマトペ　めまい03/オノマトペ　めまい02-2(速　長).mp3,21.891632653061222,0.3648605442176871,オノマトペ　めまい03/オノマトペ　めまい02-2(速　長).mp3
597,sound_597.mp3,オノマトペ　めまい03-6(遅　長).mp3,otologic_sounds_smart/Dizzy,otologic_sounds_smart/Dizzy/オノマトペ　めまい03/オノマトペ　めまい03-6(遅　長).mp3,11.092879818594104,0.1848813303099017,オノマトペ　めまい03/オノマトペ　めまい03-6(遅　長).mp3
598,sound_598.mp3,オノマトペ　めまい02-3(速　ループ).mp3,otologic_sounds_smart/Dizzy,otologic_sounds_smart/Dizzy/オノマトペ　めまい03/オノマトペ　めまい02-3(速　ループ).mp3,5.345714285714286,0.0890952380952381,オノマトペ　めまい03/オノマトペ　めまい02-3(速　ループ).mp3
599,sound_599.mp3,オノマトペ　めまい01-2(速　長).mp3,otologic_sounds_smart/Dizzy,otologic_sounds_smart/Dizzy/オノマトペ　めまい02/オノマトペ　めまい01-2(速　長).mp3,20.492834467120183,0.3415472411186697,オノマトペ　めまい02/オノマトペ　めまい01-2(速　長).mp3
600,sound_600.mp3,オノマトペ　めまい02-5(遅　長).mp3,otologic_sounds_smart/Dizzy,otologic_sounds_smart/Dizzy/オノマトペ　めまい02/オノマトペ　めまい02-5(遅　長).mp3,20.108707482993196,0.3351451247165533,オノマトペ　めまい02/オノマトペ　めまい02-5(遅　長).mp3
601,sound_601.mp3,SNES　RPG03-9(崩壊).mp3,otologic_sounds_smart/Game Rpg,otologic_sounds_smart/Game Rpg/効果音＞RPG用セット/SNES　RPG03-9(崩壊).mp3,10.81814058956916,0.180302343159486,効果音＞RPG用セット/SNES　RPG03-9(崩壊).mp3
602,sound_602.mp3,NES　RPG02-11(崩壊).mp3,otologic_sounds_smart/Game Rpg,otologic_sounds_smart/Game Rpg/効果音＞RPG用セット/NES　RPG02-11(崩壊).mp3,5.431179138321996,0.0905196523053666,効果音＞RPG用セット/NES　RPG02-11(崩壊).mp3
603,sound_603.mp3,公衆電話01-06(ボタン　シングル　弱).mp3,otologic_sounds_smart/Recent.Html,otologic_sounds_smart/Recent.Html/モーション　俊敏15/公衆電話01-06(ボタン　シングル　弱).mp3,14.394149659863944,0.2399024943310657,モーション　俊敏15/公衆電話01-06(ボタン　シングル　弱).mp3
604,sound_604.mp3,公衆電話01-05(ボタン　シングル　強).mp3,otologic_sounds_smart/Recent.Html,otologic_sounds_smart/Recent.Html/モーション　俊敏15/公衆電話01-05(ボタン　シングル　強).mp3,9.46204081632653,0.1577006802721088,モーション　俊敏15/公衆電話01-05(ボタン　シングル　強).mp3
605,sound_605.mp3,公衆電話01-04(ボタン　シングル　中).mp3,otologic_sounds_smart/Recent.Html,otologic_sounds_smart/Recent.Html/モーション　俊敏15/公衆電話01-04(ボタン　シングル　中).mp3,9.223015873015871,0.1537169312169312,モーション　俊敏15/公衆電話01-04(ボタン　シングル　中).mp3
606,sound_606.mp3,公衆電話01-03(ボタン　パターン　弱).mp3,otologic_sounds_smart/Recent.Html,otologic_sounds_smart/Recent.Html/モーション　俊敏15/公衆電話01-03(ボタン　パターン　弱).mp3,11.794240362811792,0.1965706727135298,モーション　俊敏15/公衆電話01-03(ボタン　パターン　弱).mp3
607,sound_607.mp3,ベルアクセント03-4(チャイム　ディレイ).mp3,otologic_sounds_smart/Bell Accent,otologic_sounds_smart/Bell Accent/ベルアクセント04/ベルアクセント03-4(チャイム　ディレイ).mp3,7.529886621315192,0.1254981103552532,ベルアクセント04/ベルアクセント03-4(チャイム　ディレイ).mp3
608,sound_608.mp3,ベルアクセント02-3(ディレイ).mp3,otologic_sounds_smart/Bell Accent,otologic_sounds_smart/Bell Accent/ベルアクセント03/ベルアクセント02-3(ディレイ).mp3,5.503990929705216,0.0917331821617536,ベルアクセント03/ベルアクセント02-3(ディレイ).mp3
609,sound_609.mp3,ベルアクセント02-4(ディレイ).mp3,otologic_sounds_smart/Bell Accent,otologic_sounds_smart/Bell Accent/ベルアクセント03/ベルアクセント02-4(ディレイ).mp3,5.431201814058957,0.0905200302343159,ベルアクセント03/ベルアクセント02-4(ディレイ).mp3
610,sound_610.mp3,ベルアクセント03-2(ディレイ).mp3,otologic_sounds_smart/Bell Accent,otologic_sounds_smart/Bell Accent/ベルアクセント05/ベルアクセント03-2(ディレイ).mp3,7.467913832199547,0.1244652305366591,ベルアクセント05/ベルアクセント03-2(ディレイ).mp3
611,sound_611.mp3,ベルアクセント04-4(低　ディレイ).mp3,otologic_sounds_smart/Bell Accent,otologic_sounds_smart/Bell Accent/ベルアクセント05/ベルアクセント04-4(低　ディレイ).mp3,5.487551020408163,0.0914591836734693,ベルアクセント05/ベルアクセント04-4(低　ディレイ).mp3
612,sound_612.mp3,ベルアクセント09-2(ディレイ).mp3,otologic_sounds_smart/Bell Accent,otologic_sounds_smart/Bell Accent/ベルアクセント11/ベルアクセント09-2(ディレイ).mp3,9.4159410430839,0.156932350718065,ベルアクセント11/ベルアクセント09-2(ディレイ).mp3
613,sound_613.mp3,ベルアクセント07-1(高　ディレイ).mp3,otologic_sounds_smart/Bell Accent,otologic_sounds_smart/Bell Accent/ベルアクセント10/ベルアクセント07-1(高　ディレイ).mp3,5.542743764172336,0.0923790627362056,ベルアクセント10/ベルアクセント07-1(高　ディレイ).mp3
614,sound_614.mp3,ベルアクセント07-2(低　ディレイ).mp3,otologic_sounds_smart/Bell Accent,otologic_sounds_smart/Bell Accent/ベルアクセント10/ベルアクセント07-2(低　ディレイ).mp3,5.766145124716553,0.0961024187452758,ベルアクセント10/ベルアクセント07-2(低　ディレイ).mp3
615,sound_615.mp3,ベルアクセント04-3(高　ディレイ).mp3,otologic_sounds_smart/Bell Accent,otologic_sounds_smart/Bell Accent/ベルアクセント06/ベルアクセント04-3(高　ディレイ).mp3,5.560113378684807,0.0926685563114134,ベルアクセント06/ベルアクセント04-3(高　ディレイ).mp3
616,sound_616.mp3,ベルアクセント01-4(ディレイ).mp3,otologic_sounds_smart/Bell Accent,otologic_sounds_smart/Bell Accent/ベルアクセント01/ベルアクセント01-4(ディレイ).mp3,6.70312925170068,0.111718820861678,ベルアクセント01/ベルアクセント01-4(ディレイ).mp3
617,sound_617.mp3,ベルアクセント01-3(ディレイ).mp3,otologic_sounds_smart/Bell Accent,otologic_sounds_smart/Bell Accent/ベルアクセント01/ベルアクセント01-3(ディレイ).mp3,6.627460317460318,0.1104576719576719,ベルアクセント01/ベルアクセント01-3(ディレイ).mp3
618,sound_618.mp3,ベルアクセント13-1(高).mp3,otologic_sounds_smart/Bell Accent,otologic_sounds_smart/Bell Accent/効果音＞ベルアクセント/ベルアクセント13-1(高).mp3,5.39859410430839,0.0899765684051398,効果音＞ベルアクセント/ベルアクセント13-1(高).mp3
619,sound_619.mp3,ベルアクセント12-1(高).mp3,otologic_sounds_smart/Bell Accent,otologic_sounds_smart/Bell Accent/効果音＞ベルアクセント/ベルアクセント12-1(高).mp3,6.230544217687075,0.1038424036281179,効果音＞ベルアクセント/ベルアクセント12-1(高).mp3
620,sound_620.mp3,ベルアクセント13-2(低).mp3,otologic_sounds_smart/Bell Accent,otologic_sounds_smart/Bell Accent/効果音＞ベルアクセント/ベルアクセント13-2(低).mp3,5.379047619047619,0.0896507936507936,効果音＞ベルアクセント/ベルアクセント13-2(低).mp3
621,sound_621.mp3,ベルアクセント12-2(低).mp3,otologic_sounds_smart/Bell Accent,otologic_sounds_smart/Bell Accent/ベルアクセント13/ベルアクセント12-2(低).mp3,8.312698412698413,0.1385449735449735,ベルアクセント13/ベルアクセント12-2(低).mp3
622,sound_622.mp3,ベルアクセント11-1(ディレイ).mp3,otologic_sounds_smart/Bell Accent,otologic_sounds_smart/Bell Accent/ベルアクセント13/ベルアクセント11-1(ディレイ).mp3,5.684807256235827,0.0947467876039304,ベルアクセント13/ベルアクセント11-1(ディレイ).mp3
623,sound_623.mp3,プリンター01-1.mp3,otologic_sounds_smart/Printer,otologic_sounds_smart/Printer/プリンター01/プリンター01-1.mp3,33.68875283446712,0.5614792139077853,プリンター01/プリンター01-1.mp3
624,sound_624.mp3,プリンター01-3.mp3,otologic_sounds_smart/Printer,otologic_sounds_smart/Printer/プリンター01/プリンター01-3.mp3,14.312403628117911,0.2385400604686318,プリンター01/プリンター01-3.mp3
625,sound_625.mp3,プリンター02-36(遠い　インク　交換).mp3,otologic_sounds_smart/Printer,otologic_sounds_smart/Printer/プリンター01/プリンター02-36(遠い　インク　交換).mp3,15.481904761904762,0.258031746031746,プリンター01/プリンター02-36(遠い　インク　交換).mp3
626,sound_626.mp3,プリンター01-6(On).mp3,otologic_sounds_smart/Printer,otologic_sounds_smart/Printer/プリンター01/プリンター01-6(On).mp3,18.806802721088435,0.3134467120181405,プリンター01/プリンター01-6(On).mp3
627,sound_627.mp3,プリンター02-02(印刷　複数).mp3,otologic_sounds_smart/Printer,otologic_sounds_smart/Printer/効果音＞プリンター/プリンター02-02(印刷　複数).mp3,23.622902494331065,0.3937150415721844,効果音＞プリンター/プリンター02-02(印刷　複数).mp3
628,sound_628.mp3,プリンター02-06(スキャン).mp3,otologic_sounds_smart/Printer,otologic_sounds_smart/Printer/効果音＞プリンター/プリンター02-06(スキャン).mp3,35.080340136054424,0.584672335600907,効果音＞プリンター/プリンター02-06(スキャン).mp3
629,sound_629.mp3,プリンター02-03(印刷　カラー).mp3,otologic_sounds_smart/Printer,otologic_sounds_smart/Printer/効果音＞プリンター/プリンター02-03(印刷　カラー).mp3,28.49131519274376,0.474855253212396,効果音＞プリンター/プリンター02-03(印刷　カラー).mp3
630,sound_630.mp3,プリンター02-04(コピー).mp3,otologic_sounds_smart/Printer,otologic_sounds_smart/Printer/効果音＞プリンター/プリンター02-04(コピー).mp3,16.58297052154195,0.2763828420256991,効果音＞プリンター/プリンター02-04(コピー).mp3
631,sound_631.mp3,プリンター02-01(印刷).mp3,otologic_sounds_smart/Printer,otologic_sounds_smart/Printer/効果音＞プリンター/プリンター02-01(印刷).mp3,16.548367346938775,0.2758061224489795,効果音＞プリンター/プリンター02-01(印刷).mp3
632,sound_632.mp3,プリンター02-07(クリーニング).mp3,otologic_sounds_smart/Printer,otologic_sounds_smart/Printer/効果音＞プリンター/プリンター02-07(クリーニング).mp3,27.141043083900225,0.4523507180650037,効果音＞プリンター/プリンター02-07(クリーニング).mp3
633,sound_633.mp3,プリンター02-18(インク　交換).mp3,otologic_sounds_smart/Printer,otologic_sounds_smart/Printer/プリンター02/プリンター02-18(インク　交換).mp3,15.633809523809523,0.260563492063492,プリンター02/プリンター02-18(インク　交換).mp3
634,sound_634.mp3,プリンター02-21(遠い　印刷　カラー).mp3,otologic_sounds_smart/Printer,otologic_sounds_smart/Printer/プリンター02/プリンター02-21(遠い　印刷　カラー).mp3,28.105124716553288,0.4684187452758881,プリンター02/プリンター02-21(遠い　印刷　カラー).mp3
635,sound_635.mp3,プリンター02-20(遠い　印刷　複数).mp3,otologic_sounds_smart/Printer,otologic_sounds_smart/Printer/プリンター02/プリンター02-20(遠い　印刷　複数).mp3,23.09641723356009,0.3849402872260015,プリンター02/プリンター02-20(遠い　印刷　複数).mp3
636,sound_636.mp3,プリンター02-22(遠い　コピー).mp3,otologic_sounds_smart/Printer,otologic_sounds_smart/Printer/プリンター02/プリンター02-22(遠い　コピー).mp3,16.114648526077097,0.2685774754346183,プリンター02/プリンター02-22(遠い　コピー).mp3
637,sound_637.mp3,プリンター02-24(遠い　スキャン).mp3,otologic_sounds_smart/Printer,otologic_sounds_smart/Printer/プリンター02/プリンター02-24(遠い　スキャン).mp3,35.34077097505669,0.5890128495842782,プリンター02/プリンター02-24(遠い　スキャン).mp3
638,sound_638.mp3,プリンター02-25(遠い　クリーニング).mp3,otologic_sounds_smart/Printer,otologic_sounds_smart/Printer/プリンター02/プリンター02-25(遠い　クリーニング).mp3,26.972879818594105,0.4495479969765684,プリンター02/プリンター02-25(遠い　クリーニング).mp3
639,sound_639.mp3,プリンター02-19(遠い　印刷).mp3,otologic_sounds_smart/Printer,otologic_sounds_smart/Printer/プリンター02/プリンター02-19(遠い　印刷).mp3,16.02467120181406,0.2670778533635676,プリンター02/プリンター02-19(遠い　印刷).mp3
640,sound_640.mp3,電撃04-2(長).mp3,otologic_sounds_smart/Electric Shock,otologic_sounds_smart/Electric Shock/電撃05/電撃04-2(長).mp3,11.787891156462583,0.1964648526077097,電撃05/電撃04-2(長).mp3
641,sound_641.mp3,電撃04-1(中).mp3,otologic_sounds_smart/Electric Shock,otologic_sounds_smart/Electric Shock/電撃06/電撃04-1(中).mp3,6.922766439909297,0.1153794406651549,電撃06/電撃04-1(中).mp3
642,sound_642.mp3,SNES　サッカー01-08(歓声).mp3,otologic_sounds_smart/Game Sports,otologic_sounds_smart/Game Sports/SNES　サッカー01/SNES　サッカー01-08(歓声).mp3,6.989297052154195,0.1164882842025699,SNES　サッカー01/SNES　サッカー01-08(歓声).mp3
643,sound_643.mp3,鐘　教会02-12(遠い　低　長).mp3,otologic_sounds_smart/Church Bells,otologic_sounds_smart/Church Bells/鐘　教会01/鐘　教会02-12(遠い　低　長).mp3,17.896621315192743,0.298277021919879,鐘　教会01/鐘　教会02-12(遠い　低　長).mp3
644,sound_644.mp3,鐘　教会01-4(遠い　短).mp3,otologic_sounds_smart/Church Bells,otologic_sounds_smart/Church Bells/鐘　教会01/鐘　教会01-4(遠い　短).mp3,10.724263038548752,0.1787377173091458,鐘　教会01/鐘　教会01-4(遠い　短).mp3
645,sound_645.mp3,鐘　教会01-5(遠い　中).mp3,otologic_sounds_smart/Church Bells,otologic_sounds_smart/Church Bells/鐘　教会01/鐘　教会01-5(遠い　中).mp3,12.00090702947846,0.2000151171579743,鐘　教会01/鐘　教会01-5(遠い　中).mp3
646,sound_646.mp3,鐘　教会01-3(長).mp3,otologic_sounds_smart/Church Bells,otologic_sounds_smart/Church Bells/鐘　教会01/鐘　教会01-3(長).mp3,14.370725623582766,0.2395120937263794,鐘　教会01/鐘　教会01-3(長).mp3
647,sound_647.mp3,鐘　教会01-1(短).mp3,otologic_sounds_smart/Church Bells,otologic_sounds_smart/Church Bells/鐘　教会01/鐘　教会01-1(短).mp3,10.931269841269842,0.1821878306878307,鐘　教会01/鐘　教会01-1(短).mp3
648,sound_648.mp3,鐘　教会01-2(中).mp3,otologic_sounds_smart/Church Bells,otologic_sounds_smart/Church Bells/鐘　教会01/鐘　教会01-2(中).mp3,11.916507936507935,0.1986084656084656,鐘　教会01/鐘　教会01-2(中).mp3
649,sound_649.mp3,鐘　教会01-6(遠い　長).mp3,otologic_sounds_smart/Church Bells,otologic_sounds_smart/Church Bells/鐘　教会01/鐘　教会01-6(遠い　長).mp3,14.32904761904762,0.2388174603174603,鐘　教会01/鐘　教会01-6(遠い　長).mp3
650,sound_650.mp3,鐘　教会03-01(高　短).mp3,otologic_sounds_smart/Church Bells,otologic_sounds_smart/Church Bells/効果音＞教会の鐘/鐘　教会03-01(高　短).mp3,9.62687074829932,0.1604478458049886,効果音＞教会の鐘/鐘　教会03-01(高　短).mp3
651,sound_651.mp3,鐘　教会03-02(高　中).mp3,otologic_sounds_smart/Church Bells,otologic_sounds_smart/Church Bells/効果音＞教会の鐘/鐘　教会03-02(高　中).mp3,11.388684807256237,0.1898114134542706,効果音＞教会の鐘/鐘　教会03-02(高　中).mp3
652,sound_652.mp3,鐘　教会03-06(遠い　高　長).mp3,otologic_sounds_smart/Church Bells,otologic_sounds_smart/Church Bells/効果音＞教会の鐘/鐘　教会03-06(遠い　高　長).mp3,14.621043083900227,0.2436840513983371,効果音＞教会の鐘/鐘　教会03-06(遠い　高　長).mp3
653,sound_653.mp3,鐘　教会03-03(高　長).mp3,otologic_sounds_smart/Church Bells,otologic_sounds_smart/Church Bells/効果音＞教会の鐘/鐘　教会03-03(高　長).mp3,15.142426303854876,0.2523737717309146,効果音＞教会の鐘/鐘　教会03-03(高　長).mp3
654,sound_654.mp3,鐘　教会03-05(遠い　高　中).mp3,otologic_sounds_smart/Church Bells,otologic_sounds_smart/Church Bells/効果音＞教会の鐘/鐘　教会03-05(遠い　高　中).mp3,11.314603174603176,0.1885767195767195,効果音＞教会の鐘/鐘　教会03-05(遠い　高　中).mp3
655,sound_655.mp3,鐘　教会03-07(低　短).mp3,otologic_sounds_smart/Church Bells,otologic_sounds_smart/Church Bells/効果音＞教会の鐘/鐘　教会03-07(低　短).mp3,11.61065759637188,0.1935109599395313,効果音＞教会の鐘/鐘　教会03-07(低　短).mp3
656,sound_656.mp3,鐘　教会03-04(遠い　高　短).mp3,otologic_sounds_smart/Church Bells,otologic_sounds_smart/Church Bells/効果音＞教会の鐘/鐘　教会03-04(遠い　高　短).mp3,9.47095238095238,0.1578492063492063,効果音＞教会の鐘/鐘　教会03-04(遠い　高　短).mp3
657,sound_657.mp3,鐘　教会03-08(低　中).mp3,otologic_sounds_smart/Church Bells,otologic_sounds_smart/Church Bells/効果音＞教会の鐘/鐘　教会03-08(低　中).mp3,13.675510204081633,0.2279251700680272,効果音＞教会の鐘/鐘　教会03-08(低　中).mp3
658,sound_658.mp3,鐘　教会02-07(低　短).mp3,otologic_sounds_smart/Church Bells,otologic_sounds_smart/Church Bells/鐘　教会02/鐘　教会02-07(低　短).mp3,11.266575963718822,0.1877762660619803,鐘　教会02/鐘　教会02-07(低　短).mp3
659,sound_659.mp3,鐘　教会02-06(遠い　高　長).mp3,otologic_sounds_smart/Church Bells,otologic_sounds_smart/Church Bells/鐘　教会02/鐘　教会02-06(遠い　高　長).mp3,15.09108843537415,0.2515181405895692,鐘　教会02/鐘　教会02-06(遠い　高　長).mp3
660,sound_660.mp3,鐘　教会02-08(低　中).mp3,otologic_sounds_smart/Church Bells,otologic_sounds_smart/Church Bells/鐘　教会02/鐘　教会02-08(低　中).mp3,12.9297052154195,0.2154950869236583,鐘　教会02/鐘　教会02-08(低　中).mp3
661,sound_661.mp3,鐘　教会02-05(遠い　高　中).mp3,otologic_sounds_smart/Church Bells,otologic_sounds_smart/Church Bells/鐘　教会02/鐘　教会02-05(遠い　高　中).mp3,11.92156462585034,0.1986927437641723,鐘　教会02/鐘　教会02-05(遠い　高　中).mp3
662,sound_662.mp3,鐘　教会02-09(低　長).mp3,otologic_sounds_smart/Church Bells,otologic_sounds_smart/Church Bells/鐘　教会02/鐘　教会02-09(低　長).mp3,16.58018140589569,0.2763363567649282,鐘　教会02/鐘　教会02-09(低　長).mp3
663,sound_663.mp3,鐘　教会02-10(遠い　低　短).mp3,otologic_sounds_smart/Church Bells,otologic_sounds_smart/Church Bells/鐘　教会02/鐘　教会02-10(遠い　低　短).mp3,12.333197278911564,0.2055532879818594,鐘　教会02/鐘　教会02-10(遠い　低　短).mp3
664,sound_664.mp3,鐘　教会02-11(遠い　低　中).mp3,otologic_sounds_smart/Church Bells,otologic_sounds_smart/Church Bells/鐘　教会02/鐘　教会02-11(遠い　低　中).mp3,14.237392290249431,0.2372898715041572,鐘　教会02/鐘　教会02-11(遠い　低　中).mp3
665,sound_665.mp3,鐘　教会03-12(遠い　低　長).mp3,otologic_sounds_smart/Church Bells,otologic_sounds_smart/Church Bells/鐘　教会03/鐘　教会03-12(遠い　低　長).mp3,17.392585034013607,0.2898764172335601,鐘　教会03/鐘　教会03-12(遠い　低　長).mp3
666,sound_666.mp3,鐘　教会02-03(高　長).mp3,otologic_sounds_smart/Church Bells,otologic_sounds_smart/Church Bells/鐘　教会03/鐘　教会02-03(高　長).mp3,14.030340136054422,0.2338390022675737,鐘　教会03/鐘　教会02-03(高　長).mp3
667,sound_667.mp3,鐘　教会03-09(低　長).mp3,otologic_sounds_smart/Church Bells,otologic_sounds_smart/Church Bells/鐘　教会03/鐘　教会03-09(低　長).mp3,17.937210884353743,0.298953514739229,鐘　教会03/鐘　教会03-09(低　長).mp3
668,sound_668.mp3,鐘　教会02-04(遠い　高　短).mp3,otologic_sounds_smart/Church Bells,otologic_sounds_smart/Church Bells/鐘　教会03/鐘　教会02-04(遠い　高　短).mp3,10.480272108843538,0.1746712018140589,鐘　教会03/鐘　教会02-04(遠い　高　短).mp3
669,sound_669.mp3,鐘　教会02-02(高　中).mp3,otologic_sounds_smart/Church Bells,otologic_sounds_smart/Church Bells/鐘　教会03/鐘　教会02-02(高　中).mp3,10.954648526077095,0.1825774754346182,鐘　教会03/鐘　教会02-02(高　中).mp3
670,sound_670.mp3,鐘　教会02-01(高　短).mp3,otologic_sounds_smart/Church Bells,otologic_sounds_smart/Church Bells/鐘　教会03/鐘　教会02-01(高　短).mp3,9.394512471655329,0.1565752078609221,鐘　教会03/鐘　教会02-01(高　短).mp3
671,sound_671.mp3,鐘　教会03-11(遠い　低　中).mp3,otologic_sounds_smart/Church Bells,otologic_sounds_smart/Church Bells/鐘　教会03/鐘　教会03-11(遠い　低　中).mp3,13.476916099773243,0.224615268329554,鐘　教会03/鐘　教会03-11(遠い　低　中).mp3
672,sound_672.mp3,鐘　教会03-10(遠い　低　短).mp3,otologic_sounds_smart/Church Bells,otologic_sounds_smart/Church Bells/鐘　教会03/鐘　教会03-10(遠い　低　短).mp3,11.245464852607707,0.1874244142101284,鐘　教会03/鐘　教会03-10(遠い　低　短).mp3
673,sound_673.mp3,オノマトペ　ネガティブ06-3(ディレイ).mp3,otologic_sounds_smart/Negative,otologic_sounds_smart/Negative/オノマトペ　ネガティブ06/オノマトペ　ネガティブ06-3(ディレイ).mp3,5.727120181405896,0.0954520030234316,オノマトペ　ネガティブ06/オノマトペ　ネガティブ06-3(ディレイ).mp3
674,sound_674.mp3,オノマトペ　ネガティブ11-1(低).mp3,otologic_sounds_smart/Negative,otologic_sounds_smart/Negative/オノマトペ　ネガティブ12/オノマトペ　ネガティブ11-1(低).mp3,6.366712018140589,0.1061118669690098,オノマトペ　ネガティブ12/オノマトペ　ネガティブ11-1(低).mp3
675,sound_675.mp3,オノマトペ　ネガティブ15-4(音色2　ディレイ).mp3,otologic_sounds_smart/Negative,otologic_sounds_smart/Negative/オノマトペ　ネガティブ15/オノマトペ　ネガティブ15-4(音色2　ディレイ).mp3,5.090907029478458,0.0848484504913076,オノマトペ　ネガティブ15/オノマトペ　ネガティブ15-4(音色2　ディレイ).mp3
676,sound_676.mp3,オノマトペ　ネガティブ15-3(音色1　ディレイ).mp3,otologic_sounds_smart/Negative,otologic_sounds_smart/Negative/オノマトペ　ネガティブ15/オノマトペ　ネガティブ15-3(音色1　ディレイ).mp3,5.044172335600907,0.0840695389266817,オノマトペ　ネガティブ15/オノマトペ　ネガティブ15-3(音色1　ディレイ).mp3
677,sound_677.mp3,オノマトペ　ネガティブ12-1(リバーブ).mp3,otologic_sounds_smart/Negative,otologic_sounds_smart/Negative/オノマトペ　ネガティブ13/オノマトペ　ネガティブ12-1(リバーブ).mp3,5.137074829931973,0.0856179138321995,オノマトペ　ネガティブ13/オノマトペ　ネガティブ12-1(リバーブ).mp3
678,sound_678.mp3,オノマトペ　ネガティブ04-3.mp3,otologic_sounds_smart/Negative,otologic_sounds_smart/Negative/オノマトペ　ネガティブ04/オノマトペ　ネガティブ04-3.mp3,5.080657596371882,0.084677626606198,オノマトペ　ネガティブ04/オノマトペ　ネガティブ04-3.mp3
679,sound_679.mp3,オノマトペ　ネガティブ04-2.mp3,otologic_sounds_smart/Negative,otologic_sounds_smart/Negative/オノマトペ　ネガティブ04/オノマトペ　ネガティブ04-2.mp3,6.043424036281179,0.1007237339380196,オノマトペ　ネガティブ04/オノマトペ　ネガティブ04-2.mp3
680,sound_680.mp3,オノマトペ　ネガティブ04-1.mp3,otologic_sounds_smart/Negative,otologic_sounds_smart/Negative/オノマトペ　ネガティブ04/オノマトペ　ネガティブ04-1.mp3,5.718027210884354,0.0953004535147392,オノマトペ　ネガティブ04/オノマトペ　ネガティブ04-1.mp3
681,sound_681.mp3,オノマトペ　ネガティブ03-1(長).mp3,otologic_sounds_smart/Negative,otologic_sounds_smart/Negative/オノマトペ　ネガティブ03/オノマトペ　ネガティブ03-1(長).mp3,5.6446485260770976,0.0940774754346183,オノマトペ　ネガティブ03/オノマトペ　ネガティブ03-1(長).mp3
682,sound_682.mp3,オノマトペ　ネガティブ05-2(ディレイ).mp3,otologic_sounds_smart/Negative,otologic_sounds_smart/Negative/オノマトペ　ネガティブ05/オノマトペ　ネガティブ05-2(ディレイ).mp3,8.830975056689342,0.147182917611489,オノマトペ　ネガティブ05/オノマトペ　ネガティブ05-2(ディレイ).mp3
683,sound_683.mp3,オノマトペ　ネガティブ05-3(長).mp3,otologic_sounds_smart/Negative,otologic_sounds_smart/Negative/オノマトペ　ネガティブ05/オノマトペ　ネガティブ05-3(長).mp3,7.61750566893424,0.1269584278155706,オノマトペ　ネガティブ05/オノマトペ　ネガティブ05-3(長).mp3
684,sound_684.mp3,オノマトペ　ネガティブ05-1(ドライ).mp3,otologic_sounds_smart/Negative,otologic_sounds_smart/Negative/オノマトペ　ネガティブ05/オノマトペ　ネガティブ05-1(ドライ).mp3,5.240045351473923,0.087334089191232,オノマトペ　ネガティブ05/オノマトペ　ネガティブ05-1(ドライ).mp3
685,sound_685.mp3,オノマトペ　ネガティブ09-3(ディレイ).mp3,otologic_sounds_smart/Negative,otologic_sounds_smart/Negative/オノマトペ　ネガティブ10/オノマトペ　ネガティブ09-3(ディレイ).mp3,6.874761904761905,0.114579365079365,オノマトペ　ネガティブ10/オノマトペ　ネガティブ09-3(ディレイ).mp3
686,sound_686.mp3,アーケード　シューティング01-4(LFO).mp3,otologic_sounds_smart/Game Shooter,otologic_sounds_smart/Game Shooter/アーケード　シューティング01/アーケード　シューティング01-4(LFO).mp3,7.225464852607709,0.1204244142101284,アーケード　シューティング01/アーケード　シューティング01-4(LFO).mp3
687,sound_687.mp3,結果発表02-2.mp3,otologic_sounds_smart/Quiz,otologic_sounds_smart/Quiz/結果発表02/結果発表02-2.mp3,6.275079365079365,0.104584656084656,結果発表02/結果発表02-2.mp3
688,sound_688.mp3,結果発表02-1.mp3,otologic_sounds_smart/Quiz,otologic_sounds_smart/Quiz/結果発表02/結果発表02-1.mp3,8.465351473922903,0.1410891912320483,結果発表02/結果発表02-1.mp3
689,sound_689.mp3,結果発表01-3.mp3,otologic_sounds_smart/Quiz,otologic_sounds_smart/Quiz/結果発表01/結果発表01-3.mp3,10.57297052154195,0.1762161753590325,結果発表01/結果発表01-3.mp3
690,sound_690.mp3,結果発表01-2.mp3,otologic_sounds_smart/Quiz,otologic_sounds_smart/Quiz/結果発表01/結果発表01-2.mp3,8.194716553287982,0.1365786092214663,結果発表01/結果発表01-2.mp3
691,sound_691.mp3,結果発表01-1.mp3,otologic_sounds_smart/Quiz,otologic_sounds_smart/Quiz/結果発表01/結果発表01-1.mp3,6.60514739229025,0.1100857898715041,結果発表01/結果発表01-1.mp3
692,sound_692.mp3,モーション　震える01-1(速　ループ).mp3,otologic_sounds_smart/Motion Tremble,otologic_sounds_smart/Motion Tremble/モーション　震える01/モーション　震える01-1(速　ループ).mp3,9.544943310657596,0.1590823885109599,モーション　震える01/モーション　震える01-1(速　ループ).mp3
693,sound_693.mp3,モーション　震える01-2(遅　ループ).mp3,otologic_sounds_smart/Motion Tremble,otologic_sounds_smart/Motion Tremble/モーション　震える01/モーション　震える01-2(遅　ループ).mp3,9.512857142857143,0.158547619047619,モーション　震える01/モーション　震える01-2(遅　ループ).mp3
694,sound_694.mp3,モーション　震える02-2(長).mp3,otologic_sounds_smart/Motion Tremble,otologic_sounds_smart/Motion Tremble/モーション　震える02/モーション　震える02-2(長).mp3,8.247845804988662,0.137464096749811,モーション　震える02/モーション　震える02-2(長).mp3
695,sound_695.mp3,モーション　震える03-2(長).mp3,otologic_sounds_smart/Motion Tremble,otologic_sounds_smart/Motion Tremble/モーション　震える04/モーション　震える03-2(長).mp3,5.4333786848072565,0.0905563114134542,モーション　震える04/モーション　震える03-2(長).mp3
696,sound_696.mp3,モーション　震える04-2(長).mp3,otologic_sounds_smart/Motion Tremble,otologic_sounds_smart/Motion Tremble/効果音＞モーション・震える/モーション　震える04-2(長).mp3,11.052018140589569,0.1842003023431594,効果音＞モーション・震える/モーション　震える04-2(長).mp3
697,sound_697.mp3,オノマトペ　ゴゴゴゴ04-1(長).mp3,otologic_sounds_smart/Onmtp Others,otologic_sounds_smart/Onmtp Others/オノマトペ　メラメラ02/オノマトペ　ゴゴゴゴ04-1(長).mp3,8.590498866213151,0.1431749811035525,オノマトペ　メラメラ02/オノマトペ　ゴゴゴゴ04-1(長).mp3
698,sound_698.mp3,オノマトペ　メラメラ01-1(長).mp3,otologic_sounds_smart/Onmtp Others,otologic_sounds_smart/Onmtp Others/オノマトペ　メラメラ03/オノマトペ　メラメラ01-1(長).mp3,8.488684807256236,0.1414780801209372,オノマトペ　メラメラ03/オノマトペ　メラメラ01-1(長).mp3
699,sound_699.mp3,オノマトペ　メラメラ02-2(短).mp3,otologic_sounds_smart/Onmtp Others,otologic_sounds_smart/Onmtp Others/オノマトペ　メラメラ03/オノマトペ　メラメラ02-2(短).mp3,5.780453514739229,0.0963408919123204,オノマトペ　メラメラ03/オノマトペ　メラメラ02-2(短).mp3
700,sound_700.mp3,オノマトペ　ゴゴゴゴ02-2(強　短).mp3,otologic_sounds_smart/Onmtp Others,otologic_sounds_smart/Onmtp Others/オノマトペ　ゴゴゴゴ04/オノマトペ　ゴゴゴゴ02-2(強　短).mp3,7.284920634920635,0.1214153439153439,オノマトペ　ゴゴゴゴ04/オノマトペ　ゴゴゴゴ02-2(強　短).mp3
701,sound_701.mp3,オノマトペ　ゴゴゴゴ02-1(強).mp3,otologic_sounds_smart/Onmtp Others,otologic_sounds_smart/Onmtp Others/オノマトペ　ゴゴゴゴ04/オノマトペ　ゴゴゴゴ02-1(強).mp3,32.92977324263038,0.5488295540438397,オノマトペ　ゴゴゴゴ04/オノマトペ　ゴゴゴゴ02-1(強).mp3
702,sound_702.mp3,オノマトペ　ゴゴゴゴ02-4(弱　短).mp3,otologic_sounds_smart/Onmtp Others,otologic_sounds_smart/Onmtp Others/オノマトペ　ゴゴゴゴ03/オノマトペ　ゴゴゴゴ02-4(弱　短).mp3,7.274784580498866,0.1212464096749811,オノマトペ　ゴゴゴゴ03/オノマトペ　ゴゴゴゴ02-4(弱　短).mp3
703,sound_703.mp3,オノマトペ　ゴゴゴゴ02-3(弱).mp3,otologic_sounds_smart/Onmtp Others,otologic_sounds_smart/Onmtp Others/オノマトペ　ゴゴゴゴ03/オノマトペ　ゴゴゴゴ02-3(弱).mp3,32.15260770975057,0.5358767951625095,オノマトペ　ゴゴゴゴ03/オノマトペ　ゴゴゴゴ02-3(弱).mp3
704,sound_704.mp3,オノマトペ　ゴゴゴゴ03-1(長).mp3,otologic_sounds_smart/Onmtp Others,otologic_sounds_smart/Onmtp Others/オノマトペ　メラメラ01/オノマトペ　ゴゴゴゴ03-1(長).mp3,10.790975056689344,0.1798495842781557,オノマトペ　メラメラ01/オノマトペ　ゴゴゴゴ03-1(長).mp3
705,sound_705.mp3,オノマトペ　ゴゴゴゴ03-2(短).mp3,otologic_sounds_smart/Onmtp Others,otologic_sounds_smart/Onmtp Others/オノマトペ　メラメラ01/オノマトペ　ゴゴゴゴ03-2(短).mp3,7.775011337868481,0.129583522297808,オノマトペ　メラメラ01/オノマトペ　ゴゴゴゴ03-2(短).mp3
706,sound_706.mp3,オノマトペ　ゴゴゴゴ01-2(短).mp3,otologic_sounds_smart/Onmtp Others,otologic_sounds_smart/Onmtp Others/オノマトペ　ゴゴゴゴ02/オノマトペ　ゴゴゴゴ01-2(短).mp3,6.31,0.1051666666666666,オノマトペ　ゴゴゴゴ02/オノマトペ　ゴゴゴゴ01-2(短).mp3
707,sound_707.mp3,オノマトペ　ゴゴゴゴ01-1(長).mp3,otologic_sounds_smart/Onmtp Others,otologic_sounds_smart/Onmtp Others/オノマトペ　ゴゴゴゴ02/オノマトペ　ゴゴゴゴ01-1(長).mp3,26.133786848072564,0.4355631141345427,オノマトペ　ゴゴゴゴ02/オノマトペ　ゴゴゴゴ01-1(長).mp3
708,sound_708.mp3,オノマトペ　メラメラ02-1(長).mp3,otologic_sounds_smart/Onmtp Others,otologic_sounds_smart/Onmtp Others/効果音＞オノマトペ・その他/オノマトペ　メラメラ02-1(長).mp3,15.46827664399093,0.2578046107331821,効果音＞オノマトペ・その他/オノマトペ　メラメラ02-1(長).mp3
709,sound_709.mp3,オノマトペ　メラメラ03-1(長).mp3,otologic_sounds_smart/Onmtp Others,otologic_sounds_smart/Onmtp Others/効果音＞オノマトペ・その他/オノマトペ　メラメラ03-1(長).mp3,8.36077097505669,0.1393461829176115,効果音＞オノマトペ・その他/オノマトペ　メラメラ03-1(長).mp3
710,sound_710.mp3,オノマトペ　メラメラ03-2(短).mp3,otologic_sounds_smart/Onmtp Others,otologic_sounds_smart/Onmtp Others/効果音＞オノマトペ・その他/オノマトペ　メラメラ03-2(短).mp3,6.095215419501134,0.1015869236583522,効果音＞オノマトペ・その他/オノマトペ　メラメラ03-2(短).mp3
711,sound_711.mp3,GB　レース01-02(エンジン).mp3,otologic_sounds_smart/Game Racing,otologic_sounds_smart/Game Racing/GB　レース01/GB　レース01-02(エンジン).mp3,22.832562358276643,0.3805427059712774,GB　レース01/GB　レース01-02(エンジン).mp3
712,sound_712.mp3,SNES　レース02-01(エンジン).mp3,otologic_sounds_smart/Game Racing,otologic_sounds_smart/Game Racing/効果音＞レースゲーム用セット/SNES　レース02-01(エンジン).mp3,31.41011337868481,0.5235018896447469,効果音＞レースゲーム用セット/SNES　レース02-01(エンジン).mp3
713,sound_713.mp3,SNES　レース02-04(スターティンググリッド).mp3,otologic_sounds_smart/Game Racing,otologic_sounds_smart/Game Racing/効果音＞レースゲーム用セット/SNES　レース02-04(スターティンググリッド).mp3,9.39657596371882,0.1566095993953137,効果音＞レースゲーム用セット/SNES　レース02-04(スターティンググリッド).mp3
714,sound_714.mp3,SNES　レース01-01(エンジン).mp3,otologic_sounds_smart/Game Racing,otologic_sounds_smart/Game Racing/SNES　レース02/SNES　レース01-01(エンジン).mp3,25.548662131519276,0.4258110355253212,SNES　レース02/SNES　レース01-01(エンジン).mp3
715,sound_715.mp3,SNES　レース01-04(スターティンググリッド).mp3,otologic_sounds_smart/Game Racing,otologic_sounds_smart/Game Racing/SNES　レース02/SNES　レース01-04(スターティンググリッド).mp3,10.5018820861678,0.1750313681027966,SNES　レース02/SNES　レース01-04(スターティンググリッド).mp3
716,sound_716.mp3,NES　レース01-1(エンジン).mp3,otologic_sounds_smart/Game Racing,otologic_sounds_smart/Game Racing/NES　レース01/NES　レース01-1(エンジン).mp3,20.29092970521542,0.3381821617535903,NES　レース01/NES　レース01-1(エンジン).mp3
717,sound_717.mp3,飲料缶　プルタブ01-1.mp3,otologic_sounds_smart/Household Others,otologic_sounds_smart/Household Others/飲料缶　プルタブ01/飲料缶　プルタブ01-1.mp3,9.29873015873016,0.1549788359788359,飲料缶　プルタブ01/飲料缶　プルタブ01-1.mp3
718,sound_718.mp3,競技用ゴング02-8.mp3,otologic_sounds_smart/Others,otologic_sounds_smart/Others/競技用ゴング02/競技用ゴング02-8.mp3,5.265102040816327,0.0877517006802721,競技用ゴング02/競技用ゴング02-8.mp3
719,sound_719.mp3,単音・シリアス01-2.mp3,otologic_sounds_smart/Others,otologic_sounds_smart/Others/単音・シリアス01/単音・シリアス01-2.mp3,5.544331065759637,0.0924055177626606,単音・シリアス01/単音・シリアス01-2.mp3
720,sound_720.mp3,アラーム01-2L.mp3,otologic_sounds_smart/Others,otologic_sounds_smart/Others/アラーム02/アラーム01-2L.mp3,8.727278911564627,0.1454546485260771,アラーム02/アラーム01-2L.mp3
721,sound_721.mp3,アラーム01-1L.mp3,otologic_sounds_smart/Others,otologic_sounds_smart/Others/アラーム02/アラーム01-1L.mp3,8.727278911564627,0.1454546485260771,アラーム02/アラーム01-1L.mp3
722,sound_722.mp3,ショートブリッジ06-up.mp3,otologic_sounds_smart/Others,otologic_sounds_smart/Others/ショートブリッジ16/ショートブリッジ06-up.mp3,5.0705895691609975,0.0845098261526832,ショートブリッジ16/ショートブリッジ06-up.mp3
723,sound_723.mp3,ショートブリッジ06-down.mp3,otologic_sounds_smart/Others,otologic_sounds_smart/Others/ショートブリッジ16/ショートブリッジ06-down.mp3,5.0705895691609975,0.0845098261526832,ショートブリッジ16/ショートブリッジ06-down.mp3
724,sound_724.mp3,ショートブリッジ06-2.mp3,otologic_sounds_smart/Others,otologic_sounds_smart/Others/ショートブリッジ16/ショートブリッジ06-2.mp3,6.895396825396825,0.1149232804232804,ショートブリッジ16/ショートブリッジ06-2.mp3
725,sound_725.mp3,ショートブリッジ16-3.mp3,otologic_sounds_smart/Others,otologic_sounds_smart/Others/ショートブリッジ29/ショートブリッジ16-3.mp3,6.6275963718820865,0.1104599395313681,ショートブリッジ29/ショートブリッジ16-3.mp3
726,sound_726.mp3,ショートブリッジ16-2.mp3,otologic_sounds_smart/Others,otologic_sounds_smart/Others/ショートブリッジ29/ショートブリッジ16-2.mp3,5.466666666666667,0.0911111111111111,ショートブリッジ29/ショートブリッジ16-2.mp3
727,sound_727.mp3,ショートブリッジ06-1.mp3,otologic_sounds_smart/Others,otologic_sounds_smart/Others/ショートブリッジ29/ショートブリッジ06-1.mp3,8.770793650793651,0.1461798941798942,ショートブリッジ29/ショートブリッジ06-1.mp3
728,sound_728.mp3,場面効果音17-2.mp3,otologic_sounds_smart/Others,otologic_sounds_smart/Others/場面効果音17/場面効果音17-2.mp3,8.066598639455782,0.1344433106575963,場面効果音17/場面効果音17-2.mp3
729,sound_729.mp3,場面効果音17-3.mp3,otologic_sounds_smart/Others,otologic_sounds_smart/Others/場面効果音17/場面効果音17-3.mp3,13.211201814058956,0.2201866969009826,場面効果音17/場面効果音17-3.mp3
730,sound_730.mp3,場面効果音17-4L.mp3,otologic_sounds_smart/Others,otologic_sounds_smart/Others/場面効果音17/場面効果音17-4L.mp3,5.748412698412698,0.0958068783068783,場面効果音17/場面効果音17-4L.mp3
731,sound_731.mp3,回想01-2(長).mp3,otologic_sounds_smart/Flashback,otologic_sounds_smart/Flashback/回想01/回想01-2(長).mp3,7.78453514739229,0.1297422524565381,回想01/回想01-2(長).mp3
732,sound_732.mp3,回想05-1(短).mp3,otologic_sounds_smart/Flashback,otologic_sounds_smart/Flashback/回想06/回想05-1(短).mp3,5.8185714285714285,0.0969761904761904,回想06/回想05-1(短).mp3
733,sound_733.mp3,回想05-2(長).mp3,otologic_sounds_smart/Flashback,otologic_sounds_smart/Flashback/回想06/回想05-2(長).mp3,8.96578231292517,0.1494297052154194,回想06/回想05-2(長).mp3
734,sound_734.mp3,回想06-1(中).mp3,otologic_sounds_smart/Flashback,otologic_sounds_smart/Flashback/回想08/回想06-1(中).mp3,5.19031746031746,0.086505291005291,回想08/回想06-1(中).mp3
735,sound_735.mp3,回想07-2(長).mp3,otologic_sounds_smart/Flashback,otologic_sounds_smart/Flashback/回想08/回想07-2(長).mp3,6.8808843537414965,0.1146814058956916,回想08/回想07-2(長).mp3
736,sound_736.mp3,回想07-3(短　ディレイ).mp3,otologic_sounds_smart/Flashback,otologic_sounds_smart/Flashback/回想08/回想07-3(短　ディレイ).mp3,7.724988662131519,0.1287498110355253,回想08/回想07-3(短　ディレイ).mp3
737,sound_737.mp3,回想08-3(短　ディレイ).mp3,otologic_sounds_smart/Flashback,otologic_sounds_smart/Flashback/回想09/回想08-3(短　ディレイ).mp3,7.075578231292517,0.1179263038548752,回想09/回想08-3(短　ディレイ).mp3
738,sound_738.mp3,回想06-3(長).mp3,otologic_sounds_smart/Flashback,otologic_sounds_smart/Flashback/回想07/回想06-3(長).mp3,11.605124716553288,0.1934187452758881,回想07/回想06-3(長).mp3
739,sound_739.mp3,回想04-2(長).mp3,otologic_sounds_smart/Flashback,otologic_sounds_smart/Flashback/回想05/回想04-2(長).mp3,5.643287981859411,0.0940547996976568,回想05/回想04-2(長).mp3
740,sound_740.mp3,回想01-1(中).mp3,otologic_sounds_smart/Flashback,otologic_sounds_smart/Flashback/回想02/回想01-1(中).mp3,5.093741496598639,0.0848956916099773,回想02/回想01-1(中).mp3
741,sound_741.mp3,回想02-2(短).mp3,otologic_sounds_smart/Flashback,otologic_sounds_smart/Flashback/回想02/回想02-2(短).mp3,5.748140589569161,0.095802343159486,回想02/回想02-2(短).mp3
742,sound_742.mp3,回想02-1(長).mp3,otologic_sounds_smart/Flashback,otologic_sounds_smart/Flashback/回想03/回想02-1(長).mp3,11.377120181405896,0.1896186696900982,回想03/回想02-1(長).mp3
743,sound_743.mp3,回想03-2(長).mp3,otologic_sounds_smart/Flashback,otologic_sounds_smart/Flashback/回想03/回想03-2(長).mp3,6.637641723356009,0.1106273620559334,回想03/回想03-2(長).mp3
744,sound_744.mp3,回想03-1(短).mp3,otologic_sounds_smart/Flashback,otologic_sounds_smart/Flashback/回想04/回想03-1(短).mp3,5.661224489795918,0.0943537414965986,回想04/回想03-1(短).mp3
745,sound_745.mp3,回想09-2(長).mp3,otologic_sounds_smart/Flashback,otologic_sounds_smart/Flashback/効果音＞シーン・回想/回想09-2(長).mp3,7.252879818594105,0.1208813303099017,効果音＞シーン・回想/回想09-2(長).mp3
746,sound_746.mp3,新聞01-4(めくる).mp3,otologic_sounds_smart/Books,otologic_sounds_smart/Books/新聞01/新聞01-4(めくる).mp3,6.420498866213152,0.1070083144368858,新聞01/新聞01-4(めくる).mp3
747,sound_747.mp3,本03-4(めくる).mp3,otologic_sounds_smart/Books,otologic_sounds_smart/Books/効果音＞本・雑誌・冊子/本03-4(めくる).mp3,6.946916099773243,0.1157819349962207,効果音＞本・雑誌・冊子/本03-4(めくる).mp3
748,sound_748.mp3,本03-3(めくる).mp3,otologic_sounds_smart/Books,otologic_sounds_smart/Books/効果音＞本・雑誌・冊子/本03-3(めくる).mp3,5.202267573696145,0.0867044595616024,効果音＞本・雑誌・冊子/本03-3(めくる).mp3
749,sound_749.mp3,本03-5(パラパラ).mp3,otologic_sounds_smart/Books,otologic_sounds_smart/Books/効果音＞本・雑誌・冊子/本03-5(パラパラ).mp3,6.060589569160998,0.1010098261526833,効果音＞本・雑誌・冊子/本03-5(パラパラ).mp3
750,sound_750.mp3,雑誌01-3(めくる).mp3,otologic_sounds_smart/Books,otologic_sounds_smart/Books/雑誌01/雑誌01-3(めくる).mp3,7.644013605442177,0.1274002267573696,雑誌01/雑誌01-3(めくる).mp3
751,sound_751.mp3,改札　誘導音01-4(ループ).mp3,otologic_sounds_smart/Facility Railway,otologic_sounds_smart/Facility Railway/改札　誘導音01/改札　誘導音01-4(ループ).mp3,14.0,0.2333333333333333,改札　誘導音01/改札　誘導音01-4(ループ).mp3
752,sound_752.mp3,改札　誘導音01-2(ループ).mp3,otologic_sounds_smart/Facility Railway,otologic_sounds_smart/Facility Railway/改札　誘導音01/改札　誘導音01-2(ループ).mp3,14.0,0.2333333333333333,改札　誘導音01/改札　誘導音01-2(ループ).mp3
753,sound_753.mp3,改札　誘導音01-5(ループ).mp3,otologic_sounds_smart/Facility Railway,otologic_sounds_smart/Facility Railway/改札　誘導音01/改札　誘導音01-5(ループ).mp3,14.0,0.2333333333333333,改札　誘導音01/改札　誘導音01-5(ループ).mp3
754,sound_754.mp3,改札　誘導音01-3(ループ).mp3,otologic_sounds_smart/Facility Railway,otologic_sounds_smart/Facility Railway/改札　誘導音01/改札　誘導音01-3(ループ).mp3,14.0,0.2333333333333333,改札　誘導音01/改札　誘導音01-3(ループ).mp3
755,sound_755.mp3,改札　誘導音01-6(ループ).mp3,otologic_sounds_smart/Facility Railway,otologic_sounds_smart/Facility Railway/改札　誘導音01/改札　誘導音01-6(ループ).mp3,14.0,0.2333333333333333,改札　誘導音01/改札　誘導音01-6(ループ).mp3
756,sound_756.mp3,改札　誘導音01-1(ループ).mp3,otologic_sounds_smart/Facility Railway,otologic_sounds_smart/Facility Railway/改札　誘導音01/改札　誘導音01-1(ループ).mp3,14.0,0.2333333333333333,改札　誘導音01/改札　誘導音01-1(ループ).mp3
757,sound_757.mp3,踏切　警報音01-2.mp3,otologic_sounds_smart/Facility Railway,otologic_sounds_smart/Facility Railway/効果音＞設備・鉄道/踏切　警報音01-2.mp3,22.515510204081632,0.3752585034013605,効果音＞設備・鉄道/踏切　警報音01-2.mp3
758,sound_758.mp3,踏切　警報音01-1.mp3,otologic_sounds_smart/Facility Railway,otologic_sounds_smart/Facility Railway/効果音＞設備・鉄道/踏切　警報音01-1.mp3,20.596621315192746,0.3432770219198791,効果音＞設備・鉄道/踏切　警報音01-1.mp3
759,sound_759.mp3,スマートフォン　アラーム01-01(ドライ).mp3,otologic_sounds_smart/Cell_Phone,otologic_sounds_smart/Cell_Phone/フィーチャーフォン　着信音02/スマートフォン　アラーム01-01(ドライ).mp3,12.39222222222222,0.206537037037037,フィーチャーフォン　着信音02/スマートフォン　アラーム01-01(ドライ).mp3
760,sound_760.mp3,フィーチャーフォン　着信音01-8(リバーブ　低).mp3,otologic_sounds_smart/Cell_Phone,otologic_sounds_smart/Cell_Phone/フィーチャーフォン　着信音02/フィーチャーフォン　着信音01-8(リバーブ　低).mp3,12.697142857142858,0.2116190476190476,フィーチャーフォン　着信音02/フィーチャーフォン　着信音01-8(リバーブ　低).mp3
761,sound_761.mp3,フィーチャーフォン　着信音01-5(リバーブ　高).mp3,otologic_sounds_smart/Cell_Phone,otologic_sounds_smart/Cell_Phone/フィーチャーフォン　着信音02/フィーチャーフォン　着信音01-5(リバーブ　高).mp3,10.15657596371882,0.1692762660619803,フィーチャーフォン　着信音02/フィーチャーフォン　着信音01-5(リバーブ　高).mp3
762,sound_762.mp3,フィーチャーフォン　着信音01-6(リバーブ　高).mp3,otologic_sounds_smart/Cell_Phone,otologic_sounds_smart/Cell_Phone/フィーチャーフォン　着信音02/フィーチャーフォン　着信音01-6(リバーブ　高).mp3,7.292879818594105,0.1215479969765684,フィーチャーフォン　着信音02/フィーチャーフォン　着信音01-6(リバーブ　高).mp3
763,sound_763.mp3,スマートフォン　アラーム01-02(ドライ).mp3,otologic_sounds_smart/Cell_Phone,otologic_sounds_smart/Cell_Phone/フィーチャーフォン　着信音02/スマートフォン　アラーム01-02(ドライ).mp3,12.61140589569161,0.2101900982615268,フィーチャーフォン　着信音02/スマートフォン　アラーム01-02(ドライ).mp3
764,sound_764.mp3,スマートフォン　アラーム01-03(ドライ).mp3,otologic_sounds_smart/Cell_Phone,otologic_sounds_smart/Cell_Phone/フィーチャーフォン　着信音02/スマートフォン　アラーム01-03(ドライ).mp3,7.139183673469388,0.1189863945578231,フィーチャーフォン　着信音02/スマートフォン　アラーム01-03(ドライ).mp3
765,sound_765.mp3,フィーチャーフォン　着信音01-7(リバーブ　低).mp3,otologic_sounds_smart/Cell_Phone,otologic_sounds_smart/Cell_Phone/フィーチャーフォン　着信音02/フィーチャーフォン　着信音01-7(リバーブ　低).mp3,12.046712018140587,0.2007785336356765,フィーチャーフォン　着信音02/フィーチャーフォン　着信音01-7(リバーブ　低).mp3
766,sound_766.mp3,フィーチャーフォン　着信音01-4(低).mp3,otologic_sounds_smart/Cell_Phone,otologic_sounds_smart/Cell_Phone/フィーチャーフォン　着信音02/フィーチャーフォン　着信音01-4(低).mp3,10.675963718820862,0.1779327286470143,フィーチャーフォン　着信音02/フィーチャーフォン　着信音01-4(低).mp3
767,sound_767.mp3,スマートフォン　着信音03-03(ドライ).mp3,otologic_sounds_smart/Cell_Phone,otologic_sounds_smart/Cell_Phone/効果音＞携帯電話/スマートフォン　着信音03-03(ドライ).mp3,10.10501133786848,0.1684168556311413,効果音＞携帯電話/スマートフォン　着信音03-03(ドライ).mp3
768,sound_768.mp3,スマートフォン　着信音03-05(ドライ).mp3,otologic_sounds_smart/Cell_Phone,otologic_sounds_smart/Cell_Phone/効果音＞携帯電話/スマートフォン　着信音03-05(ドライ).mp3,19.833242630385488,0.3305540438397581,効果音＞携帯電話/スマートフォン　着信音03-05(ドライ).mp3
769,sound_769.mp3,スマートフォン　着信音03-07(スピーカー).mp3,otologic_sounds_smart/Cell_Phone,otologic_sounds_smart/Cell_Phone/効果音＞携帯電話/スマートフォン　着信音03-07(スピーカー).mp3,9.789637188208618,0.1631606198034769,効果音＞携帯電話/スマートフォン　着信音03-07(スピーカー).mp3
770,sound_770.mp3,スマートフォン　着信音03-02(ドライ).mp3,otologic_sounds_smart/Cell_Phone,otologic_sounds_smart/Cell_Phone/効果音＞携帯電話/スマートフォン　着信音03-02(ドライ).mp3,9.789637188208618,0.1631606198034769,効果音＞携帯電話/スマートフォン　着信音03-02(ドライ).mp3
771,sound_771.mp3,スマートフォン　着信音03-04(ドライ).mp3,otologic_sounds_smart/Cell_Phone,otologic_sounds_smart/Cell_Phone/効果音＞携帯電話/スマートフォン　着信音03-04(ドライ).mp3,12.66530612244898,0.2110884353741496,効果音＞携帯電話/スマートフォン　着信音03-04(ドライ).mp3
772,sound_772.mp3,スマートフォン　着信音03-08(スピーカー).mp3,otologic_sounds_smart/Cell_Phone,otologic_sounds_smart/Cell_Phone/効果音＞携帯電話/スマートフォン　着信音03-08(スピーカー).mp3,10.10501133786848,0.1684168556311413,効果音＞携帯電話/スマートフォン　着信音03-08(スピーカー).mp3
773,sound_773.mp3,スマートフォン　着信音03-01(ドライ).mp3,otologic_sounds_smart/Cell_Phone,otologic_sounds_smart/Cell_Phone/効果音＞携帯電話/スマートフォン　着信音03-01(ドライ).mp3,12.292267573696146,0.204871126228269,効果音＞携帯電話/スマートフォン　着信音03-01(ドライ).mp3
774,sound_774.mp3,スマートフォン　着信音03-06(スピーカー).mp3,otologic_sounds_smart/Cell_Phone,otologic_sounds_smart/Cell_Phone/効果音＞携帯電話/スマートフォン　着信音03-06(スピーカー).mp3,12.292267573696146,0.204871126228269,効果音＞携帯電話/スマートフォン　着信音03-06(スピーカー).mp3
775,sound_775.mp3,スマートフォン　着信音03-09(スピーカー).mp3,otologic_sounds_smart/Cell_Phone,otologic_sounds_smart/Cell_Phone/効果音＞携帯電話/スマートフォン　着信音03-09(スピーカー).mp3,12.66530612244898,0.2110884353741496,効果音＞携帯電話/スマートフォン　着信音03-09(スピーカー).mp3
776,sound_776.mp3,携帯電話　バイブレーション02-03(クッション).mp3,otologic_sounds_smart/Cell_Phone,otologic_sounds_smart/Cell_Phone/携帯電話　バイブレーション02/携帯電話　バイブレーション02-03(クッション).mp3,9.056145124716553,0.1509357520786092,携帯電話　バイブレーション02/携帯電話　バイブレーション02-03(クッション).mp3
777,sound_777.mp3,携帯電話　バイブレーション02-08(毛布).mp3,otologic_sounds_smart/Cell_Phone,otologic_sounds_smart/Cell_Phone/携帯電話　バイブレーション02/携帯電話　バイブレーション02-08(毛布).mp3,9.006349206349206,0.1501058201058201,携帯電話　バイブレーション02/携帯電話　バイブレーション02-08(毛布).mp3
778,sound_778.mp3,携帯電話　バイブレーション02-09(毛布).mp3,otologic_sounds_smart/Cell_Phone,otologic_sounds_smart/Cell_Phone/携帯電話　バイブレーション02/携帯電話　バイブレーション02-09(毛布).mp3,9.08952380952381,0.1514920634920634,携帯電話　バイブレーション02/携帯電話　バイブレーション02-09(毛布).mp3
779,sound_779.mp3,携帯電話　バイブレーション02-01(クッション).mp3,otologic_sounds_smart/Cell_Phone,otologic_sounds_smart/Cell_Phone/携帯電話　バイブレーション02/携帯電話　バイブレーション02-01(クッション).mp3,9.028707482993198,0.1504784580498866,携帯電話　バイブレーション02/携帯電話　バイブレーション02-01(クッション).mp3
780,sound_780.mp3,携帯電話　バイブレーション02-05(手).mp3,otologic_sounds_smart/Cell_Phone,otologic_sounds_smart/Cell_Phone/携帯電話　バイブレーション02/携帯電話　バイブレーション02-05(手).mp3,9.03877551020408,0.1506462585034013,携帯電話　バイブレーション02/携帯電話　バイブレーション02-05(手).mp3
781,sound_781.mp3,携帯電話　バイブレーション02-02(クッション).mp3,otologic_sounds_smart/Cell_Phone,otologic_sounds_smart/Cell_Phone/携帯電話　バイブレーション02/携帯電話　バイブレーション02-02(クッション).mp3,8.985827664399093,0.1497637944066515,携帯電話　バイブレーション02/携帯電話　バイブレーション02-02(クッション).mp3
782,sound_782.mp3,携帯電話　バイブレーション02-07(毛布).mp3,otologic_sounds_smart/Cell_Phone,otologic_sounds_smart/Cell_Phone/携帯電話　バイブレーション02/携帯電話　バイブレーション02-07(毛布).mp3,9.021768707482993,0.1503628117913832,携帯電話　バイブレーション02/携帯電話　バイブレーション02-07(毛布).mp3
783,sound_783.mp3,携帯電話　バイブレーション02-06(手).mp3,otologic_sounds_smart/Cell_Phone,otologic_sounds_smart/Cell_Phone/携帯電話　バイブレーション02/携帯電話　バイブレーション02-06(手).mp3,9.080204081632653,0.1513367346938775,携帯電話　バイブレーション02/携帯電話　バイブレーション02-06(手).mp3
784,sound_784.mp3,携帯電話　バイブレーション02-04(手).mp3,otologic_sounds_smart/Cell_Phone,otologic_sounds_smart/Cell_Phone/携帯電話　バイブレーション02/携帯電話　バイブレーション02-04(手).mp3,9.030090702947843,0.1505015117157974,携帯電話　バイブレーション02/携帯電話　バイブレーション02-04(手).mp3
785,sound_785.mp3,携帯電話　バイブレーション03-17(毛布).mp3,otologic_sounds_smart/Cell_Phone,otologic_sounds_smart/Cell_Phone/携帯電話　バイブレーション03/携帯電話　バイブレーション03-17(毛布).mp3,8.007052154195012,0.1334508692365835,携帯電話　バイブレーション03/携帯電話　バイブレーション03-17(毛布).mp3
786,sound_786.mp3,携帯電話　バイブレーション03-16(毛布).mp3,otologic_sounds_smart/Cell_Phone,otologic_sounds_smart/Cell_Phone/携帯電話　バイブレーション03/携帯電話　バイブレーション03-16(毛布).mp3,7.497437641723356,0.1249572940287226,携帯電話　バイブレーション03/携帯電話　バイブレーション03-16(毛布).mp3
787,sound_787.mp3,携帯電話　バイブレーション03-15(毛布).mp3,otologic_sounds_smart/Cell_Phone,otologic_sounds_smart/Cell_Phone/携帯電話　バイブレーション03/携帯電話　バイブレーション03-15(毛布).mp3,5.992108843537415,0.0998684807256235,携帯電話　バイブレーション03/携帯電話　バイブレーション03-15(毛布).mp3
788,sound_788.mp3,スマートフォン　タイピング01-2(速い).mp3,otologic_sounds_smart/Cell_Phone,otologic_sounds_smart/Cell_Phone/スマートフォン　タイピング01/スマートフォン　タイピング01-2(速い).mp3,8.690975056689343,0.1448495842781557,スマートフォン　タイピング01/スマートフォン　タイピング01-2(速い).mp3
789,sound_789.mp3,スマートフォン　タイピング01-1(遅い).mp3,otologic_sounds_smart/Cell_Phone,otologic_sounds_smart/Cell_Phone/スマートフォン　タイピング01/スマートフォン　タイピング01-1(遅い).mp3,17.052290249433106,0.2842048374905517,スマートフォン　タイピング01/スマートフォン　タイピング01-1(遅い).mp3
790,sound_790.mp3,スマートフォン　タイピング01-6(スピーカー　速い).mp3,otologic_sounds_smart/Cell_Phone,otologic_sounds_smart/Cell_Phone/スマートフォン　タイピング01/スマートフォン　タイピング01-6(スピーカー　速い).mp3,8.690975056689343,0.1448495842781557,スマートフォン　タイピング01/スマートフォン　タイピング01-6(スピーカー　速い).mp3
791,sound_791.mp3,スマートフォン　タイピング01-5(スピーカー　遅い).mp3,otologic_sounds_smart/Cell_Phone,otologic_sounds_smart/Cell_Phone/スマートフォン　タイピング01/スマートフォン　タイピング01-5(スピーカー　遅い).mp3,17.052290249433106,0.2842048374905517,スマートフォン　タイピング01/スマートフォン　タイピング01-5(スピーカー　遅い).mp3
792,sound_792.mp3,フィーチャーフォン　着信音01-3(低).mp3,otologic_sounds_smart/Cell_Phone,otologic_sounds_smart/Cell_Phone/スマートフォン　着信音01/フィーチャーフォン　着信音01-3(低).mp3,10.6340589569161,0.1772343159486016,スマートフォン　着信音01/フィーチャーフォン　着信音01-3(低).mp3
793,sound_793.mp3,フィーチャーフォン　着信音01-1(高).mp3,otologic_sounds_smart/Cell_Phone,otologic_sounds_smart/Cell_Phone/スマートフォン　着信音01/フィーチャーフォン　着信音01-1(高).mp3,8.130385487528345,0.1355064247921391,スマートフォン　着信音01/フィーチャーフォン　着信音01-1(高).mp3
794,sound_794.mp3,フィーチャーフォン　着信音01-2(高).mp3,otologic_sounds_smart/Cell_Phone,otologic_sounds_smart/Cell_Phone/スマートフォン　着信音01/フィーチャーフォン　着信音01-2(高).mp3,5.283106575963719,0.0880517762660619,スマートフォン　着信音01/フィーチャーフォン　着信音01-2(高).mp3
795,sound_795.mp3,スマートフォン　アラーム01-16(スピーカー).mp3,otologic_sounds_smart/Cell_Phone,otologic_sounds_smart/Cell_Phone/スマートフォン　アラーム01/スマートフォン　アラーム01-16(スピーカー).mp3,6.579455782312925,0.109657596371882,スマートフォン　アラーム01/スマートフォン　アラーム01-16(スピーカー).mp3
796,sound_796.mp3,スマートフォン　アラーム01-15(スピーカー).mp3,otologic_sounds_smart/Cell_Phone,otologic_sounds_smart/Cell_Phone/スマートフォン　アラーム01/スマートフォン　アラーム01-15(スピーカー).mp3,11.539637188208618,0.1923272864701436,スマートフォン　アラーム01/スマートフォン　アラーム01-15(スピーカー).mp3
797,sound_797.mp3,携帯電話　バイブレーション03-01(クッション).mp3,otologic_sounds_smart/Cell_Phone,otologic_sounds_smart/Cell_Phone/スマートフォン　アラーム01/携帯電話　バイブレーション03-01(クッション).mp3,6.0,0.1,スマートフォン　アラーム01/携帯電話　バイブレーション03-01(クッション).mp3
798,sound_798.mp3,フィーチャーフォン　アラーム01-2.mp3,otologic_sounds_smart/Cell_Phone,otologic_sounds_smart/Cell_Phone/スマートフォン　アラーム01/フィーチャーフォン　アラーム01-2.mp3,8.075011337868482,0.134583522297808,スマートフォン　アラーム01/フィーチャーフォン　アラーム01-2.mp3
799,sound_799.mp3,フィーチャーフォン　アラーム01-1.mp3,otologic_sounds_smart/Cell_Phone,otologic_sounds_smart/Cell_Phone/スマートフォン　アラーム01/フィーチャーフォン　アラーム01-1.mp3,7.974081632653061,0.1329013605442177,スマートフォン　アラーム01/フィーチャーフォン　アラーム01-1.mp3
800,sound_800.mp3,スマートフォン　アラーム01-18(スピーカー).mp3,otologic_sounds_smart/Cell_Phone,otologic_sounds_smart/Cell_Phone/スマートフォン　アラーム01/スマートフォン　アラーム01-18(スピーカー).mp3,6.020204081632653,0.1003367346938775,スマートフォン　アラーム01/スマートフォン　アラーム01-18(スピーカー).mp3
801,sound_801.mp3,スマートフォン　アラーム01-06(ドライ).mp3,otologic_sounds_smart/Cell_Phone,otologic_sounds_smart/Cell_Phone/フィーチャーフォン　着信音01/スマートフォン　アラーム01-06(ドライ).mp3,11.539637188208618,0.1923272864701436,フィーチャーフォン　着信音01/スマートフォン　アラーム01-06(ドライ).mp3
802,sound_802.mp3,スマートフォン　アラーム01-10(スピーカー).mp3,otologic_sounds_smart/Cell_Phone,otologic_sounds_smart/Cell_Phone/フィーチャーフォン　着信音01/スマートフォン　アラーム01-10(スピーカー).mp3,12.39222222222222,0.206537037037037,フィーチャーフォン　着信音01/スマートフォン　アラーム01-10(スピーカー).mp3
803,sound_803.mp3,スマートフォン　アラーム01-07(ドライ).mp3,otologic_sounds_smart/Cell_Phone,otologic_sounds_smart/Cell_Phone/フィーチャーフォン　着信音01/スマートフォン　アラーム01-07(ドライ).mp3,6.579455782312925,0.109657596371882,フィーチャーフォン　着信音01/スマートフォン　アラーム01-07(ドライ).mp3
804,sound_804.mp3,スマートフォン　アラーム01-12(スピーカー).mp3,otologic_sounds_smart/Cell_Phone,otologic_sounds_smart/Cell_Phone/フィーチャーフォン　着信音01/スマートフォン　アラーム01-12(スピーカー).mp3,7.139183673469388,0.1189863945578231,フィーチャーフォン　着信音01/スマートフォン　アラーム01-12(スピーカー).mp3
805,sound_805.mp3,スマートフォン　アラーム01-09(ドライ).mp3,otologic_sounds_smart/Cell_Phone,otologic_sounds_smart/Cell_Phone/フィーチャーフォン　着信音01/スマートフォン　アラーム01-09(ドライ).mp3,6.020204081632653,0.1003367346938775,フィーチャーフォン　着信音01/スマートフォン　アラーム01-09(ドライ).mp3
806,sound_806.mp3,スマートフォン　アラーム01-14(スピーカー).mp3,otologic_sounds_smart/Cell_Phone,otologic_sounds_smart/Cell_Phone/フィーチャーフォン　着信音01/スマートフォン　アラーム01-14(スピーカー).mp3,5.011995464852608,0.0835332577475434,フィーチャーフォン　着信音01/スマートフォン　アラーム01-14(スピーカー).mp3
807,sound_807.mp3,スマートフォン　アラーム01-05(ドライ).mp3,otologic_sounds_smart/Cell_Phone,otologic_sounds_smart/Cell_Phone/フィーチャーフォン　着信音01/スマートフォン　アラーム01-05(ドライ).mp3,5.011995464852608,0.0835332577475434,フィーチャーフォン　着信音01/スマートフォン　アラーム01-05(ドライ).mp3
808,sound_808.mp3,スマートフォン　アラーム01-11(スピーカー).mp3,otologic_sounds_smart/Cell_Phone,otologic_sounds_smart/Cell_Phone/フィーチャーフォン　着信音01/スマートフォン　アラーム01-11(スピーカー).mp3,12.61140589569161,0.2101900982615268,フィーチャーフォン　着信音01/スマートフォン　アラーム01-11(スピーカー).mp3
809,sound_809.mp3,携帯電話　バイブレーション01-1(クッション).mp3,otologic_sounds_smart/Cell_Phone,otologic_sounds_smart/Cell_Phone/携帯電話　バイブレーション01/携帯電話　バイブレーション01-1(クッション).mp3,6.418616780045351,0.1069769463340891,携帯電話　バイブレーション01/携帯電話　バイブレーション01-1(クッション).mp3
810,sound_810.mp3,携帯電話　バイブレーション02-11(机).mp3,otologic_sounds_smart/Cell_Phone,otologic_sounds_smart/Cell_Phone/携帯電話　バイブレーション01/携帯電話　バイブレーション02-11(机).mp3,9.010997732426304,0.1501832955404384,携帯電話　バイブレーション01/携帯電話　バイブレーション02-11(机).mp3
811,sound_811.mp3,携帯電話　バイブレーション01-6(机).mp3,otologic_sounds_smart/Cell_Phone,otologic_sounds_smart/Cell_Phone/携帯電話　バイブレーション01/携帯電話　バイブレーション01-6(机).mp3,7.602834467120181,0.1267139077853363,携帯電話　バイブレーション01/携帯電話　バイブレーション01-6(机).mp3
812,sound_812.mp3,携帯電話　バイブレーション01-3(クロス).mp3,otologic_sounds_smart/Cell_Phone,otologic_sounds_smart/Cell_Phone/携帯電話　バイブレーション01/携帯電話　バイブレーション01-3(クロス).mp3,6.417482993197279,0.1069580498866213,携帯電話　バイブレーション01/携帯電話　バイブレーション01-3(クロス).mp3
813,sound_813.mp3,携帯電話　バイブレーション01-2(クッション).mp3,otologic_sounds_smart/Cell_Phone,otologic_sounds_smart/Cell_Phone/携帯電話　バイブレーション01/携帯電話　バイブレーション01-2(クッション).mp3,7.6210204081632655,0.1270170068027211,携帯電話　バイブレーション01/携帯電話　バイブレーション01-2(クッション).mp3
814,sound_814.mp3,携帯電話　バイブレーション02-10(机).mp3,otologic_sounds_smart/Cell_Phone,otologic_sounds_smart/Cell_Phone/携帯電話　バイブレーション01/携帯電話　バイブレーション02-10(机).mp3,9.025646258503402,0.1504274376417233,携帯電話　バイブレーション01/携帯電話　バイブレーション02-10(机).mp3
815,sound_815.mp3,携帯電話　バイブレーション01-5(机).mp3,otologic_sounds_smart/Cell_Phone,otologic_sounds_smart/Cell_Phone/携帯電話　バイブレーション01/携帯電話　バイブレーション01-5(机).mp3,6.419773242630385,0.1069962207105064,携帯電話　バイブレーション01/携帯電話　バイブレーション01-5(机).mp3
816,sound_816.mp3,携帯電話　バイブレーション01-4(クロス).mp3,otologic_sounds_smart/Cell_Phone,otologic_sounds_smart/Cell_Phone/携帯電話　バイブレーション01/携帯電話　バイブレーション01-4(クロス).mp3,7.615124716553288,0.1269187452758881,携帯電話　バイブレーション01/携帯電話　バイブレーション01-4(クロス).mp3
817,sound_817.mp3,携帯電話　バイブレーション02-12(机).mp3,otologic_sounds_smart/Cell_Phone,otologic_sounds_smart/Cell_Phone/携帯電話　バイブレーション01/携帯電話　バイブレーション02-12(机).mp3,9.062743764172335,0.1510457294028722,携帯電話　バイブレーション01/携帯電話　バイブレーション02-12(机).mp3
818,sound_818.mp3,携帯電話　バイブレーション03-09(手).mp3,otologic_sounds_smart/Cell_Phone,otologic_sounds_smart/Cell_Phone/フィーチャーフォン　アラーム01/携帯電話　バイブレーション03-09(手).mp3,7.494625850340136,0.1249104308390022,フィーチャーフォン　アラーム01/携帯電話　バイブレーション03-09(手).mp3
819,sound_819.mp3,携帯電話　バイブレーション03-02(クッション).mp3,otologic_sounds_smart/Cell_Phone,otologic_sounds_smart/Cell_Phone/フィーチャーフォン　アラーム01/携帯電話　バイブレーション03-02(クッション).mp3,7.521882086167801,0.12536470143613,フィーチャーフォン　アラーム01/携帯電話　バイブレーション03-02(クッション).mp3
820,sound_820.mp3,携帯電話　バイブレーション03-08(手).mp3,otologic_sounds_smart/Cell_Phone,otologic_sounds_smart/Cell_Phone/フィーチャーフォン　アラーム01/携帯電話　バイブレーション03-08(手).mp3,6.001541950113379,0.1000256991685563,フィーチャーフォン　アラーム01/携帯電話　バイブレーション03-08(手).mp3
821,sound_821.mp3,携帯電話　バイブレーション03-10(手).mp3,otologic_sounds_smart/Cell_Phone,otologic_sounds_smart/Cell_Phone/フィーチャーフォン　アラーム01/携帯電話　バイブレーション03-10(手).mp3,8.096643990929705,0.1349440665154951,フィーチャーフォン　アラーム01/携帯電話　バイブレーション03-10(手).mp3
822,sound_822.mp3,携帯電話　バイブレーション03-03(クッション).mp3,otologic_sounds_smart/Cell_Phone,otologic_sounds_smart/Cell_Phone/フィーチャーフォン　アラーム01/携帯電話　バイブレーション03-03(クッション).mp3,7.736190476190476,0.1289365079365079,フィーチャーフォン　アラーム01/携帯電話　バイブレーション03-03(クッション).mp3
823,sound_823.mp3,スマートフォン　着信音02-05(ドライ).mp3,otologic_sounds_smart/Cell_Phone,otologic_sounds_smart/Cell_Phone/スマートフォン　着信音03/スマートフォン　着信音02-05(ドライ).mp3,18.27077097505669,0.3045128495842781,スマートフォン　着信音03/スマートフォン　着信音02-05(ドライ).mp3
824,sound_824.mp3,スマートフォン　着信音02-07(スピーカー).mp3,otologic_sounds_smart/Cell_Phone,otologic_sounds_smart/Cell_Phone/スマートフォン　着信音03/スマートフォン　着信音02-07(スピーカー).mp3,9.979750566893424,0.1663291761148904,スマートフォン　着信音03/スマートフォン　着信音02-07(スピーカー).mp3
825,sound_825.mp3,スマートフォン　着信音02-03(ドライ).mp3,otologic_sounds_smart/Cell_Phone,otologic_sounds_smart/Cell_Phone/スマートフォン　着信音03/スマートフォン　着信音02-03(ドライ).mp3,9.313061224489797,0.1552176870748299,スマートフォン　着信音03/スマートフォン　着信音02-03(ドライ).mp3
826,sound_826.mp3,スマートフォン　着信音02-04(ドライ).mp3,otologic_sounds_smart/Cell_Phone,otologic_sounds_smart/Cell_Phone/スマートフォン　着信音03/スマートフォン　着信音02-04(ドライ).mp3,8.685736961451248,0.1447622826908541,スマートフォン　着信音03/スマートフォン　着信音02-04(ドライ).mp3
827,sound_827.mp3,スマートフォン　着信音02-08(スピーカー).mp3,otologic_sounds_smart/Cell_Phone,otologic_sounds_smart/Cell_Phone/スマートフォン　着信音03/スマートフォン　着信音02-08(スピーカー).mp3,9.313061224489797,0.1552176870748299,スマートフォン　着信音03/スマートフォン　着信音02-08(スピーカー).mp3
828,sound_828.mp3,スマートフォン　着信音02-02(ドライ).mp3,otologic_sounds_smart/Cell_Phone,otologic_sounds_smart/Cell_Phone/スマートフォン　着信音03/スマートフォン　着信音02-02(ドライ).mp3,9.979750566893424,0.1663291761148904,スマートフォン　着信音03/スマートフォン　着信音02-02(ドライ).mp3
829,sound_829.mp3,スマートフォン　着信音02-01(ドライ).mp3,otologic_sounds_smart/Cell_Phone,otologic_sounds_smart/Cell_Phone/スマートフォン　着信音03/スマートフォン　着信音02-01(ドライ).mp3,16.7778231292517,0.2796303854875283,スマートフォン　着信音03/スマートフォン　着信音02-01(ドライ).mp3
830,sound_830.mp3,スマートフォン　着信音02-06(スピーカー).mp3,otologic_sounds_smart/Cell_Phone,otologic_sounds_smart/Cell_Phone/スマートフォン　着信音03/スマートフォン　着信音02-06(スピーカー).mp3,16.7778231292517,0.2796303854875283,スマートフォン　着信音03/スマートフォン　着信音02-06(スピーカー).mp3
831,sound_831.mp3,スマートフォン　着信音03-10(スピーカー).mp3,otologic_sounds_smart/Cell_Phone,otologic_sounds_smart/Cell_Phone/スマートフォン　着信音03/スマートフォン　着信音03-10(スピーカー).mp3,19.833242630385488,0.3305540438397581,スマートフォン　着信音03/スマートフォン　着信音03-10(スピーカー).mp3
832,sound_832.mp3,スマートフォン　タイピング02-02(速い).mp3,otologic_sounds_smart/Cell_Phone,otologic_sounds_smart/Cell_Phone/スマートフォン　タイピング02/スマートフォン　タイピング02-02(速い).mp3,8.312925170068027,0.1385487528344671,スマートフォン　タイピング02/スマートフォン　タイピング02-02(速い).mp3
833,sound_833.mp3,スマートフォン　タイピング02-01(遅い).mp3,otologic_sounds_smart/Cell_Phone,otologic_sounds_smart/Cell_Phone/スマートフォン　タイピング02/スマートフォン　タイピング02-01(遅い).mp3,15.468253968253968,0.2578042328042328,スマートフォン　タイピング02/スマートフォン　タイピング02-01(遅い).mp3
834,sound_834.mp3,スマートフォン　タイピング02-06(スピーカー　遅い).mp3,otologic_sounds_smart/Cell_Phone,otologic_sounds_smart/Cell_Phone/スマートフォン　タイピング02/スマートフォン　タイピング02-06(スピーカー　遅い).mp3,15.468253968253968,0.2578042328042328,スマートフォン　タイピング02/スマートフォン　タイピング02-06(スピーカー　遅い).mp3
835,sound_835.mp3,スマートフォン　タイピング02-07(スピーカー　速い).mp3,otologic_sounds_smart/Cell_Phone,otologic_sounds_smart/Cell_Phone/スマートフォン　タイピング02/スマートフォン　タイピング02-07(スピーカー　速い).mp3,8.312925170068027,0.1385487528344671,スマートフォン　タイピング02/スマートフォン　タイピング02-07(スピーカー　速い).mp3
836,sound_836.mp3,スマートフォン　着信音01-01(ドライ).mp3,otologic_sounds_smart/Cell_Phone,otologic_sounds_smart/Cell_Phone/スマートフォン　着信音02/スマートフォン　着信音01-01(ドライ).mp3,7.719727891156462,0.1286621315192743,スマートフォン　着信音02/スマートフォン　着信音01-01(ドライ).mp3
837,sound_837.mp3,スマートフォン　着信音02-10(スピーカー).mp3,otologic_sounds_smart/Cell_Phone,otologic_sounds_smart/Cell_Phone/スマートフォン　着信音02/スマートフォン　着信音02-10(スピーカー).mp3,18.27077097505669,0.3045128495842781,スマートフォン　着信音02/スマートフォン　着信音02-10(スピーカー).mp3
838,sound_838.mp3,スマートフォン　着信音01-06(スピーカー).mp3,otologic_sounds_smart/Cell_Phone,otologic_sounds_smart/Cell_Phone/スマートフォン　着信音02/スマートフォン　着信音01-06(スピーカー).mp3,7.719727891156462,0.1286621315192743,スマートフォン　着信音02/スマートフォン　着信音01-06(スピーカー).mp3
839,sound_839.mp3,スマートフォン　着信音02-09(スピーカー).mp3,otologic_sounds_smart/Cell_Phone,otologic_sounds_smart/Cell_Phone/スマートフォン　着信音02/スマートフォン　着信音02-09(スピーカー).mp3,8.685736961451248,0.1447622826908541,スマートフォン　着信音02/スマートフォン　着信音02-09(スピーカー).mp3
840,sound_840.mp3,携帯電話　ハードウェア02-09(ボタン).mp3,otologic_sounds_smart/Cell_Phone,otologic_sounds_smart/Cell_Phone/携帯電話　ハードウェア02/携帯電話　ハードウェア02-09(ボタン).mp3,7.534671201814059,0.1255778533635676,携帯電話　ハードウェア02/携帯電話　ハードウェア02-09(ボタン).mp3
841,sound_841.mp3,携帯電話　ハードウェア02-04(ボタン　ビープ).mp3,otologic_sounds_smart/Cell_Phone,otologic_sounds_smart/Cell_Phone/携帯電話　ハードウェア02/携帯電話　ハードウェア02-04(ボタン　ビープ).mp3,7.620702947845805,0.1270117157974301,携帯電話　ハードウェア02/携帯電話　ハードウェア02-04(ボタン　ビープ).mp3
842,sound_842.mp3,携帯電話　ハードウェア02-10(ボタン).mp3,otologic_sounds_smart/Cell_Phone,otologic_sounds_smart/Cell_Phone/携帯電話　ハードウェア02/携帯電話　ハードウェア02-10(ボタン).mp3,11.665351473922902,0.1944225245653817,携帯電話　ハードウェア02/携帯電話　ハードウェア02-10(ボタン).mp3
843,sound_843.mp3,携帯電話　ハードウェア02-05(ボタン　ビープ).mp3,otologic_sounds_smart/Cell_Phone,otologic_sounds_smart/Cell_Phone/携帯電話　ハードウェア02/携帯電話　ハードウェア02-05(ボタン　ビープ).mp3,11.617052154195012,0.1936175359032502,携帯電話　ハードウェア02/携帯電話　ハードウェア02-05(ボタン　ビープ).mp3
844,sound_844.mp3,マイク　フィードバック01-作例.mp3,otologic_sounds_smart/Pa Equipment,otologic_sounds_smart/Pa Equipment/効果音＞PA機器/マイク　フィードバック01-作例.mp3,10.882721088435376,0.1813786848072562,効果音＞PA機器/マイク　フィードバック01-作例.mp3
845,sound_845.mp3,マイク　フィードバック01-4.mp3,otologic_sounds_smart/Pa Equipment,otologic_sounds_smart/Pa Equipment/効果音＞PA機器/マイク　フィードバック01-4.mp3,6.620136054421769,0.1103356009070294,効果音＞PA機器/マイク　フィードバック01-4.mp3
846,sound_846.mp3,メガホン　ノイズ01-3(ルーム　雑音).mp3,otologic_sounds_smart/Pa Equipment,otologic_sounds_smart/Pa Equipment/メガホン　ノイズ01/メガホン　ノイズ01-3(ルーム　雑音).mp3,16.06605442176871,0.2677675736961451,メガホン　ノイズ01/メガホン　ノイズ01-3(ルーム　雑音).mp3
847,sound_847.mp3,メガホン　ノイズ01-1(ドライ　雑音).mp3,otologic_sounds_smart/Pa Equipment,otologic_sounds_smart/Pa Equipment/メガホン　ノイズ01/メガホン　ノイズ01-1(ドライ　雑音).mp3,15.602743764172336,0.2600457294028723,メガホン　ノイズ01/メガホン　ノイズ01-1(ドライ　雑音).mp3
848,sound_848.mp3,マルチアクセント11-4(高　ディレイ).mp3,otologic_sounds_smart/Multi Accent,otologic_sounds_smart/Multi Accent/マルチアクセント12/マルチアクセント11-4(高　ディレイ).mp3,5.835532879818594,0.0972588813303099,マルチアクセント12/マルチアクセント11-4(高　ディレイ).mp3
849,sound_849.mp3,マルチアクセント11-3(低　ディレイ).mp3,otologic_sounds_smart/Multi Accent,otologic_sounds_smart/Multi Accent/マルチアクセント12/マルチアクセント11-3(低　ディレイ).mp3,5.834149659863946,0.0972358276643991,マルチアクセント12/マルチアクセント11-3(低　ディレイ).mp3
850,sound_850.mp3,マルチアクセント10-1(低).mp3,otologic_sounds_smart/Multi Accent,otologic_sounds_smart/Multi Accent/マルチアクセント12/マルチアクセント10-1(低).mp3,7.262176870748299,0.1210362811791383,マルチアクセント12/マルチアクセント10-1(低).mp3
851,sound_851.mp3,マルチアクセント07-2(高).mp3,otologic_sounds_smart/Multi Accent,otologic_sounds_smart/Multi Accent/マルチアクセント08/マルチアクセント07-2(高).mp3,6.177324263038549,0.1029554043839758,マルチアクセント08/マルチアクセント07-2(高).mp3
852,sound_852.mp3,マルチアクセント05-4(低　ディレイ).mp3,otologic_sounds_smart/Multi Accent,otologic_sounds_smart/Multi Accent/マルチアクセント06/マルチアクセント05-4(低　ディレイ).mp3,6.452721088435374,0.1075453514739229,マルチアクセント06/マルチアクセント05-4(低　ディレイ).mp3
853,sound_853.mp3,マルチアクセント01-2(ディレイ).mp3,otologic_sounds_smart/Multi Accent,otologic_sounds_smart/Multi Accent/マルチアクセント01/マルチアクセント01-2(ディレイ).mp3,6.234648526077097,0.1039108087679516,マルチアクセント01/マルチアクセント01-2(ディレイ).mp3
854,sound_854.mp3,マルチアクセント06-1(長).mp3,otologic_sounds_smart/Multi Accent,otologic_sounds_smart/Multi Accent/マルチアクセント07/マルチアクセント06-1(長).mp3,7.718390022675737,0.1286398337112622,マルチアクセント07/マルチアクセント06-1(長).mp3
855,sound_855.mp3,マルチアクセント08-1(長).mp3,otologic_sounds_smart/Multi Accent,otologic_sounds_smart/Multi Accent/マルチアクセント09/マルチアクセント08-1(長).mp3,6.511451247165533,0.1085241874527588,マルチアクセント09/マルチアクセント08-1(長).mp3
856,sound_856.mp3,マルチアクセント08-3(ディレイ).mp3,otologic_sounds_smart/Multi Accent,otologic_sounds_smart/Multi Accent/マルチアクセント09/マルチアクセント08-3(ディレイ).mp3,6.873378684807256,0.1145563114134542,マルチアクセント09/マルチアクセント08-3(ディレイ).mp3
857,sound_857.mp3,マルチアクセント07-1(低).mp3,otologic_sounds_smart/Multi Accent,otologic_sounds_smart/Multi Accent/マルチアクセント09/マルチアクセント07-1(低).mp3,8.148027210884354,0.1358004535147392,マルチアクセント09/マルチアクセント07-1(低).mp3
858,sound_858.mp3,マルチアクセント10-6(高　ディレイ).mp3,otologic_sounds_smart/Multi Accent,otologic_sounds_smart/Multi Accent/マルチアクセント10/マルチアクセント10-6(高　ディレイ).mp3,7.918163265306123,0.131969387755102,マルチアクセント10/マルチアクセント10-6(高　ディレイ).mp3
859,sound_859.mp3,マルチアクセント10-5(低　ディレイ).mp3,otologic_sounds_smart/Multi Accent,otologic_sounds_smart/Multi Accent/マルチアクセント11/マルチアクセント10-5(低　ディレイ).mp3,8.354149659863946,0.1392358276643991,マルチアクセント11/マルチアクセント10-5(低　ディレイ).mp3
860,sound_860.mp3,マルチアクセント10-2(高).mp3,otologic_sounds_smart/Multi Accent,otologic_sounds_smart/Multi Accent/マルチアクセント11/マルチアクセント10-2(高).mp3,5.780408163265306,0.0963401360544217,マルチアクセント11/マルチアクセント10-2(高).mp3
861,sound_861.mp3,マルチアクセント05-5(中　ディレイ).mp3,otologic_sounds_smart/Multi Accent,otologic_sounds_smart/Multi Accent/マルチアクセント05/マルチアクセント05-5(中　ディレイ).mp3,6.46546485260771,0.1077577475434618,マルチアクセント05/マルチアクセント05-5(中　ディレイ).mp3
862,sound_862.mp3,マルチアクセント05-6(高　ディレイ).mp3,otologic_sounds_smart/Multi Accent,otologic_sounds_smart/Multi Accent/マルチアクセント05/マルチアクセント05-6(高　ディレイ).mp3,6.568185941043084,0.1094697656840514,マルチアクセント05/マルチアクセント05-6(高　ディレイ).mp3
863,sound_863.mp3,マルチアクセント04-4(長　高).mp3,otologic_sounds_smart/Multi Accent,otologic_sounds_smart/Multi Accent/マルチアクセント04/マルチアクセント04-4(長　高).mp3,5.020136054421768,0.0836689342403628,マルチアクセント04/マルチアクセント04-4(長　高).mp3
864,sound_864.mp3,マルチアクセント03-1(低).mp3,otologic_sounds_smart/Multi Accent,otologic_sounds_smart/Multi Accent/マルチアクセント03/マルチアクセント03-1(低).mp3,5.6689569160997735,0.0944826152683295,マルチアクセント03/マルチアクセント03-1(低).mp3
865,sound_865.mp3,マルチアクセント03-2(高).mp3,otologic_sounds_smart/Multi Accent,otologic_sounds_smart/Multi Accent/マルチアクセント03/マルチアクセント03-2(高).mp3,5.651156462585034,0.0941859410430838,マルチアクセント03/マルチアクセント03-2(高).mp3
866,sound_866.mp3,雑踏　改札前01-1.mp3,otologic_sounds_smart/City_Ambi,otologic_sounds_smart/City_Ambi/雑踏　街頭02/雑踏　改札前01-1.mp3,150.88294784580498,2.514715797430083,雑踏　街頭02/雑踏　改札前01-1.mp3
867,sound_867.mp3,雑踏　街頭02-2.mp3,otologic_sounds_smart/City_Ambi,otologic_sounds_smart/City_Ambi/効果音＞雑踏/雑踏　街頭02-2.mp3,119.89149659863943,1.9981916099773245,効果音＞雑踏/雑踏　街頭02-2.mp3
868,sound_868.mp3,雑踏　街頭02-1.mp3,otologic_sounds_smart/City_Ambi,otologic_sounds_smart/City_Ambi/効果音＞雑踏/雑踏　街頭02-1.mp3,115.64637188208616,1.9274395313681028,効果音＞雑踏/雑踏　街頭02-1.mp3
869,sound_869.mp3,雑踏　街頭01-1.mp3,otologic_sounds_smart/City_Ambi,otologic_sounds_smart/City_Ambi/雑踏　改札前01/雑踏　街頭01-1.mp3,60.41233560090703,1.0068722600151172,雑踏　改札前01/雑踏　街頭01-1.mp3
870,sound_870.mp3,雑踏　街頭01-2.mp3,otologic_sounds_smart/City_Ambi,otologic_sounds_smart/City_Ambi/雑踏　街頭01/雑踏　街頭01-2.mp3,60.41233560090703,1.0068722600151172,雑踏　街頭01/雑踏　街頭01-2.mp3
871,sound_871.mp3,雑踏　お祭り01-1.mp3,otologic_sounds_smart/City_Ambi,otologic_sounds_smart/City_Ambi/雑踏　お祭り01/雑踏　お祭り01-1.mp3,155.005306122449,2.583421768707483,雑踏　お祭り01/雑踏　お祭り01-1.mp3
872,sound_872.mp3,チャイム　学校05-05(速　中).mp3,otologic_sounds_smart/School_Bell,otologic_sounds_smart/School_Bell/効果音＞学校のチャイム/チャイム　学校05-05(速　中).mp3,12.498299319727892,0.2083049886621315,効果音＞学校のチャイム/チャイム　学校05-05(速　中).mp3
873,sound_873.mp3,チャイム　学校05-02(遅　中).mp3,otologic_sounds_smart/School_Bell,otologic_sounds_smart/School_Bell/効果音＞学校のチャイム/チャイム　学校05-02(遅　中).mp3,15.731632653061224,0.2621938775510204,効果音＞学校のチャイム/チャイム　学校05-02(遅　中).mp3
874,sound_874.mp3,チャイム　学校05-06(速　短).mp3,otologic_sounds_smart/School_Bell,otologic_sounds_smart/School_Bell/効果音＞学校のチャイム/チャイム　学校05-06(速　短).mp3,9.559183673469388,0.1593197278911564,効果音＞学校のチャイム/チャイム　学校05-06(速　短).mp3
875,sound_875.mp3,チャイム　学校05-01(遅　長).mp3,otologic_sounds_smart/School_Bell,otologic_sounds_smart/School_Bell/効果音＞学校のチャイム/チャイム　学校05-01(遅　長).mp3,25.147142857142857,0.4191190476190476,効果音＞学校のチャイム/チャイム　学校05-01(遅　長).mp3
876,sound_876.mp3,チャイム　学校05-08(遠い　遅　中).mp3,otologic_sounds_smart/School_Bell,otologic_sounds_smart/School_Bell/効果音＞学校のチャイム/チャイム　学校05-08(遠い　遅　中).mp3,16.788662131519274,0.2798110355253212,効果音＞学校のチャイム/チャイム　学校05-08(遠い　遅　中).mp3
877,sound_877.mp3,チャイム　学校05-04(速　長).mp3,otologic_sounds_smart/School_Bell,otologic_sounds_smart/School_Bell/効果音＞学校のチャイム/チャイム　学校05-04(速　長).mp3,17.464875283446712,0.2910812547241119,効果音＞学校のチャイム/チャイム　学校05-04(速　長).mp3
878,sound_878.mp3,チャイム　学校05-07(遠い　遅　長).mp3,otologic_sounds_smart/School_Bell,otologic_sounds_smart/School_Bell/効果音＞学校のチャイム/チャイム　学校05-07(遠い　遅　長).mp3,26.536507936507935,0.4422751322751323,効果音＞学校のチャイム/チャイム　学校05-07(遠い　遅　長).mp3
879,sound_879.mp3,チャイム　学校05-03(遅　短).mp3,otologic_sounds_smart/School_Bell,otologic_sounds_smart/School_Bell/効果音＞学校のチャイム/チャイム　学校05-03(遅　短).mp3,10.46736961451247,0.1744561602418745,効果音＞学校のチャイム/チャイム　学校05-03(遅　短).mp3
880,sound_880.mp3,チャイム　学校03-10(遠い　速　長).mp3,otologic_sounds_smart/School_Bell,otologic_sounds_smart/School_Bell/チャイム　学校03/チャイム　学校03-10(遠い　速　長).mp3,20.615668934240365,0.3435944822373394,チャイム　学校03/チャイム　学校03-10(遠い　速　長).mp3
881,sound_881.mp3,チャイム　学校03-11(遠い　速　中).mp3,otologic_sounds_smart/School_Bell,otologic_sounds_smart/School_Bell/チャイム　学校03/チャイム　学校03-11(遠い　速　中).mp3,13.728843537414964,0.2288140589569161,チャイム　学校03/チャイム　学校03-11(遠い　速　中).mp3
882,sound_882.mp3,チャイム　学校03-09(遠い　遅　短).mp3,otologic_sounds_smart/School_Bell,otologic_sounds_smart/School_Bell/チャイム　学校03/チャイム　学校03-09(遠い　遅　短).mp3,13.004580498866211,0.2167430083144368,チャイム　学校03/チャイム　学校03-09(遠い　遅　短).mp3
883,sound_883.mp3,チャイム　学校03-08(遠い　遅　中).mp3,otologic_sounds_smart/School_Bell,otologic_sounds_smart/School_Bell/チャイム　学校03/チャイム　学校03-08(遠い　遅　中).mp3,18.78845804988662,0.3131409674981104,チャイム　学校03/チャイム　学校03-08(遠い　遅　中).mp3
884,sound_884.mp3,チャイム　学校03-07(遠い　遅　長).mp3,otologic_sounds_smart/School_Bell,otologic_sounds_smart/School_Bell/チャイム　学校03/チャイム　学校03-07(遠い　遅　長).mp3,29.15430839002267,0.4859051398337112,チャイム　学校03/チャイム　学校03-07(遠い　遅　長).mp3
885,sound_885.mp3,チャイム　学校02-01(遅　長).mp3,otologic_sounds_smart/School_Bell,otologic_sounds_smart/School_Bell/チャイム　学校03/チャイム　学校02-01(遅　長).mp3,25.63986394557823,0.4273310657596372,チャイム　学校03/チャイム　学校02-01(遅　長).mp3
886,sound_886.mp3,チャイム　学校02-02(遅　中).mp3,otologic_sounds_smart/School_Bell,otologic_sounds_smart/School_Bell/チャイム　学校03/チャイム　学校02-02(遅　中).mp3,15.331519274376417,0.255525321239607,チャイム　学校03/チャイム　学校02-02(遅　中).mp3
887,sound_887.mp3,チャイム　学校03-12(遠い　速　短).mp3,otologic_sounds_smart/School_Bell,otologic_sounds_smart/School_Bell/チャイム　学校03/チャイム　学校03-12(遠い　速　短).mp3,9.973015873015871,0.1662169312169312,チャイム　学校03/チャイム　学校03-12(遠い　速　短).mp3
888,sound_888.mp3,チャイム　学校03-05(速　中).mp3,otologic_sounds_smart/School_Bell,otologic_sounds_smart/School_Bell/チャイム　学校04/チャイム　学校03-05(速　中).mp3,10.951995464852608,0.1825332577475434,チャイム　学校04/チャイム　学校03-05(速　中).mp3
889,sound_889.mp3,チャイム　学校03-06(速　短).mp3,otologic_sounds_smart/School_Bell,otologic_sounds_smart/School_Bell/チャイム　学校04/チャイム　学校03-06(速　短).mp3,6.978095238095238,0.1163015873015873,チャイム　学校04/チャイム　学校03-06(速　短).mp3
890,sound_890.mp3,チャイム　学校03-02(遅　中).mp3,otologic_sounds_smart/School_Bell,otologic_sounds_smart/School_Bell/チャイム　学校04/チャイム　学校03-02(遅　中).mp3,16.24138321995465,0.2706897203325775,チャイム　学校04/チャイム　学校03-02(遅　中).mp3
891,sound_891.mp3,チャイム　学校03-01(遅　長).mp3,otologic_sounds_smart/School_Bell,otologic_sounds_smart/School_Bell/チャイム　学校04/チャイム　学校03-01(遅　長).mp3,26.973628117913833,0.4495604686318972,チャイム　学校04/チャイム　学校03-01(遅　長).mp3
892,sound_892.mp3,チャイム　学校04-5(遠い　中).mp3,otologic_sounds_smart/School_Bell,otologic_sounds_smart/School_Bell/チャイム　学校04/チャイム　学校04-5(遠い　中).mp3,17.35795918367347,0.2892993197278911,チャイム　学校04/チャイム　学校04-5(遠い　中).mp3
893,sound_893.mp3,チャイム　学校03-04(速　長).mp3,otologic_sounds_smart/School_Bell,otologic_sounds_smart/School_Bell/チャイム　学校04/チャイム　学校03-04(速　長).mp3,17.75562358276644,0.295927059712774,チャイム　学校04/チャイム　学校03-04(速　長).mp3
894,sound_894.mp3,チャイム　学校03-03(遅　短).mp3,otologic_sounds_smart/School_Bell,otologic_sounds_smart/School_Bell/チャイム　学校04/チャイム　学校03-03(遅　短).mp3,10.45124716553288,0.1741874527588813,チャイム　学校04/チャイム　学校03-03(遅　短).mp3
895,sound_895.mp3,チャイム　学校04-6(遠い　短).mp3,otologic_sounds_smart/School_Bell,otologic_sounds_smart/School_Bell/チャイム　学校04/チャイム　学校04-6(遠い　短).mp3,12.052086167800454,0.2008681027966742,チャイム　学校04/チャイム　学校04-6(遠い　短).mp3
896,sound_896.mp3,チャイム　学校05-11(遠い　速　中).mp3,otologic_sounds_smart/School_Bell,otologic_sounds_smart/School_Bell/チャイム　学校05/チャイム　学校05-11(遠い　速　中).mp3,12.884807256235828,0.2147467876039304,チャイム　学校05/チャイム　学校05-11(遠い　速　中).mp3
897,sound_897.mp3,チャイム　学校05-10(遠い　速　長).mp3,otologic_sounds_smart/School_Bell,otologic_sounds_smart/School_Bell/チャイム　学校05/チャイム　学校05-10(遠い　速　長).mp3,18.314648526077097,0.3052441421012849,チャイム　学校05/チャイム　学校05-10(遠い　速　長).mp3
898,sound_898.mp3,チャイム　学校05-09(遠い　遅　短).mp3,otologic_sounds_smart/School_Bell,otologic_sounds_smart/School_Bell/チャイム　学校05/チャイム　学校05-09(遠い　遅　短).mp3,12.281156462585034,0.2046859410430839,チャイム　学校05/チャイム　学校05-09(遠い　遅　短).mp3
899,sound_899.mp3,チャイム　学校04-1(長).mp3,otologic_sounds_smart/School_Bell,otologic_sounds_smart/School_Bell/チャイム　学校05/チャイム　学校04-1(長).mp3,26.659138321995464,0.4443189720332577,チャイム　学校05/チャイム　学校04-1(長).mp3
900,sound_900.mp3,チャイム　学校04-4(遠い　長).mp3,otologic_sounds_smart/School_Bell,otologic_sounds_smart/School_Bell/チャイム　学校05/チャイム　学校04-4(遠い　長).mp3,28.168140589569163,0.4694690098261527,チャイム　学校05/チャイム　学校04-4(遠い　長).mp3
901,sound_901.mp3,チャイム　学校04-3(短).mp3,otologic_sounds_smart/School_Bell,otologic_sounds_smart/School_Bell/チャイム　学校05/チャイム　学校04-3(短).mp3,11.523514739229023,0.1920585789871504,チャイム　学校05/チャイム　学校04-3(短).mp3
902,sound_902.mp3,チャイム　学校04-2(中).mp3,otologic_sounds_smart/School_Bell,otologic_sounds_smart/School_Bell/チャイム　学校05/チャイム　学校04-2(中).mp3,15.857006802721088,0.2642834467120181,チャイム　学校05/チャイム　学校04-2(中).mp3
903,sound_903.mp3,チャイム　学校05-12(遠い　速　短).mp3,otologic_sounds_smart/School_Bell,otologic_sounds_smart/School_Bell/チャイム　学校05/チャイム　学校05-12(遠い　速　短).mp3,10.8818820861678,0.18136470143613,チャイム　学校05/チャイム　学校05-12(遠い　速　短).mp3
904,sound_904.mp3,チャイム　学校02-08(遠い　遅　中).mp3,otologic_sounds_smart/School_Bell,otologic_sounds_smart/School_Bell/チャイム　学校02/チャイム　学校02-08(遠い　遅　中).mp3,17.837868480725625,0.2972978080120937,チャイム　学校02/チャイム　学校02-08(遠い　遅　中).mp3
905,sound_905.mp3,チャイム　学校02-03(遅　短).mp3,otologic_sounds_smart/School_Bell,otologic_sounds_smart/School_Bell/チャイム　学校02/チャイム　学校02-03(遅　短).mp3,9.77265306122449,0.1628775510204081,チャイム　学校02/チャイム　学校02-03(遅　短).mp3
906,sound_906.mp3,チャイム　学校02-09(遠い　遅　短).mp3,otologic_sounds_smart/School_Bell,otologic_sounds_smart/School_Bell/チャイム　学校02/チャイム　学校02-09(遠い　遅　短).mp3,12.248231292517008,0.2041371882086168,チャイム　学校02/チャイム　学校02-09(遠い　遅　短).mp3
907,sound_907.mp3,チャイム　学校02-04(速　長).mp3,otologic_sounds_smart/School_Bell,otologic_sounds_smart/School_Bell/チャイム　学校02/チャイム　学校02-04(速　長).mp3,18.57877551020408,0.3096462585034014,チャイム　学校02/チャイム　学校02-04(速　長).mp3
908,sound_908.mp3,チャイム　学校02-07(遠い　遅　長).mp3,otologic_sounds_smart/School_Bell,otologic_sounds_smart/School_Bell/チャイム　学校02/チャイム　学校02-07(遠い　遅　長).mp3,27.442698412698412,0.4573783068783069,チャイム　学校02/チャイム　学校02-07(遠い　遅　長).mp3
909,sound_909.mp3,チャイム　学校02-06(速　短).mp3,otologic_sounds_smart/School_Bell,otologic_sounds_smart/School_Bell/チャイム　学校02/チャイム　学校02-06(速　短).mp3,8.024625850340136,0.1337437641723356,チャイム　学校02/チャイム　学校02-06(速　短).mp3
910,sound_910.mp3,チャイム　学校02-05(速　中).mp3,otologic_sounds_smart/School_Bell,otologic_sounds_smart/School_Bell/チャイム　学校02/チャイム　学校02-05(速　中).mp3,11.628367346938775,0.1938061224489796,チャイム　学校02/チャイム　学校02-05(速　中).mp3
911,sound_911.mp3,チャイム　学校02-11(遠い　速　中).mp3,otologic_sounds_smart/School_Bell,otologic_sounds_smart/School_Bell/チャイム　学校01/チャイム　学校02-11(遠い　速　中).mp3,13.51498866213152,0.2252498110355253,チャイム　学校01/チャイム　学校02-11(遠い　速　中).mp3
912,sound_912.mp3,チャイム　学校01-2(普通　速).mp3,otologic_sounds_smart/School_Bell,otologic_sounds_smart/School_Bell/チャイム　学校01/チャイム　学校01-2(普通　速).mp3,28.002721088435376,0.4667120181405896,チャイム　学校01/チャイム　学校01-2(普通　速).mp3
913,sound_913.mp3,チャイム　学校02-10(遠い　速　長).mp3,otologic_sounds_smart/School_Bell,otologic_sounds_smart/School_Bell/チャイム　学校01/チャイム　学校02-10(遠い　速　長).mp3,20.946349206349208,0.3491058201058201,チャイム　学校01/チャイム　学校02-10(遠い　速　長).mp3
914,sound_914.mp3,チャイム　学校01-3(ホラー　遅).mp3,otologic_sounds_smart/School_Bell,otologic_sounds_smart/School_Bell/チャイム　学校01/チャイム　学校01-3(ホラー　遅).mp3,28.79383219954649,0.4798972033257748,チャイム　学校01/チャイム　学校01-3(ホラー　遅).mp3
915,sound_915.mp3,チャイム　学校01-4(ホラー　速).mp3,otologic_sounds_smart/School_Bell,otologic_sounds_smart/School_Bell/チャイム　学校01/チャイム　学校01-4(ホラー　速).mp3,23.98374149659864,0.3997290249433106,チャイム　学校01/チャイム　学校01-4(ホラー　速).mp3
916,sound_916.mp3,チャイム　学校02-12(遠い　速　短).mp3,otologic_sounds_smart/School_Bell,otologic_sounds_smart/School_Bell/チャイム　学校01/チャイム　学校02-12(遠い　速　短).mp3,10.293356009070294,0.1715559334845049,チャイム　学校01/チャイム　学校02-12(遠い　速　短).mp3
917,sound_917.mp3,チャイム　学校01-1(普通　遅).mp3,otologic_sounds_smart/School_Bell,otologic_sounds_smart/School_Bell/チャイム　学校01/チャイム　学校01-1(普通　遅).mp3,31.570226757369618,0.5261704459561602,チャイム　学校01/チャイム　学校01-1(普通　遅).mp3
918,sound_918.mp3,心拍04-6(速　リバーブ　短).mp3,otologic_sounds_smart/Heartbeat,otologic_sounds_smart/Heartbeat/心拍04/心拍04-6(速　リバーブ　短).mp3,5.17671201814059,0.0862785336356764,心拍04/心拍04-6(速　リバーブ　短).mp3
919,sound_919.mp3,心拍04-8(中　ループ).mp3,otologic_sounds_smart/Heartbeat,otologic_sounds_smart/Heartbeat/心拍04/心拍04-8(中　ループ).mp3,7.117845804988662,0.1186307634164777,心拍04/心拍04-8(中　ループ).mp3
920,sound_920.mp3,心拍04-7(遅　ループ).mp3,otologic_sounds_smart/Heartbeat,otologic_sounds_smart/Heartbeat/心拍04/心拍04-7(遅　ループ).mp3,10.018163265306123,0.166969387755102,心拍04/心拍04-7(遅　ループ).mp3
921,sound_921.mp3,心拍03-2(速　リバーブ).mp3,otologic_sounds_smart/Heartbeat,otologic_sounds_smart/Heartbeat/心拍03/心拍03-2(速　リバーブ).mp3,10.944331065759638,0.1824055177626606,心拍03/心拍03-2(速　リバーブ).mp3
922,sound_922.mp3,心拍03-3(遅　ループ).mp3,otologic_sounds_smart/Heartbeat,otologic_sounds_smart/Heartbeat/心拍03/心拍03-3(遅　ループ).mp3,10.677006802721088,0.1779501133786848,心拍03/心拍03-3(遅　ループ).mp3
923,sound_923.mp3,心拍03-1(遅　リバーブ).mp3,otologic_sounds_smart/Heartbeat,otologic_sounds_smart/Heartbeat/心拍03/心拍03-1(遅　リバーブ).mp3,13.922721088435374,0.2320453514739228,心拍03/心拍03-1(遅　リバーブ).mp3
924,sound_924.mp3,心拍02-3(遅　リバーブ).mp3,otologic_sounds_smart/Heartbeat,otologic_sounds_smart/Heartbeat/心拍02/心拍02-3(遅　リバーブ).mp3,12.00702947845805,0.2001171579743008,心拍02/心拍02-3(遅　リバーブ).mp3
925,sound_925.mp3,心拍02-2(速　ループ).mp3,otologic_sounds_smart/Heartbeat,otologic_sounds_smart/Heartbeat/心拍02/心拍02-2(速　ループ).mp3,6.286643990929705,0.1047773998488284,心拍02/心拍02-2(速　ループ).mp3
926,sound_926.mp3,心拍02-1(遅　ループ).mp3,otologic_sounds_smart/Heartbeat,otologic_sounds_smart/Heartbeat/心拍02/心拍02-1(遅　ループ).mp3,9.987142857142857,0.1664523809523809,心拍02/心拍02-1(遅　ループ).mp3
927,sound_927.mp3,心拍03-4(速　ループ).mp3,otologic_sounds_smart/Heartbeat,otologic_sounds_smart/Heartbeat/心拍02/心拍03-4(速　ループ).mp3,7.423106575963719,0.1237184429327286,心拍02/心拍03-4(速　ループ).mp3
928,sound_928.mp3,心拍04-1(遅　リバーブ).mp3,otologic_sounds_smart/Heartbeat,otologic_sounds_smart/Heartbeat/効果音＞心音/心拍04-1(遅　リバーブ).mp3,12.5602947845805,0.209338246409675,効果音＞心音/心拍04-1(遅　リバーブ).mp3
929,sound_929.mp3,心拍04-3(速　リバーブ).mp3,otologic_sounds_smart/Heartbeat,otologic_sounds_smart/Heartbeat/効果音＞心音/心拍04-3(速　リバーブ).mp3,7.5429251700680275,0.1257154195011338,効果音＞心音/心拍04-3(速　リバーブ).mp3
930,sound_930.mp3,心拍04-2(中　リバーブ).mp3,otologic_sounds_smart/Heartbeat,otologic_sounds_smart/Heartbeat/効果音＞心音/心拍04-2(中　リバーブ).mp3,9.992585034013606,0.1665430839002267,効果音＞心音/心拍04-2(中　リバーブ).mp3
931,sound_931.mp3,心拍01-2(ループ).mp3,otologic_sounds_smart/Heartbeat,otologic_sounds_smart/Heartbeat/心拍01/心拍01-2(ループ).mp3,5.051065759637188,0.0841844293272864,心拍01/心拍01-2(ループ).mp3
932,sound_932.mp3,心拍01-3(ループ).mp3,otologic_sounds_smart/Heartbeat,otologic_sounds_smart/Heartbeat/心拍01/心拍01-3(ループ).mp3,6.6860090702947845,0.111433484504913,心拍01/心拍01-3(ループ).mp3
933,sound_933.mp3,心拍01-1(ループ).mp3,otologic_sounds_smart/Heartbeat,otologic_sounds_smart/Heartbeat/心拍01/心拍01-1(ループ).mp3,9.599841269841267,0.1599973544973544,心拍01/心拍01-1(ループ).mp3
934,sound_934.mp3,心拍02-4(速　リバーブ).mp3,otologic_sounds_smart/Heartbeat,otologic_sounds_smart/Heartbeat/心拍01/心拍02-4(速　リバーブ).mp3,8.618820861678005,0.1436470143613001,心拍01/心拍02-4(速　リバーブ).mp3
935,sound_935.mp3,フィンガースナップ　フォーリー04-3(ディレイ).mp3,otologic_sounds_smart/Human Hands,otologic_sounds_smart/Human Hands/フィンガースナップ　フォーリー05/フィンガースナップ　フォーリー04-3(ディレイ).mp3,5.671541950113379,0.0945256991685563,フィンガースナップ　フォーリー05/フィンガースナップ　フォーリー04-3(ディレイ).mp3
936,sound_936.mp3,フィンガースナップ　シンセ01-2(ディレイ).mp3,otologic_sounds_smart/Human Hands,otologic_sounds_smart/Human Hands/フィンガースナップ　フォーリー01/フィンガースナップ　シンセ01-2(ディレイ).mp3,5.033673469387755,0.0838945578231292,フィンガースナップ　フォーリー01/フィンガースナップ　シンセ01-2(ディレイ).mp3
937,sound_937.mp3,警告音　サイレン02-04(速　短).mp3,otologic_sounds_smart/Warning,otologic_sounds_smart/Warning/警告音　サイレン02/警告音　サイレン02-04(速　短).mp3,5.056349206349206,0.0842724867724867,警告音　サイレン02/警告音　サイレン02-04(速　短).mp3
938,sound_938.mp3,警告音　サイレン03-12(リバーブ　低　長).mp3,otologic_sounds_smart/Warning,otologic_sounds_smart/Warning/警告音　サイレン02/警告音　サイレン03-12(リバーブ　低　長).mp3,7.522539682539683,0.1253756613756614,警告音　サイレン02/警告音　サイレン03-12(リバーブ　低　長).mp3
939,sound_939.mp3,警告音　サイレン02-02(遅　長).mp3,otologic_sounds_smart/Warning,otologic_sounds_smart/Warning/警告音　サイレン02/警告音　サイレン02-02(遅　長).mp3,12.50095238095238,0.2083492063492063,警告音　サイレン02/警告音　サイレン02-02(遅　長).mp3
940,sound_940.mp3,警告音　サイレン03-11(リバーブ　低　中).mp3,otologic_sounds_smart/Warning,otologic_sounds_smart/Warning/警告音　サイレン02/警告音　サイレン03-11(リバーブ　低　中).mp3,5.320385487528345,0.0886730914588057,警告音　サイレン02/警告音　サイレン03-11(リバーブ　低　中).mp3
941,sound_941.mp3,警告音　サイレン02-05(速　長).mp3,otologic_sounds_smart/Warning,otologic_sounds_smart/Warning/警告音　サイレン02/警告音　サイレン02-05(速　長).mp3,8.35984126984127,0.1393306878306878,警告音　サイレン02/警告音　サイレン02-05(速　長).mp3
942,sound_942.mp3,警告音　サイレン02-01(遅　短).mp3,otologic_sounds_smart/Warning,otologic_sounds_smart/Warning/警告音　サイレン02/警告音　サイレン02-01(遅　短).mp3,6.9905442176870745,0.1165090702947845,警告音　サイレン02/警告音　サイレン02-01(遅　短).mp3
943,sound_943.mp3,警告音　サイレン05-10(リバーブ　速　長).mp3,otologic_sounds_smart/Warning,otologic_sounds_smart/Warning/警告音　サイレン05/警告音　サイレン05-10(リバーブ　速　長).mp3,7.367687074829932,0.1227947845804988,警告音　サイレン05/警告音　サイレン05-10(リバーブ　速　長).mp3
944,sound_944.mp3,警告音　サイレン04-02(低　長).mp3,otologic_sounds_smart/Warning,otologic_sounds_smart/Warning/警告音　サイレン05/警告音　サイレン04-02(低　長).mp3,5.693560090702948,0.0948926681783824,警告音　サイレン05/警告音　サイレン04-02(低　長).mp3
945,sound_945.mp3,警告音　サイレン05-12(リバーブ　遅　長).mp3,otologic_sounds_smart/Warning,otologic_sounds_smart/Warning/警告音　サイレン05/警告音　サイレン05-12(リバーブ　遅　長).mp3,12.98514739229025,0.2164191232048375,警告音　サイレン05/警告音　サイレン05-12(リバーブ　遅　長).mp3
946,sound_946.mp3,警告音　サイレン04-06(高　長).mp3,otologic_sounds_smart/Warning,otologic_sounds_smart/Warning/警告音　サイレン05/警告音　サイレン04-06(高　長).mp3,5.78671201814059,0.0964452003023431,警告音　サイレン05/警告音　サイレン04-06(高　長).mp3
947,sound_947.mp3,警告音　サイレン05-11(リバーブ　遅　中).mp3,otologic_sounds_smart/Warning,otologic_sounds_smart/Warning/警告音　サイレン05/警告音　サイレン05-11(リバーブ　遅　中).mp3,7.720544217687075,0.1286757369614512,警告音　サイレン05/警告音　サイレン05-11(リバーブ　遅　中).mp3
948,sound_948.mp3,警告音　サイレン04-12(リバーブ　高　長).mp3,otologic_sounds_smart/Warning,otologic_sounds_smart/Warning/警告音　サイレン04/警告音　サイレン04-12(リバーブ　高　長).mp3,7.923038548752834,0.1320506424792139,警告音　サイレン04/警告音　サイレン04-12(リバーブ　高　長).mp3
949,sound_949.mp3,警告音　サイレン04-10(リバーブ　低　長).mp3,otologic_sounds_smart/Warning,otologic_sounds_smart/Warning/警告音　サイレン04/警告音　サイレン04-10(リバーブ　低　長).mp3,7.973809523809524,0.1328968253968254,警告音　サイレン04/警告音　サイレン04-10(リバーブ　低　長).mp3
950,sound_950.mp3,警告音　サイレン04-11(リバーブ　高　中).mp3,otologic_sounds_smart/Warning,otologic_sounds_smart/Warning/警告音　サイレン04/警告音　サイレン04-11(リバーブ　高　中).mp3,5.468979591836734,0.0911496598639455,警告音　サイレン04/警告音　サイレン04-11(リバーブ　高　中).mp3
951,sound_951.mp3,警告音　サイレン04-09(リバーブ　低　中).mp3,otologic_sounds_smart/Warning,otologic_sounds_smart/Warning/警告音　サイレン04/警告音　サイレン04-09(リバーブ　低　中).mp3,5.227324263038549,0.0871220710506424,警告音　サイレン04/警告音　サイレン04-09(リバーブ　低　中).mp3
952,sound_952.mp3,警告音　サイレン03-10(リバーブ　高　長).mp3,otologic_sounds_smart/Warning,otologic_sounds_smart/Warning/警告音　サイレン03/警告音　サイレン03-10(リバーブ　高　長).mp3,7.082040816326531,0.1180340136054421,警告音　サイレン03/警告音　サイレン03-10(リバーブ　高　長).mp3
953,sound_953.mp3,警告音　サイレン03-09(リバーブ　高　中).mp3,otologic_sounds_smart/Warning,otologic_sounds_smart/Warning/警告音　サイレン03/警告音　サイレン03-09(リバーブ　高　中).mp3,5.148412698412699,0.0858068783068783,警告音　サイレン03/警告音　サイレン03-09(リバーブ　高　中).mp3
954,sound_954.mp3,警告音　サイレン01-1.mp3,otologic_sounds_smart/Warning,otologic_sounds_smart/Warning/警告音　サイレン01/警告音　サイレン01-1.mp3,32.0,0.5333333333333333,警告音　サイレン01/警告音　サイレン01-1.mp3
955,sound_955.mp3,警告音　サイレン01-3.mp3,otologic_sounds_smart/Warning,otologic_sounds_smart/Warning/警告音　サイレン01/警告音　サイレン01-3.mp3,32.0,0.5333333333333333,警告音　サイレン01/警告音　サイレン01-3.mp3
956,sound_956.mp3,警告音　サイレン01-2.mp3,otologic_sounds_smart/Warning,otologic_sounds_smart/Warning/警告音　サイレン01/警告音　サイレン01-2.mp3,32.0,0.5333333333333333,警告音　サイレン01/警告音　サイレン01-2.mp3
957,sound_957.mp3,警告音　サイレン02-09(リバーブ　速　短).mp3,otologic_sounds_smart/Warning,otologic_sounds_smart/Warning/警告音　サイレン01/警告音　サイレン02-09(リバーブ　速　短).mp3,6.023514739229025,0.1003919123204837,警告音　サイレン01/警告音　サイレン02-09(リバーブ　速　短).mp3
958,sound_958.mp3,警告音　サイレン02-07(リバーブ　遅　短).mp3,otologic_sounds_smart/Warning,otologic_sounds_smart/Warning/警告音　サイレン01/警告音　サイレン02-07(リバーブ　遅　短).mp3,8.257052154195012,0.1376175359032502,警告音　サイレン01/警告音　サイレン02-07(リバーブ　遅　短).mp3
959,sound_959.mp3,警告音　サイレン02-08(リバーブ　遅　長).mp3,otologic_sounds_smart/Warning,otologic_sounds_smart/Warning/警告音　サイレン01/警告音　サイレン02-08(リバーブ　遅　長).mp3,13.745918367346938,0.2290986394557823,警告音　サイレン01/警告音　サイレン02-08(リバーブ　遅　長).mp3
960,sound_960.mp3,警告音　サイレン02-10(リバーブ　速　長).mp3,otologic_sounds_smart/Warning,otologic_sounds_smart/Warning/警告音　サイレン01/警告音　サイレン02-10(リバーブ　速　長).mp3,9.377551020408164,0.1562925170068027,警告音　サイレン01/警告音　サイレン02-10(リバーブ　速　長).mp3
961,sound_961.mp3,警告音　サイレン05-06(遅　長).mp3,otologic_sounds_smart/Warning,otologic_sounds_smart/Warning/効果音＞警告音/警告音　サイレン05-06(遅　長).mp3,12.007755102040816,0.2001292517006802,効果音＞警告音/警告音　サイレン05-06(遅　長).mp3
962,sound_962.mp3,警告音　サイレン05-05(遅　中).mp3,otologic_sounds_smart/Warning,otologic_sounds_smart/Warning/効果音＞警告音/警告音　サイレン05-05(遅　中).mp3,6.562925170068027,0.1093820861678004,効果音＞警告音/警告音　サイレン05-05(遅　中).mp3
963,sound_963.mp3,警告音　サイレン05-02(速　長).mp3,otologic_sounds_smart/Warning,otologic_sounds_smart/Warning/効果音＞警告音/警告音　サイレン05-02(速　長).mp3,6.394739229024943,0.1065789871504157,効果音＞警告音/警告音　サイレン05-02(速　長).mp3
964,sound_964.mp3,モーション　スイング08-6(高　長).mp3,otologic_sounds_smart/Motion Swish,otologic_sounds_smart/Motion Swish/モーション　スイング08/モーション　スイング08-6(高　長).mp3,7.68485260770975,0.1280808767951625,モーション　スイング08/モーション　スイング08-6(高　長).mp3
965,sound_965.mp3,モーション　スイング08-5(低　長).mp3,otologic_sounds_smart/Motion Swish,otologic_sounds_smart/Motion Swish/モーション　スイング08/モーション　スイング08-5(低　長).mp3,10.83984126984127,0.1806640211640211,モーション　スイング08/モーション　スイング08-5(低　長).mp3
966,sound_966.mp3,モーション　スイング08-4(中　長).mp3,otologic_sounds_smart/Motion Swish,otologic_sounds_smart/Motion Swish/モーション　スイング08/モーション　スイング08-4(中　長).mp3,9.160748299319728,0.1526791383219954,モーション　スイング08/モーション　スイング08-4(中　長).mp3
967,sound_967.mp3,オノマトペ　光る05-4(高　ディレイ).mp3,otologic_sounds_smart/Flash,otologic_sounds_smart/Flash/オノマトペ　光る06/オノマトペ　光る05-4(高　ディレイ).mp3,5.455963718820862,0.0909327286470143,オノマトペ　光る06/オノマトペ　光る05-4(高　ディレイ).mp3
968,sound_968.mp3,オノマトペ　光る02-4(高　ディレイ).mp3,otologic_sounds_smart/Flash,otologic_sounds_smart/Flash/オノマトペ　光る01/オノマトペ　光る02-4(高　ディレイ).mp3,5.146757369614512,0.0857792894935752,オノマトペ　光る01/オノマトペ　光る02-4(高　ディレイ).mp3
969,sound_969.mp3,オノマトペ　光る12-2(ディレイ).mp3,otologic_sounds_smart/Flash,otologic_sounds_smart/Flash/オノマトペ　光る14/オノマトペ　光る12-2(ディレイ).mp3,6.352834467120181,0.105880574452003,オノマトペ　光る14/オノマトペ　光る12-2(ディレイ).mp3
970,sound_970.mp3,オノマトペ　光る13-3(低　長).mp3,otologic_sounds_smart/Flash,otologic_sounds_smart/Flash/オノマトペ　光る14/オノマトペ　光る13-3(低　長).mp3,5.424557823129252,0.0904092970521542,オノマトペ　光る14/オノマトペ　光る13-3(低　長).mp3
971,sound_971.mp3,オノマトペ　光る14-4(低　ディレイ).mp3,otologic_sounds_smart/Flash,otologic_sounds_smart/Flash/効果音＞オノマトペ・光る/オノマトペ　光る14-4(低　ディレイ).mp3,5.861337868480725,0.0976889644746787,効果音＞オノマトペ・光る/オノマトペ　光る14-4(低　ディレイ).mp3
972,sound_972.mp3,オノマトペ　光る14-3(高　ディレイ).mp3,otologic_sounds_smart/Flash,otologic_sounds_smart/Flash/効果音＞オノマトペ・光る/オノマトペ　光る14-3(高　ディレイ).mp3,5.349160997732426,0.0891526832955404,効果音＞オノマトペ・光る/オノマトペ　光る14-3(高　ディレイ).mp3
973,sound_973.mp3,オノマトペ　光る02-2(低　ディレイ).mp3,otologic_sounds_smart/Flash,otologic_sounds_smart/Flash/オノマトペ　光る02/オノマトペ　光る02-2(低　ディレイ).mp3,5.122834467120182,0.085380574452003,オノマトペ　光る02/オノマトペ　光る02-2(低　ディレイ).mp3
974,sound_974.mp3,オノマトペ　光る05-8(低　ディレイ).mp3,otologic_sounds_smart/Flash,otologic_sounds_smart/Flash/オノマトペ　光る05/オノマトペ　光る05-8(低　ディレイ).mp3,6.411519274376417,0.1068586545729402,オノマトペ　光る05/オノマトペ　光る05-8(低　ディレイ).mp3
975,sound_975.mp3,メトロノーム01-03((ベル　単音).mp3,otologic_sounds_smart/Instruments,otologic_sounds_smart/Instruments/メトロノーム02/メトロノーム01-03((ベル　単音).mp3,5.130748299319728,0.0855124716553288,メトロノーム02/メトロノーム01-03((ベル　単音).mp3
976,sound_976.mp3,メトロノーム01-04(クリック　ループ　速).mp3,otologic_sounds_smart/Instruments,otologic_sounds_smart/Instruments/メトロノーム02/メトロノーム01-04(クリック　ループ　速).mp3,6.0,0.1,メトロノーム02/メトロノーム01-04(クリック　ループ　速).mp3
977,sound_977.mp3,メトロノーム01-01(ベル　クリック　中).mp3,otologic_sounds_smart/Instruments,otologic_sounds_smart/Instruments/メトロノーム02/メトロノーム01-01(ベル　クリック　中).mp3,12.31857142857143,0.2053095238095238,メトロノーム02/メトロノーム01-01(ベル　クリック　中).mp3
978,sound_978.mp3,メトロノーム01-02(ベル　クリック　遅).mp3,otologic_sounds_smart/Instruments,otologic_sounds_smart/Instruments/メトロノーム02/メトロノーム01-02(ベル　クリック　遅).mp3,16.27004535147392,0.2711674225245654,メトロノーム02/メトロノーム01-02(ベル　クリック　遅).mp3
979,sound_979.mp3,オルゴール　フォーリー03-1(巻く).mp3,otologic_sounds_smart/Instruments,otologic_sounds_smart/Instruments/オルゴール01/オルゴール　フォーリー03-1(巻く).mp3,7.0528344671201815,0.1175472411186697,オルゴール01/オルゴール　フォーリー03-1(巻く).mp3
980,sound_980.mp3,オルゴール　フォーリー03-2(駆動).mp3,otologic_sounds_smart/Instruments,otologic_sounds_smart/Instruments/オルゴール　フォーリー03/オルゴール　フォーリー03-2(駆動).mp3,272.38736961451247,4.539789493575208,オルゴール　フォーリー03/オルゴール　フォーリー03-2(駆動).mp3
981,sound_981.mp3,オルゴール　フォーリー03-3(駆動　ループ).mp3,otologic_sounds_smart/Instruments,otologic_sounds_smart/Instruments/オルゴール　フォーリー03/オルゴール　フォーリー03-3(駆動　ループ).mp3,7.325600907029479,0.1220933484504913,オルゴール　フォーリー03/オルゴール　フォーリー03-3(駆動　ループ).mp3
982,sound_982.mp3,オルゴール　フォーリー02-1(クランク).mp3,otologic_sounds_smart/Instruments,otologic_sounds_smart/Instruments/オルゴール　フォーリー03/オルゴール　フォーリー02-1(クランク).mp3,41.41122448979592,0.690187074829932,オルゴール　フォーリー03/オルゴール　フォーリー02-1(クランク).mp3
983,sound_983.mp3,オルゴール　フォーリー01-1(巻く).mp3,otologic_sounds_smart/Instruments,otologic_sounds_smart/Instruments/オルゴール　フォーリー02/オルゴール　フォーリー01-1(巻く).mp3,7.610204081632653,0.1268367346938775,オルゴール　フォーリー02/オルゴール　フォーリー01-1(巻く).mp3
984,sound_984.mp3,メトロノーム01-06(クリック　ループ　遅).mp3,otologic_sounds_smart/Instruments,otologic_sounds_smart/Instruments/メトロノーム01/メトロノーム01-06(クリック　ループ　遅).mp3,15.428571428571429,0.2571428571428572,メトロノーム01/メトロノーム01-06(クリック　ループ　遅).mp3
985,sound_985.mp3,メトロノーム01-05(クリック　ループ　中).mp3,otologic_sounds_smart/Instruments,otologic_sounds_smart/Instruments/メトロノーム01/メトロノーム01-05(クリック　ループ　中).mp3,9.0,0.15,メトロノーム01/メトロノーム01-05(クリック　ループ　中).mp3
986,sound_986.mp3,メトロノーム01-10(遠い　クリック　ループ　速).mp3,otologic_sounds_smart/Instruments,otologic_sounds_smart/Instruments/メトロノーム01/メトロノーム01-10(遠い　クリック　ループ　速).mp3,6.0,0.1,メトロノーム01/メトロノーム01-10(遠い　クリック　ループ　速).mp3
987,sound_987.mp3,メトロノーム01-08(遠い　ベル　クリック　遅).mp3,otologic_sounds_smart/Instruments,otologic_sounds_smart/Instruments/メトロノーム01/メトロノーム01-08(遠い　ベル　クリック　遅).mp3,16.332086167800455,0.2722014361300076,メトロノーム01/メトロノーム01-08(遠い　ベル　クリック　遅).mp3
988,sound_988.mp3,メトロノーム01-07(遠い　ベル　クリック　中).mp3,otologic_sounds_smart/Instruments,otologic_sounds_smart/Instruments/メトロノーム01/メトロノーム01-07(遠い　ベル　クリック　中).mp3,12.356938775510203,0.2059489795918367,メトロノーム01/メトロノーム01-07(遠い　ベル　クリック　中).mp3
989,sound_989.mp3,オルゴール02-2(リバーブ　長).mp3,otologic_sounds_smart/Instruments,otologic_sounds_smart/Instruments/オルゴール02/オルゴール02-2(リバーブ　長).mp3,8.650158730158731,0.1441693121693122,オルゴール02/オルゴール02-2(リバーブ　長).mp3
990,sound_990.mp3,オルゴール02-1(リバーブ　短).mp3,otologic_sounds_smart/Instruments,otologic_sounds_smart/Instruments/オルゴール02/オルゴール02-1(リバーブ　短).mp3,7.79530612244898,0.129921768707483,オルゴール02/オルゴール02-1(リバーブ　短).mp3
991,sound_991.mp3,メトロノーム01-11(遠い　クリック　ループ　中).mp3,otologic_sounds_smart/Instruments,otologic_sounds_smart/Instruments/オルゴール02/メトロノーム01-11(遠い　クリック　ループ　中).mp3,9.0,0.15,オルゴール02/メトロノーム01-11(遠い　クリック　ループ　中).mp3
992,sound_992.mp3,メトロノーム01-12(遠い　クリック　ループ　遅).mp3,otologic_sounds_smart/Instruments,otologic_sounds_smart/Instruments/オルゴール02/メトロノーム01-12(遠い　クリック　ループ　遅).mp3,15.428571428571429,0.2571428571428572,オルゴール02/メトロノーム01-12(遠い　クリック　ループ　遅).mp3
993,sound_993.mp3,メトロノーム02-4(低　ベル　クリック　遅).mp3,otologic_sounds_smart/Instruments,otologic_sounds_smart/Instruments/効果音＞楽器（その他）/メトロノーム02-4(低　ベル　クリック　遅).mp3,8.727278911564627,0.1454546485260771,効果音＞楽器（その他）/メトロノーム02-4(低　ベル　クリック　遅).mp3
994,sound_994.mp3,メトロノーム02-2(高　ベル　クリック　遅).mp3,otologic_sounds_smart/Instruments,otologic_sounds_smart/Instruments/効果音＞楽器（その他）/メトロノーム02-2(高　ベル　クリック　遅).mp3,8.727256235827664,0.1454542705971277,効果音＞楽器（その他）/メトロノーム02-2(高　ベル　クリック　遅).mp3
995,sound_995.mp3,オルゴール　フォーリー01-3(駆動).mp3,otologic_sounds_smart/Instruments,otologic_sounds_smart/Instruments/オルゴール　フォーリー01/オルゴール　フォーリー01-3(駆動).mp3,112.65589569160996,1.8775982615268327,オルゴール　フォーリー01/オルゴール　フォーリー01-3(駆動).mp3
996,sound_996.mp3,オノマトペ　チーン04-3(ディレイ).mp3,otologic_sounds_smart/Ding,otologic_sounds_smart/Ding/効果音＞オノマトペ・チーン/オノマトペ　チーン04-3(ディレイ).mp3,5.57281179138322,0.0928801965230536,効果音＞オノマトペ・チーン/オノマトペ　チーン04-3(ディレイ).mp3
997,sound_997.mp3,オノマトペ　チーン03-1(低　長).mp3,otologic_sounds_smart/Ding,otologic_sounds_smart/Ding/効果音＞オノマトペ・チーン/オノマトペ　チーン03-1(低　長).mp3,7.4189795918367345,0.1236496598639455,効果音＞オノマトペ・チーン/オノマトペ　チーン03-1(低　長).mp3
998,sound_998.mp3,オノマトペ　チーン03-4(高　長).mp3,otologic_sounds_smart/Ding,otologic_sounds_smart/Ding/オノマトペ　チーン04/オノマトペ　チーン03-4(高　長).mp3,6.650725623582766,0.1108454270597127,オノマトペ　チーン04/オノマトペ　チーン03-4(高　長).mp3
999,sound_999.mp3,投げテープ01-6(ノイズ).mp3,otologic_sounds_smart/Party_Goods,otologic_sounds_smart/Party_Goods/パフパフラッパ01/投げテープ01-6(ノイズ).mp3,5.448798185941043,0.0908133030990173,パフパフラッパ01/投げテープ01-6(ノイズ).mp3
1000,sound_1000.mp3,風船01-02(空気を抜く).mp3,otologic_sounds_smart/Party_Goods,otologic_sounds_smart/Party_Goods/投げテープ01/風船01-02(空気を抜く).mp3,6.503786848072562,0.108396447467876,投げテープ01/風船01-02(空気を抜く).mp3
1001,sound_1001.mp3,風船01-01(膨らませる).mp3,otologic_sounds_smart/Party_Goods,otologic_sounds_smart/Party_Goods/投げテープ01/風船01-01(膨らませる).mp3,9.02392290249433,0.1503987150415721,投げテープ01/風船01-01(膨らませる).mp3
1002,sound_1002.mp3,打楽器アクセント01-2(ディレイ).mp3,otologic_sounds_smart/Percussive Accent,otologic_sounds_smart/Percussive Accent/打楽器アクセント01/打楽器アクセント01-2(ディレイ).mp3,5.524988662131519,0.0920831443688586,打楽器アクセント01/打楽器アクセント01-2(ディレイ).mp3
1003,sound_1003.mp3,モーション　スピード線04-2(長).mp3,otologic_sounds_smart/Motion Speed Lines,otologic_sounds_smart/Motion Speed Lines/モーション　スピード線04/モーション　スピード線04-2(長).mp3,7.999637188208617,0.1333272864701436,モーション　スピード線04/モーション　スピード線04-2(長).mp3
1004,sound_1004.mp3,モーション　スピード線02-1(ドライ).mp3,otologic_sounds_smart/Motion Speed Lines,otologic_sounds_smart/Motion Speed Lines/モーション　スピード線02/モーション　スピード線02-1(ドライ).mp3,7.663469387755102,0.1277244897959183,モーション　スピード線02/モーション　スピード線02-1(ドライ).mp3
1005,sound_1005.mp3,モーション　スピード線02-2(ディレイ).mp3,otologic_sounds_smart/Motion Speed Lines,otologic_sounds_smart/Motion Speed Lines/モーション　スピード線02/モーション　スピード線02-2(ディレイ).mp3,15.089478458049886,0.2514913076341648,モーション　スピード線02/モーション　スピード線02-2(ディレイ).mp3
1006,sound_1006.mp3,モーション　スピード線05-4(高　長).mp3,otologic_sounds_smart/Motion Speed Lines,otologic_sounds_smart/Motion Speed Lines/モーション　スピード線05/モーション　スピード線05-4(高　長).mp3,7.983650793650794,0.1330608465608465,モーション　スピード線05/モーション　スピード線05-4(高　長).mp3
1007,sound_1007.mp3,モーション　スピード線09-1(低　長).mp3,otologic_sounds_smart/Motion Speed Lines,otologic_sounds_smart/Motion Speed Lines/効果音＞モーション・スピード線/モーション　スピード線09-1(低　長).mp3,7.028480725623583,0.1171413454270597,効果音＞モーション・スピード線/モーション　スピード線09-1(低　長).mp3
1008,sound_1008.mp3,モーション　スピード線06-2(短).mp3,otologic_sounds_smart/Motion Speed Lines,otologic_sounds_smart/Motion Speed Lines/モーション　スピード線07/モーション　スピード線06-2(短).mp3,6.341020408163265,0.1056836734693877,モーション　スピード線07/モーション　スピード線06-2(短).mp3
1009,sound_1009.mp3,モーション　スピード線06-1(長).mp3,otologic_sounds_smart/Motion Speed Lines,otologic_sounds_smart/Motion Speed Lines/モーション　スピード線07/モーション　スピード線06-1(長).mp3,10.84156462585034,0.1806927437641723,モーション　スピード線07/モーション　スピード線06-1(長).mp3
1010,sound_1010.mp3,モーション　スピード線07-3(ディレイ).mp3,otologic_sounds_smart/Motion Speed Lines,otologic_sounds_smart/Motion Speed Lines/モーション　スピード線07/モーション　スピード線07-3(ディレイ).mp3,8.290113378684808,0.1381685563114134,モーション　スピード線07/モーション　スピード線07-3(ディレイ).mp3
1011,sound_1011.mp3,モーション　スピード線08-3(長).mp3,otologic_sounds_smart/Motion Speed Lines,otologic_sounds_smart/Motion Speed Lines/モーション　スピード線08/モーション　スピード線08-3(長).mp3,6.946326530612245,0.1157721088435374,モーション　スピード線08/モーション　スピード線08-3(長).mp3
1012,sound_1012.mp3,モーション　スピード線07-1(長).mp3,otologic_sounds_smart/Motion Speed Lines,otologic_sounds_smart/Motion Speed Lines/モーション　スピード線08/モーション　スピード線07-1(長).mp3,5.631904761904762,0.0938650793650793,モーション　スピード線08/モーション　スピード線07-1(長).mp3
1013,sound_1013.mp3,モーション　スピード線05-1(低　短).mp3,otologic_sounds_smart/Motion Speed Lines,otologic_sounds_smart/Motion Speed Lines/モーション　スピード線06/モーション　スピード線05-1(低　短).mp3,5.331519274376417,0.0888586545729402,モーション　スピード線06/モーション　スピード線05-1(低　短).mp3
1014,sound_1014.mp3,モーション　スピード線05-2(低　長).mp3,otologic_sounds_smart/Motion Speed Lines,otologic_sounds_smart/Motion Speed Lines/モーション　スピード線06/モーション　スピード線05-2(低　長).mp3,10.024013605442176,0.1670668934240362,モーション　スピード線06/モーション　スピード線05-2(低　長).mp3
1015,sound_1015.mp3,モーション　スピード線06-3(ディレイ).mp3,otologic_sounds_smart/Motion Speed Lines,otologic_sounds_smart/Motion Speed Lines/モーション　スピード線06/モーション　スピード線06-3(ディレイ).mp3,15.151587301587302,0.252526455026455,モーション　スピード線06/モーション　スピード線06-3(ディレイ).mp3
1016,sound_1016.mp3,モーション　スピード線01-4(長　ディレイ).mp3,otologic_sounds_smart/Motion Speed Lines,otologic_sounds_smart/Motion Speed Lines/モーション　スピード線01/モーション　スピード線01-4(長　ディレイ).mp3,6.880725623582767,0.1146787603930461,モーション　スピード線01/モーション　スピード線01-4(長　ディレイ).mp3
1017,sound_1017.mp3,テクスチャー　環境02-1.mp3,otologic_sounds_smart/Ambi Texture,otologic_sounds_smart/Ambi Texture/効果音＞テクスチャー/テクスチャー　環境02-1.mp3,179.36755102040817,2.9894591836734694,効果音＞テクスチャー/テクスチャー　環境02-1.mp3
1018,sound_1018.mp3,テクスチャー　環境02-2.mp3,otologic_sounds_smart/Ambi Texture,otologic_sounds_smart/Ambi Texture/テクスチャー　環境02/テクスチャー　環境02-2.mp3,179.36755102040817,2.9894591836734694,テクスチャー　環境02/テクスチャー　環境02-2.mp3
1019,sound_1019.mp3,テクスチャー　環境01-1.mp3,otologic_sounds_smart/Ambi Texture,otologic_sounds_smart/Ambi Texture/テクスチャー　環境01/テクスチャー　環境01-1.mp3,126.6232879818594,2.11038813303099,テクスチャー　環境01/テクスチャー　環境01-1.mp3
1020,sound_1020.mp3,グロッケン03-4(高　ディレイ).mp3,otologic_sounds_smart/Instruments Mallet,otologic_sounds_smart/Instruments Mallet/効果音＞鍵盤打楽器/グロッケン03-4(高　ディレイ).mp3,5.076371882086168,0.0846061980347694,効果音＞鍵盤打楽器/グロッケン03-4(高　ディレイ).mp3
1021,sound_1021.mp3,ホワイトノイズ01-3(ループ).mp3,otologic_sounds_smart/Noise,otologic_sounds_smart/Noise/効果音＞ノイズ/ホワイトノイズ01-3(ループ).mp3,5.05047619047619,0.0841746031746031,効果音＞ノイズ/ホワイトノイズ01-3(ループ).mp3
1022,sound_1022.mp3,ブラウンノイズ01-2(ステレオ　ループ).mp3,otologic_sounds_smart/Noise,otologic_sounds_smart/Noise/ピンクノイズ01/ブラウンノイズ01-2(ステレオ　ループ).mp3,10.05578231292517,0.1675963718820861,ピンクノイズ01/ブラウンノイズ01-2(ステレオ　ループ).mp3
1023,sound_1023.mp3,ブラウンノイズ01-4(モノ　ループ).mp3,otologic_sounds_smart/Noise,otologic_sounds_smart/Noise/ブラウンノイズ01/ブラウンノイズ01-4(モノ　ループ).mp3,10.05578231292517,0.1675963718820861,ブラウンノイズ01/ブラウンノイズ01-4(モノ　ループ).mp3
1024,sound_1024.mp3,ピンクノイズ01-3(ループ).mp3,otologic_sounds_smart/Noise,otologic_sounds_smart/Noise/ホワイトノイズ/ピンクノイズ01-3(ループ).mp3,5.050997732426304,0.0841832955404384,ホワイトノイズ/ピンクノイズ01-3(ループ).mp3
1025,sound_1025.mp3,オノマトペ　慌てる01-1(低).mp3,otologic_sounds_smart/Panic,otologic_sounds_smart/Panic/オノマトペ　慌てる01/オノマトペ　慌てる01-1(低).mp3,18.24126984126984,0.304021164021164,オノマトペ　慌てる01/オノマトペ　慌てる01-1(低).mp3
1026,sound_1026.mp3,オノマトペ　慌てる02-4(遅).mp3,otologic_sounds_smart/Panic,otologic_sounds_smart/Panic/オノマトペ　慌てる01/オノマトペ　慌てる02-4(遅).mp3,6.2443764172335605,0.104072940287226,オノマトペ　慌てる01/オノマトペ　慌てる02-4(遅).mp3
1027,sound_1027.mp3,オノマトペ　慌てる01-2(高).mp3,otologic_sounds_smart/Panic,otologic_sounds_smart/Panic/オノマトペ　慌てる01/オノマトペ　慌てる01-2(高).mp3,18.166938775510204,0.30278231292517,オノマトペ　慌てる01/オノマトペ　慌てる01-2(高).mp3
1028,sound_1028.mp3,オノマトペ　慌てる05-2(遅).mp3,otologic_sounds_smart/Panic,otologic_sounds_smart/Panic/オノマトペ　慌てる06/オノマトペ　慌てる05-2(遅).mp3,5.497845804988662,0.0916307634164777,オノマトペ　慌てる06/オノマトペ　慌てる05-2(遅).mp3
1029,sound_1029.mp3,オノマトペ　慌てる06-4(遅　長).mp3,otologic_sounds_smart/Panic,otologic_sounds_smart/Panic/オノマトペ　慌てる06/オノマトペ　慌てる06-4(遅　長).mp3,22.08877551020408,0.3681462585034013,オノマトペ　慌てる06/オノマトペ　慌てる06-4(遅　長).mp3
1030,sound_1030.mp3,オノマトペ　慌てる05-1(遅).mp3,otologic_sounds_smart/Panic,otologic_sounds_smart/Panic/オノマトペ　慌てる06/オノマトペ　慌てる05-1(遅).mp3,6.650430839002268,0.1108405139833711,オノマトペ　慌てる06/オノマトペ　慌てる05-1(遅).mp3
1031,sound_1031.mp3,オノマトペ　慌てる07-3(低　長).mp3,otologic_sounds_smart/Panic,otologic_sounds_smart/Panic/効果音＞オノマトペ・慌てる/オノマトペ　慌てる07-3(低　長).mp3,16.176757369614513,0.2696126228269085,効果音＞オノマトペ・慌てる/オノマトペ　慌てる07-3(低　長).mp3
1032,sound_1032.mp3,オノマトペ　慌てる07-2(低　中).mp3,otologic_sounds_smart/Panic,otologic_sounds_smart/Panic/効果音＞オノマトペ・慌てる/オノマトペ　慌てる07-2(低　中).mp3,5.578684807256236,0.0929780801209372,効果音＞オノマトペ・慌てる/オノマトペ　慌てる07-2(低　中).mp3
1033,sound_1033.mp3,オノマトペ　慌てる07-6(高　長).mp3,otologic_sounds_smart/Panic,otologic_sounds_smart/Panic/オノマトペ　慌てる07/オノマトペ　慌てる07-6(高　長).mp3,14.789886621315192,0.2464981103552532,オノマトペ　慌てる07/オノマトペ　慌てる07-6(高　長).mp3
1034,sound_1034.mp3,オノマトペ　慌てる06-2(速　長).mp3,otologic_sounds_smart/Panic,otologic_sounds_smart/Panic/オノマトペ　慌てる07/オノマトペ　慌てる06-2(速　長).mp3,13.643401360544216,0.2273900226757369,オノマトペ　慌てる07/オノマトペ　慌てる06-2(速　長).mp3
1035,sound_1035.mp3,オノマトペ　慌てる04-2(高).mp3,otologic_sounds_smart/Panic,otologic_sounds_smart/Panic/オノマトペ　慌てる05/オノマトペ　慌てる04-2(高).mp3,5.753083900226757,0.0958847316704459,オノマトペ　慌てる05/オノマトペ　慌てる04-2(高).mp3
1036,sound_1036.mp3,オノマトペ　慌てる05-4(速).mp3,otologic_sounds_smart/Panic,otologic_sounds_smart/Panic/オノマトペ　慌てる05/オノマトペ　慌てる05-4(速).mp3,9.17251700680272,0.152875283446712,オノマトペ　慌てる05/オノマトペ　慌てる05-4(速).mp3
1037,sound_1037.mp3,オノマトペ　慌てる05-3(速).mp3,otologic_sounds_smart/Panic,otologic_sounds_smart/Panic/オノマトペ　慌てる05/オノマトペ　慌てる05-3(速).mp3,7.789297052154195,0.1298216175359032,オノマトペ　慌てる05/オノマトペ　慌てる05-3(速).mp3
1038,sound_1038.mp3,オノマトペ　慌てる04-1(高).mp3,otologic_sounds_smart/Panic,otologic_sounds_smart/Panic/オノマトペ　慌てる05/オノマトペ　慌てる04-1(高).mp3,6.397369614512471,0.1066228269085411,オノマトペ　慌てる05/オノマトペ　慌てる04-1(高).mp3
1039,sound_1039.mp3,オノマトペ　慌てる02-3(遅).mp3,otologic_sounds_smart/Panic,otologic_sounds_smart/Panic/オノマトペ　慌てる02/オノマトペ　慌てる02-3(遅).mp3,7.253424036281179,0.1208904006046863,オノマトペ　慌てる02/オノマトペ　慌てる02-3(遅).mp3
1040,sound_1040.mp3,オノマトペ　慌てる02-1(速).mp3,otologic_sounds_smart/Panic,otologic_sounds_smart/Panic/オノマトペ　慌てる02/オノマトペ　慌てる02-1(速).mp3,5.498208616780046,0.0916368102796674,オノマトペ　慌てる02/オノマトペ　慌てる02-1(速).mp3
1041,sound_1041.mp3,オノマトペ　慌てる03-4(遅).mp3,otologic_sounds_smart/Panic,otologic_sounds_smart/Panic/オノマトペ　慌てる03/オノマトペ　慌てる03-4(遅).mp3,11.851383219954648,0.1975230536659108,オノマトペ　慌てる03/オノマトペ　慌てる03-4(遅).mp3
1042,sound_1042.mp3,オノマトペ　慌てる03-2(速).mp3,otologic_sounds_smart/Panic,otologic_sounds_smart/Panic/オノマトペ　慌てる03/オノマトペ　慌てる03-2(速).mp3,9.15607709750567,0.1526012849584278,オノマトペ　慌てる03/オノマトペ　慌てる03-2(速).mp3
1043,sound_1043.mp3,オノマトペ　慌てる03-3(遅).mp3,otologic_sounds_smart/Panic,otologic_sounds_smart/Panic/オノマトペ　慌てる03/オノマトペ　慌てる03-3(遅).mp3,12.215578231292517,0.2035929705215419,オノマトペ　慌てる03/オノマトペ　慌てる03-3(遅).mp3
1044,sound_1044.mp3,オノマトペ　慌てる04-4(低).mp3,otologic_sounds_smart/Panic,otologic_sounds_smart/Panic/オノマトペ　慌てる04/オノマトペ　慌てる04-4(低).mp3,6.796598639455782,0.1132766439909297,オノマトペ　慌てる04/オノマトペ　慌てる04-4(低).mp3
1045,sound_1045.mp3,オノマトペ　慌てる04-3(低).mp3,otologic_sounds_smart/Panic,otologic_sounds_smart/Panic/オノマトペ　慌てる04/オノマトペ　慌てる04-3(低).mp3,6.4026077097505665,0.1067101284958427,オノマトペ　慌てる04/オノマトペ　慌てる04-3(低).mp3
1046,sound_1046.mp3,オノマトペ　慌てる03-1(速).mp3,otologic_sounds_smart/Panic,otologic_sounds_smart/Panic/オノマトペ　慌てる04/オノマトペ　慌てる03-1(速).mp3,9.146621315192744,0.1524436885865457,オノマトペ　慌てる04/オノマトペ　慌てる03-1(速).mp3
1047,sound_1047.mp3,ひらめき07-4(低　ディレイ).mp3,otologic_sounds_smart/Inspiration,otologic_sounds_smart/Inspiration/ひらめき07/ひらめき07-4(低　ディレイ).mp3,5.630430839002267,0.0938405139833711,ひらめき07/ひらめき07-4(低　ディレイ).mp3
1048,sound_1048.mp3,ひらめき07-2(高　ディレイ).mp3,otologic_sounds_smart/Inspiration,otologic_sounds_smart/Inspiration/ひらめき07/ひらめき07-2(高　ディレイ).mp3,5.636780045351474,0.0939463340891912,ひらめき07/ひらめき07-2(高　ディレイ).mp3
1049,sound_1049.mp3,ひらめき09-2(高　ディレイ).mp3,otologic_sounds_smart/Inspiration,otologic_sounds_smart/Inspiration/ひらめき10/ひらめき09-2(高　ディレイ).mp3,5.71734693877551,0.0952891156462585,ひらめき10/ひらめき09-2(高　ディレイ).mp3
1050,sound_1050.mp3,ひらめき09-4(低　ディレイ).mp3,otologic_sounds_smart/Inspiration,otologic_sounds_smart/Inspiration/ひらめき10/ひらめき09-4(低　ディレイ).mp3,5.665374149659864,0.094422902494331,ひらめき10/ひらめき09-4(低　ディレイ).mp3
1051,sound_1051.mp3,電卓02-03(机　単発).mp3,otologic_sounds_smart/Calculators,otologic_sounds_smart/Calculators/電卓02/電卓02-03(机　単発).mp3,10.934761904761904,0.1822460317460317,電卓02/電卓02-03(机　単発).mp3
1052,sound_1052.mp3,電卓02-01(机　パターン).mp3,otologic_sounds_smart/Calculators,otologic_sounds_smart/Calculators/電卓02/電卓02-01(机　パターン).mp3,10.812267573696143,0.1802044595616024,電卓02/電卓02-01(机　パターン).mp3
1053,sound_1053.mp3,電卓02-06(手　パターン).mp3,otologic_sounds_smart/Calculators,otologic_sounds_smart/Calculators/電卓02/電卓02-06(手　パターン).mp3,10.677845804988662,0.177964096749811,電卓02/電卓02-06(手　パターン).mp3
1054,sound_1054.mp3,電卓02-07(手　パターン).mp3,otologic_sounds_smart/Calculators,otologic_sounds_smart/Calculators/電卓02/電卓02-07(手　パターン).mp3,6.236371882086168,0.1039395313681028,電卓02/電卓02-07(手　パターン).mp3
1055,sound_1055.mp3,電卓02-02(机　パターン).mp3,otologic_sounds_smart/Calculators,otologic_sounds_smart/Calculators/電卓02/電卓02-02(机　パターン).mp3,6.339863945578231,0.1056643990929705,電卓02/電卓02-02(机　パターン).mp3
1056,sound_1056.mp3,電卓02-08(手　単発).mp3,otologic_sounds_smart/Calculators,otologic_sounds_smart/Calculators/電卓02/電卓02-08(手　単発).mp3,7.720997732426304,0.1286832955404384,電卓02/電卓02-08(手　単発).mp3
1057,sound_1057.mp3,電卓03-17(遠い　単発　中).mp3,otologic_sounds_smart/Calculators,otologic_sounds_smart/Calculators/電卓03/電卓03-17(遠い　単発　中).mp3,7.751156462585034,0.1291859410430839,電卓03/電卓03-17(遠い　単発　中).mp3
1058,sound_1058.mp3,電卓03-16(遠い　パターン).mp3,otologic_sounds_smart/Calculators,otologic_sounds_smart/Calculators/電卓03/電卓03-16(遠い　パターン).mp3,5.9373242630385485,0.0989554043839758,電卓03/電卓03-16(遠い　パターン).mp3
1059,sound_1059.mp3,電卓03-15(遠い　パターン).mp3,otologic_sounds_smart/Calculators,otologic_sounds_smart/Calculators/電卓03/電卓03-15(遠い　パターン).mp3,11.574761904761903,0.1929126984126984,電卓03/電卓03-15(遠い　パターン).mp3
1060,sound_1060.mp3,電卓03-18(遠い　単発　弱).mp3,otologic_sounds_smart/Calculators,otologic_sounds_smart/Calculators/電卓03/電卓03-18(遠い　単発　弱).mp3,6.700770975056689,0.1116795162509448,電卓03/電卓03-18(遠い　単発　弱).mp3
1061,sound_1061.mp3,電卓03-01(パターン).mp3,otologic_sounds_smart/Calculators,otologic_sounds_smart/Calculators/電卓04/電卓03-01(パターン).mp3,11.574761904761903,0.1929126984126984,電卓04/電卓03-01(パターン).mp3
1062,sound_1062.mp3,電卓03-03(単発　中).mp3,otologic_sounds_smart/Calculators,otologic_sounds_smart/Calculators/電卓04/電卓03-03(単発　中).mp3,7.751156462585034,0.1291859410430839,電卓04/電卓03-03(単発　中).mp3
1063,sound_1063.mp3,電卓04-18(遠い　単発　弱).mp3,otologic_sounds_smart/Calculators,otologic_sounds_smart/Calculators/電卓04/電卓04-18(遠い　単発　弱).mp3,8.309614512471656,0.1384935752078609,電卓04/電卓04-18(遠い　単発　弱).mp3
1064,sound_1064.mp3,電卓03-02(パターン).mp3,otologic_sounds_smart/Calculators,otologic_sounds_smart/Calculators/電卓04/電卓03-02(パターン).mp3,5.9373242630385485,0.0989554043839758,電卓04/電卓03-02(パターン).mp3
1065,sound_1065.mp3,電卓03-04(単発　弱).mp3,otologic_sounds_smart/Calculators,otologic_sounds_smart/Calculators/電卓04/電卓03-04(単発　弱).mp3,6.700770975056689,0.1116795162509448,電卓04/電卓03-04(単発　弱).mp3
1066,sound_1066.mp3,電卓04-01(パターン).mp3,otologic_sounds_smart/Calculators,otologic_sounds_smart/Calculators/効果音＞電卓/電卓04-01(パターン).mp3,10.94469387755102,0.1824115646258503,効果音＞電卓/電卓04-01(パターン).mp3
1067,sound_1067.mp3,電卓04-15(遠い　パターン).mp3,otologic_sounds_smart/Calculators,otologic_sounds_smart/Calculators/効果音＞電卓/電卓04-15(遠い　パターン).mp3,10.94469387755102,0.1824115646258503,効果音＞電卓/電卓04-15(遠い　パターン).mp3
1068,sound_1068.mp3,電卓04-17(遠い　単発　中).mp3,otologic_sounds_smart/Calculators,otologic_sounds_smart/Calculators/効果音＞電卓/電卓04-17(遠い　単発　中).mp3,10.669183673469387,0.1778197278911564,効果音＞電卓/電卓04-17(遠い　単発　中).mp3
1069,sound_1069.mp3,電卓04-16(遠い　パターン).mp3,otologic_sounds_smart/Calculators,otologic_sounds_smart/Calculators/効果音＞電卓/電卓04-16(遠い　パターン).mp3,5.552267573696145,0.0925377928949357,効果音＞電卓/電卓04-16(遠い　パターン).mp3
1070,sound_1070.mp3,電卓04-03(単発　中).mp3,otologic_sounds_smart/Calculators,otologic_sounds_smart/Calculators/効果音＞電卓/電卓04-03(単発　中).mp3,10.669183673469387,0.1778197278911564,効果音＞電卓/電卓04-03(単発　中).mp3
1071,sound_1071.mp3,電卓04-02(パターン).mp3,otologic_sounds_smart/Calculators,otologic_sounds_smart/Calculators/効果音＞電卓/電卓04-02(パターン).mp3,5.552267573696145,0.0925377928949357,効果音＞電卓/電卓04-02(パターン).mp3
1072,sound_1072.mp3,電卓04-04(単発　弱).mp3,otologic_sounds_smart/Calculators,otologic_sounds_smart/Calculators/効果音＞電卓/電卓04-04(単発　弱).mp3,8.309614512471656,0.1384935752078609,効果音＞電卓/電卓04-04(単発　弱).mp3
1073,sound_1073.mp3,電卓01-02(パターン).mp3,otologic_sounds_smart/Calculators,otologic_sounds_smart/Calculators/電卓01/電卓01-02(パターン).mp3,7.318004535147392,0.1219667422524565,電卓01/電卓01-02(パターン).mp3
1074,sound_1074.mp3,電卓01-05(単発　弱).mp3,otologic_sounds_smart/Calculators,otologic_sounds_smart/Calculators/電卓01/電卓01-05(単発　弱).mp3,8.286961451247166,0.1381160241874527,電卓01/電卓01-05(単発　弱).mp3
1075,sound_1075.mp3,電卓01-04(単発　強).mp3,otologic_sounds_smart/Calculators,otologic_sounds_smart/Calculators/電卓01/電卓01-04(単発　強).mp3,9.099501133786848,0.1516583522297808,電卓01/電卓01-04(単発　強).mp3
1076,sound_1076.mp3,電卓01-03(単発　中).mp3,otologic_sounds_smart/Calculators,otologic_sounds_smart/Calculators/電卓01/電卓01-03(単発　中).mp3,12.526757369614511,0.2087792894935752,電卓01/電卓01-03(単発　中).mp3
1077,sound_1077.mp3,電卓01-01(パターン).mp3,otologic_sounds_smart/Calculators,otologic_sounds_smart/Calculators/電卓01/電卓01-01(パターン).mp3,11.467596371882086,0.1911266061980347,電卓01/電卓01-01(パターン).mp3
1078,sound_1078.mp3,ストップウォッチ　機械式01-11(チクタク　手).mp3,otologic_sounds_smart/Stopwatch,otologic_sounds_smart/Stopwatch/ストップウォッチ　機械式01/ストップウォッチ　機械式01-11(チクタク　手).mp3,11.6,0.1933333333333333,ストップウォッチ　機械式01/ストップウォッチ　機械式01-11(チクタク　手).mp3
1079,sound_1079.mp3,ストップウォッチ　機械式01-12(チクタク　机).mp3,otologic_sounds_smart/Stopwatch,otologic_sounds_smart/Stopwatch/ストップウォッチ　機械式01/ストップウォッチ　機械式01-12(チクタク　机).mp3,12.0,0.2,ストップウォッチ　機械式01/ストップウォッチ　機械式01-12(チクタク　机).mp3
1080,sound_1080.mp3,ストップウォッチ　機械式01-13(巻き上げる).mp3,otologic_sounds_smart/Stopwatch,otologic_sounds_smart/Stopwatch/ストップウォッチ　機械式01/ストップウォッチ　機械式01-13(巻き上げる).mp3,5.295578231292517,0.0882596371882086,ストップウォッチ　機械式01/ストップウォッチ　機械式01-13(巻き上げる).mp3
1081,sound_1081.mp3,爆発08-3(長　近い).mp3,otologic_sounds_smart/Explosion,otologic_sounds_smart/Explosion/効果音＞爆発/爆発08-3(長　近い).mp3,13.736031746031744,0.2289338624338624,効果音＞爆発/爆発08-3(長　近い).mp3
1082,sound_1082.mp3,爆発08-1(長).mp3,otologic_sounds_smart/Explosion,otologic_sounds_smart/Explosion/効果音＞爆発/爆発08-1(長).mp3,12.682857142857143,0.2113809523809524,効果音＞爆発/爆発08-1(長).mp3
1083,sound_1083.mp3,爆発03-2(短).mp3,otologic_sounds_smart/Explosion,otologic_sounds_smart/Explosion/爆発03/爆発03-2(短).mp3,5.421179138321995,0.0903529856386999,爆発03/爆発03-2(短).mp3
1084,sound_1084.mp3,爆発03-1(長).mp3,otologic_sounds_smart/Explosion,otologic_sounds_smart/Explosion/爆発03/爆発03-1(長).mp3,6.82952380952381,0.1138253968253968,爆発03/爆発03-1(長).mp3
1085,sound_1085.mp3,爆発05-2(長).mp3,otologic_sounds_smart/Explosion,otologic_sounds_smart/Explosion/爆発05/爆発05-2(長).mp3,5.461972789115646,0.0910328798185941,爆発05/爆発05-2(長).mp3
1086,sound_1086.mp3,爆発02-1(長).mp3,otologic_sounds_smart/Explosion,otologic_sounds_smart/Explosion/爆発02/爆発02-1(長).mp3,5.573696145124717,0.0928949357520786,爆発02/爆発02-1(長).mp3
1087,sound_1087.mp3,爆発07-2(近い).mp3,otologic_sounds_smart/Explosion,otologic_sounds_smart/Explosion/爆発08/爆発07-2(近い).mp3,5.634557823129252,0.0939092970521542,爆発08/爆発07-2(近い).mp3
1088,sound_1088.mp3,爆発07-1(ドライ).mp3,otologic_sounds_smart/Explosion,otologic_sounds_smart/Explosion/爆発08/爆発07-1(ドライ).mp3,5.427845804988662,0.090464096749811,爆発08/爆発07-1(ドライ).mp3
1089,sound_1089.mp3,爆発07-3(遠い).mp3,otologic_sounds_smart/Explosion,otologic_sounds_smart/Explosion/爆発08/爆発07-3(遠い).mp3,10.421315192743764,0.1736885865457294,爆発08/爆発07-3(遠い).mp3
1090,sound_1090.mp3,爆発06-4(長　遠い).mp3,otologic_sounds_smart/Explosion,otologic_sounds_smart/Explosion/爆発06/爆発06-4(長　遠い).mp3,6.604603174603175,0.1100767195767195,爆発06/爆発06-4(長　遠い).mp3
1091,sound_1091.mp3,足音02-6L.mp3,otologic_sounds_smart/Footsteps,otologic_sounds_smart/Footsteps/足音02/足音02-6L.mp3,9.286213151927438,0.1547702191987906,足音02/足音02-6L.mp3
1092,sound_1092.mp3,足音02-3L.mp3,otologic_sounds_smart/Footsteps,otologic_sounds_smart/Footsteps/足音02/足音02-3L.mp3,9.286213151927438,0.1547702191987906,足音02/足音02-3L.mp3
1093,sound_1093.mp3,足音02-5L.mp3,otologic_sounds_smart/Footsteps,otologic_sounds_smart/Footsteps/足音02/足音02-5L.mp3,9.84278911564626,0.1640464852607709,足音02/足音02-5L.mp3
1094,sound_1094.mp3,足音02-4L.mp3,otologic_sounds_smart/Footsteps,otologic_sounds_smart/Footsteps/足音02/足音02-4L.mp3,9.765442176870748,0.1627573696145124,足音02/足音02-4L.mp3
1095,sound_1095.mp3,足音02-1L.mp3,otologic_sounds_smart/Footsteps,otologic_sounds_smart/Footsteps/足音03/足音02-1L.mp3,9.765442176870748,0.1627573696145124,足音03/足音02-1L.mp3
1096,sound_1096.mp3,足音03-6.mp3,otologic_sounds_smart/Footsteps,otologic_sounds_smart/Footsteps/足音03/足音03-6.mp3,11.092063492063492,0.1848677248677248,足音03/足音03-6.mp3
1097,sound_1097.mp3,足音02-2L.mp3,otologic_sounds_smart/Footsteps,otologic_sounds_smart/Footsteps/足音03/足音02-2L.mp3,9.84278911564626,0.1640464852607709,足音03/足音02-2L.mp3
1098,sound_1098.mp3,足音03-5.mp3,otologic_sounds_smart/Footsteps,otologic_sounds_smart/Footsteps/足音03/足音03-5.mp3,12.234195011337867,0.2039032501889645,足音03/足音03-5.mp3
1099,sound_1099.mp3,足音01-2L.mp3,otologic_sounds_smart/Footsteps,otologic_sounds_smart/Footsteps/足音01/足音01-2L.mp3,10.491224489795918,0.1748537414965986,足音01/足音01-2L.mp3
1100,sound_1100.mp3,足音01-3L.mp3,otologic_sounds_smart/Footsteps,otologic_sounds_smart/Footsteps/足音01/足音01-3L.mp3,17.83607709750567,0.2972679516250945,足音01/足音01-3L.mp3
1101,sound_1101.mp3,足音01-1L.mp3,otologic_sounds_smart/Footsteps,otologic_sounds_smart/Footsteps/足音01/足音01-1L.mp3,9.490045351473922,0.1581674225245653,足音01/足音01-1L.mp3
1102,sound_1102.mp3,足音03-3L.mp3,otologic_sounds_smart/Footsteps,otologic_sounds_smart/Footsteps/効果音＞足音/足音03-3L.mp3,9.311655328798183,0.1551942554799697,効果音＞足音/足音03-3L.mp3
1103,sound_1103.mp3,足音03-2L.mp3,otologic_sounds_smart/Footsteps,otologic_sounds_smart/Footsteps/効果音＞足音/足音03-2L.mp3,9.844149659863946,0.1640691609977324,効果音＞足音/足音03-2L.mp3
1104,sound_1104.mp3,足音03-4.mp3,otologic_sounds_smart/Footsteps,otologic_sounds_smart/Footsteps/効果音＞足音/足音03-4.mp3,11.890090702947846,0.1981681783824641,効果音＞足音/足音03-4.mp3
1105,sound_1105.mp3,足音03-1L.mp3,otologic_sounds_smart/Footsteps,otologic_sounds_smart/Footsteps/効果音＞足音/足音03-1L.mp3,9.77968253968254,0.162994708994709,効果音＞足音/足音03-1L.mp3
1106,sound_1106.mp3,黒電話　着信音01-1.mp3,otologic_sounds_smart/Phone,otologic_sounds_smart/Phone/電話　着信音01/黒電話　着信音01-1.mp3,20.46321995464853,0.3410536659108087,電話　着信音01/黒電話　着信音01-1.mp3
1107,sound_1107.mp3,電話　着信音01-3.mp3,otologic_sounds_smart/Phone,otologic_sounds_smart/Phone/電話　着信音01/電話　着信音01-3.mp3,6.956530612244898,0.1159421768707483,電話　着信音01/電話　着信音01-3.mp3
1108,sound_1108.mp3,黒電話　着信音01-2.mp3,otologic_sounds_smart/Phone,otologic_sounds_smart/Phone/電話　着信音01/黒電話　着信音01-2.mp3,20.070725623582767,0.3345120937263794,電話　着信音01/黒電話　着信音01-2.mp3
1109,sound_1109.mp3,黒電話　ハードウェア01-9(受話器　置く).mp3,otologic_sounds_smart/Phone,otologic_sounds_smart/Phone/電話　プッシュ信号01/黒電話　ハードウェア01-9(受話器　置く).mp3,6.29421768707483,0.1049036281179138,電話　プッシュ信号01/黒電話　ハードウェア01-9(受話器　置く).mp3
1110,sound_1110.mp3,公衆電話01-06(ボタン　シングル　弱).mp3,otologic_sounds_smart/Phone,otologic_sounds_smart/Phone/電話　プッシュ信号01/公衆電話01-06(ボタン　シングル　弱).mp3,14.394149659863944,0.2399024943310657,電話　プッシュ信号01/公衆電話01-06(ボタン　シングル　弱).mp3
1111,sound_1111.mp3,公衆電話01-05(ボタン　シングル　強).mp3,otologic_sounds_smart/Phone,otologic_sounds_smart/Phone/電話　プッシュ信号01/公衆電話01-05(ボタン　シングル　強).mp3,9.46204081632653,0.1577006802721088,電話　プッシュ信号01/公衆電話01-05(ボタン　シングル　強).mp3
1112,sound_1112.mp3,公衆電話01-04(ボタン　シングル　中).mp3,otologic_sounds_smart/Phone,otologic_sounds_smart/Phone/電話　プッシュ信号01/公衆電話01-04(ボタン　シングル　中).mp3,9.223015873015871,0.1537169312169312,電話　プッシュ信号01/公衆電話01-04(ボタン　シングル　中).mp3
1113,sound_1113.mp3,公衆電話01-03(ボタン　パターン　弱).mp3,otologic_sounds_smart/Phone,otologic_sounds_smart/Phone/電話　プッシュ信号01/公衆電話01-03(ボタン　パターン　弱).mp3,11.794240362811792,0.1965706727135298,電話　プッシュ信号01/公衆電話01-03(ボタン　パターン　弱).mp3
1114,sound_1114.mp3,黒電話　着信音01-4(ループ).mp3,otologic_sounds_smart/Phone,otologic_sounds_smart/Phone/黒電話　着信音01/黒電話　着信音01-4(ループ).mp3,15.0,0.25,黒電話　着信音01/黒電話　着信音01-4(ループ).mp3
1115,sound_1115.mp3,黒電話　着信音01-3(ループ).mp3,otologic_sounds_smart/Phone,otologic_sounds_smart/Phone/黒電話　着信音01/黒電話　着信音01-3(ループ).mp3,15.0,0.25,黒電話　着信音01/黒電話　着信音01-3(ループ).mp3
1116,sound_1116.mp3,電話　保留音01-3(G線上のアリア).mp3,otologic_sounds_smart/Phone,otologic_sounds_smart/Phone/効果音＞固定電話/電話　保留音01-3(G線上のアリア).mp3,101.76938775510204,1.696156462585034,効果音＞固定電話/電話　保留音01-3(G線上のアリア).mp3
1117,sound_1117.mp3,電話　着信音02-2.mp3,otologic_sounds_smart/Phone,otologic_sounds_smart/Phone/効果音＞固定電話/電話　着信音02-2.mp3,12.0,0.2,効果音＞固定電話/電話　着信音02-2.mp3
1118,sound_1118.mp3,電話　着信音02-3.mp3,otologic_sounds_smart/Phone,otologic_sounds_smart/Phone/効果音＞固定電話/電話　着信音02-3.mp3,12.0,0.2,効果音＞固定電話/電話　着信音02-3.mp3
1119,sound_1119.mp3,電話　信号音02-5(発信).mp3,otologic_sounds_smart/Phone,otologic_sounds_smart/Phone/効果音＞固定電話/電話　信号音02-5(発信).mp3,6.172448979591837,0.1028741496598639,効果音＞固定電話/電話　信号音02-5(発信).mp3
1120,sound_1120.mp3,電話　着信音02-1.mp3,otologic_sounds_smart/Phone,otologic_sounds_smart/Phone/効果音＞固定電話/電話　着信音02-1.mp3,12.0,0.2,効果音＞固定電話/電話　着信音02-1.mp3
1121,sound_1121.mp3,電話　信号音01-1(呼出).mp3,otologic_sounds_smart/Phone,otologic_sounds_smart/Phone/効果音＞固定電話/電話　信号音01-1(呼出).mp3,12.0,0.2,効果音＞固定電話/電話　信号音01-1(呼出).mp3
1122,sound_1122.mp3,電話　保留音01-2(メヌエット).mp3,otologic_sounds_smart/Phone,otologic_sounds_smart/Phone/効果音＞固定電話/電話　保留音01-2(メヌエット).mp3,49.28147392290249,0.8213578987150415,効果音＞固定電話/電話　保留音01-2(メヌエット).mp3
1123,sound_1123.mp3,電話　保留音01-1(愛の挨拶).mp3,otologic_sounds_smart/Phone,otologic_sounds_smart/Phone/効果音＞固定電話/電話　保留音01-1(愛の挨拶).mp3,80.09807256235828,1.334967876039305,効果音＞固定電話/電話　保留音01-1(愛の挨拶).mp3
1124,sound_1124.mp3,電話　信号音02-1(呼出).mp3,otologic_sounds_smart/Phone,otologic_sounds_smart/Phone/効果音＞固定電話/電話　信号音02-1(呼出).mp3,11.996439909297052,0.1999406651549508,効果音＞固定電話/電話　信号音02-1(呼出).mp3
1125,sound_1125.mp3,電話　保留音01-4(ノクターン).mp3,otologic_sounds_smart/Phone,otologic_sounds_smart/Phone/効果音＞固定電話/電話　保留音01-4(ノクターン).mp3,53.862267573696144,0.8977044595616024,効果音＞固定電話/電話　保留音01-4(ノクターン).mp3
1126,sound_1126.mp3,電話　信号音01-2(話中).mp3,otologic_sounds_smart/Phone,otologic_sounds_smart/Phone/効果音＞固定電話/電話　信号音01-2(話中).mp3,8.0,0.1333333333333333,効果音＞固定電話/電話　信号音01-2(話中).mp3
1127,sound_1127.mp3,電話　着信音02-4.mp3,otologic_sounds_smart/Phone,otologic_sounds_smart/Phone/電話　着信音02/電話　着信音02-4.mp3,12.0,0.2,電話　着信音02/電話　着信音02-4.mp3
1128,sound_1128.mp3,電話　着信音01-2.mp3,otologic_sounds_smart/Phone,otologic_sounds_smart/Phone/電話　着信音02/電話　着信音01-2.mp3,6.956530612244898,0.1159421768707483,電話　着信音02/電話　着信音01-2.mp3
1129,sound_1129.mp3,電話　着信音01-1.mp3,otologic_sounds_smart/Phone,otologic_sounds_smart/Phone/電話　着信音02/電話　着信音01-1.mp3,6.956530612244898,0.1159421768707483,電話　着信音02/電話　着信音01-1.mp3
1130,sound_1130.mp3,電話　信号音01-4(発信).mp3,otologic_sounds_smart/Phone,otologic_sounds_smart/Phone/電話　保留音01/電話　信号音01-4(発信).mp3,9.0,0.15,電話　保留音01/電話　信号音01-4(発信).mp3
1131,sound_1131.mp3,カラス　生録　環境01-4.mp3,otologic_sounds_smart/Animal,otologic_sounds_smart/Animal/カラス　生録　環境01/カラス　生録　環境01-4.mp3,35.09662131519274,0.5849436885865457,カラス　生録　環境01/カラス　生録　環境01-4.mp3
1132,sound_1132.mp3,カラス　合成01-3.mp3,otologic_sounds_smart/Animal,otologic_sounds_smart/Animal/カラス　生録　環境01/カラス　合成01-3.mp3,17.269433106575963,0.2878238851095994,カラス　生録　環境01/カラス　合成01-3.mp3
1133,sound_1133.mp3,カラス　合成01-4.mp3,otologic_sounds_smart/Animal,otologic_sounds_smart/Animal/カラス　合成01/カラス　合成01-4.mp3,15.021065759637189,0.2503510959939531,カラス　合成01/カラス　合成01-4.mp3
1134,sound_1134.mp3,カラス　合成01-7.mp3,otologic_sounds_smart/Animal,otologic_sounds_smart/Animal/カラス　合成01/カラス　合成01-7.mp3,17.27199546485261,0.2878665910808768,カラス　合成01/カラス　合成01-7.mp3
1135,sound_1135.mp3,蚊　生録01-2.mp3,otologic_sounds_smart/Animal,otologic_sounds_smart/Animal/効果音＞動物/蚊　生録01-2.mp3,8.3518820861678,0.1391980347694633,効果音＞動物/蚊　生録01-2.mp3
1136,sound_1136.mp3,蚊　生録01-1.mp3,otologic_sounds_smart/Animal,otologic_sounds_smart/Animal/効果音＞動物/蚊　生録01-1.mp3,12.904761904761903,0.2150793650793651,効果音＞動物/蚊　生録01-1.mp3
1137,sound_1137.mp3,スズメ　生録　環境01-2.mp3,otologic_sounds_smart/Animal,otologic_sounds_smart/Animal/スズメ　生録　環境01/スズメ　生録　環境01-2.mp3,129.8754421768707,2.1645907029478457,スズメ　生録　環境01/スズメ　生録　環境01-2.mp3
1138,sound_1138.mp3,スズメ　生録　環境01-1.mp3,otologic_sounds_smart/Animal,otologic_sounds_smart/Animal/スズメ　生録　環境01/スズメ　生録　環境01-1.mp3,129.8754421768707,2.1645907029478457,スズメ　生録　環境01/スズメ　生録　環境01-1.mp3
1139,sound_1139.mp3,秋の虫　生録　環境01-1.mp3,otologic_sounds_smart/Animal,otologic_sounds_smart/Animal/スズメ　生録　環境01/秋の虫　生録　環境01-1.mp3,126.99759637188208,2.1166266061980346,スズメ　生録　環境01/秋の虫　生録　環境01-1.mp3
1140,sound_1140.mp3,秋の虫　生録　環境01-2.mp3,otologic_sounds_smart/Animal,otologic_sounds_smart/Animal/秋の虫　生録　環境01/秋の虫　生録　環境01-2.mp3,126.99759637188208,2.1166266061980346,秋の虫　生録　環境01/秋の虫　生録　環境01-2.mp3
1141,sound_1141.mp3,カラス　合成01-8.mp3,otologic_sounds_smart/Animal,otologic_sounds_smart/Animal/牛　合成01/カラス　合成01-8.mp3,15.019750566893425,0.2503291761148904,牛　合成01/カラス　合成01-8.mp3
1142,sound_1142.mp3,カラス　生録　環境01-3.mp3,otologic_sounds_smart/Animal,otologic_sounds_smart/Animal/蚊　生録01/カラス　生録　環境01-3.mp3,35.09662131519274,0.5849436885865457,蚊　生録01/カラス　生録　環境01-3.mp3
1143,sound_1143.mp3,カラス　生録　環境01-2.mp3,otologic_sounds_smart/Animal,otologic_sounds_smart/Animal/蚊　生録01/カラス　生録　環境01-2.mp3,35.09662131519274,0.5849436885865457,蚊　生録01/カラス　生録　環境01-2.mp3
1144,sound_1144.mp3,カラス　生録　環境01-1.mp3,otologic_sounds_smart/Animal,otologic_sounds_smart/Animal/蚊　生録01/カラス　生録　環境01-1.mp3,35.09662131519274,0.5849436885865457,蚊　生録01/カラス　生録　環境01-1.mp3
1145,sound_1145.mp3,タイプライター02-20(遠い　紙　挿入).mp3,otologic_sounds_smart/Typewriter,otologic_sounds_smart/Typewriter/タイプライター01/タイプライター02-20(遠い　紙　挿入).mp3,7.560204081632653,0.1260034013605442,タイプライター01/タイプライター02-20(遠い　紙　挿入).mp3
1146,sound_1146.mp3,タイプライター01-2.mp3,otologic_sounds_smart/Typewriter,otologic_sounds_smart/Typewriter/タイプライター01/タイプライター01-2.mp3,5.225668934240363,0.0870944822373393,タイプライター01/タイプライター01-2.mp3
1147,sound_1147.mp3,タイプライター01-1.mp3,otologic_sounds_smart/Typewriter,otologic_sounds_smart/Typewriter/タイプライター01/タイプライター01-1.mp3,7.326009070294784,0.1221001511715797,タイプライター01/タイプライター01-1.mp3
1148,sound_1148.mp3,タイプライター02-17(遠い　スペース　単発).mp3,otologic_sounds_smart/Typewriter,otologic_sounds_smart/Typewriter/タイプライター02/タイプライター02-17(遠い　スペース　単発).mp3,7.416235827664399,0.1236039304610733,タイプライター02/タイプライター02-17(遠い　スペース　単発).mp3
1149,sound_1149.mp3,タイプライター02-18(遠い　タブ).mp3,otologic_sounds_smart/Typewriter,otologic_sounds_smart/Typewriter/タイプライター02/タイプライター02-18(遠い　タブ).mp3,5.01702947845805,0.0836171579743008,タイプライター02/タイプライター02-18(遠い　タブ).mp3
1150,sound_1150.mp3,タイプライター02-16(遠い　タイプ　単発).mp3,otologic_sounds_smart/Typewriter,otologic_sounds_smart/Typewriter/タイプライター02/タイプライター02-16(遠い　タイプ　単発).mp3,17.28077097505669,0.2880128495842781,タイプライター02/タイプライター02-16(遠い　タイプ　単発).mp3
1151,sound_1151.mp3,タイプライター02-15(遠い　タイプ　単発).mp3,otologic_sounds_smart/Typewriter,otologic_sounds_smart/Typewriter/タイプライター02/タイプライター02-15(遠い　タイプ　単発).mp3,11.685079365079366,0.1947513227513227,タイプライター02/タイプライター02-15(遠い　タイプ　単発).mp3
1152,sound_1152.mp3,タイプライター02-14(遠い　タイプ).mp3,otologic_sounds_smart/Typewriter,otologic_sounds_smart/Typewriter/タイプライター02/タイプライター02-14(遠い　タイプ).mp3,17.802721088435373,0.2967120181405895,タイプライター02/タイプライター02-14(遠い　タイプ).mp3
1153,sound_1153.mp3,タイプライター02-13(遠い　タイプ).mp3,otologic_sounds_smart/Typewriter,otologic_sounds_smart/Typewriter/タイプライター02/タイプライター02-13(遠い　タイプ).mp3,67.71265306122449,1.1285442176870748,タイプライター02/タイプライター02-13(遠い　タイプ).mp3
1154,sound_1154.mp3,タイプライター02-04(タイプ　単発).mp3,otologic_sounds_smart/Typewriter,otologic_sounds_smart/Typewriter/効果音＞タイプライター/タイプライター02-04(タイプ　単発).mp3,17.20886621315193,0.2868144368858655,効果音＞タイプライター/タイプライター02-04(タイプ　単発).mp3
1155,sound_1155.mp3,タイプライター02-03(タイプ　単発).mp3,otologic_sounds_smart/Typewriter,otologic_sounds_smart/Typewriter/効果音＞タイプライター/タイプライター02-03(タイプ　単発).mp3,12.266938775510203,0.2044489795918367,効果音＞タイプライター/タイプライター02-03(タイプ　単発).mp3
1156,sound_1156.mp3,タイプライター02-05(スペース　単発).mp3,otologic_sounds_smart/Typewriter,otologic_sounds_smart/Typewriter/効果音＞タイプライター/タイプライター02-05(スペース　単発).mp3,7.297120181405896,0.1216186696900982,効果音＞タイプライター/タイプライター02-05(スペース　単発).mp3
1157,sound_1157.mp3,タイプライター02-01(タイプ).mp3,otologic_sounds_smart/Typewriter,otologic_sounds_smart/Typewriter/効果音＞タイプライター/タイプライター02-01(タイプ).mp3,68.85646258503401,1.1476077097505668,効果音＞タイプライター/タイプライター02-01(タイプ).mp3
1158,sound_1158.mp3,タイプライター02-06(タブ).mp3,otologic_sounds_smart/Typewriter,otologic_sounds_smart/Typewriter/効果音＞タイプライター/タイプライター02-06(タブ).mp3,5.629727891156462,0.093828798185941,効果音＞タイプライター/タイプライター02-06(タブ).mp3
1159,sound_1159.mp3,タイプライター02-02(タイプ).mp3,otologic_sounds_smart/Typewriter,otologic_sounds_smart/Typewriter/効果音＞タイプライター/タイプライター02-02(タイプ).mp3,19.12766439909297,0.3187944066515495,効果音＞タイプライター/タイプライター02-02(タイプ).mp3
1160,sound_1160.mp3,タイプライター02-08(紙　挿入).mp3,otologic_sounds_smart/Typewriter,otologic_sounds_smart/Typewriter/効果音＞タイプライター/タイプライター02-08(紙　挿入).mp3,7.886417233560091,0.1314402872260015,効果音＞タイプライター/タイプライター02-08(紙　挿入).mp3
1161,sound_1161.mp3,PC　キーボード01-1.mp3,otologic_sounds_smart/Pc Keyboard,otologic_sounds_smart/Pc Keyboard/PC　キーボード01/PC　キーボード01-1.mp3,16.1859410430839,0.2697656840513983,PC　キーボード01/PC　キーボード01-1.mp3
1162,sound_1162.mp3,PC　キーボード01-2.mp3,otologic_sounds_smart/Pc Keyboard,otologic_sounds_smart/Pc Keyboard/PC　キーボード01/PC　キーボード01-2.mp3,14.2724716553288,0.2378745275888133,PC　キーボード01/PC　キーボード01-2.mp3
1163,sound_1163.mp3,PC　キーボード02-19(遠い　方向).mp3,otologic_sounds_smart/Pc Keyboard,otologic_sounds_smart/Pc Keyboard/PC　キーボード01/PC　キーボード02-19(遠い　方向).mp3,11.721836734693875,0.1953639455782312,PC　キーボード01/PC　キーボード02-19(遠い　方向).mp3
1164,sound_1164.mp3,PC　キーボード01-3.mp3,otologic_sounds_smart/Pc Keyboard,otologic_sounds_smart/Pc Keyboard/PC　キーボード01/PC　キーボード01-3.mp3,11.11469387755102,0.1852448979591837,PC　キーボード01/PC　キーボード01-3.mp3
1165,sound_1165.mp3,PC　キーボード01-4.mp3,otologic_sounds_smart/Pc Keyboard,otologic_sounds_smart/Pc Keyboard/PC　キーボード01/PC　キーボード01-4.mp3,7.103968253968254,0.1183994708994709,PC　キーボード01/PC　キーボード01-4.mp3
1166,sound_1166.mp3,PC　キーボード01-TenKey1.mp3,otologic_sounds_smart/Pc Keyboard,otologic_sounds_smart/Pc Keyboard/PC　キーボード01/PC　キーボード01-TenKey1.mp3,12.895124716553289,0.2149187452758881,PC　キーボード01/PC　キーボード01-TenKey1.mp3
1167,sound_1167.mp3,PC　キーボード01-TenKey2.mp3,otologic_sounds_smart/Pc Keyboard,otologic_sounds_smart/Pc Keyboard/PC　キーボード01/PC　キーボード01-TenKey2.mp3,11.824444444444444,0.197074074074074,PC　キーボード01/PC　キーボード01-TenKey2.mp3
1168,sound_1168.mp3,PC　キーボード01-TenKey3.mp3,otologic_sounds_smart/Pc Keyboard,otologic_sounds_smart/Pc Keyboard/PC　キーボード01/PC　キーボード01-TenKey3.mp3,10.39092970521542,0.1731821617535903,PC　キーボード01/PC　キーボード01-TenKey3.mp3
1169,sound_1169.mp3,PC　キーボード05-06(単発　弱).mp3,otologic_sounds_smart/Pc Keyboard,otologic_sounds_smart/Pc Keyboard/PC　キーボード06/PC　キーボード05-06(単発　弱).mp3,10.74297052154195,0.1790495086923658,PC　キーボード06/PC　キーボード05-06(単発　弱).mp3
1170,sound_1170.mp3,PC　キーボード05-03(弱).mp3,otologic_sounds_smart/Pc Keyboard,otologic_sounds_smart/Pc Keyboard/PC　キーボード06/PC　キーボード05-03(弱).mp3,24.369206349206348,0.4061534391534391,PC　キーボード06/PC　キーボード05-03(弱).mp3
1171,sound_1171.mp3,PC　キーボード05-01(中).mp3,otologic_sounds_smart/Pc Keyboard,otologic_sounds_smart/Pc Keyboard/PC　キーボード06/PC　キーボード05-01(中).mp3,22.453968253968252,0.3742328042328042,PC　キーボード06/PC　キーボード05-01(中).mp3
1172,sound_1172.mp3,PC　キーボード05-05(単発　強).mp3,otologic_sounds_smart/Pc Keyboard,otologic_sounds_smart/Pc Keyboard/PC　キーボード06/PC　キーボード05-05(単発　強).mp3,10.526938775510205,0.1754489795918367,PC　キーボード06/PC　キーボード05-05(単発　強).mp3
1173,sound_1173.mp3,PC　キーボード05-02(強).mp3,otologic_sounds_smart/Pc Keyboard,otologic_sounds_smart/Pc Keyboard/PC　キーボード06/PC　キーボード05-02(強).mp3,24.92442176870748,0.415407029478458,PC　キーボード06/PC　キーボード05-02(強).mp3
1174,sound_1174.mp3,PC　キーボード05-04(単発　中).mp3,otologic_sounds_smart/Pc Keyboard,otologic_sounds_smart/Pc Keyboard/PC　キーボード06/PC　キーボード05-04(単発　中).mp3,7.974263038548753,0.1329043839758125,PC　キーボード06/PC　キーボード05-04(単発　中).mp3
1175,sound_1175.mp3,PC　キーボード05-14(遠い　強).mp3,otologic_sounds_smart/Pc Keyboard,otologic_sounds_smart/Pc Keyboard/PC　キーボード06/PC　キーボード05-14(遠い　強).mp3,24.948820861678005,0.4158136810279667,PC　キーボード06/PC　キーボード05-14(遠い　強).mp3
1176,sound_1176.mp3,PC　キーボード05-07(方向).mp3,otologic_sounds_smart/Pc Keyboard,otologic_sounds_smart/Pc Keyboard/PC　キーボード06/PC　キーボード05-07(方向).mp3,12.5821768707483,0.2097029478458049,PC　キーボード06/PC　キーボード05-07(方向).mp3
1177,sound_1177.mp3,PC　キーボード05-13(遠い　中).mp3,otologic_sounds_smart/Pc Keyboard,otologic_sounds_smart/Pc Keyboard/PC　キーボード06/PC　キーボード05-13(遠い　中).mp3,22.734285714285715,0.3789047619047619,PC　キーボード06/PC　キーボード05-13(遠い　中).mp3
1178,sound_1178.mp3,PC　キーボード03-07(方向).mp3,otologic_sounds_smart/Pc Keyboard,otologic_sounds_smart/Pc Keyboard/PC　キーボード03/PC　キーボード03-07(方向).mp3,13.522448979591836,0.2253741496598639,PC　キーボード03/PC　キーボード03-07(方向).mp3
1179,sound_1179.mp3,PC　キーボード03-17(遠い　単発　強).mp3,otologic_sounds_smart/Pc Keyboard,otologic_sounds_smart/Pc Keyboard/PC　キーボード03/PC　キーボード03-17(遠い　単発　強).mp3,11.222925170068027,0.1870487528344671,PC　キーボード03/PC　キーボード03-17(遠い　単発　強).mp3
1180,sound_1180.mp3,PC　キーボード03-06(単発　弱).mp3,otologic_sounds_smart/Pc Keyboard,otologic_sounds_smart/Pc Keyboard/PC　キーボード03/PC　キーボード03-06(単発　弱).mp3,10.660408163265306,0.1776734693877551,PC　キーボード03/PC　キーボード03-06(単発　弱).mp3
1181,sound_1181.mp3,PC　キーボード03-16(遠い　単発　中).mp3,otologic_sounds_smart/Pc Keyboard,otologic_sounds_smart/Pc Keyboard/PC　キーボード03/PC　キーボード03-16(遠い　単発　中).mp3,7.8480952380952385,0.1308015873015873,PC　キーボード03/PC　キーボード03-16(遠い　単発　中).mp3
1182,sound_1182.mp3,PC　キーボード03-05(単発　強).mp3,otologic_sounds_smart/Pc Keyboard,otologic_sounds_smart/Pc Keyboard/PC　キーボード03/PC　キーボード03-05(単発　強).mp3,11.512585034013606,0.1918764172335601,PC　キーボード03/PC　キーボード03-05(単発　強).mp3
1183,sound_1183.mp3,PC　キーボード03-13(遠い　中).mp3,otologic_sounds_smart/Pc Keyboard,otologic_sounds_smart/Pc Keyboard/PC　キーボード03/PC　キーボード03-13(遠い　中).mp3,24.793696145124716,0.4132282690854119,PC　キーボード03/PC　キーボード03-13(遠い　中).mp3
1184,sound_1184.mp3,PC　キーボード03-18(遠い　単発　弱).mp3,otologic_sounds_smart/Pc Keyboard,otologic_sounds_smart/Pc Keyboard/PC　キーボード03/PC　キーボード03-18(遠い　単発　弱).mp3,10.432448979591836,0.1738741496598639,PC　キーボード03/PC　キーボード03-18(遠い　単発　弱).mp3
1185,sound_1185.mp3,PC　キーボード03-14(遠い　強).mp3,otologic_sounds_smart/Pc Keyboard,otologic_sounds_smart/Pc Keyboard/PC　キーボード03/PC　キーボード03-14(遠い　強).mp3,23.417709750566893,0.3902951625094482,PC　キーボード03/PC　キーボード03-14(遠い　強).mp3
1186,sound_1186.mp3,PC　キーボード03-15(遠い　弱).mp3,otologic_sounds_smart/Pc Keyboard,otologic_sounds_smart/Pc Keyboard/PC　キーボード03/PC　キーボード03-15(遠い　弱).mp3,22.041315192743763,0.367355253212396,PC　キーボード03/PC　キーボード03-15(遠い　弱).mp3
1187,sound_1187.mp3,PC　キーボード03-19(遠い　方向).mp3,otologic_sounds_smart/Pc Keyboard,otologic_sounds_smart/Pc Keyboard/PC　キーボード03/PC　キーボード03-19(遠い　方向).mp3,13.278027210884352,0.2213004535147392,PC　キーボード03/PC　キーボード03-19(遠い　方向).mp3
1188,sound_1188.mp3,PC　キーボード04-17(遠い　単発　強).mp3,otologic_sounds_smart/Pc Keyboard,otologic_sounds_smart/Pc Keyboard/PC　キーボード04/PC　キーボード04-17(遠い　単発　強).mp3,9.539886621315192,0.1589981103552532,PC　キーボード04/PC　キーボード04-17(遠い　単発　強).mp3
1189,sound_1189.mp3,PC　キーボード03-01(中).mp3,otologic_sounds_smart/Pc Keyboard,otologic_sounds_smart/Pc Keyboard/PC　キーボード04/PC　キーボード03-01(中).mp3,24.932721088435375,0.4155453514739229,PC　キーボード04/PC　キーボード03-01(中).mp3
1190,sound_1190.mp3,PC　キーボード04-16(遠い　単発　中).mp3,otologic_sounds_smart/Pc Keyboard,otologic_sounds_smart/Pc Keyboard/PC　キーボード04/PC　キーボード04-16(遠い　単発　中).mp3,6.154331065759637,0.1025721844293272,PC　キーボード04/PC　キーボード04-16(遠い　単発　中).mp3
1191,sound_1191.mp3,PC　キーボード03-03(弱).mp3,otologic_sounds_smart/Pc Keyboard,otologic_sounds_smart/Pc Keyboard/PC　キーボード04/PC　キーボード03-03(弱).mp3,22.03814058956916,0.367302343159486,PC　キーボード04/PC　キーボード03-03(弱).mp3
1192,sound_1192.mp3,PC　キーボード03-04(単発　中).mp3,otologic_sounds_smart/Pc Keyboard,otologic_sounds_smart/Pc Keyboard/PC　キーボード04/PC　キーボード03-04(単発　中).mp3,7.688321995464853,0.1281386999244142,PC　キーボード04/PC　キーボード03-04(単発　中).mp3
1193,sound_1193.mp3,PC　キーボード03-02(強).mp3,otologic_sounds_smart/Pc Keyboard,otologic_sounds_smart/Pc Keyboard/PC　キーボード04/PC　キーボード03-02(強).mp3,23.450770975056688,0.3908461829176115,PC　キーボード04/PC　キーボード03-02(強).mp3
1194,sound_1194.mp3,PC　キーボード04-19(遠い　方向).mp3,otologic_sounds_smart/Pc Keyboard,otologic_sounds_smart/Pc Keyboard/PC　キーボード04/PC　キーボード04-19(遠い　方向).mp3,13.344625850340137,0.2224104308390022,PC　キーボード04/PC　キーボード04-19(遠い　方向).mp3
1195,sound_1195.mp3,PC　キーボード04-13(遠い　中).mp3,otologic_sounds_smart/Pc Keyboard,otologic_sounds_smart/Pc Keyboard/PC　キーボード04/PC　キーボード04-13(遠い　中).mp3,23.469659863945576,0.3911609977324263,PC　キーボード04/PC　キーボード04-13(遠い　中).mp3
1196,sound_1196.mp3,PC　キーボード04-18(遠い　単発　弱).mp3,otologic_sounds_smart/Pc Keyboard,otologic_sounds_smart/Pc Keyboard/PC　キーボード04/PC　キーボード04-18(遠い　単発　弱).mp3,7.709297052154195,0.1284882842025699,PC　キーボード04/PC　キーボード04-18(遠い　単発　弱).mp3
1197,sound_1197.mp3,PC　キーボード04-14(遠い　強).mp3,otologic_sounds_smart/Pc Keyboard,otologic_sounds_smart/Pc Keyboard/PC　キーボード04/PC　キーボード04-14(遠い　強).mp3,24.19310657596372,0.4032184429327286,PC　キーボード04/PC　キーボード04-14(遠い　強).mp3
1198,sound_1198.mp3,PC　キーボード04-15(遠い　弱).mp3,otologic_sounds_smart/Pc Keyboard,otologic_sounds_smart/Pc Keyboard/PC　キーボード04/PC　キーボード04-15(遠い　弱).mp3,22.663809523809523,0.3777301587301587,PC　キーボード04/PC　キーボード04-15(遠い　弱).mp3
1199,sound_1199.mp3,PC　キーボード04-03(弱).mp3,otologic_sounds_smart/Pc Keyboard,otologic_sounds_smart/Pc Keyboard/PC　キーボード05/PC　キーボード04-03(弱).mp3,22.818299319727892,0.3803049886621315,PC　キーボード05/PC　キーボード04-03(弱).mp3
1200,sound_1200.mp3,PC　キーボード04-01(中).mp3,otologic_sounds_smart/Pc Keyboard,otologic_sounds_smart/Pc Keyboard/PC　キーボード05/PC　キーボード04-01(中).mp3,23.51873015873016,0.391978835978836,PC　キーボード05/PC　キーボード04-01(中).mp3
1201,sound_1201.mp3,PC　キーボード05-19(遠い　方向).mp3,otologic_sounds_smart/Pc Keyboard,otologic_sounds_smart/Pc Keyboard/PC　キーボード05/PC　キーボード05-19(遠い　方向).mp3,12.45596371882086,0.207599395313681,PC　キーボード05/PC　キーボード05-19(遠い　方向).mp3
1202,sound_1202.mp3,PC　キーボード05-16(遠い　単発　中).mp3,otologic_sounds_smart/Pc Keyboard,otologic_sounds_smart/Pc Keyboard/PC　キーボード05/PC　キーボード05-16(遠い　単発　中).mp3,7.976575963718821,0.132942932728647,PC　キーボード05/PC　キーボード05-16(遠い　単発　中).mp3
1203,sound_1203.mp3,PC　キーボード04-06(単発　弱).mp3,otologic_sounds_smart/Pc Keyboard,otologic_sounds_smart/Pc Keyboard/PC　キーボード05/PC　キーボード04-06(単発　弱).mp3,7.626689342403628,0.1271114890400604,PC　キーボード05/PC　キーボード04-06(単発　弱).mp3
1204,sound_1204.mp3,PC　キーボード05-17(遠い　単発　強).mp3,otologic_sounds_smart/Pc Keyboard,otologic_sounds_smart/Pc Keyboard/PC　キーボード05/PC　キーボード05-17(遠い　単発　強).mp3,10.513469387755102,0.1752244897959183,PC　キーボード05/PC　キーボード05-17(遠い　単発　強).mp3
1205,sound_1205.mp3,PC　キーボード04-07(方向).mp3,otologic_sounds_smart/Pc Keyboard,otologic_sounds_smart/Pc Keyboard/PC　キーボード05/PC　キーボード04-07(方向).mp3,13.914943310657597,0.2319157218442932,PC　キーボード05/PC　キーボード04-07(方向).mp3
1206,sound_1206.mp3,PC　キーボード05-18(遠い　単発　弱).mp3,otologic_sounds_smart/Pc Keyboard,otologic_sounds_smart/Pc Keyboard/PC　キーボード05/PC　キーボード05-18(遠い　単発　弱).mp3,11.0,0.1833333333333333,PC　キーボード05/PC　キーボード05-18(遠い　単発　弱).mp3
1207,sound_1207.mp3,PC　キーボード04-04(単発　中).mp3,otologic_sounds_smart/Pc Keyboard,otologic_sounds_smart/Pc Keyboard/PC　キーボード05/PC　キーボード04-04(単発　中).mp3,6.275079365079365,0.104584656084656,PC　キーボード05/PC　キーボード04-04(単発　中).mp3
1208,sound_1208.mp3,PC　キーボード04-05(単発　強).mp3,otologic_sounds_smart/Pc Keyboard,otologic_sounds_smart/Pc Keyboard/PC　キーボード05/PC　キーボード04-05(単発　強).mp3,9.438503401360544,0.1573083900226757,PC　キーボード05/PC　キーボード04-05(単発　強).mp3
1209,sound_1209.mp3,PC　キーボード04-02(強).mp3,otologic_sounds_smart/Pc Keyboard,otologic_sounds_smart/Pc Keyboard/PC　キーボード05/PC　キーボード04-02(強).mp3,24.31972789115646,0.405328798185941,PC　キーボード05/PC　キーボード04-02(強).mp3
1210,sound_1210.mp3,PC　キーボード05-15(遠い　弱).mp3,otologic_sounds_smart/Pc Keyboard,otologic_sounds_smart/Pc Keyboard/PC　キーボード05/PC　キーボード05-15(遠い　弱).mp3,24.799183673469383,0.4133197278911564,PC　キーボード05/PC　キーボード05-15(遠い　弱).mp3
1211,sound_1211.mp3,PC　キーボード02-01(中).mp3,otologic_sounds_smart/Pc Keyboard,otologic_sounds_smart/Pc Keyboard/PC　キーボード02/PC　キーボード02-01(中).mp3,21.390090702947845,0.3565015117157974,PC　キーボード02/PC　キーボード02-01(中).mp3
1212,sound_1212.mp3,PC　キーボード02-16(遠い　単発　中).mp3,otologic_sounds_smart/Pc Keyboard,otologic_sounds_smart/Pc Keyboard/PC　キーボード02/PC　キーボード02-16(遠い　単発　中).mp3,7.953877551020408,0.1325646258503401,PC　キーボード02/PC　キーボード02-16(遠い　単発　中).mp3
1213,sound_1213.mp3,PC　キーボード02-06(単発　弱).mp3,otologic_sounds_smart/Pc Keyboard,otologic_sounds_smart/Pc Keyboard/PC　キーボード02/PC　キーボード02-06(単発　弱).mp3,10.265646258503402,0.17109410430839,PC　キーボード02/PC　キーボード02-06(単発　弱).mp3
1214,sound_1214.mp3,PC　キーボード02-03(弱).mp3,otologic_sounds_smart/Pc Keyboard,otologic_sounds_smart/Pc Keyboard/PC　キーボード02/PC　キーボード02-03(弱).mp3,23.07920634920635,0.3846534391534391,PC　キーボード02/PC　キーボード02-03(弱).mp3
1215,sound_1215.mp3,PC　キーボード02-17(遠い　単発　強).mp3,otologic_sounds_smart/Pc Keyboard,otologic_sounds_smart/Pc Keyboard/PC　キーボード02/PC　キーボード02-17(遠い　単発　強).mp3,10.545691609977323,0.1757615268329554,PC　キーボード02/PC　キーボード02-17(遠い　単発　強).mp3
1216,sound_1216.mp3,PC　キーボード02-05(単発　強).mp3,otologic_sounds_smart/Pc Keyboard,otologic_sounds_smart/Pc Keyboard/PC　キーボード02/PC　キーボード02-05(単発　強).mp3,10.368027210884351,0.1728004535147392,PC　キーボード02/PC　キーボード02-05(単発　強).mp3
1217,sound_1217.mp3,PC　キーボード02-04(単発　中).mp3,otologic_sounds_smart/Pc Keyboard,otologic_sounds_smart/Pc Keyboard/PC　キーボード02/PC　キーボード02-04(単発　中).mp3,7.916984126984127,0.1319497354497354,PC　キーボード02/PC　キーボード02-04(単発　中).mp3
1218,sound_1218.mp3,PC　キーボード02-07(方向).mp3,otologic_sounds_smart/Pc Keyboard,otologic_sounds_smart/Pc Keyboard/PC　キーボード02/PC　キーボード02-07(方向).mp3,11.649229024943311,0.1941538170823885,PC　キーボード02/PC　キーボード02-07(方向).mp3
1219,sound_1219.mp3,PC　キーボード02-18(遠い　単発　弱).mp3,otologic_sounds_smart/Pc Keyboard,otologic_sounds_smart/Pc Keyboard/PC　キーボード02/PC　キーボード02-18(遠い　単発　弱).mp3,10.011995464852609,0.1668665910808767,PC　キーボード02/PC　キーボード02-18(遠い　単発　弱).mp3
1220,sound_1220.mp3,PC　キーボード02-14(遠い　強).mp3,otologic_sounds_smart/Pc Keyboard,otologic_sounds_smart/Pc Keyboard/PC　キーボード02/PC　キーボード02-14(遠い　強).mp3,23.576462585034015,0.3929410430839002,PC　キーボード02/PC　キーボード02-14(遠い　強).mp3
1221,sound_1221.mp3,PC　キーボード02-15(遠い　弱).mp3,otologic_sounds_smart/Pc Keyboard,otologic_sounds_smart/Pc Keyboard/PC　キーボード02/PC　キーボード02-15(遠い　弱).mp3,23.277755102040818,0.3879625850340136,PC　キーボード02/PC　キーボード02-15(遠い　弱).mp3
1222,sound_1222.mp3,PC　キーボード02-13(遠い　中).mp3,otologic_sounds_smart/Pc Keyboard,otologic_sounds_smart/Pc Keyboard/PC　キーボード02/PC　キーボード02-13(遠い　中).mp3,21.299433106575965,0.3549905517762661,PC　キーボード02/PC　キーボード02-13(遠い　中).mp3
1223,sound_1223.mp3,PC　キーボード02-02(強).mp3,otologic_sounds_smart/Pc Keyboard,otologic_sounds_smart/Pc Keyboard/PC　キーボード02/PC　キーボード02-02(強).mp3,23.50575963718821,0.3917626606198034,PC　キーボード02/PC　キーボード02-02(強).mp3
1224,sound_1224.mp3,PC　キーボード06-14(遠い　強).mp3,otologic_sounds_smart/Pc Keyboard,otologic_sounds_smart/Pc Keyboard/効果音＞PC・キーボード/PC　キーボード06-14(遠い　強).mp3,22.48501133786848,0.3747501889644747,効果音＞PC・キーボード/PC　キーボード06-14(遠い　強).mp3
1225,sound_1225.mp3,PC　キーボード06-15(遠い　弱).mp3,otologic_sounds_smart/Pc Keyboard,otologic_sounds_smart/Pc Keyboard/効果音＞PC・キーボード/PC　キーボード06-15(遠い　弱).mp3,23.40995464852608,0.3901659108087679,効果音＞PC・キーボード/PC　キーボード06-15(遠い　弱).mp3
1226,sound_1226.mp3,PC　キーボード06-19(遠い　方向).mp3,otologic_sounds_smart/Pc Keyboard,otologic_sounds_smart/Pc Keyboard/効果音＞PC・キーボード/PC　キーボード06-19(遠い　方向).mp3,14.43780045351474,0.240630007558579,効果音＞PC・キーボード/PC　キーボード06-19(遠い　方向).mp3
1227,sound_1227.mp3,PC　キーボード06-18(遠い　単発　弱).mp3,otologic_sounds_smart/Pc Keyboard,otologic_sounds_smart/Pc Keyboard/効果音＞PC・キーボード/PC　キーボード06-18(遠い　単発　弱).mp3,9.558798185941043,0.1593133030990174,効果音＞PC・キーボード/PC　キーボード06-18(遠い　単発　弱).mp3
1228,sound_1228.mp3,PC　キーボード06-13(遠い　中).mp3,otologic_sounds_smart/Pc Keyboard,otologic_sounds_smart/Pc Keyboard/効果音＞PC・キーボード/PC　キーボード06-13(遠い　中).mp3,24.05673469387755,0.4009455782312925,効果音＞PC・キーボード/PC　キーボード06-13(遠い　中).mp3
1229,sound_1229.mp3,PC　キーボード06-07(方向).mp3,otologic_sounds_smart/Pc Keyboard,otologic_sounds_smart/Pc Keyboard/効果音＞PC・キーボード/PC　キーボード06-07(方向).mp3,14.395396825396825,0.2399232804232804,効果音＞PC・キーボード/PC　キーボード06-07(方向).mp3
1230,sound_1230.mp3,PC　キーボード06-04(単発　中).mp3,otologic_sounds_smart/Pc Keyboard,otologic_sounds_smart/Pc Keyboard/効果音＞PC・キーボード/PC　キーボード06-04(単発　中).mp3,7.896235827664399,0.1316039304610733,効果音＞PC・キーボード/PC　キーボード06-04(単発　中).mp3
1231,sound_1231.mp3,PC　キーボード06-05(単発　強).mp3,otologic_sounds_smart/Pc Keyboard,otologic_sounds_smart/Pc Keyboard/効果音＞PC・キーボード/PC　キーボード06-05(単発　強).mp3,8.491292517006803,0.1415215419501133,効果音＞PC・キーボード/PC　キーボード06-05(単発　強).mp3
1232,sound_1232.mp3,PC　キーボード06-02(強).mp3,otologic_sounds_smart/Pc Keyboard,otologic_sounds_smart/Pc Keyboard/効果音＞PC・キーボード/PC　キーボード06-02(強).mp3,22.42748299319728,0.3737913832199547,効果音＞PC・キーボード/PC　キーボード06-02(強).mp3
1233,sound_1233.mp3,PC　キーボード06-03(弱).mp3,otologic_sounds_smart/Pc Keyboard,otologic_sounds_smart/Pc Keyboard/効果音＞PC・キーボード/PC　キーボード06-03(弱).mp3,23.39687074829932,0.3899478458049887,効果音＞PC・キーボード/PC　キーボード06-03(弱).mp3
1234,sound_1234.mp3,PC　キーボード06-16(遠い　単発　中).mp3,otologic_sounds_smart/Pc Keyboard,otologic_sounds_smart/Pc Keyboard/効果音＞PC・キーボード/PC　キーボード06-16(遠い　単発　中).mp3,8.067392290249433,0.1344565381708239,効果音＞PC・キーボード/PC　キーボード06-16(遠い　単発　中).mp3
1235,sound_1235.mp3,PC　キーボード06-01(中).mp3,otologic_sounds_smart/Pc Keyboard,otologic_sounds_smart/Pc Keyboard/効果音＞PC・キーボード/PC　キーボード06-01(中).mp3,23.868684807256237,0.3978114134542706,効果音＞PC・キーボード/PC　キーボード06-01(中).mp3
1236,sound_1236.mp3,PC　キーボード06-06(単発　弱).mp3,otologic_sounds_smart/Pc Keyboard,otologic_sounds_smart/Pc Keyboard/効果音＞PC・キーボード/PC　キーボード06-06(単発　弱).mp3,9.37408163265306,0.156234693877551,効果音＞PC・キーボード/PC　キーボード06-06(単発　弱).mp3
1237,sound_1237.mp3,PC　キーボード06-17(遠い　単発　強).mp3,otologic_sounds_smart/Pc Keyboard,otologic_sounds_smart/Pc Keyboard/効果音＞PC・キーボード/PC　キーボード06-17(遠い　単発　強).mp3,8.63501133786848,0.1439168556311413,効果音＞PC・キーボード/PC　キーボード06-17(遠い　単発　強).mp3
1238,sound_1238.mp3,掃除機03-62(遠い　バキューム　床　木　中).mp3,otologic_sounds_smart/Vacuum Cleaner,otologic_sounds_smart/Vacuum Cleaner/掃除機02/掃除機03-62(遠い　バキューム　床　木　中).mp3,21.733514739229022,0.3622252456538171,掃除機02/掃除機03-62(遠い　バキューム　床　木　中).mp3
1239,sound_1239.mp3,掃除機03-79(遠い　バキューム　床　ソフト　高).mp3,otologic_sounds_smart/Vacuum Cleaner,otologic_sounds_smart/Vacuum Cleaner/掃除機02/掃除機03-79(遠い　バキューム　床　ソフト　高).mp3,21.029637188208618,0.3504939531368103,掃除機02/掃除機03-79(遠い　バキューム　床　ソフト　高).mp3
1240,sound_1240.mp3,掃除機03-81(遠い　バキューム　床　ソフト　低).mp3,otologic_sounds_smart/Vacuum Cleaner,otologic_sounds_smart/Vacuum Cleaner/掃除機02/掃除機03-81(遠い　バキューム　床　ソフト　低).mp3,22.106757369614513,0.3684459561602419,掃除機02/掃除機03-81(遠い　バキューム　床　ソフト　低).mp3
1241,sound_1241.mp3,掃除機03-77(遠い　バキューム　床　ソフト　高).mp3,otologic_sounds_smart/Vacuum Cleaner,otologic_sounds_smart/Vacuum Cleaner/掃除機02/掃除機03-77(遠い　バキューム　床　ソフト　高).mp3,22.79995464852608,0.3799992441421013,掃除機02/掃除機03-77(遠い　バキューム　床　ソフト　高).mp3
1242,sound_1242.mp3,掃除機03-64(遠い　バキューム　床　木　高).mp3,otologic_sounds_smart/Vacuum Cleaner,otologic_sounds_smart/Vacuum Cleaner/掃除機02/掃除機03-64(遠い　バキューム　床　木　高).mp3,22.623242630385487,0.3770540438397581,掃除機02/掃除機03-64(遠い　バキューム　床　木　高).mp3
1243,sound_1243.mp3,掃除機03-70(遠い　バキューム　床　ソフト　中　静止).mp3,otologic_sounds_smart/Vacuum Cleaner,otologic_sounds_smart/Vacuum Cleaner/掃除機02/掃除機03-70(遠い　バキューム　床　ソフト　中　静止).mp3,8.614467120181406,0.1435744520030234,掃除機02/掃除機03-70(遠い　バキューム　床　ソフト　中　静止).mp3
1244,sound_1244.mp3,掃除機03-61(遠い　バキューム　低　短).mp3,otologic_sounds_smart/Vacuum Cleaner,otologic_sounds_smart/Vacuum Cleaner/掃除機02/掃除機03-61(遠い　バキューム　低　短).mp3,10.490158730158733,0.1748359788359788,掃除機02/掃除機03-61(遠い　バキューム　低　短).mp3
1245,sound_1245.mp3,掃除機03-63(遠い　バキューム　床　木　中).mp3,otologic_sounds_smart/Vacuum Cleaner,otologic_sounds_smart/Vacuum Cleaner/掃除機02/掃除機03-63(遠い　バキューム　床　木　中).mp3,20.807891156462585,0.346798185941043,掃除機02/掃除機03-63(遠い　バキューム　床　木　中).mp3
1246,sound_1246.mp3,掃除機03-80(遠い　バキューム　床　ソフト　低).mp3,otologic_sounds_smart/Vacuum Cleaner,otologic_sounds_smart/Vacuum Cleaner/掃除機02/掃除機03-80(遠い　バキューム　床　ソフト　低).mp3,22.01825396825397,0.3669708994708995,掃除機02/掃除機03-80(遠い　バキューム　床　ソフト　低).mp3
1247,sound_1247.mp3,掃除機03-65(遠い　バキューム　床　木　高).mp3,otologic_sounds_smart/Vacuum Cleaner,otologic_sounds_smart/Vacuum Cleaner/掃除機02/掃除機03-65(遠い　バキューム　床　木　高).mp3,21.191814058956915,0.3531969009826152,掃除機02/掃除機03-65(遠い　バキューム　床　木　高).mp3
1248,sound_1248.mp3,掃除機03-71(遠い　バキューム　床　ソフト　高　静止).mp3,otologic_sounds_smart/Vacuum Cleaner,otologic_sounds_smart/Vacuum Cleaner/掃除機02/掃除機03-71(遠い　バキューム　床　ソフト　高　静止).mp3,21.41868480725623,0.3569780801209372,掃除機02/掃除機03-71(遠い　バキューム　床　ソフト　高　静止).mp3
1249,sound_1249.mp3,掃除機03-78(遠い　バキューム　床　ソフト　高).mp3,otologic_sounds_smart/Vacuum Cleaner,otologic_sounds_smart/Vacuum Cleaner/掃除機02/掃除機03-78(遠い　バキューム　床　ソフト　高).mp3,20.252721088435376,0.3375453514739229,掃除機02/掃除機03-78(遠い　バキューム　床　ソフト　高).mp3
1250,sound_1250.mp3,掃除機03-76(遠い　バキューム　床　ソフト　中).mp3,otologic_sounds_smart/Vacuum Cleaner,otologic_sounds_smart/Vacuum Cleaner/掃除機02/掃除機03-76(遠い　バキューム　床　ソフト　中).mp3,21.588390022675735,0.3598065003779289,掃除機02/掃除機03-76(遠い　バキューム　床　ソフト　中).mp3
1251,sound_1251.mp3,掃除機03-74(遠い　バキューム　床　ソフト　低　静止).mp3,otologic_sounds_smart/Vacuum Cleaner,otologic_sounds_smart/Vacuum Cleaner/掃除機02/掃除機03-74(遠い　バキューム　床　ソフト　低　静止).mp3,10.335850340136057,0.1722641723356009,掃除機02/掃除機03-74(遠い　バキューム　床　ソフト　低　静止).mp3
1252,sound_1252.mp3,掃除機03-67(遠い　バキューム　床　木　低).mp3,otologic_sounds_smart/Vacuum Cleaner,otologic_sounds_smart/Vacuum Cleaner/掃除機02/掃除機03-67(遠い　バキューム　床　木　低).mp3,24.552607709750568,0.4092101284958428,掃除機02/掃除機03-67(遠い　バキューム　床　木　低).mp3
1253,sound_1253.mp3,掃除機02-04(バキューム　床).mp3,otologic_sounds_smart/Vacuum Cleaner,otologic_sounds_smart/Vacuum Cleaner/掃除機02/掃除機02-04(バキューム　床).mp3,16.871179138321995,0.2811863189720333,掃除機02/掃除機02-04(バキューム　床).mp3
1254,sound_1254.mp3,掃除機03-66(遠い　バキューム　床　木　高).mp3,otologic_sounds_smart/Vacuum Cleaner,otologic_sounds_smart/Vacuum Cleaner/掃除機02/掃除機03-66(遠い　バキューム　床　木　高).mp3,21.757755102040814,0.3626292517006803,掃除機02/掃除機03-66(遠い　バキューム　床　木　高).mp3
1255,sound_1255.mp3,掃除機02-01(バキューム).mp3,otologic_sounds_smart/Vacuum Cleaner,otologic_sounds_smart/Vacuum Cleaner/掃除機02/掃除機02-01(バキューム).mp3,14.156439909297053,0.2359406651549508,掃除機02/掃除機02-01(バキューム).mp3
1256,sound_1256.mp3,掃除機03-68(遠い　バキューム　床　木　低).mp3,otologic_sounds_smart/Vacuum Cleaner,otologic_sounds_smart/Vacuum Cleaner/掃除機02/掃除機03-68(遠い　バキューム　床　木　低).mp3,19.220566893424035,0.3203427815570672,掃除機02/掃除機03-68(遠い　バキューム　床　木　低).mp3
1257,sound_1257.mp3,掃除機03-75(遠い　バキューム　床　ソフト　中).mp3,otologic_sounds_smart/Vacuum Cleaner,otologic_sounds_smart/Vacuum Cleaner/掃除機02/掃除機03-75(遠い　バキューム　床　ソフト　中).mp3,21.4446485260771,0.3574108087679516,掃除機02/掃除機03-75(遠い　バキューム　床　ソフト　中).mp3
1258,sound_1258.mp3,掃除機03-73(遠い　バキューム　床　ソフト　低　静止).mp3,otologic_sounds_smart/Vacuum Cleaner,otologic_sounds_smart/Vacuum Cleaner/掃除機02/掃除機03-73(遠い　バキューム　床　ソフト　低　静止).mp3,23.062721088435374,0.3843786848072562,掃除機02/掃除機03-73(遠い　バキューム　床　ソフト　低　静止).mp3
1259,sound_1259.mp3,掃除機03-72(遠い　バキューム　床　ソフト　高　静止).mp3,otologic_sounds_smart/Vacuum Cleaner,otologic_sounds_smart/Vacuum Cleaner/掃除機02/掃除機03-72(遠い　バキューム　床　ソフト　高　静止).mp3,7.816077097505669,0.1302679516250945,掃除機02/掃除機03-72(遠い　バキューム　床　ソフト　高　静止).mp3
1260,sound_1260.mp3,掃除機03-69(遠い　バキューム　床　ソフト　中　静止).mp3,otologic_sounds_smart/Vacuum Cleaner,otologic_sounds_smart/Vacuum Cleaner/掃除機02/掃除機03-69(遠い　バキューム　床　ソフト　中　静止).mp3,21.20517006802721,0.3534195011337868,掃除機02/掃除機03-69(遠い　バキューム　床　ソフト　中　静止).mp3
1261,sound_1261.mp3,掃除機02-02(バキューム).mp3,otologic_sounds_smart/Vacuum Cleaner,otologic_sounds_smart/Vacuum Cleaner/掃除機02/掃除機02-02(バキューム).mp3,5.569160997732427,0.0928193499622071,掃除機02/掃除機02-02(バキューム).mp3
1262,sound_1262.mp3,掃除機02-07(ダストカップ).mp3,otologic_sounds_smart/Vacuum Cleaner,otologic_sounds_smart/Vacuum Cleaner/掃除機02/掃除機02-07(ダストカップ).mp3,5.121814058956916,0.0853635676492819,掃除機02/掃除機02-07(ダストカップ).mp3
1263,sound_1263.mp3,掃除機03-58(遠い　バキューム　高　長).mp3,otologic_sounds_smart/Vacuum Cleaner,otologic_sounds_smart/Vacuum Cleaner/掃除機03/掃除機03-58(遠い　バキューム　高　長).mp3,18.074149659863945,0.3012358276643991,掃除機03/掃除機03-58(遠い　バキューム　高　長).mp3
1264,sound_1264.mp3,掃除機03-57(遠い　バキューム　中　短).mp3,otologic_sounds_smart/Vacuum Cleaner,otologic_sounds_smart/Vacuum Cleaner/掃除機03/掃除機03-57(遠い　バキューム　中　短).mp3,8.812721088435374,0.1468786848072562,掃除機03/掃除機03-57(遠い　バキューム　中　短).mp3
1265,sound_1265.mp3,掃除機03-60(遠い　バキューム　低　長).mp3,otologic_sounds_smart/Vacuum Cleaner,otologic_sounds_smart/Vacuum Cleaner/掃除機03/掃除機03-60(遠い　バキューム　低　長).mp3,17.064557823129253,0.2844092970521542,掃除機03/掃除機03-60(遠い　バキューム　低　長).mp3
1266,sound_1266.mp3,掃除機03-59(遠い　バキューム　高　短).mp3,otologic_sounds_smart/Vacuum Cleaner,otologic_sounds_smart/Vacuum Cleaner/掃除機03/掃除機03-59(遠い　バキューム　高　短).mp3,10.01859410430839,0.1669765684051398,掃除機03/掃除機03-59(遠い　バキューム　高　短).mp3
1267,sound_1267.mp3,掃除機03-56(遠い　バキューム　中　長).mp3,otologic_sounds_smart/Vacuum Cleaner,otologic_sounds_smart/Vacuum Cleaner/掃除機03/掃除機03-56(遠い　バキューム　中　長).mp3,17.173083900226757,0.2862180650037793,掃除機03/掃除機03-56(遠い　バキューム　中　長).mp3
1268,sound_1268.mp3,掃除機03-26(バキューム　床　ソフト　低).mp3,otologic_sounds_smart/Vacuum Cleaner,otologic_sounds_smart/Vacuum Cleaner/掃除機04/掃除機03-26(バキューム　床　ソフト　低).mp3,22.106757369614513,0.3684459561602419,掃除機04/掃除機03-26(バキューム　床　ソフト　低).mp3
1269,sound_1269.mp3,掃除機03-19(バキューム　床　ソフト　低　静止).mp3,otologic_sounds_smart/Vacuum Cleaner,otologic_sounds_smart/Vacuum Cleaner/掃除機04/掃除機03-19(バキューム　床　ソフト　低　静止).mp3,10.335850340136057,0.1722641723356009,掃除機04/掃除機03-19(バキューム　床　ソフト　低　静止).mp3
1270,sound_1270.mp3,掃除機03-12(バキューム　床　木　低).mp3,otologic_sounds_smart/Vacuum Cleaner,otologic_sounds_smart/Vacuum Cleaner/掃除機04/掃除機03-12(バキューム　床　木　低).mp3,24.552607709750568,0.4092101284958428,掃除機04/掃除機03-12(バキューム　床　木　低).mp3
1271,sound_1271.mp3,掃除機03-06(バキューム　低　短).mp3,otologic_sounds_smart/Vacuum Cleaner,otologic_sounds_smart/Vacuum Cleaner/掃除機04/掃除機03-06(バキューム　低　短).mp3,10.490158730158733,0.1748359788359788,掃除機04/掃除機03-06(バキューム　低　短).mp3
1272,sound_1272.mp3,掃除機03-01(バキューム　中　長).mp3,otologic_sounds_smart/Vacuum Cleaner,otologic_sounds_smart/Vacuum Cleaner/掃除機04/掃除機03-01(バキューム　中　長).mp3,17.173083900226757,0.2862180650037793,掃除機04/掃除機03-01(バキューム　中　長).mp3
1273,sound_1273.mp3,掃除機03-10(バキューム　床　木　高).mp3,otologic_sounds_smart/Vacuum Cleaner,otologic_sounds_smart/Vacuum Cleaner/掃除機04/掃除機03-10(バキューム　床　木　高).mp3,21.191814058956915,0.3531969009826152,掃除機04/掃除機03-10(バキューム　床　木　高).mp3
1274,sound_1274.mp3,掃除機03-04(バキューム　高　短).mp3,otologic_sounds_smart/Vacuum Cleaner,otologic_sounds_smart/Vacuum Cleaner/掃除機04/掃除機03-04(バキューム　高　短).mp3,10.01859410430839,0.1669765684051398,掃除機04/掃除機03-04(バキューム　高　短).mp3
1275,sound_1275.mp3,掃除機03-03(バキューム　高　長).mp3,otologic_sounds_smart/Vacuum Cleaner,otologic_sounds_smart/Vacuum Cleaner/掃除機04/掃除機03-03(バキューム　高　長).mp3,18.074149659863945,0.3012358276643991,掃除機04/掃除機03-03(バキューム　高　長).mp3
1276,sound_1276.mp3,掃除機03-09(バキューム　床　木　高).mp3,otologic_sounds_smart/Vacuum Cleaner,otologic_sounds_smart/Vacuum Cleaner/掃除機04/掃除機03-09(バキューム　床　木　高).mp3,22.623242630385487,0.3770540438397581,掃除機04/掃除機03-09(バキューム　床　木　高).mp3
1277,sound_1277.mp3,掃除機03-25(バキューム　床　ソフト　低).mp3,otologic_sounds_smart/Vacuum Cleaner,otologic_sounds_smart/Vacuum Cleaner/掃除機04/掃除機03-25(バキューム　床　ソフト　低).mp3,22.01825396825397,0.3669708994708995,掃除機04/掃除機03-25(バキューム　床　ソフト　低).mp3
1278,sound_1278.mp3,掃除機03-13(バキューム　床　木　低).mp3,otologic_sounds_smart/Vacuum Cleaner,otologic_sounds_smart/Vacuum Cleaner/掃除機04/掃除機03-13(バキューム　床　木　低).mp3,19.220566893424035,0.3203427815570672,掃除機04/掃除機03-13(バキューム　床　木　低).mp3
1279,sound_1279.mp3,掃除機03-11(バキューム　床　木　高).mp3,otologic_sounds_smart/Vacuum Cleaner,otologic_sounds_smart/Vacuum Cleaner/掃除機04/掃除機03-11(バキューム　床　木　高).mp3,21.757755102040814,0.3626292517006803,掃除機04/掃除機03-11(バキューム　床　木　高).mp3
1280,sound_1280.mp3,掃除機03-15(バキューム　床　ソフト　中　静止).mp3,otologic_sounds_smart/Vacuum Cleaner,otologic_sounds_smart/Vacuum Cleaner/掃除機04/掃除機03-15(バキューム　床　ソフト　中　静止).mp3,8.614467120181406,0.1435744520030234,掃除機04/掃除機03-15(バキューム　床　ソフト　中　静止).mp3
1281,sound_1281.mp3,掃除機04-37(遠い　バキューム　床　低).mp3,otologic_sounds_smart/Vacuum Cleaner,otologic_sounds_smart/Vacuum Cleaner/掃除機04/掃除機04-37(遠い　バキューム　床　低).mp3,17.335079365079366,0.2889179894179894,掃除機04/掃除機04-37(遠い　バキューム　床　低).mp3
1282,sound_1282.mp3,掃除機04-34(遠い　バキューム　床　高).mp3,otologic_sounds_smart/Vacuum Cleaner,otologic_sounds_smart/Vacuum Cleaner/掃除機04/掃除機04-34(遠い　バキューム　床　高).mp3,16.070680272108845,0.2678446712018141,掃除機04/掃除機04-34(遠い　バキューム　床　高).mp3
1283,sound_1283.mp3,掃除機03-14(バキューム　床　ソフト　中　静止).mp3,otologic_sounds_smart/Vacuum Cleaner,otologic_sounds_smart/Vacuum Cleaner/掃除機04/掃除機03-14(バキューム　床　ソフト　中　静止).mp3,21.20517006802721,0.3534195011337868,掃除機04/掃除機03-14(バキューム　床　ソフト　中　静止).mp3
1284,sound_1284.mp3,掃除機03-24(バキューム　床　ソフト　高).mp3,otologic_sounds_smart/Vacuum Cleaner,otologic_sounds_smart/Vacuum Cleaner/掃除機04/掃除機03-24(バキューム　床　ソフト　高).mp3,21.029637188208618,0.3504939531368103,掃除機04/掃除機03-24(バキューム　床　ソフト　高).mp3
1285,sound_1285.mp3,掃除機03-22(バキューム　床　ソフト　高).mp3,otologic_sounds_smart/Vacuum Cleaner,otologic_sounds_smart/Vacuum Cleaner/掃除機04/掃除機03-22(バキューム　床　ソフト　高).mp3,22.79995464852608,0.3799992441421013,掃除機04/掃除機03-22(バキューム　床　ソフト　高).mp3
1286,sound_1286.mp3,掃除機03-23(バキューム　床　ソフト　高).mp3,otologic_sounds_smart/Vacuum Cleaner,otologic_sounds_smart/Vacuum Cleaner/掃除機04/掃除機03-23(バキューム　床　ソフト　高).mp3,20.252721088435376,0.3375453514739229,掃除機04/掃除機03-23(バキューム　床　ソフト　高).mp3
1287,sound_1287.mp3,掃除機03-07(バキューム　床　木　中).mp3,otologic_sounds_smart/Vacuum Cleaner,otologic_sounds_smart/Vacuum Cleaner/掃除機04/掃除機03-07(バキューム　床　木　中).mp3,21.733514739229022,0.3622252456538171,掃除機04/掃除機03-07(バキューム　床　木　中).mp3
1288,sound_1288.mp3,掃除機03-18(バキューム　床　ソフト　低　静止).mp3,otologic_sounds_smart/Vacuum Cleaner,otologic_sounds_smart/Vacuum Cleaner/掃除機04/掃除機03-18(バキューム　床　ソフト　低　静止).mp3,23.062721088435374,0.3843786848072562,掃除機04/掃除機03-18(バキューム　床　ソフト　低　静止).mp3
1289,sound_1289.mp3,掃除機03-02(バキューム　中　短).mp3,otologic_sounds_smart/Vacuum Cleaner,otologic_sounds_smart/Vacuum Cleaner/掃除機04/掃除機03-02(バキューム　中　短).mp3,8.812721088435374,0.1468786848072562,掃除機04/掃除機03-02(バキューム　中　短).mp3
1290,sound_1290.mp3,掃除機03-05(バキューム　低　長).mp3,otologic_sounds_smart/Vacuum Cleaner,otologic_sounds_smart/Vacuum Cleaner/掃除機04/掃除機03-05(バキューム　低　長).mp3,17.064557823129253,0.2844092970521542,掃除機04/掃除機03-05(バキューム　低　長).mp3
1291,sound_1291.mp3,掃除機04-35(遠い　バキューム　床　高).mp3,otologic_sounds_smart/Vacuum Cleaner,otologic_sounds_smart/Vacuum Cleaner/掃除機04/掃除機04-35(遠い　バキューム　床　高).mp3,16.17800453514739,0.2696334089191232,掃除機04/掃除機04-35(遠い　バキューム　床　高).mp3
1292,sound_1292.mp3,掃除機03-21(バキューム　床　ソフト　中).mp3,otologic_sounds_smart/Vacuum Cleaner,otologic_sounds_smart/Vacuum Cleaner/掃除機04/掃除機03-21(バキューム　床　ソフト　中).mp3,21.588390022675735,0.3598065003779289,掃除機04/掃除機03-21(バキューム　床　ソフト　中).mp3
1293,sound_1293.mp3,掃除機03-17(バキューム　床　ソフト　高　静止).mp3,otologic_sounds_smart/Vacuum Cleaner,otologic_sounds_smart/Vacuum Cleaner/掃除機04/掃除機03-17(バキューム　床　ソフト　高　静止).mp3,7.816077097505669,0.1302679516250945,掃除機04/掃除機03-17(バキューム　床　ソフト　高　静止).mp3
1294,sound_1294.mp3,掃除機03-20(バキューム　床　ソフト　中).mp3,otologic_sounds_smart/Vacuum Cleaner,otologic_sounds_smart/Vacuum Cleaner/掃除機04/掃除機03-20(バキューム　床　ソフト　中).mp3,21.4446485260771,0.3574108087679516,掃除機04/掃除機03-20(バキューム　床　ソフト　中).mp3
1295,sound_1295.mp3,掃除機03-16(バキューム　床　ソフト　高　静止).mp3,otologic_sounds_smart/Vacuum Cleaner,otologic_sounds_smart/Vacuum Cleaner/掃除機04/掃除機03-16(バキューム　床　ソフト　高　静止).mp3,21.41868480725623,0.3569780801209372,掃除機04/掃除機03-16(バキューム　床　ソフト　高　静止).mp3
1296,sound_1296.mp3,掃除機04-36(遠い　バキューム　床　低).mp3,otologic_sounds_smart/Vacuum Cleaner,otologic_sounds_smart/Vacuum Cleaner/掃除機04/掃除機04-36(遠い　バキューム　床　低).mp3,15.511519274376417,0.2585253212396069,掃除機04/掃除機04-36(遠い　バキューム　床　低).mp3
1297,sound_1297.mp3,掃除機03-08(バキューム　床　木　中).mp3,otologic_sounds_smart/Vacuum Cleaner,otologic_sounds_smart/Vacuum Cleaner/掃除機04/掃除機03-08(バキューム　床　木　中).mp3,20.807891156462585,0.346798185941043,掃除機04/掃除機03-08(バキューム　床　木　中).mp3
1298,sound_1298.mp3,掃除機04-09(バキューム　床　高).mp3,otologic_sounds_smart/Vacuum Cleaner,otologic_sounds_smart/Vacuum Cleaner/効果音＞掃除機/掃除機04-09(バキューム　床　高).mp3,16.17800453514739,0.2696334089191232,効果音＞掃除機/掃除機04-09(バキューム　床　高).mp3
1299,sound_1299.mp3,掃除機04-27(遠い　バキューム　高　長).mp3,otologic_sounds_smart/Vacuum Cleaner,otologic_sounds_smart/Vacuum Cleaner/効果音＞掃除機/掃除機04-27(遠い　バキューム　高　長).mp3,14.835691609977324,0.2472615268329554,効果音＞掃除機/掃除機04-27(遠い　バキューム　高　長).mp3
1300,sound_1300.mp3,掃除機04-29(遠い　バキューム　高　短).mp3,otologic_sounds_smart/Vacuum Cleaner,otologic_sounds_smart/Vacuum Cleaner/効果音＞掃除機/掃除機04-29(遠い　バキューム　高　短).mp3,5.326734693877551,0.0887789115646258,効果音＞掃除機/掃除機04-29(遠い　バキューム　高　短).mp3
1301,sound_1301.mp3,掃除機04-11(バキューム　床　低).mp3,otologic_sounds_smart/Vacuum Cleaner,otologic_sounds_smart/Vacuum Cleaner/効果音＞掃除機/掃除機04-11(バキューム　床　低).mp3,17.335079365079366,0.2889179894179894,効果音＞掃除機/掃除機04-11(バキューム　床　低).mp3
1302,sound_1302.mp3,掃除機04-31(遠い　バキューム　低　中).mp3,otologic_sounds_smart/Vacuum Cleaner,otologic_sounds_smart/Vacuum Cleaner/効果音＞掃除機/掃除機04-31(遠い　バキューム　低　中).mp3,8.19829931972789,0.1366383219954648,効果音＞掃除機/掃除機04-31(遠い　バキューム　低　中).mp3
1303,sound_1303.mp3,掃除機04-23(ヘッド　動かす).mp3,otologic_sounds_smart/Vacuum Cleaner,otologic_sounds_smart/Vacuum Cleaner/効果音＞掃除機/掃除機04-23(ヘッド　動かす).mp3,5.484399092970522,0.0914066515495087,効果音＞掃除機/掃除機04-23(ヘッド　動かす).mp3
1304,sound_1304.mp3,掃除機04-28(遠い　バキューム　高　中).mp3,otologic_sounds_smart/Vacuum Cleaner,otologic_sounds_smart/Vacuum Cleaner/効果音＞掃除機/掃除機04-28(遠い　バキューム　高　中).mp3,9.13891156462585,0.1523151927437641,効果音＞掃除機/掃除機04-28(遠い　バキューム　高　中).mp3
1305,sound_1305.mp3,掃除機04-10(バキューム　床　低).mp3,otologic_sounds_smart/Vacuum Cleaner,otologic_sounds_smart/Vacuum Cleaner/効果音＞掃除機/掃除機04-10(バキューム　床　低).mp3,15.511519274376417,0.2585253212396069,効果音＞掃除機/掃除機04-10(バキューム　床　低).mp3
1306,sound_1306.mp3,掃除機04-30(遠い　バキューム　低　長).mp3,otologic_sounds_smart/Vacuum Cleaner,otologic_sounds_smart/Vacuum Cleaner/効果音＞掃除機/掃除機04-30(遠い　バキューム　低　長).mp3,13.72077097505669,0.2286795162509448,効果音＞掃除機/掃除機04-30(遠い　バキューム　低　長).mp3
1307,sound_1307.mp3,掃除機04-01(バキューム　高　長).mp3,otologic_sounds_smart/Vacuum Cleaner,otologic_sounds_smart/Vacuum Cleaner/効果音＞掃除機/掃除機04-01(バキューム　高　長).mp3,14.835691609977324,0.2472615268329554,効果音＞掃除機/掃除機04-01(バキューム　高　長).mp3
1308,sound_1308.mp3,掃除機04-02(バキューム　高　中).mp3,otologic_sounds_smart/Vacuum Cleaner,otologic_sounds_smart/Vacuum Cleaner/効果音＞掃除機/掃除機04-02(バキューム　高　中).mp3,9.13891156462585,0.1523151927437641,効果音＞掃除機/掃除機04-02(バキューム　高　中).mp3
1309,sound_1309.mp3,掃除機04-08(バキューム　床　高).mp3,otologic_sounds_smart/Vacuum Cleaner,otologic_sounds_smart/Vacuum Cleaner/効果音＞掃除機/掃除機04-08(バキューム　床　高).mp3,16.070680272108845,0.2678446712018141,効果音＞掃除機/掃除機04-08(バキューム　床　高).mp3
1310,sound_1310.mp3,掃除機04-04(バキューム　低　長).mp3,otologic_sounds_smart/Vacuum Cleaner,otologic_sounds_smart/Vacuum Cleaner/効果音＞掃除機/掃除機04-04(バキューム　低　長).mp3,13.72077097505669,0.2286795162509448,効果音＞掃除機/掃除機04-04(バキューム　低　長).mp3
1311,sound_1311.mp3,掃除機04-07(バキューム　床　高).mp3,otologic_sounds_smart/Vacuum Cleaner,otologic_sounds_smart/Vacuum Cleaner/効果音＞掃除機/掃除機04-07(バキューム　床　高).mp3,15.008072562358276,0.2501345427059712,効果音＞掃除機/掃除機04-07(バキューム　床　高).mp3
1312,sound_1312.mp3,掃除機04-05(バキューム　低　中).mp3,otologic_sounds_smart/Vacuum Cleaner,otologic_sounds_smart/Vacuum Cleaner/効果音＞掃除機/掃除機04-05(バキューム　低　中).mp3,8.19829931972789,0.1366383219954648,効果音＞掃除機/掃除機04-05(バキューム　低　中).mp3
1313,sound_1313.mp3,掃除機04-03(バキューム　高　短).mp3,otologic_sounds_smart/Vacuum Cleaner,otologic_sounds_smart/Vacuum Cleaner/効果音＞掃除機/掃除機04-03(バキューム　高　短).mp3,5.326734693877551,0.0887789115646258,効果音＞掃除機/掃除機04-03(バキューム　高　短).mp3
1314,sound_1314.mp3,掃除機04-33(遠い　バキューム　床　高).mp3,otologic_sounds_smart/Vacuum Cleaner,otologic_sounds_smart/Vacuum Cleaner/効果音＞掃除機/掃除機04-33(遠い　バキューム　床　高).mp3,15.008072562358276,0.2501345427059712,効果音＞掃除機/掃除機04-33(遠い　バキューム　床　高).mp3
1315,sound_1315.mp3,掃除機01-17(遠い　バキューム　布).mp3,otologic_sounds_smart/Vacuum Cleaner,otologic_sounds_smart/Vacuum Cleaner/掃除機01/掃除機01-17(遠い　バキューム　布).mp3,12.022358276643992,0.2003726379440665,掃除機01/掃除機01-17(遠い　バキューム　布).mp3
1316,sound_1316.mp3,掃除機01-10(ダストカップ).mp3,otologic_sounds_smart/Vacuum Cleaner,otologic_sounds_smart/Vacuum Cleaner/掃除機01/掃除機01-10(ダストカップ).mp3,5.221179138321996,0.0870196523053666,掃除機01/掃除機01-10(ダストカップ).mp3
1317,sound_1317.mp3,掃除機01-07(バッテリー切れ).mp3,otologic_sounds_smart/Vacuum Cleaner,otologic_sounds_smart/Vacuum Cleaner/掃除機01/掃除機01-07(バッテリー切れ).mp3,15.456916099773242,0.257615268329554,掃除機01/掃除機01-07(バッテリー切れ).mp3
1318,sound_1318.mp3,掃除機01-16(遠い　バキューム　床).mp3,otologic_sounds_smart/Vacuum Cleaner,otologic_sounds_smart/Vacuum Cleaner/掃除機01/掃除機01-16(遠い　バキューム　床).mp3,19.609274376417233,0.3268212396069538,掃除機01/掃除機01-16(遠い　バキューム　床).mp3
1319,sound_1319.mp3,掃除機01-18(遠い　バッテリー切れ).mp3,otologic_sounds_smart/Vacuum Cleaner,otologic_sounds_smart/Vacuum Cleaner/掃除機01/掃除機01-18(遠い　バッテリー切れ).mp3,15.456916099773242,0.257615268329554,掃除機01/掃除機01-18(遠い　バッテリー切れ).mp3
1320,sound_1320.mp3,掃除機02-19(遠い　バキューム).mp3,otologic_sounds_smart/Vacuum Cleaner,otologic_sounds_smart/Vacuum Cleaner/掃除機01/掃除機02-19(遠い　バキューム).mp3,5.534716553287982,0.092245275888133,掃除機01/掃除機02-19(遠い　バキューム).mp3
1321,sound_1321.mp3,掃除機01-13(遠い　バキューム).mp3,otologic_sounds_smart/Vacuum Cleaner,otologic_sounds_smart/Vacuum Cleaner/掃除機01/掃除機01-13(遠い　バキューム).mp3,5.591655328798186,0.0931942554799697,掃除機01/掃除機01-13(遠い　バキューム).mp3
1322,sound_1322.mp3,掃除機01-21(遠い　ダストカップ).mp3,otologic_sounds_smart/Vacuum Cleaner,otologic_sounds_smart/Vacuum Cleaner/掃除機01/掃除機01-21(遠い　ダストカップ).mp3,5.221179138321996,0.0870196523053666,掃除機01/掃除機01-21(遠い　ダストカップ).mp3
1323,sound_1323.mp3,掃除機01-06(バキューム　布).mp3,otologic_sounds_smart/Vacuum Cleaner,otologic_sounds_smart/Vacuum Cleaner/掃除機01/掃除機01-06(バキューム　布).mp3,12.022358276643992,0.2003726379440665,掃除機01/掃除機01-06(バキューム　布).mp3
1324,sound_1324.mp3,掃除機01-02(バキューム).mp3,otologic_sounds_smart/Vacuum Cleaner,otologic_sounds_smart/Vacuum Cleaner/掃除機01/掃除機01-02(バキューム).mp3,5.591655328798186,0.0931942554799697,掃除機01/掃除機01-02(バキューム).mp3
1325,sound_1325.mp3,掃除機01-12(遠い　バキューム).mp3,otologic_sounds_smart/Vacuum Cleaner,otologic_sounds_smart/Vacuum Cleaner/掃除機01/掃除機01-12(遠い　バキューム).mp3,10.137596371882086,0.1689599395313681,掃除機01/掃除機01-12(遠い　バキューム).mp3
1326,sound_1326.mp3,掃除機02-18(遠い　バキューム).mp3,otologic_sounds_smart/Vacuum Cleaner,otologic_sounds_smart/Vacuum Cleaner/掃除機01/掃除機02-18(遠い　バキューム).mp3,13.830702947845804,0.23051171579743,掃除機01/掃除機02-18(遠い　バキューム).mp3
1327,sound_1327.mp3,掃除機01-05(バキューム　床).mp3,otologic_sounds_smart/Vacuum Cleaner,otologic_sounds_smart/Vacuum Cleaner/掃除機01/掃除機01-05(バキューム　床).mp3,19.609274376417233,0.3268212396069538,掃除機01/掃除機01-05(バキューム　床).mp3
1328,sound_1328.mp3,掃除機02-21(遠い　バキューム　床).mp3,otologic_sounds_smart/Vacuum Cleaner,otologic_sounds_smart/Vacuum Cleaner/掃除機01/掃除機02-21(遠い　バキューム　床).mp3,16.49936507936508,0.274989417989418,掃除機01/掃除機02-21(遠い　バキューム　床).mp3
1329,sound_1329.mp3,掃除機01-01(バキューム).mp3,otologic_sounds_smart/Vacuum Cleaner,otologic_sounds_smart/Vacuum Cleaner/掃除機01/掃除機01-01(バキューム).mp3,10.137596371882086,0.1689599395313681,掃除機01/掃除機01-01(バキューム).mp3
1330,sound_1330.mp3,雷　合成01-3.mp3,otologic_sounds_smart/Weather,otologic_sounds_smart/Weather/雷　生録　環境01/雷　合成01-3.mp3,11.23297052154195,0.1872161753590325,雷　生録　環境01/雷　合成01-3.mp3
1331,sound_1331.mp3,雷　合成01-2.mp3,otologic_sounds_smart/Weather,otologic_sounds_smart/Weather/雷　生録　環境01/雷　合成01-2.mp3,10.841700680272108,0.1806950113378684,雷　生録　環境01/雷　合成01-2.mp3
1332,sound_1332.mp3,雷　生録　環境03-2.mp3,otologic_sounds_smart/Weather,otologic_sounds_smart/Weather/効果音＞天候/雷　生録　環境03-2.mp3,6.663401360544218,0.1110566893424036,効果音＞天候/雷　生録　環境03-2.mp3
1333,sound_1333.mp3,雷　生録　環境03-1.mp3,otologic_sounds_smart/Weather,otologic_sounds_smart/Weather/効果音＞天候/雷　生録　環境03-1.mp3,9.278390022675737,0.1546398337112622,効果音＞天候/雷　生録　環境03-1.mp3
1334,sound_1334.mp3,風　合成02-1.mp3,otologic_sounds_smart/Weather,otologic_sounds_smart/Weather/効果音＞天候/風　合成02-1.mp3,5.545986394557823,0.0924331065759637,効果音＞天候/風　合成02-1.mp3
1335,sound_1335.mp3,海辺　合成　環境01-2.mp3,otologic_sounds_smart/Weather,otologic_sounds_smart/Weather/雨　生録　環境01/海辺　合成　環境01-2.mp3,122.0,2.033333333333333,雨　生録　環境01/海辺　合成　環境01-2.mp3
1336,sound_1336.mp3,雨　生録　環境01-1.mp3,otologic_sounds_smart/Weather,otologic_sounds_smart/Weather/雨　生録　環境01/雨　生録　環境01-1.mp3,120.0,2.0,雨　生録　環境01/雨　生録　環境01-1.mp3
1337,sound_1337.mp3,風　合成01-3.mp3,otologic_sounds_smart/Weather,otologic_sounds_smart/Weather/風　合成　環境02/風　合成01-3.mp3,6.563015873015873,0.1093835978835978,風　合成　環境02/風　合成01-3.mp3
1338,sound_1338.mp3,風　合成02-2.mp3,otologic_sounds_smart/Weather,otologic_sounds_smart/Weather/雷　生録　環境03/風　合成02-2.mp3,7.89827664399093,0.1316379440665155,雷　生録　環境03/風　合成02-2.mp3
1339,sound_1339.mp3,風　合成02-3.mp3,otologic_sounds_smart/Weather,otologic_sounds_smart/Weather/雷　生録　環境03/風　合成02-3.mp3,11.293650793650794,0.1882275132275132,雷　生録　環境03/風　合成02-3.mp3
1340,sound_1340.mp3,雷　生録　環境02-1.mp3,otologic_sounds_smart/Weather,otologic_sounds_smart/Weather/雷　生録　環境02/雷　生録　環境02-1.mp3,62.0,1.0333333333333334,雷　生録　環境02/雷　生録　環境02-1.mp3
1341,sound_1341.mp3,風　合成　環境02-1.mp3,otologic_sounds_smart/Weather,otologic_sounds_smart/Weather/雷　生録　環境02/風　合成　環境02-1.mp3,184.0712925170068,3.0678548752834467,雷　生録　環境02/風　合成　環境02-1.mp3
1342,sound_1342.mp3,雷　生録　環境01-1.mp3,otologic_sounds_smart/Weather,otologic_sounds_smart/Weather/雨　生録　環境03/雷　生録　環境01-1.mp3,10.33342403628118,0.1722237339380196,雨　生録　環境03/雷　生録　環境01-1.mp3
1343,sound_1343.mp3,雷　合成01-4.mp3,otologic_sounds_smart/Weather,otologic_sounds_smart/Weather/雨　生録　環境03/雷　合成01-4.mp3,11.23297052154195,0.1872161753590325,雨　生録　環境03/雷　合成01-4.mp3
1344,sound_1344.mp3,海辺　合成　環境01-1.mp3,otologic_sounds_smart/Weather,otologic_sounds_smart/Weather/海辺　合成　環境01/海辺　合成　環境01-1.mp3,122.0,2.033333333333333,海辺　合成　環境01/海辺　合成　環境01-1.mp3
1345,sound_1345.mp3,風　合成　環境01-1.mp3,otologic_sounds_smart/Weather,otologic_sounds_smart/Weather/海辺　合成　環境01/風　合成　環境01-1.mp3,184.0712925170068,3.0678548752834467,海辺　合成　環境01/風　合成　環境01-1.mp3
1346,sound_1346.mp3,雷　生録　環境01-2.mp3,otologic_sounds_smart/Weather,otologic_sounds_smart/Weather/雨　生録　環境02/雷　生録　環境01-2.mp3,18.235238095238095,0.3039206349206349,雨　生録　環境02/雷　生録　環境01-2.mp3
1347,sound_1347.mp3,雨　生録　環境03-1.mp3,otologic_sounds_smart/Weather,otologic_sounds_smart/Weather/雨　生録　環境02/雨　生録　環境03-1.mp3,128.0,2.1333333333333333,雨　生録　環境02/雨　生録　環境03-1.mp3
1348,sound_1348.mp3,雷　合成01-1.mp3,otologic_sounds_smart/Weather,otologic_sounds_smart/Weather/雷　合成01/雷　合成01-1.mp3,10.841700680272108,0.1806950113378684,雷　合成01/雷　合成01-1.mp3
1349,sound_1349.mp3,雷　生録　環境02-2.mp3,otologic_sounds_smart/Weather,otologic_sounds_smart/Weather/雷　合成01/雷　生録　環境02-2.mp3,62.0,1.0333333333333334,雷　合成01/雷　生録　環境02-2.mp3
1350,sound_1350.mp3,雨　生録　環境02-1.mp3,otologic_sounds_smart/Weather,otologic_sounds_smart/Weather/風　合成　環境01/雨　生録　環境02-1.mp3,152.6362358276644,2.5439372637944064,風　合成　環境01/雨　生録　環境02-1.mp3
1351,sound_1351.mp3,雨　生録　環境03-2.mp3,otologic_sounds_smart/Weather,otologic_sounds_smart/Weather/風　合成　環境01/雨　生録　環境03-2.mp3,123.72591836734694,2.0620986394557823,風　合成　環境01/雨　生録　環境03-2.mp3
1352,sound_1352.mp3,風　合成02-6.mp3,otologic_sounds_smart/Weather,otologic_sounds_smart/Weather/風　合成01/風　合成02-6.mp3,5.771383219954648,0.0961897203325774,風　合成01/風　合成02-6.mp3
1353,sound_1353.mp3,ウィンドチャイム01-10(リバーブ　上昇　高).mp3,otologic_sounds_smart/Instruments Wind_Chimes,otologic_sounds_smart/Instruments Wind_Chimes/ウィンドチャイム01/ウィンドチャイム01-10(リバーブ　上昇　高).mp3,12.49671201814059,0.2082785336356765,ウィンドチャイム01/ウィンドチャイム01-10(リバーブ　上昇　高).mp3
1354,sound_1354.mp3,ウィンドチャイム01-14(リバーブ　長).mp3,otologic_sounds_smart/Instruments Wind_Chimes,otologic_sounds_smart/Instruments Wind_Chimes/ウィンドチャイム01/ウィンドチャイム01-14(リバーブ　長).mp3,37.43,0.6238333333333334,ウィンドチャイム01/ウィンドチャイム01-14(リバーブ　長).mp3
1355,sound_1355.mp3,ウィンドチャイム01-11(リバーブ　下降　ワイド).mp3,otologic_sounds_smart/Instruments Wind_Chimes,otologic_sounds_smart/Instruments Wind_Chimes/ウィンドチャイム01/ウィンドチャイム01-11(リバーブ　下降　ワイド).mp3,14.7121768707483,0.2452029478458049,ウィンドチャイム01/ウィンドチャイム01-11(リバーブ　下降　ワイド).mp3
1356,sound_1356.mp3,ウィンドチャイム01-08(リバーブ　上昇　ワイド).mp3,otologic_sounds_smart/Instruments Wind_Chimes,otologic_sounds_smart/Instruments Wind_Chimes/ウィンドチャイム01/ウィンドチャイム01-08(リバーブ　上昇　ワイド).mp3,13.728684807256236,0.2288114134542706,ウィンドチャイム01/ウィンドチャイム01-08(リバーブ　上昇　ワイド).mp3
1357,sound_1357.mp3,ウィンドチャイム01-06(下降　高).mp3,otologic_sounds_smart/Instruments Wind_Chimes,otologic_sounds_smart/Instruments Wind_Chimes/ウィンドチャイム01/ウィンドチャイム01-06(下降　高).mp3,10.13358276643991,0.1688930461073318,ウィンドチャイム01/ウィンドチャイム01-06(下降　高).mp3
1358,sound_1358.mp3,ウィンドチャイム01-07(長).mp3,otologic_sounds_smart/Instruments Wind_Chimes,otologic_sounds_smart/Instruments Wind_Chimes/ウィンドチャイム01/ウィンドチャイム01-07(長).mp3,36.1997052154195,0.6033284202569916,ウィンドチャイム01/ウィンドチャイム01-07(長).mp3
1359,sound_1359.mp3,クラスターチャイム01-01(短).mp3,otologic_sounds_smart/Instruments Wind_Chimes,otologic_sounds_smart/Instruments Wind_Chimes/ウィンドチャイム01/クラスターチャイム01-01(短).mp3,12.764013605442177,0.2127335600907029,ウィンドチャイム01/クラスターチャイム01-01(短).mp3
1360,sound_1360.mp3,ウィンドチャイム01-13(リバーブ　下降　高).mp3,otologic_sounds_smart/Instruments Wind_Chimes,otologic_sounds_smart/Instruments Wind_Chimes/ウィンドチャイム01/ウィンドチャイム01-13(リバーブ　下降　高).mp3,12.614716553287982,0.210245275888133,ウィンドチャイム01/ウィンドチャイム01-13(リバーブ　下降　高).mp3
1361,sound_1361.mp3,ウィンドチャイム01-12(リバーブ　下降　低).mp3,otologic_sounds_smart/Instruments Wind_Chimes,otologic_sounds_smart/Instruments Wind_Chimes/ウィンドチャイム01/ウィンドチャイム01-12(リバーブ　下降　低).mp3,13.336666666666666,0.2222777777777777,ウィンドチャイム01/ウィンドチャイム01-12(リバーブ　下降　低).mp3
1362,sound_1362.mp3,ウィンドチャイム01-05(下降　低).mp3,otologic_sounds_smart/Instruments Wind_Chimes,otologic_sounds_smart/Instruments Wind_Chimes/ウィンドチャイム01/ウィンドチャイム01-05(下降　低).mp3,8.886122448979592,0.1481020408163265,ウィンドチャイム01/ウィンドチャイム01-05(下降　低).mp3
1363,sound_1363.mp3,ウィンドチャイム01-09(リバーブ　上昇　低).mp3,otologic_sounds_smart/Instruments Wind_Chimes,otologic_sounds_smart/Instruments Wind_Chimes/ウィンドチャイム01/ウィンドチャイム01-09(リバーブ　上昇　低).mp3,13.073990929705216,0.2178998488284202,ウィンドチャイム01/ウィンドチャイム01-09(リバーブ　上昇　低).mp3
1364,sound_1364.mp3,ウィンドチャイム03-05(遅い　下降　低).mp3,otologic_sounds_smart/Instruments Wind_Chimes,otologic_sounds_smart/Instruments Wind_Chimes/ウィンドチャイム05/ウィンドチャイム03-05(遅い　下降　低).mp3,10.451972789115649,0.1741995464852608,ウィンドチャイム05/ウィンドチャイム03-05(遅い　下降　低).mp3
1365,sound_1365.mp3,ウィンドチャイム03-12(速い　下降　高).mp3,otologic_sounds_smart/Instruments Wind_Chimes,otologic_sounds_smart/Instruments Wind_Chimes/ウィンドチャイム05/ウィンドチャイム03-12(速い　下降　高).mp3,7.603174603174603,0.1267195767195767,ウィンドチャイム05/ウィンドチャイム03-12(速い　下降　高).mp3
1366,sound_1366.mp3,ウィンドチャイム03-03(遅い　上昇　高).mp3,otologic_sounds_smart/Instruments Wind_Chimes,otologic_sounds_smart/Instruments Wind_Chimes/ウィンドチャイム05/ウィンドチャイム03-03(遅い　上昇　高).mp3,9.26609977324263,0.1544349962207105,ウィンドチャイム05/ウィンドチャイム03-03(遅い　上昇　高).mp3
1367,sound_1367.mp3,ウィンドチャイム03-06(遅い　下降　高).mp3,otologic_sounds_smart/Instruments Wind_Chimes,otologic_sounds_smart/Instruments Wind_Chimes/ウィンドチャイム05/ウィンドチャイム03-06(遅い　下降　高).mp3,9.775124716553288,0.1629187452758881,ウィンドチャイム05/ウィンドチャイム03-06(遅い　下降　高).mp3
1368,sound_1368.mp3,ウィンドチャイム03-07(速い　上昇　ワイド).mp3,otologic_sounds_smart/Instruments Wind_Chimes,otologic_sounds_smart/Instruments Wind_Chimes/ウィンドチャイム05/ウィンドチャイム03-07(速い　上昇　ワイド).mp3,7.787210884353741,0.1297868480725623,ウィンドチャイム05/ウィンドチャイム03-07(速い　上昇　ワイド).mp3
1369,sound_1369.mp3,ウィンドチャイム03-11(速い　下降　低).mp3,otologic_sounds_smart/Instruments Wind_Chimes,otologic_sounds_smart/Instruments Wind_Chimes/ウィンドチャイム05/ウィンドチャイム03-11(速い　下降　低).mp3,8.09342403628118,0.1348904006046863,ウィンドチャイム05/ウィンドチャイム03-11(速い　下降　低).mp3
1370,sound_1370.mp3,ウィンドチャイム03-09(速い　上昇　高).mp3,otologic_sounds_smart/Instruments Wind_Chimes,otologic_sounds_smart/Instruments Wind_Chimes/ウィンドチャイム05/ウィンドチャイム03-09(速い　上昇　高).mp3,7.312743764172335,0.1218790627362055,ウィンドチャイム05/ウィンドチャイム03-09(速い　上昇　高).mp3
1371,sound_1371.mp3,ウィンドチャイム03-13(リバーブ　遅い　上昇　ワイド).mp3,otologic_sounds_smart/Instruments Wind_Chimes,otologic_sounds_smart/Instruments Wind_Chimes/ウィンドチャイム05/ウィンドチャイム03-13(リバーブ　遅い　上昇　ワイド).mp3,12.20684807256236,0.2034474678760393,ウィンドチャイム05/ウィンドチャイム03-13(リバーブ　遅い　上昇　ワイド).mp3
1372,sound_1372.mp3,ウィンドチャイム03-04(遅い　下降　ワイド).mp3,otologic_sounds_smart/Instruments Wind_Chimes,otologic_sounds_smart/Instruments Wind_Chimes/ウィンドチャイム05/ウィンドチャイム03-04(遅い　下降　ワイド).mp3,9.864240362811792,0.1644040060468632,ウィンドチャイム05/ウィンドチャイム03-04(遅い　下降　ワイド).mp3
1373,sound_1373.mp3,ウィンドチャイム03-08(速い　上昇　低).mp3,otologic_sounds_smart/Instruments Wind_Chimes,otologic_sounds_smart/Instruments Wind_Chimes/ウィンドチャイム05/ウィンドチャイム03-08(速い　上昇　低).mp3,7.658934240362812,0.1276489040060468,ウィンドチャイム05/ウィンドチャイム03-08(速い　上昇　低).mp3
1374,sound_1374.mp3,ウィンドチャイム03-10(速い　下降　ワイド).mp3,otologic_sounds_smart/Instruments Wind_Chimes,otologic_sounds_smart/Instruments Wind_Chimes/ウィンドチャイム05/ウィンドチャイム03-10(速い　下降　ワイド).mp3,8.744761904761905,0.1457460317460317,ウィンドチャイム05/ウィンドチャイム03-10(速い　下降　ワイド).mp3
1375,sound_1375.mp3,ウィンドチャイム02-15(リバーブ　上昇　高).mp3,otologic_sounds_smart/Instruments Wind_Chimes,otologic_sounds_smart/Instruments Wind_Chimes/ウィンドチャイム02/ウィンドチャイム02-15(リバーブ　上昇　高).mp3,11.181133786848072,0.1863522297808012,ウィンドチャイム02/ウィンドチャイム02-15(リバーブ　上昇　高).mp3
1376,sound_1376.mp3,ウィンドチャイム02-14(リバーブ　上昇　低).mp3,otologic_sounds_smart/Instruments Wind_Chimes,otologic_sounds_smart/Instruments Wind_Chimes/ウィンドチャイム02/ウィンドチャイム02-14(リバーブ　上昇　低).mp3,12.879659863945578,0.2146609977324263,ウィンドチャイム02/ウィンドチャイム02-14(リバーブ　上昇　低).mp3
1377,sound_1377.mp3,ウィンドチャイム02-16(リバーブ　下降　ワイド).mp3,otologic_sounds_smart/Instruments Wind_Chimes,otologic_sounds_smart/Instruments Wind_Chimes/ウィンドチャイム02/ウィンドチャイム02-16(リバーブ　下降　ワイド).mp3,13.366984126984129,0.2227830687830687,ウィンドチャイム02/ウィンドチャイム02-16(リバーブ　下降　ワイド).mp3
1378,sound_1378.mp3,ウィンドチャイム01-04(下降　ワイド).mp3,otologic_sounds_smart/Instruments Wind_Chimes,otologic_sounds_smart/Instruments Wind_Chimes/ウィンドチャイム02/ウィンドチャイム01-04(下降　ワイド).mp3,10.507006802721088,0.1751167800453514,ウィンドチャイム02/ウィンドチャイム01-04(下降　ワイド).mp3
1379,sound_1379.mp3,ウィンドチャイム02-13(リバーブ　上昇　ワイド).mp3,otologic_sounds_smart/Instruments Wind_Chimes,otologic_sounds_smart/Instruments Wind_Chimes/ウィンドチャイム02/ウィンドチャイム02-13(リバーブ　上昇　ワイド).mp3,12.603333333333332,0.2100555555555555,ウィンドチャイム02/ウィンドチャイム02-13(リバーブ　上昇　ワイド).mp3
1380,sound_1380.mp3,ウィンドチャイム01-03(上昇　高).mp3,otologic_sounds_smart/Instruments Wind_Chimes,otologic_sounds_smart/Instruments Wind_Chimes/ウィンドチャイム02/ウィンドチャイム01-03(上昇　高).mp3,8.717551020408163,0.1452925170068027,ウィンドチャイム02/ウィンドチャイム01-03(上昇　高).mp3
1381,sound_1381.mp3,ウィンドチャイム01-02(上昇　低).mp3,otologic_sounds_smart/Instruments Wind_Chimes,otologic_sounds_smart/Instruments Wind_Chimes/ウィンドチャイム02/ウィンドチャイム01-02(上昇　低).mp3,9.40371882086168,0.1567286470143613,ウィンドチャイム02/ウィンドチャイム01-02(上昇　低).mp3
1382,sound_1382.mp3,ウィンドチャイム02-12(弱　下降　高).mp3,otologic_sounds_smart/Instruments Wind_Chimes,otologic_sounds_smart/Instruments Wind_Chimes/ウィンドチャイム02/ウィンドチャイム02-12(弱　下降　高).mp3,5.7693877551020405,0.096156462585034,ウィンドチャイム02/ウィンドチャイム02-12(弱　下降　高).mp3
1383,sound_1383.mp3,ウィンドチャイム01-01(上昇　ワイド).mp3,otologic_sounds_smart/Instruments Wind_Chimes,otologic_sounds_smart/Instruments Wind_Chimes/ウィンドチャイム02/ウィンドチャイム01-01(上昇　ワイド).mp3,10.466757369614513,0.1744459561602419,ウィンドチャイム02/ウィンドチャイム01-01(上昇　ワイド).mp3
1384,sound_1384.mp3,ウィンドチャイム02-17(リバーブ　下降　低).mp3,otologic_sounds_smart/Instruments Wind_Chimes,otologic_sounds_smart/Instruments Wind_Chimes/ウィンドチャイム02/ウィンドチャイム02-17(リバーブ　下降　低).mp3,13.293378684807257,0.2215563114134542,ウィンドチャイム02/ウィンドチャイム02-17(リバーブ　下降　低).mp3
1385,sound_1385.mp3,ウィンドチャイム02-18(リバーブ　下降　高).mp3,otologic_sounds_smart/Instruments Wind_Chimes,otologic_sounds_smart/Instruments Wind_Chimes/ウィンドチャイム02/ウィンドチャイム02-18(リバーブ　下降　高).mp3,10.886371882086168,0.1814395313681028,ウィンドチャイム02/ウィンドチャイム02-18(リバーブ　下降　高).mp3
1386,sound_1386.mp3,ウィンドチャイム02-05(下降　低).mp3,otologic_sounds_smart/Instruments Wind_Chimes,otologic_sounds_smart/Instruments Wind_Chimes/ウィンドチャイム03/ウィンドチャイム02-05(下降　低).mp3,8.874172335600907,0.1479028722600151,ウィンドチャイム03/ウィンドチャイム02-05(下降　低).mp3
1387,sound_1387.mp3,ウィンドチャイム02-01(上昇　ワイド).mp3,otologic_sounds_smart/Instruments Wind_Chimes,otologic_sounds_smart/Instruments Wind_Chimes/ウィンドチャイム03/ウィンドチャイム02-01(上昇　ワイド).mp3,8.677573696145124,0.1446262282690854,ウィンドチャイム03/ウィンドチャイム02-01(上昇　ワイド).mp3
1388,sound_1388.mp3,ウィンドチャイム02-02(上昇　低).mp3,otologic_sounds_smart/Instruments Wind_Chimes,otologic_sounds_smart/Instruments Wind_Chimes/ウィンドチャイム03/ウィンドチャイム02-02(上昇　低).mp3,8.911065759637188,0.1485177626606198,ウィンドチャイム03/ウィンドチャイム02-02(上昇　低).mp3
1389,sound_1389.mp3,ウィンドチャイム02-03(上昇　高).mp3,otologic_sounds_smart/Instruments Wind_Chimes,otologic_sounds_smart/Instruments Wind_Chimes/ウィンドチャイム03/ウィンドチャイム02-03(上昇　高).mp3,7.652947845804989,0.1275491307634164,ウィンドチャイム03/ウィンドチャイム02-03(上昇　高).mp3
1390,sound_1390.mp3,ウィンドチャイム02-09(弱　上昇　高).mp3,otologic_sounds_smart/Instruments Wind_Chimes,otologic_sounds_smart/Instruments Wind_Chimes/ウィンドチャイム03/ウィンドチャイム02-09(弱　上昇　高).mp3,6.877687074829932,0.1146281179138322,ウィンドチャイム03/ウィンドチャイム02-09(弱　上昇　高).mp3
1391,sound_1391.mp3,ウィンドチャイム02-08(弱　上昇　低).mp3,otologic_sounds_smart/Instruments Wind_Chimes,otologic_sounds_smart/Instruments Wind_Chimes/ウィンドチャイム03/ウィンドチャイム02-08(弱　上昇　低).mp3,7.400498866213152,0.1233416477702191,ウィンドチャイム03/ウィンドチャイム02-08(弱　上昇　低).mp3
1392,sound_1392.mp3,ウィンドチャイム02-11(弱　下降　低).mp3,otologic_sounds_smart/Instruments Wind_Chimes,otologic_sounds_smart/Instruments Wind_Chimes/ウィンドチャイム03/ウィンドチャイム02-11(弱　下降　低).mp3,7.750045351473923,0.1291674225245654,ウィンドチャイム03/ウィンドチャイム02-11(弱　下降　低).mp3
1393,sound_1393.mp3,ウィンドチャイム02-06(下降　高).mp3,otologic_sounds_smart/Instruments Wind_Chimes,otologic_sounds_smart/Instruments Wind_Chimes/ウィンドチャイム03/ウィンドチャイム02-06(下降　高).mp3,8.108231292517006,0.1351371882086167,ウィンドチャイム03/ウィンドチャイム02-06(下降　高).mp3
1394,sound_1394.mp3,ウィンドチャイム02-07(弱　上昇　ワイド).mp3,otologic_sounds_smart/Instruments Wind_Chimes,otologic_sounds_smart/Instruments Wind_Chimes/ウィンドチャイム03/ウィンドチャイム02-07(弱　上昇　ワイド).mp3,7.571360544217687,0.1261893424036281,ウィンドチャイム03/ウィンドチャイム02-07(弱　上昇　ワイド).mp3
1395,sound_1395.mp3,ウィンドチャイム02-10(弱　下降　ワイド).mp3,otologic_sounds_smart/Instruments Wind_Chimes,otologic_sounds_smart/Instruments Wind_Chimes/ウィンドチャイム03/ウィンドチャイム02-10(弱　下降　ワイド).mp3,8.441133786848072,0.1406855631141345,ウィンドチャイム03/ウィンドチャイム02-10(弱　下降　ワイド).mp3
1396,sound_1396.mp3,ウィンドチャイム02-04(下降　ワイド).mp3,otologic_sounds_smart/Instruments Wind_Chimes,otologic_sounds_smart/Instruments Wind_Chimes/ウィンドチャイム03/ウィンドチャイム02-04(下降　ワイド).mp3,9.092244897959183,0.1515374149659863,ウィンドチャイム03/ウィンドチャイム02-04(下降　ワイド).mp3
1397,sound_1397.mp3,ウィンドチャイム03-22(リバーブ　速い　下降　ワイド).mp3,otologic_sounds_smart/Instruments Wind_Chimes,otologic_sounds_smart/Instruments Wind_Chimes/ウィンドチャイム04/ウィンドチャイム03-22(リバーブ　速い　下降　ワイド).mp3,13.704240362811792,0.2284040060468632,ウィンドチャイム04/ウィンドチャイム03-22(リバーブ　速い　下降　ワイド).mp3
1398,sound_1398.mp3,ウィンドチャイム03-19(リバーブ　速い　上昇　ワイド).mp3,otologic_sounds_smart/Instruments Wind_Chimes,otologic_sounds_smart/Instruments Wind_Chimes/ウィンドチャイム04/ウィンドチャイム03-19(リバーブ　速い　上昇　ワイド).mp3,11.721655328798184,0.1953609221466364,ウィンドチャイム04/ウィンドチャイム03-19(リバーブ　速い　上昇　ワイド).mp3
1399,sound_1399.mp3,ウィンドチャイム03-17(リバーブ　遅い　下降　低).mp3,otologic_sounds_smart/Instruments Wind_Chimes,otologic_sounds_smart/Instruments Wind_Chimes/ウィンドチャイム04/ウィンドチャイム03-17(リバーブ　遅い　下降　低).mp3,13.048820861678005,0.2174803476946334,ウィンドチャイム04/ウィンドチャイム03-17(リバーブ　遅い　下降　低).mp3
1400,sound_1400.mp3,ウィンドチャイム03-24(リバーブ　速い　下降　高).mp3,otologic_sounds_smart/Instruments Wind_Chimes,otologic_sounds_smart/Instruments Wind_Chimes/ウィンドチャイム04/ウィンドチャイム03-24(リバーブ　速い　下降　高).mp3,10.19015873015873,0.1698359788359788,ウィンドチャイム04/ウィンドチャイム03-24(リバーブ　速い　下降　高).mp3
1401,sound_1401.mp3,ウィンドチャイム03-18(リバーブ　遅い　下降　高).mp3,otologic_sounds_smart/Instruments Wind_Chimes,otologic_sounds_smart/Instruments Wind_Chimes/ウィンドチャイム04/ウィンドチャイム03-18(リバーブ　遅い　下降　高).mp3,11.339614512471655,0.1889935752078609,ウィンドチャイム04/ウィンドチャイム03-18(リバーブ　遅い　下降　高).mp3
1402,sound_1402.mp3,ウィンドチャイム03-14(リバーブ　遅い　上昇　低).mp3,otologic_sounds_smart/Instruments Wind_Chimes,otologic_sounds_smart/Instruments Wind_Chimes/ウィンドチャイム04/ウィンドチャイム03-14(リバーブ　遅い　上昇　低).mp3,12.01546485260771,0.2002577475434618,ウィンドチャイム04/ウィンドチャイム03-14(リバーブ　遅い　上昇　低).mp3
1403,sound_1403.mp3,ウィンドチャイム03-21(リバーブ　速い　上昇　高).mp3,otologic_sounds_smart/Instruments Wind_Chimes,otologic_sounds_smart/Instruments Wind_Chimes/ウィンドチャイム04/ウィンドチャイム03-21(リバーブ　速い　上昇　高).mp3,10.160136054421768,0.1693356009070294,ウィンドチャイム04/ウィンドチャイム03-21(リバーブ　速い　上昇　高).mp3
1404,sound_1404.mp3,ウィンドチャイム03-23(リバーブ　速い　下降　低).mp3,otologic_sounds_smart/Instruments Wind_Chimes,otologic_sounds_smart/Instruments Wind_Chimes/ウィンドチャイム04/ウィンドチャイム03-23(リバーブ　速い　下降　低).mp3,12.06859410430839,0.2011432350718065,ウィンドチャイム04/ウィンドチャイム03-23(リバーブ　速い　下降　低).mp3
1405,sound_1405.mp3,ウィンドチャイム03-16(リバーブ　遅い　下降　ワイド).mp3,otologic_sounds_smart/Instruments Wind_Chimes,otologic_sounds_smart/Instruments Wind_Chimes/ウィンドチャイム04/ウィンドチャイム03-16(リバーブ　遅い　下降　ワイド).mp3,13.789863945578231,0.2298310657596372,ウィンドチャイム04/ウィンドチャイム03-16(リバーブ　遅い　下降　ワイド).mp3
1406,sound_1406.mp3,ウィンドチャイム03-20(リバーブ　速い　上昇　低).mp3,otologic_sounds_smart/Instruments Wind_Chimes,otologic_sounds_smart/Instruments Wind_Chimes/ウィンドチャイム04/ウィンドチャイム03-20(リバーブ　速い　上昇　低).mp3,11.760498866213153,0.1960083144368858,ウィンドチャイム04/ウィンドチャイム03-20(リバーブ　速い　上昇　低).mp3
1407,sound_1407.mp3,ウィンドチャイム03-15(リバーブ　遅い　上昇　高).mp3,otologic_sounds_smart/Instruments Wind_Chimes,otologic_sounds_smart/Instruments Wind_Chimes/ウィンドチャイム04/ウィンドチャイム03-15(リバーブ　遅い　上昇　高).mp3,10.677437641723357,0.1779572940287226,ウィンドチャイム04/ウィンドチャイム03-15(リバーブ　遅い　上昇　高).mp3
1408,sound_1408.mp3,ウィンドチャイム04-4(リバーブ　短).mp3,otologic_sounds_smart/Instruments Wind_Chimes,otologic_sounds_smart/Instruments Wind_Chimes/効果音＞楽器・ウィンドチャイム/ウィンドチャイム04-4(リバーブ　短).mp3,11.822562358276643,0.1970427059712774,効果音＞楽器・ウィンドチャイム/ウィンドチャイム04-4(リバーブ　短).mp3
1409,sound_1409.mp3,ウィンドチャイム03-01(遅い　上昇　ワイド).mp3,otologic_sounds_smart/Instruments Wind_Chimes,otologic_sounds_smart/Instruments Wind_Chimes/効果音＞楽器・ウィンドチャイム/ウィンドチャイム03-01(遅い　上昇　ワイド).mp3,9.74190476190476,0.1623650793650793,効果音＞楽器・ウィンドチャイム/ウィンドチャイム03-01(遅い　上昇　ワイド).mp3
1410,sound_1410.mp3,ウィンドチャイム03-02(遅い　上昇　低).mp3,otologic_sounds_smart/Instruments Wind_Chimes,otologic_sounds_smart/Instruments Wind_Chimes/効果音＞楽器・ウィンドチャイム/ウィンドチャイム03-02(遅い　上昇　低).mp3,9.164263038548754,0.1527377173091459,効果音＞楽器・ウィンドチャイム/ウィンドチャイム03-02(遅い　上昇　低).mp3
1411,sound_1411.mp3,ウィンドチャイム05-3(長).mp3,otologic_sounds_smart/Instruments Wind_Chimes,otologic_sounds_smart/Instruments Wind_Chimes/効果音＞楽器・ウィンドチャイム/ウィンドチャイム05-3(長).mp3,8.904081632653062,0.1484013605442177,効果音＞楽器・ウィンドチャイム/ウィンドチャイム05-3(長).mp3
1412,sound_1412.mp3,ウィンドチャイム04-3(長).mp3,otologic_sounds_smart/Instruments Wind_Chimes,otologic_sounds_smart/Instruments Wind_Chimes/効果音＞楽器・ウィンドチャイム/ウィンドチャイム04-3(長).mp3,28.52015873015873,0.4753359788359788,効果音＞楽器・ウィンドチャイム/ウィンドチャイム04-3(長).mp3
1413,sound_1413.mp3,ウィンドチャイム04-5(リバーブ　中).mp3,otologic_sounds_smart/Instruments Wind_Chimes,otologic_sounds_smart/Instruments Wind_Chimes/効果音＞楽器・ウィンドチャイム/ウィンドチャイム04-5(リバーブ　中).mp3,15.316281179138322,0.2552713529856387,効果音＞楽器・ウィンドチャイム/ウィンドチャイム04-5(リバーブ　中).mp3
1414,sound_1414.mp3,ウィンドチャイム04-2(中).mp3,otologic_sounds_smart/Instruments Wind_Chimes,otologic_sounds_smart/Instruments Wind_Chimes/効果音＞楽器・ウィンドチャイム/ウィンドチャイム04-2(中).mp3,14.642403628117911,0.2440400604686319,効果音＞楽器・ウィンドチャイム/ウィンドチャイム04-2(中).mp3
1415,sound_1415.mp3,ウィンドチャイム04-1(短).mp3,otologic_sounds_smart/Instruments Wind_Chimes,otologic_sounds_smart/Instruments Wind_Chimes/効果音＞楽器・ウィンドチャイム/ウィンドチャイム04-1(短).mp3,10.77281179138322,0.1795468631897203,効果音＞楽器・ウィンドチャイム/ウィンドチャイム04-1(短).mp3
1416,sound_1416.mp3,ウィンドチャイム05-2(短).mp3,otologic_sounds_smart/Instruments Wind_Chimes,otologic_sounds_smart/Instruments Wind_Chimes/効果音＞楽器・ウィンドチャイム/ウィンドチャイム05-2(短).mp3,5.646326530612245,0.0941054421768707,効果音＞楽器・ウィンドチャイム/ウィンドチャイム05-2(短).mp3
1417,sound_1417.mp3,ウィンドチャイム05-1(中).mp3,otologic_sounds_smart/Instruments Wind_Chimes,otologic_sounds_smart/Instruments Wind_Chimes/効果音＞楽器・ウィンドチャイム/ウィンドチャイム05-1(中).mp3,7.442403628117914,0.1240400604686318,効果音＞楽器・ウィンドチャイム/ウィンドチャイム05-1(中).mp3
1418,sound_1418.mp3,ウィンドチャイム04-6(リバーブ　長).mp3,otologic_sounds_smart/Instruments Wind_Chimes,otologic_sounds_smart/Instruments Wind_Chimes/効果音＞楽器・ウィンドチャイム/ウィンドチャイム04-6(リバーブ　長).mp3,28.88,0.4813333333333333,効果音＞楽器・ウィンドチャイム/ウィンドチャイム04-6(リバーブ　長).mp3
1419,sound_1419.mp3,クラスターチャイム01-09(リバーブ　長).mp3,otologic_sounds_smart/Instruments Wind_Chimes,otologic_sounds_smart/Instruments Wind_Chimes/クラスターチャイム01/クラスターチャイム01-09(リバーブ　長).mp3,22.94433106575964,0.3824055177626606,クラスターチャイム01/クラスターチャイム01-09(リバーブ　長).mp3
1420,sound_1420.mp3,クラスターチャイム01-06(弱　長).mp3,otologic_sounds_smart/Instruments Wind_Chimes,otologic_sounds_smart/Instruments Wind_Chimes/クラスターチャイム01/クラスターチャイム01-06(弱　長).mp3,19.933968253968253,0.3322328042328042,クラスターチャイム01/クラスターチャイム01-06(弱　長).mp3
1421,sound_1421.mp3,クラスターチャイム01-10(リバーブ　弱　短).mp3,otologic_sounds_smart/Instruments Wind_Chimes,otologic_sounds_smart/Instruments Wind_Chimes/クラスターチャイム01/クラスターチャイム01-10(リバーブ　弱　短).mp3,12.831156462585032,0.2138526077097505,クラスターチャイム01/クラスターチャイム01-10(リバーブ　弱　短).mp3
1422,sound_1422.mp3,クラスターチャイム01-11(リバーブ　弱　短).mp3,otologic_sounds_smart/Instruments Wind_Chimes,otologic_sounds_smart/Instruments Wind_Chimes/クラスターチャイム01/クラスターチャイム01-11(リバーブ　弱　短).mp3,9.99108843537415,0.1665181405895691,クラスターチャイム01/クラスターチャイム01-11(リバーブ　弱　短).mp3
1423,sound_1423.mp3,クラスターチャイム01-07(リバーブ　短).mp3,otologic_sounds_smart/Instruments Wind_Chimes,otologic_sounds_smart/Instruments Wind_Chimes/クラスターチャイム01/クラスターチャイム01-07(リバーブ　短).mp3,13.02219954648526,0.2170366591080877,クラスターチャイム01/クラスターチャイム01-07(リバーブ　短).mp3
1424,sound_1424.mp3,クラスターチャイム01-02(短).mp3,otologic_sounds_smart/Instruments Wind_Chimes,otologic_sounds_smart/Instruments Wind_Chimes/クラスターチャイム01/クラスターチャイム01-02(短).mp3,11.779455782312926,0.1963242630385487,クラスターチャイム01/クラスターチャイム01-02(短).mp3
1425,sound_1425.mp3,クラスターチャイム01-04(弱　短).mp3,otologic_sounds_smart/Instruments Wind_Chimes,otologic_sounds_smart/Instruments Wind_Chimes/クラスターチャイム01/クラスターチャイム01-04(弱　短).mp3,12.181337868480725,0.2030222978080121,クラスターチャイム01/クラスターチャイム01-04(弱　短).mp3
1426,sound_1426.mp3,クラスターチャイム01-05(弱　短).mp3,otologic_sounds_smart/Instruments Wind_Chimes,otologic_sounds_smart/Instruments Wind_Chimes/クラスターチャイム01/クラスターチャイム01-05(弱　短).mp3,9.807437641723356,0.1634572940287225,クラスターチャイム01/クラスターチャイム01-05(弱　短).mp3
1427,sound_1427.mp3,クラスターチャイム01-03(長).mp3,otologic_sounds_smart/Instruments Wind_Chimes,otologic_sounds_smart/Instruments Wind_Chimes/クラスターチャイム01/クラスターチャイム01-03(長).mp3,22.450816326530617,0.3741802721088436,クラスターチャイム01/クラスターチャイム01-03(長).mp3
1428,sound_1428.mp3,クラスターチャイム01-12(リバーブ　弱　長).mp3,otologic_sounds_smart/Instruments Wind_Chimes,otologic_sounds_smart/Instruments Wind_Chimes/クラスターチャイム01/クラスターチャイム01-12(リバーブ　弱　長).mp3,20.903696145124716,0.3483949357520786,クラスターチャイム01/クラスターチャイム01-12(リバーブ　弱　長).mp3
1429,sound_1429.mp3,クラスターチャイム01-08(リバーブ　短).mp3,otologic_sounds_smart/Instruments Wind_Chimes,otologic_sounds_smart/Instruments Wind_Chimes/クラスターチャイム01/クラスターチャイム01-08(リバーブ　短).mp3,12.335555555555556,0.2055925925925925,クラスターチャイム01/クラスターチャイム01-08(リバーブ　短).mp3
1430,sound_1430.mp3,ポータブルステレオ　駆動音02-01(CD　再生　停止).mp3,otologic_sounds_smart/Audio_Equipment,otologic_sounds_smart/Audio_Equipment/ポータブルMD　駆動音01/ポータブルステレオ　駆動音02-01(CD　再生　停止).mp3,15.904897959183671,0.2650816326530612,ポータブルMD　駆動音01/ポータブルステレオ　駆動音02-01(CD　再生　停止).mp3
1431,sound_1431.mp3,ポータブルステレオ　駆動音01-4(テープ　巻き戻し　停止).mp3,otologic_sounds_smart/Audio_Equipment,otologic_sounds_smart/Audio_Equipment/ポータブルCD　駆動音01/ポータブルステレオ　駆動音01-4(テープ　巻き戻し　停止).mp3,10.449637188208618,0.1741606198034769,ポータブルCD　駆動音01/ポータブルステレオ　駆動音01-4(テープ　巻き戻し　停止).mp3
1432,sound_1432.mp3,ポータブルステレオ　駆動音01-1(テープ　再生　停止).mp3,otologic_sounds_smart/Audio_Equipment,otologic_sounds_smart/Audio_Equipment/ポータブルCD　駆動音01/ポータブルステレオ　駆動音01-1(テープ　再生　停止).mp3,13.267301587301588,0.2211216931216931,ポータブルCD　駆動音01/ポータブルステレオ　駆動音01-1(テープ　再生　停止).mp3
1433,sound_1433.mp3,ポータブルステレオ　駆動音02-06(MD　ローディング).mp3,otologic_sounds_smart/Audio_Equipment,otologic_sounds_smart/Audio_Equipment/ポータブルCD　駆動音01/ポータブルステレオ　駆動音02-06(MD　ローディング).mp3,9.448253968253969,0.1574708994708994,ポータブルCD　駆動音01/ポータブルステレオ　駆動音02-06(MD　ローディング).mp3
1434,sound_1434.mp3,ポータブルステレオ　駆動音01-3(テープ　巻き戻し　停止).mp3,otologic_sounds_smart/Audio_Equipment,otologic_sounds_smart/Audio_Equipment/ポータブルCD　駆動音01/ポータブルステレオ　駆動音01-3(テープ　巻き戻し　停止).mp3,10.522675736961451,0.1753779289493575,ポータブルCD　駆動音01/ポータブルステレオ　駆動音01-3(テープ　巻き戻し　停止).mp3
1435,sound_1435.mp3,ポータブルステレオ　駆動音02-07(MD　再生　停止).mp3,otologic_sounds_smart/Audio_Equipment,otologic_sounds_smart/Audio_Equipment/ポータブルCD　駆動音01/ポータブルステレオ　駆動音02-07(MD　再生　停止).mp3,27.84589569160998,0.464098261526833,ポータブルCD　駆動音01/ポータブルステレオ　駆動音02-07(MD　再生　停止).mp3
1436,sound_1436.mp3,ポータブルステレオ　駆動音01-5(CD　再生　停止).mp3,otologic_sounds_smart/Audio_Equipment,otologic_sounds_smart/Audio_Equipment/ポータブルCD　駆動音01/ポータブルステレオ　駆動音01-5(CD　再生　停止).mp3,19.25734693877551,0.3209557823129251,ポータブルCD　駆動音01/ポータブルステレオ　駆動音01-5(CD　再生　停止).mp3
1437,sound_1437.mp3,ポータブルステレオ　駆動音02-05(CD　サーチ).mp3,otologic_sounds_smart/Audio_Equipment,otologic_sounds_smart/Audio_Equipment/ポータブルCD　駆動音01/ポータブルステレオ　駆動音02-05(CD　サーチ).mp3,11.522154195011336,0.1920359032501889,ポータブルCD　駆動音01/ポータブルステレオ　駆動音02-05(CD　サーチ).mp3
1438,sound_1438.mp3,ポータブルステレオ　駆動音02-11(MD　サーチ).mp3,otologic_sounds_smart/Audio_Equipment,otologic_sounds_smart/Audio_Equipment/ポータブルCD　駆動音01/ポータブルステレオ　駆動音02-11(MD　サーチ).mp3,12.894285714285717,0.2149047619047619,ポータブルCD　駆動音01/ポータブルステレオ　駆動音02-11(MD　サーチ).mp3
1439,sound_1439.mp3,ポータブルステレオ　駆動音01-2(テープ　早送り　停止).mp3,otologic_sounds_smart/Audio_Equipment,otologic_sounds_smart/Audio_Equipment/ポータブルCD　駆動音01/ポータブルステレオ　駆動音01-2(テープ　早送り　停止).mp3,11.104285714285714,0.1850714285714285,ポータブルCD　駆動音01/ポータブルステレオ　駆動音01-2(テープ　早送り　停止).mp3
1440,sound_1440.mp3,ラジオ　シグナルノイズ01-07(AM).mp3,otologic_sounds_smart/Audio_Equipment,otologic_sounds_smart/Audio_Equipment/ラジオ　シグナルノイズ02/ラジオ　シグナルノイズ01-07(AM).mp3,9.912426303854875,0.1652071050642479,ラジオ　シグナルノイズ02/ラジオ　シグナルノイズ01-07(AM).mp3
1441,sound_1441.mp3,ラジオ　シグナルノイズ01-14(遠い　AM).mp3,otologic_sounds_smart/Audio_Equipment,otologic_sounds_smart/Audio_Equipment/ラジオ　シグナルノイズ02/ラジオ　シグナルノイズ01-14(遠い　AM).mp3,9.912426303854875,0.1652071050642479,ラジオ　シグナルノイズ02/ラジオ　シグナルノイズ01-14(遠い　AM).mp3
1442,sound_1442.mp3,ラジオ　シグナルノイズ01-06(AM).mp3,otologic_sounds_smart/Audio_Equipment,otologic_sounds_smart/Audio_Equipment/ラジオ　シグナルノイズ02/ラジオ　シグナルノイズ01-06(AM).mp3,10.462607709750566,0.1743767951625094,ラジオ　シグナルノイズ02/ラジオ　シグナルノイズ01-06(AM).mp3
1443,sound_1443.mp3,ラジオ　シグナルノイズ01-11(遠い　AM).mp3,otologic_sounds_smart/Audio_Equipment,otologic_sounds_smart/Audio_Equipment/ラジオ　シグナルノイズ02/ラジオ　シグナルノイズ01-11(遠い　AM).mp3,10.643786848072562,0.177396447467876,ラジオ　シグナルノイズ02/ラジオ　シグナルノイズ01-11(遠い　AM).mp3
1444,sound_1444.mp3,ラジオ　シグナルノイズ01-13(遠い　AM).mp3,otologic_sounds_smart/Audio_Equipment,otologic_sounds_smart/Audio_Equipment/ラジオ　シグナルノイズ02/ラジオ　シグナルノイズ01-13(遠い　AM).mp3,10.462607709750566,0.1743767951625094,ラジオ　シグナルノイズ02/ラジオ　シグナルノイズ01-13(遠い　AM).mp3
1445,sound_1445.mp3,ラジオ　シグナルノイズ01-08(遠い　FM).mp3,otologic_sounds_smart/Audio_Equipment,otologic_sounds_smart/Audio_Equipment/ラジオ　シグナルノイズ02/ラジオ　シグナルノイズ01-08(遠い　FM).mp3,10.356757369614511,0.1726126228269085,ラジオ　シグナルノイズ02/ラジオ　シグナルノイズ01-08(遠い　FM).mp3
1446,sound_1446.mp3,ラジオ　シグナルノイズ01-09(遠い　FM).mp3,otologic_sounds_smart/Audio_Equipment,otologic_sounds_smart/Audio_Equipment/ラジオ　シグナルノイズ02/ラジオ　シグナルノイズ01-09(遠い　FM).mp3,10.649274376417234,0.1774879062736205,ラジオ　シグナルノイズ02/ラジオ　シグナルノイズ01-09(遠い　FM).mp3
1447,sound_1447.mp3,ラジオ　シグナルノイズ01-12(遠い　AM).mp3,otologic_sounds_smart/Audio_Equipment,otologic_sounds_smart/Audio_Equipment/ラジオ　シグナルノイズ02/ラジオ　シグナルノイズ01-12(遠い　AM).mp3,11.578888888888889,0.1929814814814814,ラジオ　シグナルノイズ02/ラジオ　シグナルノイズ01-12(遠い　AM).mp3
1448,sound_1448.mp3,ラジオ　シグナルノイズ01-10(遠い　FM).mp3,otologic_sounds_smart/Audio_Equipment,otologic_sounds_smart/Audio_Equipment/ラジオ　シグナルノイズ02/ラジオ　シグナルノイズ01-10(遠い　FM).mp3,10.4681179138322,0.1744686318972033,ラジオ　シグナルノイズ02/ラジオ　シグナルノイズ01-10(遠い　FM).mp3
1449,sound_1449.mp3,ラジオ　シグナルノイズ02-07(遠い　FM).mp3,otologic_sounds_smart/Audio_Equipment,otologic_sounds_smart/Audio_Equipment/効果音＞オーディオ機器/ラジオ　シグナルノイズ02-07(遠い　FM).mp3,10.974739229024944,0.182912320483749,効果音＞オーディオ機器/ラジオ　シグナルノイズ02-07(遠い　FM).mp3
1450,sound_1450.mp3,ラジオ　シグナルノイズ02-11(遠い　AM).mp3,otologic_sounds_smart/Audio_Equipment,otologic_sounds_smart/Audio_Equipment/効果音＞オーディオ機器/ラジオ　シグナルノイズ02-11(遠い　AM).mp3,10.395804988662132,0.1732634164777022,効果音＞オーディオ機器/ラジオ　シグナルノイズ02-11(遠い　AM).mp3
1451,sound_1451.mp3,ラジオ　シグナルノイズ02-01(FM).mp3,otologic_sounds_smart/Audio_Equipment,otologic_sounds_smart/Audio_Equipment/効果音＞オーディオ機器/ラジオ　シグナルノイズ02-01(FM).mp3,10.974739229024944,0.182912320483749,効果音＞オーディオ機器/ラジオ　シグナルノイズ02-01(FM).mp3
1452,sound_1452.mp3,ラジオ　シグナルノイズ02-03(FM).mp3,otologic_sounds_smart/Audio_Equipment,otologic_sounds_smart/Audio_Equipment/効果音＞オーディオ機器/ラジオ　シグナルノイズ02-03(FM).mp3,10.603038548752837,0.1767173091458805,効果音＞オーディオ機器/ラジオ　シグナルノイズ02-03(FM).mp3
1453,sound_1453.mp3,ラジオ　シグナルノイズ01-04(AM).mp3,otologic_sounds_smart/Audio_Equipment,otologic_sounds_smart/Audio_Equipment/効果音＞オーディオ機器/ラジオ　シグナルノイズ01-04(AM).mp3,10.643786848072562,0.177396447467876,効果音＞オーディオ機器/ラジオ　シグナルノイズ01-04(AM).mp3
1454,sound_1454.mp3,ラジオ　シグナルノイズ02-08(遠い　FM).mp3,otologic_sounds_smart/Audio_Equipment,otologic_sounds_smart/Audio_Equipment/効果音＞オーディオ機器/ラジオ　シグナルノイズ02-08(遠い　FM).mp3,10.827777777777778,0.1804629629629629,効果音＞オーディオ機器/ラジオ　シグナルノイズ02-08(遠い　FM).mp3
1455,sound_1455.mp3,ラジオ　シグナルノイズ01-05(AM).mp3,otologic_sounds_smart/Audio_Equipment,otologic_sounds_smart/Audio_Equipment/効果音＞オーディオ機器/ラジオ　シグナルノイズ01-05(AM).mp3,11.578888888888889,0.1929814814814814,効果音＞オーディオ機器/ラジオ　シグナルノイズ01-05(AM).mp3
1456,sound_1456.mp3,ラジオ　シグナルノイズ02-02(FM).mp3,otologic_sounds_smart/Audio_Equipment,otologic_sounds_smart/Audio_Equipment/効果音＞オーディオ機器/ラジオ　シグナルノイズ02-02(FM).mp3,10.827777777777778,0.1804629629629629,効果音＞オーディオ機器/ラジオ　シグナルノイズ02-02(FM).mp3
1457,sound_1457.mp3,ラジオ　シグナルノイズ01-02(FM).mp3,otologic_sounds_smart/Audio_Equipment,otologic_sounds_smart/Audio_Equipment/効果音＞オーディオ機器/ラジオ　シグナルノイズ01-02(FM).mp3,10.649274376417234,0.1774879062736205,効果音＞オーディオ機器/ラジオ　シグナルノイズ01-02(FM).mp3
1458,sound_1458.mp3,ラジオ　シグナルノイズ02-05(AM).mp3,otologic_sounds_smart/Audio_Equipment,otologic_sounds_smart/Audio_Equipment/効果音＞オーディオ機器/ラジオ　シグナルノイズ02-05(AM).mp3,10.395804988662132,0.1732634164777022,効果音＞オーディオ機器/ラジオ　シグナルノイズ02-05(AM).mp3
1459,sound_1459.mp3,ラジオ　シグナルノイズ02-04(AM).mp3,otologic_sounds_smart/Audio_Equipment,otologic_sounds_smart/Audio_Equipment/効果音＞オーディオ機器/ラジオ　シグナルノイズ02-04(AM).mp3,10.533877551020408,0.1755646258503401,効果音＞オーディオ機器/ラジオ　シグナルノイズ02-04(AM).mp3
1460,sound_1460.mp3,ラジオ　シグナルノイズ01-03(FM).mp3,otologic_sounds_smart/Audio_Equipment,otologic_sounds_smart/Audio_Equipment/効果音＞オーディオ機器/ラジオ　シグナルノイズ01-03(FM).mp3,10.4681179138322,0.1744686318972033,効果音＞オーディオ機器/ラジオ　シグナルノイズ01-03(FM).mp3
1461,sound_1461.mp3,ラジオ　シグナルノイズ02-10(遠い　AM).mp3,otologic_sounds_smart/Audio_Equipment,otologic_sounds_smart/Audio_Equipment/効果音＞オーディオ機器/ラジオ　シグナルノイズ02-10(遠い　AM).mp3,10.533877551020408,0.1755646258503401,効果音＞オーディオ機器/ラジオ　シグナルノイズ02-10(遠い　AM).mp3
1462,sound_1462.mp3,ラジオ　シグナルノイズ01-01(FM).mp3,otologic_sounds_smart/Audio_Equipment,otologic_sounds_smart/Audio_Equipment/効果音＞オーディオ機器/ラジオ　シグナルノイズ01-01(FM).mp3,10.356757369614511,0.1726126228269085,効果音＞オーディオ機器/ラジオ　シグナルノイズ01-01(FM).mp3
1463,sound_1463.mp3,ラジオ　シグナルノイズ02-06(AM).mp3,otologic_sounds_smart/Audio_Equipment,otologic_sounds_smart/Audio_Equipment/効果音＞オーディオ機器/ラジオ　シグナルノイズ02-06(AM).mp3,10.279818594104308,0.1713303099017384,効果音＞オーディオ機器/ラジオ　シグナルノイズ02-06(AM).mp3
1464,sound_1464.mp3,ラジオ　シグナルノイズ02-09(遠い　FM).mp3,otologic_sounds_smart/Audio_Equipment,otologic_sounds_smart/Audio_Equipment/効果音＞オーディオ機器/ラジオ　シグナルノイズ02-09(遠い　FM).mp3,10.603038548752837,0.1767173091458805,効果音＞オーディオ機器/ラジオ　シグナルノイズ02-09(遠い　FM).mp3
1465,sound_1465.mp3,ラジオ　シグナルノイズ02-12(遠い　AM).mp3,otologic_sounds_smart/Audio_Equipment,otologic_sounds_smart/Audio_Equipment/効果音＞オーディオ機器/ラジオ　シグナルノイズ02-12(遠い　AM).mp3,10.279818594104308,0.1713303099017384,効果音＞オーディオ機器/ラジオ　シグナルノイズ02-12(遠い　AM).mp3
1466,sound_1466.mp3,ポータブルMD　駆動音01-4(シーク).mp3,otologic_sounds_smart/Audio_Equipment,otologic_sounds_smart/Audio_Equipment/ポータブルカセット　駆動音01/ポータブルMD　駆動音01-4(シーク).mp3,8.875736961451247,0.1479289493575208,ポータブルカセット　駆動音01/ポータブルMD　駆動音01-4(シーク).mp3
1467,sound_1467.mp3,ポータブルMD　駆動音01-5(シーク).mp3,otologic_sounds_smart/Audio_Equipment,otologic_sounds_smart/Audio_Equipment/ポータブルカセット　駆動音01/ポータブルMD　駆動音01-5(シーク).mp3,11.81344671201814,0.1968907785336356,ポータブルカセット　駆動音01/ポータブルMD　駆動音01-5(シーク).mp3
1468,sound_1468.mp3,ポータブルMD　駆動音01-1(再生).mp3,otologic_sounds_smart/Audio_Equipment,otologic_sounds_smart/Audio_Equipment/ポータブルカセット　駆動音01/ポータブルMD　駆動音01-1(再生).mp3,12.392721088435374,0.2065453514739229,ポータブルカセット　駆動音01/ポータブルMD　駆動音01-1(再生).mp3
1469,sound_1469.mp3,ポータブルカセット　駆動音01-1(再生　停止).mp3,otologic_sounds_smart/Audio_Equipment,otologic_sounds_smart/Audio_Equipment/ポータブルカセット　駆動音01/ポータブルカセット　駆動音01-1(再生　停止).mp3,20.921746031746032,0.3486957671957672,ポータブルカセット　駆動音01/ポータブルカセット　駆動音01-1(再生　停止).mp3
1470,sound_1470.mp3,ポータブルCD　駆動音01-1(ローディング).mp3,otologic_sounds_smart/Audio_Equipment,otologic_sounds_smart/Audio_Equipment/ポータブルカセット　駆動音01/ポータブルCD　駆動音01-1(ローディング).mp3,16.89154195011338,0.2815256991685563,ポータブルカセット　駆動音01/ポータブルCD　駆動音01-1(ローディング).mp3
1471,sound_1471.mp3,ポータブルMD　駆動音01-3(シーク).mp3,otologic_sounds_smart/Audio_Equipment,otologic_sounds_smart/Audio_Equipment/ポータブルカセット　駆動音01/ポータブルMD　駆動音01-3(シーク).mp3,8.617414965986395,0.1436235827664399,ポータブルカセット　駆動音01/ポータブルMD　駆動音01-3(シーク).mp3
1472,sound_1472.mp3,ポータブルMD　駆動音01-6(サーチ).mp3,otologic_sounds_smart/Audio_Equipment,otologic_sounds_smart/Audio_Equipment/ポータブルカセット　駆動音01/ポータブルMD　駆動音01-6(サーチ).mp3,15.818888888888887,0.2636481481481481,ポータブルカセット　駆動音01/ポータブルMD　駆動音01-6(サーチ).mp3
1473,sound_1473.mp3,ポータブルカセット　駆動音01-2(早送り　停止).mp3,otologic_sounds_smart/Audio_Equipment,otologic_sounds_smart/Audio_Equipment/ポータブルカセット　駆動音01/ポータブルカセット　駆動音01-2(早送り　停止).mp3,10.744308390022676,0.1790718065003779,ポータブルカセット　駆動音01/ポータブルカセット　駆動音01-2(早送り　停止).mp3
1474,sound_1474.mp3,ポータブルカセット　駆動音01-3(巻き戻し　停止).mp3,otologic_sounds_smart/Audio_Equipment,otologic_sounds_smart/Audio_Equipment/ポータブルカセット　駆動音01/ポータブルカセット　駆動音01-3(巻き戻し　停止).mp3,11.37795918367347,0.1896326530612245,ポータブルカセット　駆動音01/ポータブルカセット　駆動音01-3(巻き戻し　停止).mp3
1475,sound_1475.mp3,ポータブルCD　駆動音01-2(再生　停止).mp3,otologic_sounds_smart/Audio_Equipment,otologic_sounds_smart/Audio_Equipment/ポータブルカセット　駆動音01/ポータブルCD　駆動音01-2(再生　停止).mp3,34.38410430839002,0.5730684051398337,ポータブルカセット　駆動音01/ポータブルCD　駆動音01-2(再生　停止).mp3
1476,sound_1476.mp3,ポータブルカセット　駆動音01-4(巻き戻し　停止).mp3,otologic_sounds_smart/Audio_Equipment,otologic_sounds_smart/Audio_Equipment/ポータブルカセット　駆動音01/ポータブルカセット　駆動音01-4(巻き戻し　停止).mp3,14.320158730158733,0.2386693121693121,ポータブルカセット　駆動音01/ポータブルカセット　駆動音01-4(巻き戻し　停止).mp3
1477,sound_1477.mp3,場面展開07-08(低　下降　遅い).mp3,otologic_sounds_smart/Scene_Change,otologic_sounds_smart/Scene_Change/場面展開07/場面展開07-08(低　下降　遅い).mp3,5.7227891156462585,0.0953798185941043,場面展開07/場面展開07-08(低　下降　遅い).mp3
1478,sound_1478.mp3,場面展開07-07(低　上昇　遅い).mp3,otologic_sounds_smart/Scene_Change,otologic_sounds_smart/Scene_Change/場面展開07/場面展開07-07(低　上昇　遅い).mp3,5.35249433106576,0.089208238851096,場面展開07/場面展開07-07(低　上昇　遅い).mp3
1479,sound_1479.mp3,場面展開07-06(高　下降　遅い).mp3,otologic_sounds_smart/Scene_Change,otologic_sounds_smart/Scene_Change/場面展開07/場面展開07-06(高　下降　遅い).mp3,5.862585034013605,0.0977097505668934,場面展開07/場面展開07-06(高　下降　遅い).mp3
1480,sound_1480.mp3,場面展開07-05(高　上昇　遅い).mp3,otologic_sounds_smart/Scene_Change,otologic_sounds_smart/Scene_Change/場面展開07/場面展開07-05(高　上昇　遅い).mp3,5.57562358276644,0.092927059712774,場面展開07/場面展開07-05(高　上昇　遅い).mp3
1481,sound_1481.mp3,場面展開07-03(低　上昇).mp3,otologic_sounds_smart/Scene_Change,otologic_sounds_smart/Scene_Change/場面展開08/場面展開07-03(低　上昇).mp3,5.263401360544218,0.0877233560090702,場面展開08/場面展開07-03(低　上昇).mp3
1482,sound_1482.mp3,場面展開07-02(高　下降).mp3,otologic_sounds_smart/Scene_Change,otologic_sounds_smart/Scene_Change/場面展開08/場面展開07-02(高　下降).mp3,6.120770975056689,0.1020128495842781,場面展開08/場面展開07-02(高　下降).mp3
1483,sound_1483.mp3,場面展開07-04(低　下降).mp3,otologic_sounds_smart/Scene_Change,otologic_sounds_smart/Scene_Change/場面展開08/場面展開07-04(低　下降).mp3,5.415578231292517,0.0902596371882086,場面展開08/場面展開07-04(低　下降).mp3
1484,sound_1484.mp3,レトロアニメ　爆発05-2(高　長).mp3,otologic_sounds_smart/Retroanimeexplosion,otologic_sounds_smart/Retroanimeexplosion/効果音＞レトロアニメ・爆発/レトロアニメ　爆発05-2(高　長).mp3,5.031723356009071,0.0838620559334845,効果音＞レトロアニメ・爆発/レトロアニメ　爆発05-2(高　長).mp3
1485,sound_1485.mp3,レトロアニメ　爆発05-4(低　長).mp3,otologic_sounds_smart/Retroanimeexplosion,otologic_sounds_smart/Retroanimeexplosion/効果音＞レトロアニメ・爆発/レトロアニメ　爆発05-4(低　長).mp3,5.370113378684807,0.0895018896447467,効果音＞レトロアニメ・爆発/レトロアニメ　爆発05-4(低　長).mp3
1486,sound_1486.mp3,レトロアニメ　爆発02-3(低1).mp3,otologic_sounds_smart/Retroanimeexplosion,otologic_sounds_smart/Retroanimeexplosion/レトロアニメ　爆発02/レトロアニメ　爆発02-3(低1).mp3,5.107414965986394,0.0851235827664399,レトロアニメ　爆発02/レトロアニメ　爆発02-3(低1).mp3
1487,sound_1487.mp3,レトロアニメ　爆発02-4(低2).mp3,otologic_sounds_smart/Retroanimeexplosion,otologic_sounds_smart/Retroanimeexplosion/レトロアニメ　爆発02/レトロアニメ　爆発02-4(低2).mp3,5.054761904761905,0.0842460317460317,レトロアニメ　爆発02/レトロアニメ　爆発02-4(低2).mp3
1488,sound_1488.mp3,レトロアニメ　爆発01-1(低　長).mp3,otologic_sounds_smart/Retroanimeexplosion,otologic_sounds_smart/Retroanimeexplosion/レトロアニメ　爆発02/レトロアニメ　爆発01-1(低　長).mp3,10.854875283446711,0.1809145880574451,レトロアニメ　爆発02/レトロアニメ　爆発01-1(低　長).mp3
1489,sound_1489.mp3,レトロアニメ　爆発04-3(低　長).mp3,otologic_sounds_smart/Retroanimeexplosion,otologic_sounds_smart/Retroanimeexplosion/レトロアニメ　爆発05/レトロアニメ　爆発04-3(低　長).mp3,8.093401360544219,0.1348900226757369,レトロアニメ　爆発05/レトロアニメ　爆発04-3(低　長).mp3
1490,sound_1490.mp3,レトロアニメ　爆発04-1(高　長).mp3,otologic_sounds_smart/Retroanimeexplosion,otologic_sounds_smart/Retroanimeexplosion/レトロアニメ　爆発05/レトロアニメ　爆発04-1(高　長).mp3,7.078163265306123,0.117969387755102,レトロアニメ　爆発05/レトロアニメ　爆発04-1(高　長).mp3
1491,sound_1491.mp3,レトロアニメ　爆発04-4(低　短).mp3,otologic_sounds_smart/Retroanimeexplosion,otologic_sounds_smart/Retroanimeexplosion/レトロアニメ　爆発05/レトロアニメ　爆発04-4(低　短).mp3,7.130045351473923,0.118834089191232,レトロアニメ　爆発05/レトロアニメ　爆発04-4(低　短).mp3
1492,sound_1492.mp3,レトロアニメ　爆発04-2(高　短).mp3,otologic_sounds_smart/Retroanimeexplosion,otologic_sounds_smart/Retroanimeexplosion/レトロアニメ　爆発05/レトロアニメ　爆発04-2(高　短).mp3,6.261700680272109,0.1043616780045351,レトロアニメ　爆発05/レトロアニメ　爆発04-2(高　短).mp3
1493,sound_1493.mp3,レトロアニメ　爆発01-3(高　長).mp3,otologic_sounds_smart/Retroanimeexplosion,otologic_sounds_smart/Retroanimeexplosion/レトロアニメ　爆発01/レトロアニメ　爆発01-3(高　長).mp3,9.398367346938777,0.1566394557823129,レトロアニメ　爆発01/レトロアニメ　爆発01-3(高　長).mp3
1494,sound_1494.mp3,懐中時計01-03(チクタク　机　裏蓋開).mp3,otologic_sounds_smart/Pocket Watch,otologic_sounds_smart/Pocket Watch/懐中時計02/懐中時計01-03(チクタク　机　裏蓋開).mp3,10.8,0.18,懐中時計02/懐中時計01-03(チクタク　机　裏蓋開).mp3
1495,sound_1495.mp3,懐中時計01-02(チクタク　机).mp3,otologic_sounds_smart/Pocket Watch,otologic_sounds_smart/Pocket Watch/懐中時計02/懐中時計01-02(チクタク　机).mp3,10.8,0.18,懐中時計02/懐中時計01-02(チクタク　机).mp3
1496,sound_1496.mp3,懐中時計01-01(チクタク　手).mp3,otologic_sounds_smart/Pocket Watch,otologic_sounds_smart/Pocket Watch/懐中時計02/懐中時計01-01(チクタク　手).mp3,10.4,0.1733333333333333,懐中時計02/懐中時計01-01(チクタク　手).mp3
1497,sound_1497.mp3,懐中時計01-05(巻き上げる　逆).mp3,otologic_sounds_smart/Pocket Watch,otologic_sounds_smart/Pocket Watch/懐中時計02/懐中時計01-05(巻き上げる　逆).mp3,5.6952154195011335,0.0949202569916855,懐中時計02/懐中時計01-05(巻き上げる　逆).mp3
1498,sound_1498.mp3,懐中時計02-01(チクタク　手　蓋開).mp3,otologic_sounds_smart/Pocket Watch,otologic_sounds_smart/Pocket Watch/効果音＞懐中時計/懐中時計02-01(チクタク　手　蓋開).mp3,10.0,0.1666666666666666,効果音＞懐中時計/懐中時計02-01(チクタク　手　蓋開).mp3
1499,sound_1499.mp3,懐中時計02-04(チクタク　机　蓋閉).mp3,otologic_sounds_smart/Pocket Watch,otologic_sounds_smart/Pocket Watch/効果音＞懐中時計/懐中時計02-04(チクタク　机　蓋閉).mp3,10.0,0.1666666666666666,効果音＞懐中時計/懐中時計02-04(チクタク　机　蓋閉).mp3
1500,sound_1500.mp3,懐中時計02-05(巻き上げる).mp3,otologic_sounds_smart/Pocket Watch,otologic_sounds_smart/Pocket Watch/効果音＞懐中時計/懐中時計02-05(巻き上げる).mp3,5.028163265306122,0.0838027210884353,効果音＞懐中時計/懐中時計02-05(巻き上げる).mp3
1501,sound_1501.mp3,懐中時計02-03(チクタク　机　蓋開).mp3,otologic_sounds_smart/Pocket Watch,otologic_sounds_smart/Pocket Watch/効果音＞懐中時計/懐中時計02-03(チクタク　机　蓋開).mp3,10.0,0.1666666666666666,効果音＞懐中時計/懐中時計02-03(チクタク　机　蓋開).mp3
1502,sound_1502.mp3,懐中時計02-02(チクタク　手　蓋閉).mp3,otologic_sounds_smart/Pocket Watch,otologic_sounds_smart/Pocket Watch/効果音＞懐中時計/懐中時計02-02(チクタク　手　蓋閉).mp3,10.0,0.1666666666666666,効果音＞懐中時計/懐中時計02-02(チクタク　手　蓋閉).mp3
1503,sound_1503.mp3,電磁ブザー03-7(ドライ　長).mp3,otologic_sounds_smart/Buzzers,otologic_sounds_smart/Buzzers/電磁ブザー03/電磁ブザー03-7(ドライ　長).mp3,6.246643990929705,0.1041107331821617,電磁ブザー03/電磁ブザー03-7(ドライ　長).mp3
1504,sound_1504.mp3,電磁ブザー02-01(ホール).mp3,otologic_sounds_smart/Buzzers,otologic_sounds_smart/Buzzers/電磁ブザー03/電磁ブザー02-01(ホール).mp3,5.157052154195012,0.0859508692365835,電磁ブザー03/電磁ブザー02-01(ホール).mp3
1505,sound_1505.mp3,電磁ブザー05-10(ドライ　長).mp3,otologic_sounds_smart/Buzzers,otologic_sounds_smart/Buzzers/電磁ブザー05/電磁ブザー05-10(ドライ　長).mp3,5.343673469387755,0.0890612244897959,電磁ブザー05/電磁ブザー05-10(ドライ　長).mp3
1506,sound_1506.mp3,電磁ブザー01-01(ホール).mp3,otologic_sounds_smart/Buzzers,otologic_sounds_smart/Buzzers/電磁ブザー02/電磁ブザー01-01(ホール).mp3,5.1460090702947845,0.0857668178382464,電磁ブザー02/電磁ブザー01-01(ホール).mp3
1507,sound_1507.mp3,電磁ブザー02-10(ドライ　長).mp3,otologic_sounds_smart/Buzzers,otologic_sounds_smart/Buzzers/電磁ブザー02/電磁ブザー02-10(ドライ　長).mp3,6.015850340136055,0.1002641723356009,電磁ブザー02/電磁ブザー02-10(ドライ　長).mp3
1508,sound_1508.mp3,電磁ブザー01-10(ドライ　長).mp3,otologic_sounds_smart/Buzzers,otologic_sounds_smart/Buzzers/電磁ブザー01/電磁ブザー01-10(ドライ　長).mp3,5.445351473922902,0.090755857898715,電磁ブザー01/電磁ブザー01-10(ドライ　長).mp3
1509,sound_1509.mp3,電磁ブザー06-10(ドライ　長).mp3,otologic_sounds_smart/Buzzers,otologic_sounds_smart/Buzzers/電磁ブザー06/電磁ブザー06-10(ドライ　長).mp3,5.347800453514739,0.0891300075585789,電磁ブザー06/電磁ブザー06-10(ドライ　長).mp3
1510,sound_1510.mp3,レトロアニメ　ジェット04-2(低　長).mp3,otologic_sounds_smart/Retroanimeothers,otologic_sounds_smart/Retroanimeothers/レトロアニメ　ジェット05/レトロアニメ　ジェット04-2(低　長).mp3,14.157233560090702,0.2359538926681783,レトロアニメ　ジェット05/レトロアニメ　ジェット04-2(低　長).mp3
1511,sound_1511.mp3,レトロアニメ　ジェット04-3(高　短).mp3,otologic_sounds_smart/Retroanimeothers,otologic_sounds_smart/Retroanimeothers/レトロアニメ　ジェット05/レトロアニメ　ジェット04-3(高　短).mp3,8.183696145124717,0.1363949357520786,レトロアニメ　ジェット05/レトロアニメ　ジェット04-3(高　短).mp3
1512,sound_1512.mp3,レトロアニメ　ジェット04-1(低　短).mp3,otologic_sounds_smart/Retroanimeothers,otologic_sounds_smart/Retroanimeothers/レトロアニメ　ジェット05/レトロアニメ　ジェット04-1(低　短).mp3,10.266122448979592,0.1711020408163265,レトロアニメ　ジェット05/レトロアニメ　ジェット04-1(低　短).mp3
1513,sound_1513.mp3,レトロアニメ　ジェット04-4(高　長).mp3,otologic_sounds_smart/Retroanimeothers,otologic_sounds_smart/Retroanimeothers/レトロアニメ　ジェット05/レトロアニメ　ジェット04-4(高　長).mp3,11.380476190476193,0.1896746031746032,レトロアニメ　ジェット05/レトロアニメ　ジェット04-4(高　長).mp3
1514,sound_1514.mp3,レトロアニメ　ジェット01-7(高　近).mp3,otologic_sounds_smart/Retroanimeothers,otologic_sounds_smart/Retroanimeothers/レトロアニメ　ジェット02/レトロアニメ　ジェット01-7(高　近).mp3,61.73997732426304,1.028999622071051,レトロアニメ　ジェット02/レトロアニメ　ジェット01-7(高　近).mp3
1515,sound_1515.mp3,レトロアニメ　ジェット01-6(低　遠).mp3,otologic_sounds_smart/Retroanimeothers,otologic_sounds_smart/Retroanimeothers/レトロアニメ　ジェット02/レトロアニメ　ジェット01-6(低　遠).mp3,61.41133786848073,1.023522297808012,レトロアニメ　ジェット02/レトロアニメ　ジェット01-6(低　遠).mp3
1516,sound_1516.mp3,レトロアニメ　ジェット01-5(低　近).mp3,otologic_sounds_smart/Retroanimeothers,otologic_sounds_smart/Retroanimeothers/レトロアニメ　ジェット02/レトロアニメ　ジェット01-5(低　近).mp3,61.41133786848073,1.023522297808012,レトロアニメ　ジェット02/レトロアニメ　ジェット01-5(低　近).mp3
1517,sound_1517.mp3,レトロアニメ　ジェット01-1(低　近).mp3,otologic_sounds_smart/Retroanimeothers,otologic_sounds_smart/Retroanimeothers/レトロアニメ　ジェット03/レトロアニメ　ジェット01-1(低　近).mp3,61.519727891156464,1.0253287981859411,レトロアニメ　ジェット03/レトロアニメ　ジェット01-1(低　近).mp3
1518,sound_1518.mp3,レトロアニメ　ジェット01-2(低　遠).mp3,otologic_sounds_smart/Retroanimeothers,otologic_sounds_smart/Retroanimeothers/レトロアニメ　ジェット03/レトロアニメ　ジェット01-2(低　遠).mp3,61.519727891156464,1.0253287981859411,レトロアニメ　ジェット03/レトロアニメ　ジェット01-2(低　遠).mp3
1519,sound_1519.mp3,レトロアニメ　ジェット01-3(高　近).mp3,otologic_sounds_smart/Retroanimeothers,otologic_sounds_smart/Retroanimeothers/レトロアニメ　ジェット03/レトロアニメ　ジェット01-3(高　近).mp3,61.5874149659864,1.0264569160997732,レトロアニメ　ジェット03/レトロアニメ　ジェット01-3(高　近).mp3
1520,sound_1520.mp3,レトロアニメ　ジェット01-4(高　遠).mp3,otologic_sounds_smart/Retroanimeothers,otologic_sounds_smart/Retroanimeothers/レトロアニメ　ジェット03/レトロアニメ　ジェット01-4(高　遠).mp3,61.5874149659864,1.0264569160997732,レトロアニメ　ジェット03/レトロアニメ　ジェット01-4(高　遠).mp3
1521,sound_1521.mp3,レトロアニメ　ジェット03-1(近).mp3,otologic_sounds_smart/Retroanimeothers,otologic_sounds_smart/Retroanimeothers/レトロアニメ　ジェット04/レトロアニメ　ジェット03-1(近).mp3,24.20995464852608,0.4034992441421013,レトロアニメ　ジェット04/レトロアニメ　ジェット03-1(近).mp3
1522,sound_1522.mp3,レトロアニメ　ジェット02-1(近).mp3,otologic_sounds_smart/Retroanimeothers,otologic_sounds_smart/Retroanimeothers/レトロアニメ　ジェット04/レトロアニメ　ジェット02-1(近).mp3,32.95022675736961,0.5491704459561603,レトロアニメ　ジェット04/レトロアニメ　ジェット02-1(近).mp3
1523,sound_1523.mp3,レトロアニメ　ジェット03-2(遠).mp3,otologic_sounds_smart/Retroanimeothers,otologic_sounds_smart/Retroanimeothers/レトロアニメ　ジェット04/レトロアニメ　ジェット03-2(遠).mp3,24.88281179138322,0.414713529856387,レトロアニメ　ジェット04/レトロアニメ　ジェット03-2(遠).mp3
1524,sound_1524.mp3,レトロアニメ　ジェット02-2(遠).mp3,otologic_sounds_smart/Retroanimeothers,otologic_sounds_smart/Retroanimeothers/レトロアニメ　ジェット04/レトロアニメ　ジェット02-2(遠).mp3,32.899637188208615,0.5483272864701436,レトロアニメ　ジェット04/レトロアニメ　ジェット02-2(遠).mp3
1525,sound_1525.mp3,レトロアニメ　キャタピラ01-4(高).mp3,otologic_sounds_smart/Retroanimeothers,otologic_sounds_smart/Retroanimeothers/レトロアニメ　キャタピラ01/レトロアニメ　キャタピラ01-4(高).mp3,10.823333333333334,0.1803888888888889,レトロアニメ　キャタピラ01/レトロアニメ　キャタピラ01-4(高).mp3
1526,sound_1526.mp3,レトロアニメ　キャタピラ01-3(高).mp3,otologic_sounds_smart/Retroanimeothers,otologic_sounds_smart/Retroanimeothers/レトロアニメ　キャタピラ01/レトロアニメ　キャタピラ01-3(高).mp3,18.998526077097505,0.3166421012849584,レトロアニメ　キャタピラ01/レトロアニメ　キャタピラ01-3(高).mp3
1527,sound_1527.mp3,レトロアニメ　キャタピラ01-2(低).mp3,otologic_sounds_smart/Retroanimeothers,otologic_sounds_smart/Retroanimeothers/レトロアニメ　ジェット01/レトロアニメ　キャタピラ01-2(低).mp3,12.21297052154195,0.2035495086923658,レトロアニメ　ジェット01/レトロアニメ　キャタピラ01-2(低).mp3
1528,sound_1528.mp3,レトロアニメ　ジェット01-8(高　遠).mp3,otologic_sounds_smart/Retroanimeothers,otologic_sounds_smart/Retroanimeothers/レトロアニメ　ジェット01/レトロアニメ　ジェット01-8(高　遠).mp3,61.73997732426304,1.028999622071051,レトロアニメ　ジェット01/レトロアニメ　ジェット01-8(高　遠).mp3
1529,sound_1529.mp3,レトロアニメ　キャタピラ01-1(低).mp3,otologic_sounds_smart/Retroanimeothers,otologic_sounds_smart/Retroanimeothers/レトロアニメ　ジェット01/レトロアニメ　キャタピラ01-1(低).mp3,21.49244897959184,0.3582074829931973,レトロアニメ　ジェット01/レトロアニメ　キャタピラ01-1(低).mp3
1530,sound_1530.mp3,レトロアニメ　ジェット05-1(高　長).mp3,otologic_sounds_smart/Retroanimeothers,otologic_sounds_smart/Retroanimeothers/効果音＞レトロアニメ・その他/レトロアニメ　ジェット05-1(高　長).mp3,6.158571428571428,0.1026428571428571,効果音＞レトロアニメ・その他/レトロアニメ　ジェット05-1(高　長).mp3
1531,sound_1531.mp3,レトロアニメ　ジェット05-3(低　長).mp3,otologic_sounds_smart/Retroanimeothers,otologic_sounds_smart/Retroanimeothers/効果音＞レトロアニメ・その他/レトロアニメ　ジェット05-3(低　長).mp3,7.070226757369615,0.1178371126228269,効果音＞レトロアニメ・その他/レトロアニメ　ジェット05-3(低　長).mp3
1532,sound_1532.mp3,パロディーアクセント02-2(ディレイ).mp3,otologic_sounds_smart/Parody Accent,otologic_sounds_smart/Parody Accent/パロディーアクセント02/パロディーアクセント02-2(ディレイ).mp3,5.778866213151927,0.0963144368858654,パロディーアクセント02/パロディーアクセント02-2(ディレイ).mp3
1533,sound_1533.mp3,手拍子02-4(ドライ　中).mp3,otologic_sounds_smart/Handclap Yell,otologic_sounds_smart/Handclap Yell/手拍子01/手拍子02-4(ドライ　中).mp3,15.234648526077098,0.2539108087679516,手拍子01/手拍子02-4(ドライ　中).mp3
1534,sound_1534.mp3,手拍子02-6(ドライ　遅い).mp3,otologic_sounds_smart/Handclap Yell,otologic_sounds_smart/Handclap Yell/手拍子01/手拍子02-6(ドライ　遅い).mp3,21.08,0.3513333333333333,手拍子01/手拍子02-6(ドライ　遅い).mp3
1535,sound_1535.mp3,手拍子02-5(ドライ　速い).mp3,otologic_sounds_smart/Handclap Yell,otologic_sounds_smart/Handclap Yell/手拍子01/手拍子02-5(ドライ　速い).mp3,9.576916099773245,0.159615268329554,手拍子01/手拍子02-5(ドライ　速い).mp3
1536,sound_1536.mp3,手拍子02-1(中).mp3,otologic_sounds_smart/Handclap Yell,otologic_sounds_smart/Handclap Yell/手拍子02/手拍子02-1(中).mp3,14.077324263038548,0.2346220710506424,手拍子02/手拍子02-1(中).mp3
1537,sound_1537.mp3,手拍子02-2(速い).mp3,otologic_sounds_smart/Handclap Yell,otologic_sounds_smart/Handclap Yell/手拍子02/手拍子02-2(速い).mp3,8.77265306122449,0.1462108843537415,手拍子02/手拍子02-2(速い).mp3
1538,sound_1538.mp3,手拍子02-3(遅い).mp3,otologic_sounds_smart/Handclap Yell,otologic_sounds_smart/Handclap Yell/手拍子02/手拍子02-3(遅い).mp3,19.63875283446712,0.3273125472411186,手拍子02/手拍子02-3(遅い).mp3
1539,sound_1539.mp3,手拍子01-1(速い).mp3,otologic_sounds_smart/Handclap Yell,otologic_sounds_smart/Handclap Yell/手拍子　シンセ02/手拍子01-1(速い).mp3,5.626530612244898,0.0937755102040816,手拍子　シンセ02/手拍子01-1(速い).mp3
1540,sound_1540.mp3,手拍子01-2(遅い).mp3,otologic_sounds_smart/Handclap Yell,otologic_sounds_smart/Handclap Yell/手拍子　シンセ02/手拍子01-2(遅い).mp3,7.596031746031746,0.1266005291005291,手拍子　シンセ02/手拍子01-2(遅い).mp3
1541,sound_1541.mp3,手拍子04-6(遠い　遅い).mp3,otologic_sounds_smart/Handclap Yell,otologic_sounds_smart/Handclap Yell/手拍子04/手拍子04-6(遠い　遅い).mp3,36.14047619047619,0.6023412698412699,手拍子04/手拍子04-6(遠い　遅い).mp3
1542,sound_1542.mp3,手拍子04-5(遠い　速い).mp3,otologic_sounds_smart/Handclap Yell,otologic_sounds_smart/Handclap Yell/手拍子04/手拍子04-5(遠い　速い).mp3,13.22061224489796,0.2203435374149659,手拍子04/手拍子04-5(遠い　速い).mp3
1543,sound_1543.mp3,手拍子04-4(遠い　中).mp3,otologic_sounds_smart/Handclap Yell,otologic_sounds_smart/Handclap Yell/手拍子04/手拍子04-4(遠い　中).mp3,15.77843537414966,0.2629739229024943,手拍子04/手拍子04-4(遠い　中).mp3
1544,sound_1544.mp3,手拍子03-1(中).mp3,otologic_sounds_smart/Handclap Yell,otologic_sounds_smart/Handclap Yell/手拍子03/手拍子03-1(中).mp3,18.886507936507936,0.3147751322751322,手拍子03/手拍子03-1(中).mp3
1545,sound_1545.mp3,手拍子03-3(遅い).mp3,otologic_sounds_smart/Handclap Yell,otologic_sounds_smart/Handclap Yell/手拍子03/手拍子03-3(遅い).mp3,24.775238095238095,0.4129206349206349,手拍子03/手拍子03-3(遅い).mp3
1546,sound_1546.mp3,手拍子03-2(速い).mp3,otologic_sounds_smart/Handclap Yell,otologic_sounds_smart/Handclap Yell/手拍子03/手拍子03-2(速い).mp3,13.933333333333334,0.2322222222222222,手拍子03/手拍子03-2(速い).mp3
1547,sound_1547.mp3,手拍子04-1(中).mp3,otologic_sounds_smart/Handclap Yell,otologic_sounds_smart/Handclap Yell/効果音＞手拍子/手拍子04-1(中).mp3,16.121904761904762,0.2686984126984127,効果音＞手拍子/手拍子04-1(中).mp3
1548,sound_1548.mp3,手拍子04-2(速い).mp3,otologic_sounds_smart/Handclap Yell,otologic_sounds_smart/Handclap Yell/効果音＞手拍子/手拍子04-2(速い).mp3,13.278707482993198,0.2213117913832199,効果音＞手拍子/手拍子04-2(速い).mp3
1549,sound_1549.mp3,手拍子04-3(遅い).mp3,otologic_sounds_smart/Handclap Yell,otologic_sounds_smart/Handclap Yell/効果音＞手拍子/手拍子04-3(遅い).mp3,36.215555555555554,0.6035925925925926,効果音＞手拍子/手拍子04-3(遅い).mp3
1550,sound_1550.mp3,シングルアクセント07-3(低　ディレイ).mp3,otologic_sounds_smart/Single Accent,otologic_sounds_smart/Single Accent/シングルアクセント09/シングルアクセント07-3(低　ディレイ).mp3,6.822630385487528,0.1137105064247921,シングルアクセント09/シングルアクセント07-3(低　ディレイ).mp3
1551,sound_1551.mp3,シングルアクセント07-4(高　ディレイ).mp3,otologic_sounds_smart/Single Accent,otologic_sounds_smart/Single Accent/シングルアクセント09/シングルアクセント07-4(高　ディレイ).mp3,6.747369614512472,0.1124561602418745,シングルアクセント09/シングルアクセント07-4(高　ディレイ).mp3
1552,sound_1552.mp3,シングルアクセント06-5(シングル　ディレイ).mp3,otologic_sounds_smart/Single Accent,otologic_sounds_smart/Single Accent/シングルアクセント07/シングルアクセント06-5(シングル　ディレイ).mp3,6.400408163265306,0.1066734693877551,シングルアクセント07/シングルアクセント06-5(シングル　ディレイ).mp3
1553,sound_1553.mp3,シングルアクセント06-6(マルチ　ディレイ).mp3,otologic_sounds_smart/Single Accent,otologic_sounds_smart/Single Accent/シングルアクセント07/シングルアクセント06-6(マルチ　ディレイ).mp3,6.1426757369614515,0.1023779289493575,シングルアクセント07/シングルアクセント06-6(マルチ　ディレイ).mp3
1554,sound_1554.mp3,シングルアクセント11-1(低).mp3,otologic_sounds_smart/Single Accent,otologic_sounds_smart/Single Accent/シングルアクセント13/シングルアクセント11-1(低).mp3,5.344444444444444,0.089074074074074,シングルアクセント13/シングルアクセント11-1(低).mp3
1555,sound_1555.mp3,シングルアクセント10-3(ディレイ).mp3,otologic_sounds_smart/Single Accent,otologic_sounds_smart/Single Accent/シングルアクセント12/シングルアクセント10-3(ディレイ).mp3,8.178775510204082,0.136312925170068,シングルアクセント12/シングルアクセント10-3(ディレイ).mp3
1556,sound_1556.mp3,シングルアクセント04-1(高).mp3,otologic_sounds_smart/Single Accent,otologic_sounds_smart/Single Accent/シングルアクセント04/シングルアクセント04-1(高).mp3,5.726734693877551,0.0954455782312925,シングルアクセント04/シングルアクセント04-1(高).mp3
1557,sound_1557.mp3,シングルアクセント04-2(低).mp3,otologic_sounds_smart/Single Accent,otologic_sounds_smart/Single Accent/シングルアクセント04/シングルアクセント04-2(低).mp3,6.872879818594105,0.1145479969765684,シングルアクセント04/シングルアクセント04-2(低).mp3
1558,sound_1558.mp3,シングルアクセント03-2(ディレイ).mp3,otologic_sounds_smart/Single Accent,otologic_sounds_smart/Single Accent/シングルアクセント03/シングルアクセント03-2(ディレイ).mp3,5.252018140589569,0.0875336356764928,シングルアクセント03/シングルアクセント03-2(ディレイ).mp3
1559,sound_1559.mp3,シングルアクセント18-3(低).mp3,otologic_sounds_smart/Single Accent,otologic_sounds_smart/Single Accent/シングルアクセント18/シングルアクセント18-3(低).mp3,5.57702947845805,0.0929504913076341,シングルアクセント18/シングルアクセント18-3(低).mp3
1560,sound_1560.mp3,モールス信号02-4(遅　ノイズ).mp3,otologic_sounds_smart/Radio Communication,otologic_sounds_smart/Radio Communication/効果音＞無線通信/モールス信号02-4(遅　ノイズ).mp3,32.537301587301585,0.5422883597883598,効果音＞無線通信/モールス信号02-4(遅　ノイズ).mp3
1561,sound_1561.mp3,モールス信号01-2(遅).mp3,otologic_sounds_smart/Radio Communication,otologic_sounds_smart/Radio Communication/効果音＞無線通信/モールス信号01-2(遅).mp3,37.37106575963719,0.6228510959939532,効果音＞無線通信/モールス信号01-2(遅).mp3
1562,sound_1562.mp3,モールス信号02-1(速).mp3,otologic_sounds_smart/Radio Communication,otologic_sounds_smart/Radio Communication/効果音＞無線通信/モールス信号02-1(速).mp3,18.675396825396824,0.3112566137566137,効果音＞無線通信/モールス信号02-1(速).mp3
1563,sound_1563.mp3,モールス信号01-4(遅　キーノイズ).mp3,otologic_sounds_smart/Radio Communication,otologic_sounds_smart/Radio Communication/効果音＞無線通信/モールス信号01-4(遅　キーノイズ).mp3,37.63789115646259,0.6272981859410431,効果音＞無線通信/モールス信号01-4(遅　キーノイズ).mp3
1564,sound_1564.mp3,モールス信号01-1(速).mp3,otologic_sounds_smart/Radio Communication,otologic_sounds_smart/Radio Communication/効果音＞無線通信/モールス信号01-1(速).mp3,25.143673469387757,0.4190612244897959,効果音＞無線通信/モールス信号01-1(速).mp3
1565,sound_1565.mp3,モールス信号02-2(遅).mp3,otologic_sounds_smart/Radio Communication,otologic_sounds_smart/Radio Communication/効果音＞無線通信/モールス信号02-2(遅).mp3,31.669138321995465,0.5278189720332578,効果音＞無線通信/モールス信号02-2(遅).mp3
1566,sound_1566.mp3,モールス信号01-3(速　キーノイズ).mp3,otologic_sounds_smart/Radio Communication,otologic_sounds_smart/Radio Communication/効果音＞無線通信/モールス信号01-3(速　キーノイズ).mp3,25.17126984126984,0.419521164021164,効果音＞無線通信/モールス信号01-3(速　キーノイズ).mp3
1567,sound_1567.mp3,モールス信号02-3(速　ノイズ).mp3,otologic_sounds_smart/Radio Communication,otologic_sounds_smart/Radio Communication/効果音＞無線通信/モールス信号02-3(速　ノイズ).mp3,18.997709750566894,0.3166284958427816,効果音＞無線通信/モールス信号02-3(速　ノイズ).mp3
1568,sound_1568.mp3,携帯トランシーバー　ノイズ01-8(長).mp3,otologic_sounds_smart/Radio Communication,otologic_sounds_smart/Radio Communication/携帯トランシーバー　信号01/携帯トランシーバー　ノイズ01-8(長).mp3,15.765419501133788,0.2627569916855631,携帯トランシーバー　信号01/携帯トランシーバー　ノイズ01-8(長).mp3
1569,sound_1569.mp3,携帯トランシーバー　ノイズ01-7(長).mp3,otologic_sounds_smart/Radio Communication,otologic_sounds_smart/Radio Communication/携帯トランシーバー　信号01/携帯トランシーバー　ノイズ01-7(長).mp3,15.986281179138322,0.2664380196523053,携帯トランシーバー　信号01/携帯トランシーバー　ノイズ01-7(長).mp3
1570,sound_1570.mp3,携帯トランシーバー　ノイズ01-9(長).mp3,otologic_sounds_smart/Radio Communication,otologic_sounds_smart/Radio Communication/携帯トランシーバー　信号01/携帯トランシーバー　ノイズ01-9(長).mp3,15.779569160997733,0.2629928193499622,携帯トランシーバー　信号01/携帯トランシーバー　ノイズ01-9(長).mp3
1571,sound_1571.mp3,ホラーアクセント12-1(高　長).mp3,otologic_sounds_smart/Horror Accent,otologic_sounds_smart/Horror Accent/ホラーアクセント12/ホラーアクセント12-1(高　長).mp3,10.7184126984127,0.1786402116402116,ホラーアクセント12/ホラーアクセント12-1(高　長).mp3
1572,sound_1572.mp3,ホラーアクセント13-4(長).mp3,otologic_sounds_smart/Horror Accent,otologic_sounds_smart/Horror Accent/ホラーアクセント12/ホラーアクセント13-4(長).mp3,9.70548752834467,0.1617581254724111,ホラーアクセント12/ホラーアクセント13-4(長).mp3
1573,sound_1573.mp3,ホラーアクセント15-1(高　短).mp3,otologic_sounds_smart/Horror Accent,otologic_sounds_smart/Horror Accent/ホラーアクセント15/ホラーアクセント15-1(高　短).mp3,7.280748299319728,0.1213458049886621,ホラーアクセント15/ホラーアクセント15-1(高　短).mp3
1574,sound_1574.mp3,ホラーアクセント15-2(低　短).mp3,otologic_sounds_smart/Horror Accent,otologic_sounds_smart/Horror Accent/ホラーアクセント15/ホラーアクセント15-2(低　短).mp3,8.302086167800454,0.1383681027966742,ホラーアクセント15/ホラーアクセント15-2(低　短).mp3
1575,sound_1575.mp3,ホラーアクセント15-3(高　長).mp3,otologic_sounds_smart/Horror Accent,otologic_sounds_smart/Horror Accent/ホラーアクセント15/ホラーアクセント15-3(高　長).mp3,12.509659863945576,0.2084943310657596,ホラーアクセント15/ホラーアクセント15-3(高　長).mp3
1576,sound_1576.mp3,ホラーアクセント15-4(低　長).mp3,otologic_sounds_smart/Horror Accent,otologic_sounds_smart/Horror Accent/ホラーアクセント14/ホラーアクセント15-4(低　長).mp3,15.880226757369616,0.2646704459561602,ホラーアクセント14/ホラーアクセント15-4(低　長).mp3
1577,sound_1577.mp3,ホラーアクセント13-2(長).mp3,otologic_sounds_smart/Horror Accent,otologic_sounds_smart/Horror Accent/ホラーアクセント13/ホラーアクセント13-2(長).mp3,9.941201814058957,0.1656866969009826,ホラーアクセント13/ホラーアクセント13-2(長).mp3
1578,sound_1578.mp3,ホラーアクセント13-3(短).mp3,otologic_sounds_smart/Horror Accent,otologic_sounds_smart/Horror Accent/ホラーアクセント13/ホラーアクセント13-3(短).mp3,5.851700680272109,0.0975283446712018,ホラーアクセント13/ホラーアクセント13-3(短).mp3
1579,sound_1579.mp3,ホラーアクセント13-1(短).mp3,otologic_sounds_smart/Horror Accent,otologic_sounds_smart/Horror Accent/ホラーアクセント13/ホラーアクセント13-1(短).mp3,6.267052154195011,0.1044508692365835,ホラーアクセント13/ホラーアクセント13-1(短).mp3
1580,sound_1580.mp3,ホラーアクセント　上昇01-2(長).mp3,otologic_sounds_smart/Horror Accent,otologic_sounds_smart/Horror Accent/ホラーアクセント　上昇01/ホラーアクセント　上昇01-2(長).mp3,19.02031746031746,0.317005291005291,ホラーアクセント　上昇01/ホラーアクセント　上昇01-2(長).mp3
1581,sound_1581.mp3,ホラーアクセント　上昇01-1(短).mp3,otologic_sounds_smart/Horror Accent,otologic_sounds_smart/Horror Accent/ホラーアクセント　上昇01/ホラーアクセント　上昇01-1(短).mp3,11.092403628117914,0.1848733938019652,ホラーアクセント　上昇01/ホラーアクセント　上昇01-1(短).mp3
1582,sound_1582.mp3,ホラーアクセント08-2.mp3,otologic_sounds_smart/Horror Accent,otologic_sounds_smart/Horror Accent/ホラーアクセント07/ホラーアクセント08-2.mp3,7.146780045351474,0.1191130007558579,ホラーアクセント07/ホラーアクセント08-2.mp3
1583,sound_1583.mp3,ホラーアクセント08-1.mp3,otologic_sounds_smart/Horror Accent,otologic_sounds_smart/Horror Accent/ホラーアクセント07/ホラーアクセント08-1.mp3,7.336031746031746,0.1222671957671957,ホラーアクセント07/ホラーアクセント08-1.mp3
1584,sound_1584.mp3,ホラーアクセント09-3.mp3,otologic_sounds_smart/Horror Accent,otologic_sounds_smart/Horror Accent/ホラーアクセント07/ホラーアクセント09-3.mp3,7.208412698412698,0.1201402116402116,ホラーアクセント07/ホラーアクセント09-3.mp3
1585,sound_1585.mp3,ホラーアクセント10-1(短).mp3,otologic_sounds_smart/Horror Accent,otologic_sounds_smart/Horror Accent/ホラーアクセント09/ホラーアクセント10-1(短).mp3,5.981700680272109,0.0996950113378684,ホラーアクセント09/ホラーアクセント10-1(短).mp3
1586,sound_1586.mp3,ホラーアクセント09-1.mp3,otologic_sounds_smart/Horror Accent,otologic_sounds_smart/Horror Accent/ホラーアクセント08/ホラーアクセント09-1.mp3,11.934943310657596,0.1989157218442932,ホラーアクセント08/ホラーアクセント09-1.mp3
1587,sound_1587.mp3,ホラーアクセント09-2.mp3,otologic_sounds_smart/Horror Accent,otologic_sounds_smart/Horror Accent/ホラーアクセント08/ホラーアクセント09-2.mp3,6.079251700680272,0.1013208616780045,ホラーアクセント08/ホラーアクセント09-2.mp3
1588,sound_1588.mp3,ホラーアクセント10-2(長).mp3,otologic_sounds_smart/Horror Accent,otologic_sounds_smart/Horror Accent/ホラーアクセント08/ホラーアクセント10-2(長).mp3,16.39124716553288,0.2731874527588813,ホラーアクセント08/ホラーアクセント10-2(長).mp3
1589,sound_1589.mp3,ホラーアクセント07-1(低　短).mp3,otologic_sounds_smart/Horror Accent,otologic_sounds_smart/Horror Accent/ホラーアクセント06/ホラーアクセント07-1(低　短).mp3,7.0331519274376415,0.1172191987906273,ホラーアクセント06/ホラーアクセント07-1(低　短).mp3
1590,sound_1590.mp3,ホラーアクセント07-2(低　長).mp3,otologic_sounds_smart/Horror Accent,otologic_sounds_smart/Horror Accent/ホラーアクセント06/ホラーアクセント07-2(低　長).mp3,13.111292517006802,0.2185215419501133,ホラーアクセント06/ホラーアクセント07-2(低　長).mp3
1591,sound_1591.mp3,ホラーアクセント02-2(近).mp3,otologic_sounds_smart/Horror Accent,otologic_sounds_smart/Horror Accent/ホラーアクセント01/ホラーアクセント02-2(近).mp3,5.648095238095238,0.0941349206349206,ホラーアクセント01/ホラーアクセント02-2(近).mp3
1592,sound_1592.mp3,ホラーアクセント02-1(遠).mp3,otologic_sounds_smart/Horror Accent,otologic_sounds_smart/Horror Accent/ホラーアクセント01/ホラーアクセント02-1(遠).mp3,8.812358276643991,0.1468726379440665,ホラーアクセント01/ホラーアクセント02-1(遠).mp3
1593,sound_1593.mp3,ホラーアクセント16-1(低　長).mp3,otologic_sounds_smart/Horror Accent,otologic_sounds_smart/Horror Accent/効果音＞ホラー/ホラーアクセント16-1(低　長).mp3,10.435102040816329,0.1739183673469387,効果音＞ホラー/ホラーアクセント16-1(低　長).mp3
1594,sound_1594.mp3,ホラーアクセント16-2(中　長).mp3,otologic_sounds_smart/Horror Accent,otologic_sounds_smart/Horror Accent/効果音＞ホラー/ホラーアクセント16-2(中　長).mp3,6.980702947845805,0.1163450491307634,効果音＞ホラー/ホラーアクセント16-2(中　長).mp3
1595,sound_1595.mp3,ホラーアクセント12-3(低　長).mp3,otologic_sounds_smart/Horror Accent,otologic_sounds_smart/Horror Accent/ホラーアクセント11/ホラーアクセント12-3(低　長).mp3,13.022335600907027,0.2170389266817838,ホラーアクセント11/ホラーアクセント12-3(低　長).mp3
1596,sound_1596.mp3,ホラーアクセント01-2(低).mp3,otologic_sounds_smart/Horror Accent,otologic_sounds_smart/Horror Accent/ホラーアクセント　上昇02/ホラーアクセント01-2(低).mp3,6.650385487528345,0.1108397581254724,ホラーアクセント　上昇02/ホラーアクセント01-2(低).mp3
1597,sound_1597.mp3,ホラーアクセント　上昇02-2(長).mp3,otologic_sounds_smart/Horror Accent,otologic_sounds_smart/Horror Accent/ホラーアクセント　上昇02/ホラーアクセント　上昇02-2(長).mp3,7.499092970521542,0.1249848828420257,ホラーアクセント　上昇02/ホラーアクセント　上昇02-2(長).mp3
1598,sound_1598.mp3,ホラーアクセント05-2(低).mp3,otologic_sounds_smart/Horror Accent,otologic_sounds_smart/Horror Accent/ホラーアクセント04/ホラーアクセント05-2(低).mp3,9.24845804988662,0.1541409674981103,ホラーアクセント04/ホラーアクセント05-2(低).mp3
1599,sound_1599.mp3,ホラーアクセント05-1(高).mp3,otologic_sounds_smart/Horror Accent,otologic_sounds_smart/Horror Accent/ホラーアクセント04/ホラーアクセント05-1(高).mp3,6.770408163265306,0.1128401360544217,ホラーアクセント04/ホラーアクセント05-1(高).mp3
1600,sound_1600.mp3,ホラーアクセント04-3(低　短).mp3,otologic_sounds_smart/Horror Accent,otologic_sounds_smart/Horror Accent/ホラーアクセント03/ホラーアクセント04-3(低　短).mp3,5.225079365079365,0.087084656084656,ホラーアクセント03/ホラーアクセント04-3(低　短).mp3
1601,sound_1601.mp3,ホラーアクセント04-4(低　長).mp3,otologic_sounds_smart/Horror Accent,otologic_sounds_smart/Horror Accent/ホラーアクセント02/ホラーアクセント04-4(低　長).mp3,7.821156462585034,0.1303526077097505,ホラーアクセント02/ホラーアクセント04-4(低　長).mp3
1602,sound_1602.mp3,ホラーアクセント03-2(低).mp3,otologic_sounds_smart/Horror Accent,otologic_sounds_smart/Horror Accent/ホラーアクセント02/ホラーアクセント03-2(低).mp3,12.072403628117916,0.2012067271352985,ホラーアクセント02/ホラーアクセント03-2(低).mp3
1603,sound_1603.mp3,ホラーアクセント03-1(高).mp3,otologic_sounds_smart/Horror Accent,otologic_sounds_smart/Horror Accent/ホラーアクセント02/ホラーアクセント03-1(高).mp3,8.585419501133787,0.1430903250188964,ホラーアクセント02/ホラーアクセント03-1(高).mp3
1604,sound_1604.mp3,ホラーアクセント07-4(高　長).mp3,otologic_sounds_smart/Horror Accent,otologic_sounds_smart/Horror Accent/ホラーアクセント05/ホラーアクセント07-4(高　長).mp3,8.567936507936508,0.1427989417989418,ホラーアクセント05/ホラーアクセント07-4(高　長).mp3
1605,sound_1605.mp3,蛍光灯ノイズ02-3(ハム).mp3,otologic_sounds_smart/Lights,otologic_sounds_smart/Lights/効果音＞照明/蛍光灯ノイズ02-3(ハム).mp3,15.693287981859411,0.2615547996976569,効果音＞照明/蛍光灯ノイズ02-3(ハム).mp3
1606,sound_1606.mp3,蛍光灯ノイズ02-4(ハム).mp3,otologic_sounds_smart/Lights,otologic_sounds_smart/Lights/効果音＞照明/蛍光灯ノイズ02-4(ハム).mp3,15.483514739229024,0.2580585789871504,効果音＞照明/蛍光灯ノイズ02-4(ハム).mp3
1607,sound_1607.mp3,蛍光灯ノイズ01-5(ハム).mp3,otologic_sounds_smart/Lights,otologic_sounds_smart/Lights/蛍光灯ノイズ03/蛍光灯ノイズ01-5(ハム).mp3,15.741179138321996,0.2623529856386999,蛍光灯ノイズ03/蛍光灯ノイズ01-5(ハム).mp3
1608,sound_1608.mp3,蛍光灯ノイズ01-6(ハム).mp3,otologic_sounds_smart/Lights,otologic_sounds_smart/Lights/蛍光灯ノイズ03/蛍光灯ノイズ01-6(ハム).mp3,15.40657596371882,0.2567762660619803,蛍光灯ノイズ03/蛍光灯ノイズ01-6(ハム).mp3
1609,sound_1609.mp3,緊急アラート02-2.mp3,otologic_sounds_smart/News Alert,otologic_sounds_smart/News Alert/ニュース　アラート01/緊急アラート02-2.mp3,6.030770975056689,0.1005128495842781,ニュース　アラート01/緊急アラート02-2.mp3
1610,sound_1610.mp3,緊急アラート02-4(遠い).mp3,otologic_sounds_smart/News Alert,otologic_sounds_smart/News Alert/緊急アラート02/緊急アラート02-4(遠い).mp3,6.126802721088436,0.1021133786848072,緊急アラート02/緊急アラート02-4(遠い).mp3
1611,sound_1611.mp3,オノマトペ　シャキーン05-3(重　ディレイ).mp3,otologic_sounds_smart/Syakiin,otologic_sounds_smart/Syakiin/効果音＞オノマトペ・シャキーン/オノマトペ　シャキーン05-3(重　ディレイ).mp3,5.717981859410431,0.0952996976568405,効果音＞オノマトペ・シャキーン/オノマトペ　シャキーン05-3(重　ディレイ).mp3
1612,sound_1612.mp3,オノマトペ　シャキーン04-1(長).mp3,otologic_sounds_smart/Syakiin,otologic_sounds_smart/Syakiin/オノマトペ　シャキーン05/オノマトペ　シャキーン04-1(長).mp3,5.2798866213151925,0.0879981103552532,オノマトペ　シャキーン05/オノマトペ　シャキーン04-1(長).mp3
1613,sound_1613.mp3,オノマトペ　シャキーン05-4(軽　ディレイ).mp3,otologic_sounds_smart/Syakiin,otologic_sounds_smart/Syakiin/オノマトペ　シャキーン05/オノマトペ　シャキーン05-4(軽　ディレイ).mp3,5.714399092970521,0.095239984882842,オノマトペ　シャキーン05/オノマトペ　シャキーン05-4(軽　ディレイ).mp3
1614,sound_1614.mp3,オノマトペ　シャキーン02-2(ディレイ).mp3,otologic_sounds_smart/Syakiin,otologic_sounds_smart/Syakiin/オノマトペ　シャキーン02/オノマトペ　シャキーン02-2(ディレイ).mp3,5.5823356009070295,0.0930389266817838,オノマトペ　シャキーン02/オノマトペ　シャキーン02-2(ディレイ).mp3
1615,sound_1615.mp3,オノマトペ　シャキーン03-2(ディレイ).mp3,otologic_sounds_smart/Syakiin,otologic_sounds_smart/Syakiin/オノマトペ　シャキーン03/オノマトペ　シャキーン03-2(ディレイ).mp3,5.217301587301587,0.0869550264550264,オノマトペ　シャキーン03/オノマトペ　シャキーン03-2(ディレイ).mp3
1616,sound_1616.mp3,オノマトペ　衝撃10-4(低　ディレイ).mp3,otologic_sounds_smart/Impact,otologic_sounds_smart/Impact/オノマトペ　衝撃12/オノマトペ　衝撃10-4(低　ディレイ).mp3,8.917913832199547,0.1486318972033257,オノマトペ　衝撃12/オノマトペ　衝撃10-4(低　ディレイ).mp3
1617,sound_1617.mp3,オノマトペ　衝撃10-3(高　ディレイ).mp3,otologic_sounds_smart/Impact,otologic_sounds_smart/Impact/オノマトペ　衝撃12/オノマトペ　衝撃10-3(高　ディレイ).mp3,8.663356009070295,0.1443892668178382,オノマトペ　衝撃12/オノマトペ　衝撃10-3(高　ディレイ).mp3
1618,sound_1618.mp3,オノマトペ　衝撃13-1(短).mp3,otologic_sounds_smart/Impact,otologic_sounds_smart/Impact/オノマトペ　衝撃15/オノマトペ　衝撃13-1(短).mp3,5.362131519274376,0.0893688586545729,オノマトペ　衝撃15/オノマトペ　衝撃13-1(短).mp3
1619,sound_1619.mp3,オノマトペ　衝撃14-2(ディレイ).mp3,otologic_sounds_smart/Impact,otologic_sounds_smart/Impact/オノマトペ　衝撃15/オノマトペ　衝撃14-2(ディレイ).mp3,8.120385487528345,0.1353397581254724,オノマトペ　衝撃15/オノマトペ　衝撃14-2(ディレイ).mp3
1620,sound_1620.mp3,オノマトペ　衝撃13-2(長).mp3,otologic_sounds_smart/Impact,otologic_sounds_smart/Impact/オノマトペ　衝撃15/オノマトペ　衝撃13-2(長).mp3,8.828027210884354,0.1471337868480725,オノマトペ　衝撃15/オノマトペ　衝撃13-2(長).mp3
1621,sound_1621.mp3,オノマトペ　衝撃10-2(低).mp3,otologic_sounds_smart/Impact,otologic_sounds_smart/Impact/オノマトペ　衝撃13/オノマトペ　衝撃10-2(低).mp3,5.596734693877551,0.0932789115646258,オノマトペ　衝撃13/オノマトペ　衝撃10-2(低).mp3
1622,sound_1622.mp3,オノマトペ　衝撃06-4(低).mp3,otologic_sounds_smart/Impact,otologic_sounds_smart/Impact/オノマトペ　衝撃07/オノマトペ　衝撃06-4(低).mp3,6.024784580498866,0.1004130763416477,オノマトペ　衝撃07/オノマトペ　衝撃06-4(低).mp3
1623,sound_1623.mp3,オノマトペ　衝撃06-6(低　ディレイ).mp3,otologic_sounds_smart/Impact,otologic_sounds_smart/Impact/オノマトペ　衝撃07/オノマトペ　衝撃06-6(低　ディレイ).mp3,6.406054421768707,0.1067675736961451,オノマトペ　衝撃07/オノマトペ　衝撃06-6(低　ディレイ).mp3
1624,sound_1624.mp3,オノマトペ　衝撃06-5(低　ディレイ).mp3,otologic_sounds_smart/Impact,otologic_sounds_smart/Impact/オノマトペ　衝撃07/オノマトペ　衝撃06-5(低　ディレイ).mp3,7.329206349206349,0.1221534391534391,オノマトペ　衝撃07/オノマトペ　衝撃06-5(低　ディレイ).mp3
1625,sound_1625.mp3,オノマトペ　衝撃07-3(リバーブ).mp3,otologic_sounds_smart/Impact,otologic_sounds_smart/Impact/オノマトペ　衝撃09/オノマトペ　衝撃07-3(リバーブ).mp3,8.182743764172336,0.1363790627362056,オノマトペ　衝撃09/オノマトペ　衝撃07-3(リバーブ).mp3
1626,sound_1626.mp3,オノマトペ　衝撃07-2(ディレイ).mp3,otologic_sounds_smart/Impact,otologic_sounds_smart/Impact/オノマトペ　衝撃09/オノマトペ　衝撃07-2(ディレイ).mp3,6.767641723356009,0.1127940287226001,オノマトペ　衝撃09/オノマトペ　衝撃07-2(ディレイ).mp3
1627,sound_1627.mp3,オノマトペ　衝撃06-1(高).mp3,otologic_sounds_smart/Impact,otologic_sounds_smart/Impact/オノマトペ　衝撃08/オノマトペ　衝撃06-1(高).mp3,5.113673469387755,0.0852278911564625,オノマトペ　衝撃08/オノマトペ　衝撃06-1(高).mp3
1628,sound_1628.mp3,オノマトペ　衝撃06-3(高　ディレイ).mp3,otologic_sounds_smart/Impact,otologic_sounds_smart/Impact/オノマトペ　衝撃08/オノマトペ　衝撃06-3(高　ディレイ).mp3,6.298072562358277,0.1049678760393046,オノマトペ　衝撃08/オノマトペ　衝撃06-3(高　ディレイ).mp3
1629,sound_1629.mp3,オノマトペ　衝撃06-2(高　ディレイ).mp3,otologic_sounds_smart/Impact,otologic_sounds_smart/Impact/オノマトペ　衝撃08/オノマトペ　衝撃06-2(高　ディレイ).mp3,7.40639455782313,0.1234399092970521,オノマトペ　衝撃08/オノマトペ　衝撃06-2(高　ディレイ).mp3
1630,sound_1630.mp3,オノマトペ　衝撃05-1(高).mp3,otologic_sounds_smart/Impact,otologic_sounds_smart/Impact/オノマトペ　衝撃06/オノマトペ　衝撃05-1(高).mp3,7.731156462585034,0.1288526077097505,オノマトペ　衝撃06/オノマトペ　衝撃05-1(高).mp3
1631,sound_1631.mp3,オノマトペ　衝撃05-3(高　ディレイ).mp3,otologic_sounds_smart/Impact,otologic_sounds_smart/Impact/オノマトペ　衝撃06/オノマトペ　衝撃05-3(高　ディレイ).mp3,8.015442176870748,0.1335907029478457,オノマトペ　衝撃06/オノマトペ　衝撃05-3(高　ディレイ).mp3
1632,sound_1632.mp3,オノマトペ　衝撃05-2(高　ディレイ).mp3,otologic_sounds_smart/Impact,otologic_sounds_smart/Impact/オノマトペ　衝撃06/オノマトペ　衝撃05-2(高　ディレイ).mp3,9.258548752834468,0.1543091458805744,オノマトペ　衝撃06/オノマトペ　衝撃05-2(高　ディレイ).mp3
1633,sound_1633.mp3,オノマトペ　衝撃09-3(ディレイ).mp3,otologic_sounds_smart/Impact,otologic_sounds_smart/Impact/オノマトペ　衝撃11/オノマトペ　衝撃09-3(ディレイ).mp3,5.001836734693877,0.0833639455782312,オノマトペ　衝撃11/オノマトペ　衝撃09-3(ディレイ).mp3
1634,sound_1634.mp3,オノマトペ　衝撃08-2(高　ディレイ).mp3,otologic_sounds_smart/Impact,otologic_sounds_smart/Impact/オノマトペ　衝撃10/オノマトペ　衝撃08-2(高　ディレイ).mp3,5.7207709750566895,0.0953461829176114,オノマトペ　衝撃10/オノマトペ　衝撃08-2(高　ディレイ).mp3
1635,sound_1635.mp3,オノマトペ　衝撃08-4(低　ディレイ).mp3,otologic_sounds_smart/Impact,otologic_sounds_smart/Impact/オノマトペ　衝撃10/オノマトペ　衝撃08-4(低　ディレイ).mp3,6.933650793650794,0.1155608465608465,オノマトペ　衝撃10/オノマトペ　衝撃08-4(低　ディレイ).mp3
1636,sound_1636.mp3,オノマトペ　衝撃04-2(高　ディレイ).mp3,otologic_sounds_smart/Impact,otologic_sounds_smart/Impact/オノマトペ　衝撃04/オノマトペ　衝撃04-2(高　ディレイ).mp3,6.350702947845805,0.1058450491307634,オノマトペ　衝撃04/オノマトペ　衝撃04-2(高　ディレイ).mp3
1637,sound_1637.mp3,オノマトペ　衝撃15-1(長).mp3,otologic_sounds_smart/Impact,otologic_sounds_smart/Impact/効果音＞オノマトペ・衝撃/オノマトペ　衝撃15-1(長).mp3,8.134920634920634,0.1355820105820105,効果音＞オノマトペ・衝撃/オノマトペ　衝撃15-1(長).mp3
1638,sound_1638.mp3,オノマトペ　衝撃04-4(低　ディレイ).mp3,otologic_sounds_smart/Impact,otologic_sounds_smart/Impact/オノマトペ　衝撃03/オノマトペ　衝撃04-4(低　ディレイ).mp3,6.59140589569161,0.1098567649281934,オノマトペ　衝撃03/オノマトペ　衝撃04-4(低　ディレイ).mp3
1639,sound_1639.mp3,オノマトペ　衝撃05-6(低　ディレイ).mp3,otologic_sounds_smart/Impact,otologic_sounds_smart/Impact/オノマトペ　衝撃05/オノマトペ　衝撃05-6(低　ディレイ).mp3,7.628571428571429,0.1271428571428571,オノマトペ　衝撃05/オノマトペ　衝撃05-6(低　ディレイ).mp3
1640,sound_1640.mp3,オノマトペ　衝撃05-4(低).mp3,otologic_sounds_smart/Impact,otologic_sounds_smart/Impact/オノマトペ　衝撃05/オノマトペ　衝撃05-4(低).mp3,9.609909297052154,0.1601651549508692,オノマトペ　衝撃05/オノマトペ　衝撃05-4(低).mp3
1641,sound_1641.mp3,オノマトペ　衝撃05-5(低　ディレイ).mp3,otologic_sounds_smart/Impact,otologic_sounds_smart/Impact/オノマトペ　衝撃05/オノマトペ　衝撃05-5(低　ディレイ).mp3,9.222721088435376,0.1537120181405895,オノマトペ　衝撃05/オノマトペ　衝撃05-5(低　ディレイ).mp3
1642,sound_1642.mp3,時報　ビープ01-2(中).mp3,otologic_sounds_smart/Electronic Time Signal,otologic_sounds_smart/Electronic Time Signal/時報　ビープ01/時報　ビープ01-2(中).mp3,5.76172335600907,0.0960287226001511,時報　ビープ01/時報　ビープ01-2(中).mp3
1643,sound_1643.mp3,時報　ビープ03-1(長).mp3,otologic_sounds_smart/Electronic Time Signal,otologic_sounds_smart/Electronic Time Signal/効果音＞電子時報音/時報　ビープ03-1(長).mp3,5.568616780045351,0.0928102796674225,効果音＞電子時報音/時報　ビープ03-1(長).mp3
1644,sound_1644.mp3,時報　ビープ02-2(中).mp3,otologic_sounds_smart/Electronic Time Signal,otologic_sounds_smart/Electronic Time Signal/時報　ビープ03/時報　ビープ02-2(中).mp3,5.801859410430839,0.0966976568405139,時報　ビープ03/時報　ビープ02-2(中).mp3
1645,sound_1645.mp3,時報　ビープ02-1(長).mp3,otologic_sounds_smart/Electronic Time Signal,otologic_sounds_smart/Electronic Time Signal/時報　ビープ03/時報　ビープ02-1(長).mp3,6.759138321995465,0.112652305366591,時報　ビープ03/時報　ビープ02-1(長).mp3
1646,sound_1646.mp3,時報　ビープ01-1(長).mp3,otologic_sounds_smart/Electronic Time Signal,otologic_sounds_smart/Electronic Time Signal/時報　ビープ02/時報　ビープ01-1(長).mp3,6.754784580498867,0.1125797430083144,時報　ビープ02/時報　ビープ01-1(長).mp3
1647,sound_1647.mp3,レトロアニメ　銃火器01-1(長).mp3,otologic_sounds_smart/Retroanimeweapons,otologic_sounds_smart/Retroanimeweapons/レトロアニメ　銃火器01/レトロアニメ　銃火器01-1(長).mp3,5.857233560090703,0.097620559334845,レトロアニメ　銃火器01/レトロアニメ　銃火器01-1(長).mp3
1648,sound_1648.mp3,レトロアニメ　レーザーチャージ01-2.mp3,otologic_sounds_smart/Retroanimeweapons,otologic_sounds_smart/Retroanimeweapons/レトロアニメ　レーザーチャージ01/レトロアニメ　レーザーチャージ01-2.mp3,13.411587301587302,0.223526455026455,レトロアニメ　レーザーチャージ01/レトロアニメ　レーザーチャージ01-2.mp3
1649,sound_1649.mp3,レトロアニメ　レーザーチャージ01-1.mp3,otologic_sounds_smart/Retroanimeweapons,otologic_sounds_smart/Retroanimeweapons/レトロアニメ　レーザーチャージ01/レトロアニメ　レーザーチャージ01-1.mp3,13.182902494331064,0.2197150415721844,レトロアニメ　レーザーチャージ01/レトロアニメ　レーザーチャージ01-1.mp3
1650,sound_1650.mp3,レトロアニメ　銃火器04-1(長).mp3,otologic_sounds_smart/Retroanimeweapons,otologic_sounds_smart/Retroanimeweapons/レトロアニメ　銃火器04/レトロアニメ　銃火器04-1(長).mp3,6.62281179138322,0.1103801965230536,レトロアニメ　銃火器04/レトロアニメ　銃火器04-1(長).mp3
1651,sound_1651.mp3,レトロアニメ　銃火器09-3(低　長).mp3,otologic_sounds_smart/Retroanimeweapons,otologic_sounds_smart/Retroanimeweapons/レトロアニメ　銃火器10/レトロアニメ　銃火器09-3(低　長).mp3,5.743628117913832,0.0957271352985638,レトロアニメ　銃火器10/レトロアニメ　銃火器09-3(低　長).mp3
1652,sound_1652.mp3,スパイスミル01-02(ソルト).mp3,otologic_sounds_smart/Cooking_Tools,otologic_sounds_smart/Cooking_Tools/スパイスミル02/スパイスミル01-02(ソルト).mp3,5.967278911564626,0.099454648526077,スパイスミル02/スパイスミル01-02(ソルト).mp3
1653,sound_1653.mp3,キッチンタイマー01-07(チクタク　ループ).mp3,otologic_sounds_smart/Cooking_Tools,otologic_sounds_smart/Cooking_Tools/キッチンタイマー01/キッチンタイマー01-07(チクタク　ループ).mp3,5.456734693877551,0.0909455782312925,キッチンタイマー01/キッチンタイマー01-07(チクタク　ループ).mp3
1654,sound_1654.mp3,キッチンタイマー01-12(遠い　アラーム　長).mp3,otologic_sounds_smart/Cooking_Tools,otologic_sounds_smart/Cooking_Tools/キッチンタイマー01/キッチンタイマー01-12(遠い　アラーム　長).mp3,5.223832199546485,0.0870638699924414,キッチンタイマー01/キッチンタイマー01-12(遠い　アラーム　長).mp3
1655,sound_1655.mp3,スパイスミル01-10(閉める).mp3,otologic_sounds_smart/Cooking_Tools,otologic_sounds_smart/Cooking_Tools/スパイスミル01/スパイスミル01-10(閉める).mp3,5.3278231292517,0.088797052154195,スパイスミル01/スパイスミル01-10(閉める).mp3
1656,sound_1656.mp3,スパイスミル01-04(ペッパー).mp3,otologic_sounds_smart/Cooking_Tools,otologic_sounds_smart/Cooking_Tools/スパイスミル01/スパイスミル01-04(ペッパー).mp3,5.563083900226758,0.0927180650037793,スパイスミル01/スパイスミル01-04(ペッパー).mp3
1657,sound_1657.mp3,キッチンタイマー03-01(アラーム).mp3,otologic_sounds_smart/Cooking_Tools,otologic_sounds_smart/Cooking_Tools/効果音＞調理器具/キッチンタイマー03-01(アラーム).mp3,8.260793650793651,0.1376798941798941,効果音＞調理器具/キッチンタイマー03-01(アラーム).mp3
1658,sound_1658.mp3,キッチンタイマー01-05(チクタク　中).mp3,otologic_sounds_smart/Cooking_Tools,otologic_sounds_smart/Cooking_Tools/キッチンタイマー02/キッチンタイマー01-05(チクタク　中).mp3,5.321269841269841,0.0886878306878306,キッチンタイマー02/キッチンタイマー01-05(チクタク　中).mp3
1659,sound_1659.mp3,キッチンタイマー01-04(チクタク　長).mp3,otologic_sounds_smart/Cooking_Tools,otologic_sounds_smart/Cooking_Tools/キッチンタイマー02/キッチンタイマー01-04(チクタク　長).mp3,15.256598639455785,0.2542766439909297,キッチンタイマー02/キッチンタイマー01-04(チクタク　長).mp3
1660,sound_1660.mp3,キッチンタイマー01-01(アラーム　長).mp3,otologic_sounds_smart/Cooking_Tools,otologic_sounds_smart/Cooking_Tools/キッチンタイマー02/キッチンタイマー01-01(アラーム　長).mp3,5.318979591836735,0.0886496598639455,キッチンタイマー02/キッチンタイマー01-01(アラーム　長).mp3
1661,sound_1661.mp3,キッチンタイマー02-05(チクタク　中).mp3,otologic_sounds_smart/Cooking_Tools,otologic_sounds_smart/Cooking_Tools/キッチンタイマー03/キッチンタイマー02-05(チクタク　中).mp3,10.169886621315191,0.1694981103552532,キッチンタイマー03/キッチンタイマー02-05(チクタク　中).mp3
1662,sound_1662.mp3,キッチンタイマー02-04(チクタク　長).mp3,otologic_sounds_smart/Cooking_Tools,otologic_sounds_smart/Cooking_Tools/キッチンタイマー03/キッチンタイマー02-04(チクタク　長).mp3,30.17936507936508,0.502989417989418,キッチンタイマー03/キッチンタイマー02-04(チクタク　長).mp3
1663,sound_1663.mp3,キッチンタイマー02-07(チクタク　ループ).mp3,otologic_sounds_smart/Cooking_Tools,otologic_sounds_smart/Cooking_Tools/キッチンタイマー03/キッチンタイマー02-07(チクタク　ループ).mp3,6.286893424036281,0.1047815570672713,キッチンタイマー03/キッチンタイマー02-07(チクタク　ループ).mp3
1664,sound_1664.mp3,キッチンタイマー03-12(遠い　アラーム).mp3,otologic_sounds_smart/Cooking_Tools,otologic_sounds_smart/Cooking_Tools/キッチンタイマー03/キッチンタイマー03-12(遠い　アラーム).mp3,8.302448979591837,0.1383741496598639,キッチンタイマー03/キッチンタイマー03-12(遠い　アラーム).mp3
1665,sound_1665.mp3,キッチンタイマー02-01(アラーム　長).mp3,otologic_sounds_smart/Cooking_Tools,otologic_sounds_smart/Cooking_Tools/キッチンタイマー03/キッチンタイマー02-01(アラーム　長).mp3,5.1893424036281175,0.0864890400604686,キッチンタイマー03/キッチンタイマー02-01(アラーム　長).mp3
1666,sound_1666.mp3,オノマトペ　ため息01-3(ディレイ).mp3,otologic_sounds_smart/Sigh,otologic_sounds_smart/Sigh/オノマトペ　ため息01/オノマトペ　ため息01-3(ディレイ).mp3,6.019637188208617,0.1003272864701436,オノマトペ　ため息01/オノマトペ　ため息01-3(ディレイ).mp3
1667,sound_1667.mp3,モンスター01-5.mp3,otologic_sounds_smart/Monster,otologic_sounds_smart/Monster/モンスター01/モンスター01-5.mp3,5.158390022675737,0.0859731670445956,モンスター01/モンスター01-5.mp3
1668,sound_1668.mp3,モンスター01-6.mp3,otologic_sounds_smart/Monster,otologic_sounds_smart/Monster/モンスター01/モンスター01-6.mp3,6.033832199546485,0.1005638699924414,モンスター01/モンスター01-6.mp3
1669,sound_1669.mp3,空気清浄機01-12(タンク　水).mp3,otologic_sounds_smart/Appliance Others,otologic_sounds_smart/Appliance Others/効果音＞家電・OA機器（その他）/空気清浄機01-12(タンク　水).mp3,16.114580498866214,0.2685763416477702,効果音＞家電・OA機器（その他）/空気清浄機01-12(タンク　水).mp3
1670,sound_1670.mp3,空気清浄機01-03(弱).mp3,otologic_sounds_smart/Appliance Others,otologic_sounds_smart/Appliance Others/効果音＞家電・OA機器（その他）/空気清浄機01-03(弱).mp3,69.98938775510204,1.166489795918367,効果音＞家電・OA機器（その他）/空気清浄機01-03(弱).mp3
1671,sound_1671.mp3,空気清浄機01-01(中).mp3,otologic_sounds_smart/Appliance Others,otologic_sounds_smart/Appliance Others/効果音＞家電・OA機器（その他）/空気清浄機01-01(中).mp3,69.7291836734694,1.16215306122449,効果音＞家電・OA機器（その他）/空気清浄機01-01(中).mp3
1672,sound_1672.mp3,空気清浄機01-04(All).mp3,otologic_sounds_smart/Appliance Others,otologic_sounds_smart/Appliance Others/効果音＞家電・OA機器（その他）/空気清浄機01-04(All).mp3,65.1359410430839,1.0855990173847316,効果音＞家電・OA機器（その他）/空気清浄機01-04(All).mp3
1673,sound_1673.mp3,空気清浄機01-02(強).mp3,otologic_sounds_smart/Appliance Others,otologic_sounds_smart/Appliance Others/効果音＞家電・OA機器（その他）/空気清浄機01-02(強).mp3,68.58825396825397,1.143137566137566,効果音＞家電・OA機器（その他）/空気清浄機01-02(強).mp3
1674,sound_1674.mp3,空気清浄機01-15(遠い　中).mp3,otologic_sounds_smart/Appliance Others,otologic_sounds_smart/Appliance Others/空気清浄機01/空気清浄機01-15(遠い　中).mp3,69.53963718820862,1.1589939531368103,空気清浄機01/空気清浄機01-15(遠い　中).mp3
1675,sound_1675.mp3,空気清浄機01-18(遠い　All).mp3,otologic_sounds_smart/Appliance Others,otologic_sounds_smart/Appliance Others/空気清浄機01/空気清浄機01-18(遠い　All).mp3,65.1029931972789,1.0850498866213152,空気清浄機01/空気清浄機01-18(遠い　All).mp3
1676,sound_1676.mp3,空気清浄機01-26(遠い　タンク　水).mp3,otologic_sounds_smart/Appliance Others,otologic_sounds_smart/Appliance Others/空気清浄機01/空気清浄機01-26(遠い　タンク　水).mp3,15.777596371882089,0.2629599395313681,空気清浄機01/空気清浄機01-26(遠い　タンク　水).mp3
1677,sound_1677.mp3,空気清浄機01-17(遠い　弱).mp3,otologic_sounds_smart/Appliance Others,otologic_sounds_smart/Appliance Others/空気清浄機01/空気清浄機01-17(遠い　弱).mp3,70.07997732426304,1.167999622071051,空気清浄機01/空気清浄機01-17(遠い　弱).mp3
1678,sound_1678.mp3,空気清浄機01-16(遠い　強).mp3,otologic_sounds_smart/Appliance Others,otologic_sounds_smart/Appliance Others/空気清浄機01/空気清浄機01-16(遠い　強).mp3,68.47857142857143,1.141309523809524,空気清浄機01/空気清浄機01-16(遠い　強).mp3
1679,sound_1679.mp3,レトロアニメ　システム音03-1(遅).mp3,otologic_sounds_smart/Retro_Anime Others,otologic_sounds_smart/Retro_Anime Others/レトロアニメ　システム音03/レトロアニメ　システム音03-1(遅).mp3,25.57671201814059,0.4262785336356765,レトロアニメ　システム音03/レトロアニメ　システム音03-1(遅).mp3
1680,sound_1680.mp3,レトロアニメ　システム音03-2(速).mp3,otologic_sounds_smart/Retro_Anime Others,otologic_sounds_smart/Retro_Anime Others/レトロアニメ　システム音03/レトロアニメ　システム音03-2(速).mp3,20.5240589569161,0.342067649281935,レトロアニメ　システム音03/レトロアニメ　システム音03-2(速).mp3
1681,sound_1681.mp3,レトロアニメ　システム音04-1(長).mp3,otologic_sounds_smart/Retro_Anime Others,otologic_sounds_smart/Retro_Anime Others/レトロアニメ　システム音05/レトロアニメ　システム音04-1(長).mp3,13.553537414965986,0.225892290249433,レトロアニメ　システム音05/レトロアニメ　システム音04-1(長).mp3
1682,sound_1682.mp3,レトロアニメ　システム音04-2(長).mp3,otologic_sounds_smart/Retro_Anime Others,otologic_sounds_smart/Retro_Anime Others/レトロアニメ　システム音05/レトロアニメ　システム音04-2(長).mp3,13.568934240362813,0.2261489040060468,レトロアニメ　システム音05/レトロアニメ　システム音04-2(長).mp3
1683,sound_1683.mp3,レトロアニメ　システム音02-3(低).mp3,otologic_sounds_smart/Retro_Anime Others,otologic_sounds_smart/Retro_Anime Others/レトロアニメ　システム音02/レトロアニメ　システム音02-3(低).mp3,14.80984126984127,0.2468306878306878,レトロアニメ　システム音02/レトロアニメ　システム音02-3(低).mp3
1684,sound_1684.mp3,レトロアニメ　システム音02-1(高).mp3,otologic_sounds_smart/Retro_Anime Others,otologic_sounds_smart/Retro_Anime Others/レトロアニメ　システム音02/レトロアニメ　システム音02-1(高).mp3,17.63299319727891,0.2938832199546485,レトロアニメ　システム音02/レトロアニメ　システム音02-1(高).mp3
1685,sound_1685.mp3,レトロアニメ　サイレン01-4(遅).mp3,otologic_sounds_smart/Retro_Anime Others,otologic_sounds_smart/Retro_Anime Others/レトロアニメ　サイレン01/レトロアニメ　サイレン01-4(遅).mp3,8.134920634920634,0.1355820105820105,レトロアニメ　サイレン01/レトロアニメ　サイレン01-4(遅).mp3
1686,sound_1686.mp3,レトロアニメ　機械設備07-2.mp3,otologic_sounds_smart/Retro_Anime Others,otologic_sounds_smart/Retro_Anime Others/レトロアニメ　スイッチ01/レトロアニメ　機械設備07-2.mp3,10.376984126984128,0.1729497354497354,レトロアニメ　スイッチ01/レトロアニメ　機械設備07-2.mp3
1687,sound_1687.mp3,レトロアニメ　機械設備05-1.mp3,otologic_sounds_smart/Retro_Anime Others,otologic_sounds_smart/Retro_Anime Others/レトロアニメ　機械設備07/レトロアニメ　機械設備05-1.mp3,7.4,0.1233333333333333,レトロアニメ　機械設備07/レトロアニメ　機械設備05-1.mp3
1688,sound_1688.mp3,レトロアニメ　機械設備05-2.mp3,otologic_sounds_smart/Retro_Anime Others,otologic_sounds_smart/Retro_Anime Others/レトロアニメ　機械設備07/レトロアニメ　機械設備05-2.mp3,7.00687074829932,0.1167811791383219,レトロアニメ　機械設備07/レトロアニメ　機械設備05-2.mp3
1689,sound_1689.mp3,レトロアニメ　システム音01-1.mp3,otologic_sounds_smart/Retro_Anime Others,otologic_sounds_smart/Retro_Anime Others/レトロアニメ　システム音01/レトロアニメ　システム音01-1.mp3,31.14065759637188,0.5190109599395314,レトロアニメ　システム音01/レトロアニメ　システム音01-1.mp3
1690,sound_1690.mp3,レトロアニメ　システム音01-2.mp3,otologic_sounds_smart/Retro_Anime Others,otologic_sounds_smart/Retro_Anime Others/レトロアニメ　システム音01/レトロアニメ　システム音01-2.mp3,30.95517006802721,0.5159195011337868,レトロアニメ　システム音01/レトロアニメ　システム音01-2.mp3
1691,sound_1691.mp3,レトロアニメ　機械設備04-2(長).mp3,otologic_sounds_smart/Retro_Anime Others,otologic_sounds_smart/Retro_Anime Others/レトロアニメ　機械設備06/レトロアニメ　機械設備04-2(長).mp3,5.109795918367347,0.0851632653061224,レトロアニメ　機械設備06/レトロアニメ　機械設備04-2(長).mp3
1692,sound_1692.mp3,レトロアニメ　システム音05-1(長).mp3,otologic_sounds_smart/Retro_Anime Others,otologic_sounds_smart/Retro_Anime Others/レトロアニメ　システム音06/レトロアニメ　システム音05-1(長).mp3,6.189455782312925,0.103157596371882,レトロアニメ　システム音06/レトロアニメ　システム音05-1(長).mp3
1693,sound_1693.mp3,レトロアニメ　サイレン02-1(速).mp3,otologic_sounds_smart/Retro_Anime Others,otologic_sounds_smart/Retro_Anime Others/レトロアニメ　機械設備01/レトロアニメ　サイレン02-1(速).mp3,5.784671201814059,0.0964111866969009,レトロアニメ　機械設備01/レトロアニメ　サイレン02-1(速).mp3
1694,sound_1694.mp3,レトロアニメ　サイレン02-2(遅).mp3,otologic_sounds_smart/Retro_Anime Others,otologic_sounds_smart/Retro_Anime Others/レトロアニメ　機械設備01/レトロアニメ　サイレン02-2(遅).mp3,7.171156462585034,0.1195192743764172,レトロアニメ　機械設備01/レトロアニメ　サイレン02-2(遅).mp3
1695,sound_1695.mp3,レトロアニメ　機械設備07-1.mp3,otologic_sounds_smart/Retro_Anime Others,otologic_sounds_smart/Retro_Anime Others/効果音＞レトロアニメ・その他/レトロアニメ　機械設備07-1.mp3,10.006848072562358,0.1667808012093726,効果音＞レトロアニメ・その他/レトロアニメ　機械設備07-1.mp3
1696,sound_1696.mp3,レトロアニメ　システム音10-4.mp3,otologic_sounds_smart/Retro_Anime Others,otologic_sounds_smart/Retro_Anime Others/効果音＞レトロアニメ・その他/レトロアニメ　システム音10-4.mp3,5.42,0.0903333333333333,効果音＞レトロアニメ・その他/レトロアニメ　システム音10-4.mp3
1697,sound_1697.mp3,レトロアニメ　サイレン01-2(速).mp3,otologic_sounds_smart/Retro_Anime Others,otologic_sounds_smart/Retro_Anime Others/レトロアニメ　サイレン02/レトロアニメ　サイレン01-2(速).mp3,6.239705215419501,0.1039950869236583,レトロアニメ　サイレン02/レトロアニメ　サイレン01-2(速).mp3
1698,sound_1698.mp3,オノマトペ　キラキラ02-4(高　長).mp3,otologic_sounds_smart/Sparkle,otologic_sounds_smart/Sparkle/オノマトペ　キラキラ02/オノマトペ　キラキラ02-4(高　長).mp3,8.182267573696144,0.136371126228269,オノマトペ　キラキラ02/オノマトペ　キラキラ02-4(高　長).mp3
1699,sound_1699.mp3,オノマトペ　キラキラ02-3(高　短).mp3,otologic_sounds_smart/Sparkle,otologic_sounds_smart/Sparkle/オノマトペ　キラキラ02/オノマトペ　キラキラ02-3(高　短).mp3,5.07108843537415,0.0845181405895691,オノマトペ　キラキラ02/オノマトペ　キラキラ02-3(高　短).mp3
1700,sound_1700.mp3,オノマトペ　キラキラ04-4(音色2　長).mp3,otologic_sounds_smart/Sparkle,otologic_sounds_smart/Sparkle/オノマトペ　キラキラ05/オノマトペ　キラキラ04-4(音色2　長).mp3,9.597573696145124,0.1599595616024187,オノマトペ　キラキラ05/オノマトペ　キラキラ04-4(音色2　長).mp3
1701,sound_1701.mp3,オノマトペ　キラキラ11-2(長).mp3,otologic_sounds_smart/Sparkle,otologic_sounds_smart/Sparkle/効果音＞オノマトペ・キラキラ/オノマトペ　キラキラ11-2(長).mp3,28.321360544217686,0.4720226757369614,効果音＞オノマトペ・キラキラ/オノマトペ　キラキラ11-2(長).mp3
1702,sound_1702.mp3,オノマトペ　キラキラ11-1(中).mp3,otologic_sounds_smart/Sparkle,otologic_sounds_smart/Sparkle/効果音＞オノマトペ・キラキラ/オノマトペ　キラキラ11-1(中).mp3,18.25455782312925,0.3042426303854875,効果音＞オノマトペ・キラキラ/オノマトペ　キラキラ11-1(中).mp3
1703,sound_1703.mp3,オノマトペ　キラキラ11-3(短).mp3,otologic_sounds_smart/Sparkle,otologic_sounds_smart/Sparkle/効果音＞オノマトペ・キラキラ/オノマトペ　キラキラ11-3(短).mp3,12.140544217687076,0.2023424036281179,効果音＞オノマトペ・キラキラ/オノマトペ　キラキラ11-3(短).mp3
1704,sound_1704.mp3,オノマトペ　キラキラ03-1(短).mp3,otologic_sounds_smart/Sparkle,otologic_sounds_smart/Sparkle/オノマトペ　キラキラ04/オノマトペ　キラキラ03-1(短).mp3,6.18718820861678,0.1031198034769463,オノマトペ　キラキラ04/オノマトペ　キラキラ03-1(短).mp3
1705,sound_1705.mp3,オノマトペ　キラキラ03-2(長).mp3,otologic_sounds_smart/Sparkle,otologic_sounds_smart/Sparkle/オノマトペ　キラキラ04/オノマトペ　キラキラ03-2(長).mp3,11.073061224489797,0.1845510204081632,オノマトペ　キラキラ04/オノマトペ　キラキラ03-2(長).mp3
1706,sound_1706.mp3,オノマトペ　キラキラ02-1(低　短).mp3,otologic_sounds_smart/Sparkle,otologic_sounds_smart/Sparkle/オノマトペ　キラキラ03/オノマトペ　キラキラ02-1(低　短).mp3,5.310929705215419,0.0885154950869236,オノマトペ　キラキラ03/オノマトペ　キラキラ02-1(低　短).mp3
1707,sound_1707.mp3,オノマトペ　キラキラ02-2(低　長).mp3,otologic_sounds_smart/Sparkle,otologic_sounds_smart/Sparkle/オノマトペ　キラキラ03/オノマトペ　キラキラ02-2(低　長).mp3,9.647619047619049,0.1607936507936508,オノマトペ　キラキラ03/オノマトペ　キラキラ02-2(低　長).mp3
1708,sound_1708.mp3,オノマトペ　キラキラ09-1(長).mp3,otologic_sounds_smart/Sparkle,otologic_sounds_smart/Sparkle/オノマトペ　キラキラ10/オノマトペ　キラキラ09-1(長).mp3,8.556281179138322,0.142604686318972,オノマトペ　キラキラ10/オノマトペ　キラキラ09-1(長).mp3
1709,sound_1709.mp3,オノマトペ　キラキラ08-1(短).mp3,otologic_sounds_smart/Sparkle,otologic_sounds_smart/Sparkle/オノマトペ　キラキラ10/オノマトペ　キラキラ08-1(短).mp3,5.975034013605442,0.0995839002267573,オノマトペ　キラキラ10/オノマトペ　キラキラ08-1(短).mp3
1710,sound_1710.mp3,オノマトペ　キラキラ09-2(短).mp3,otologic_sounds_smart/Sparkle,otologic_sounds_smart/Sparkle/オノマトペ　キラキラ10/オノマトペ　キラキラ09-2(短).mp3,5.22172335600907,0.0870287226001511,オノマトペ　キラキラ10/オノマトペ　キラキラ09-2(短).mp3
1711,sound_1711.mp3,オノマトペ　キラキラ10-2(中).mp3,otologic_sounds_smart/Sparkle,otologic_sounds_smart/Sparkle/オノマトペ　キラキラ11/オノマトペ　キラキラ10-2(中).mp3,10.852834467120182,0.180880574452003,オノマトペ　キラキラ11/オノマトペ　キラキラ10-2(中).mp3
1712,sound_1712.mp3,オノマトペ　キラキラ10-1(短).mp3,otologic_sounds_smart/Sparkle,otologic_sounds_smart/Sparkle/オノマトペ　キラキラ11/オノマトペ　キラキラ10-1(短).mp3,10.189410430839002,0.16982350718065,オノマトペ　キラキラ11/オノマトペ　キラキラ10-1(短).mp3
1713,sound_1713.mp3,オノマトペ　キラキラ10-3(長).mp3,otologic_sounds_smart/Sparkle,otologic_sounds_smart/Sparkle/オノマトペ　キラキラ11/オノマトペ　キラキラ10-3(長).mp3,13.351043083900226,0.2225173847316704,オノマトペ　キラキラ11/オノマトペ　キラキラ10-3(長).mp3
1714,sound_1714.mp3,オノマトペ　キラキラ04-2(音色1　長).mp3,otologic_sounds_smart/Sparkle,otologic_sounds_smart/Sparkle/オノマトペ　キラキラ06/オノマトペ　キラキラ04-2(音色1　長).mp3,9.652539682539684,0.1608756613756613,オノマトペ　キラキラ06/オノマトペ　キラキラ04-2(音色1　長).mp3
1715,sound_1715.mp3,オノマトペ　キラキラ01-2(短).mp3,otologic_sounds_smart/Sparkle,otologic_sounds_smart/Sparkle/オノマトペ　キラキラ01/オノマトペ　キラキラ01-2(短).mp3,9.049478458049888,0.1508246409674981,オノマトペ　キラキラ01/オノマトペ　キラキラ01-2(短).mp3
1716,sound_1716.mp3,オノマトペ　キラキラ01-1(長).mp3,otologic_sounds_smart/Sparkle,otologic_sounds_smart/Sparkle/オノマトペ　キラキラ01/オノマトペ　キラキラ01-1(長).mp3,10.251020408163264,0.1708503401360544,オノマトペ　キラキラ01/オノマトペ　キラキラ01-1(長).mp3
1717,sound_1717.mp3,オノマトペ　キラキラ06-2(長).mp3,otologic_sounds_smart/Sparkle,otologic_sounds_smart/Sparkle/オノマトペ　キラキラ08/オノマトペ　キラキラ06-2(長).mp3,13.705873015873015,0.2284312169312169,オノマトペ　キラキラ08/オノマトペ　キラキラ06-2(長).mp3
1718,sound_1718.mp3,オノマトペ　キラキラ06-1(短).mp3,otologic_sounds_smart/Sparkle,otologic_sounds_smart/Sparkle/オノマトペ　キラキラ08/オノマトペ　キラキラ06-1(短).mp3,5.953038548752835,0.0992173091458805,オノマトペ　キラキラ08/オノマトペ　キラキラ06-1(短).mp3
1719,sound_1719.mp3,オノマトペ　キラキラ07-2(短).mp3,otologic_sounds_smart/Sparkle,otologic_sounds_smart/Sparkle/オノマトペ　キラキラ09/オノマトペ　キラキラ07-2(短).mp3,9.850725623582766,0.1641787603930461,オノマトペ　キラキラ09/オノマトペ　キラキラ07-2(短).mp3
1720,sound_1720.mp3,オノマトペ　キラキラ08-2(長).mp3,otologic_sounds_smart/Sparkle,otologic_sounds_smart/Sparkle/オノマトペ　キラキラ09/オノマトペ　キラキラ08-2(長).mp3,12.610521541950114,0.2101753590325019,オノマトペ　キラキラ09/オノマトペ　キラキラ08-2(長).mp3
1721,sound_1721.mp3,オノマトペ　キラキラ07-1(長).mp3,otologic_sounds_smart/Sparkle,otologic_sounds_smart/Sparkle/オノマトペ　キラキラ09/オノマトペ　キラキラ07-1(長).mp3,11.56968253968254,0.1928280423280423,オノマトペ　キラキラ09/オノマトペ　キラキラ07-1(長).mp3
1722,sound_1722.mp3,オノマトペ　キラキラ05-1(低).mp3,otologic_sounds_smart/Sparkle,otologic_sounds_smart/Sparkle/オノマトペ　キラキラ07/オノマトペ　キラキラ05-1(低).mp3,9.56077097505669,0.1593461829176115,オノマトペ　キラキラ07/オノマトペ　キラキラ05-1(低).mp3
1723,sound_1723.mp3,オノマトペ　キラキラ05-2(高).mp3,otologic_sounds_smart/Sparkle,otologic_sounds_smart/Sparkle/オノマトペ　キラキラ07/オノマトペ　キラキラ05-2(高).mp3,8.31172335600907,0.1385287226001511,オノマトペ　キラキラ07/オノマトペ　キラキラ05-2(高).mp3
1724,sound_1724.mp3,パタパタ時計01-30(遠い　アラームダイヤル 中).mp3,otologic_sounds_smart/Clock,otologic_sounds_smart/Clock/パタパタ時計01/パタパタ時計01-30(遠い　アラームダイヤル 中).mp3,5.314671201814059,0.0885778533635676,パタパタ時計01/パタパタ時計01-30(遠い　アラームダイヤル 中).mp3
1725,sound_1725.mp3,パタパタ時計01-32(遠い　時刻ダイヤル 中).mp3,otologic_sounds_smart/Clock,otologic_sounds_smart/Clock/パタパタ時計01/パタパタ時計01-32(遠い　時刻ダイヤル 中).mp3,6.728412698412699,0.1121402116402116,パタパタ時計01/パタパタ時計01-32(遠い　時刻ダイヤル 中).mp3
1726,sound_1726.mp3,パタパタ時計01-33(遠い　時刻ダイヤル 速).mp3,otologic_sounds_smart/Clock,otologic_sounds_smart/Clock/パタパタ時計01/パタパタ時計01-33(遠い　時刻ダイヤル 速).mp3,7.509909297052154,0.1251651549508692,パタパタ時計01/パタパタ時計01-33(遠い　時刻ダイヤル 速).mp3
1727,sound_1727.mp3,時計　アラーム05-9(遠い　弱　ループ).mp3,otologic_sounds_smart/Clock,otologic_sounds_smart/Clock/時計　秒針01/時計　アラーム05-9(遠い　弱　ループ).mp3,7.199931972789115,0.1199988662131519,時計　秒針01/時計　アラーム05-9(遠い　弱　ループ).mp3
1728,sound_1728.mp3,時計　アラーム05-8(遠い　中　ループ).mp3,otologic_sounds_smart/Clock,otologic_sounds_smart/Clock/時計　秒針01/時計　アラーム05-8(遠い　中　ループ).mp3,7.25,0.1208333333333333,時計　秒針01/時計　アラーム05-8(遠い　中　ループ).mp3
1729,sound_1729.mp3,時計　アラーム04-02(弱).mp3,otologic_sounds_smart/Clock,otologic_sounds_smart/Clock/時計　秒針01/時計　アラーム04-02(弱).mp3,13.50530612244898,0.2250884353741496,時計　秒針01/時計　アラーム04-02(弱).mp3
1730,sound_1730.mp3,時計　アラーム04-04(弱　ループ).mp3,otologic_sounds_smart/Clock,otologic_sounds_smart/Clock/時計　秒針01/時計　アラーム04-04(弱　ループ).mp3,7.250045351473923,0.120834089191232,時計　秒針01/時計　アラーム04-04(弱　ループ).mp3
1731,sound_1731.mp3,時計　アラーム05-7(遠い　弱).mp3,otologic_sounds_smart/Clock,otologic_sounds_smart/Clock/時計　秒針01/時計　アラーム05-7(遠い　弱).mp3,10.64891156462585,0.1774818594104308,時計　秒針01/時計　アラーム05-7(遠い　弱).mp3
1732,sound_1732.mp3,時計　アラーム04-01(中).mp3,otologic_sounds_smart/Clock,otologic_sounds_smart/Clock/時計　秒針01/時計　アラーム04-01(中).mp3,13.963242630385489,0.2327207105064248,時計　秒針01/時計　アラーム04-01(中).mp3
1733,sound_1733.mp3,時計　アラーム05-6(遠い　中).mp3,otologic_sounds_smart/Clock,otologic_sounds_smart/Clock/時計　秒針01/時計　アラーム05-6(遠い　中).mp3,10.77968253968254,0.1796613756613756,時計　秒針01/時計　アラーム05-6(遠い　中).mp3
1734,sound_1734.mp3,時計　アラーム04-03(中　ループ).mp3,otologic_sounds_smart/Clock,otologic_sounds_smart/Clock/時計　秒針01/時計　アラーム04-03(中　ループ).mp3,7.25,0.1208333333333333,時計　秒針01/時計　アラーム04-03(中　ループ).mp3
1735,sound_1735.mp3,パタパタ時計01-02(ブザー 50Hz).mp3,otologic_sounds_smart/Clock,otologic_sounds_smart/Clock/時計　アラーム03/パタパタ時計01-02(ブザー 50Hz).mp3,11.153560090702948,0.1858926681783824,時計　アラーム03/パタパタ時計01-02(ブザー 50Hz).mp3
1736,sound_1736.mp3,パタパタ時計01-05(ブザー 60Hz).mp3,otologic_sounds_smart/Clock,otologic_sounds_smart/Clock/時計　アラーム03/パタパタ時計01-05(ブザー 60Hz).mp3,9.203945578231291,0.1533990929705215,時計　アラーム03/パタパタ時計01-05(ブザー 60Hz).mp3
1737,sound_1737.mp3,時計　アラーム01-1(弱　ループ).mp3,otologic_sounds_smart/Clock,otologic_sounds_smart/Clock/時計　アラーム04/時計　アラーム01-1(弱　ループ).mp3,16.00002267573696,0.266667044595616,時計　アラーム04/時計　アラーム01-1(弱　ループ).mp3
1738,sound_1738.mp3,時計　アラーム01-2(中　ループ).mp3,otologic_sounds_smart/Clock,otologic_sounds_smart/Clock/時計　アラーム04/時計　アラーム01-2(中　ループ).mp3,16.00002267573696,0.266667044595616,時計　アラーム04/時計　アラーム01-2(中　ループ).mp3
1739,sound_1739.mp3,時計　アラーム02-2(遠い　ループ).mp3,otologic_sounds_smart/Clock,otologic_sounds_smart/Clock/時計　アラーム04/時計　アラーム02-2(遠い　ループ).mp3,7.999886621315193,0.1333314436885865,時計　アラーム04/時計　アラーム02-2(遠い　ループ).mp3
1740,sound_1740.mp3,時計　アラーム02-1(ループ).mp3,otologic_sounds_smart/Clock,otologic_sounds_smart/Clock/時計　アラーム04/時計　アラーム02-1(ループ).mp3,8.000022675736961,0.1333337112622827,時計　アラーム04/時計　アラーム02-1(ループ).mp3
1741,sound_1741.mp3,時計　アラーム01-3(強　ループ).mp3,otologic_sounds_smart/Clock,otologic_sounds_smart/Clock/時計　アラーム04/時計　アラーム01-3(強　ループ).mp3,16.00002267573696,0.266667044595616,時計　アラーム04/時計　アラーム01-3(強　ループ).mp3
1742,sound_1742.mp3,時計　アラーム03-11(遠い　強　ループ).mp3,otologic_sounds_smart/Clock,otologic_sounds_smart/Clock/時計　アラーム05/時計　アラーム03-11(遠い　強　ループ).mp3,8.0,0.1333333333333333,時計　アラーム05/時計　アラーム03-11(遠い　強　ループ).mp3
1743,sound_1743.mp3,時計　アラーム03-10(遠い　中　ループ).mp3,otologic_sounds_smart/Clock,otologic_sounds_smart/Clock/時計　アラーム05/時計　アラーム03-10(遠い　中　ループ).mp3,8.0,0.1333333333333333,時計　アラーム05/時計　アラーム03-10(遠い　中　ループ).mp3
1744,sound_1744.mp3,パタパタ時計01-12(アラームダイヤル 中).mp3,otologic_sounds_smart/Clock,otologic_sounds_smart/Clock/時計　アラーム02/パタパタ時計01-12(アラームダイヤル 中).mp3,5.314671201814059,0.0885778533635676,時計　アラーム02/パタパタ時計01-12(アラームダイヤル 中).mp3
1745,sound_1745.mp3,パタパタ時計01-17(時刻ダイヤル 速).mp3,otologic_sounds_smart/Clock,otologic_sounds_smart/Clock/時計　アラーム02/パタパタ時計01-17(時刻ダイヤル 速).mp3,7.509909297052154,0.1251651549508692,時計　アラーム02/パタパタ時計01-17(時刻ダイヤル 速).mp3
1746,sound_1746.mp3,パタパタ時計01-14(時刻ダイヤル 遅).mp3,otologic_sounds_smart/Clock,otologic_sounds_smart/Clock/時計　アラーム02/パタパタ時計01-14(時刻ダイヤル 遅).mp3,8.795034013605441,0.1465839002267573,時計　アラーム02/パタパタ時計01-14(時刻ダイヤル 遅).mp3
1747,sound_1747.mp3,パタパタ時計01-18(フリップ).mp3,otologic_sounds_smart/Clock,otologic_sounds_smart/Clock/時計　アラーム02/パタパタ時計01-18(フリップ).mp3,8.212857142857143,0.1368809523809523,時計　アラーム02/パタパタ時計01-18(フリップ).mp3
1748,sound_1748.mp3,パタパタ時計01-16(時刻ダイヤル 中).mp3,otologic_sounds_smart/Clock,otologic_sounds_smart/Clock/時計　アラーム02/パタパタ時計01-16(時刻ダイヤル 中).mp3,6.728412698412699,0.1121402116402116,時計　アラーム02/パタパタ時計01-16(時刻ダイヤル 中).mp3
1749,sound_1749.mp3,時計　秒針03-3(ドライ　ループ).mp3,otologic_sounds_smart/Clock,otologic_sounds_smart/Clock/効果音＞時計/時計　秒針03-3(ドライ　ループ).mp3,8.000022675736961,0.1333337112622827,効果音＞時計/時計　秒針03-3(ドライ　ループ).mp3
1750,sound_1750.mp3,時計　秒針03-2(ドライ　ループ).mp3,otologic_sounds_smart/Clock,otologic_sounds_smart/Clock/効果音＞時計/時計　秒針03-2(ドライ　ループ).mp3,8.000022675736961,0.1333337112622827,効果音＞時計/時計　秒針03-2(ドライ　ループ).mp3
1751,sound_1751.mp3,時計　秒針03-5(リバーブ　ループ).mp3,otologic_sounds_smart/Clock,otologic_sounds_smart/Clock/効果音＞時計/時計　秒針03-5(リバーブ　ループ).mp3,8.000022675736961,0.1333337112622827,効果音＞時計/時計　秒針03-5(リバーブ　ループ).mp3
1752,sound_1752.mp3,時計　秒針04-2(リバーブ　ループ).mp3,otologic_sounds_smart/Clock,otologic_sounds_smart/Clock/効果音＞時計/時計　秒針04-2(リバーブ　ループ).mp3,8.0,0.1333333333333333,効果音＞時計/時計　秒針04-2(リバーブ　ループ).mp3
1753,sound_1753.mp3,時計　秒針03-1(ドライ　ループ).mp3,otologic_sounds_smart/Clock,otologic_sounds_smart/Clock/効果音＞時計/時計　秒針03-1(ドライ　ループ).mp3,8.000022675736961,0.1333337112622827,効果音＞時計/時計　秒針03-1(ドライ　ループ).mp3
1754,sound_1754.mp3,時計　秒針03-4(リバーブ　ループ).mp3,otologic_sounds_smart/Clock,otologic_sounds_smart/Clock/効果音＞時計/時計　秒針03-4(リバーブ　ループ).mp3,8.000022675736961,0.1333337112622827,効果音＞時計/時計　秒針03-4(リバーブ　ループ).mp3
1755,sound_1755.mp3,時計　秒針04-1(ドライ　ループ).mp3,otologic_sounds_smart/Clock,otologic_sounds_smart/Clock/効果音＞時計/時計　秒針04-1(ドライ　ループ).mp3,8.0,0.1333333333333333,効果音＞時計/時計　秒針04-1(ドライ　ループ).mp3
1756,sound_1756.mp3,時計　秒針04-3(リバーブ).mp3,otologic_sounds_smart/Clock,otologic_sounds_smart/Clock/効果音＞時計/時計　秒針04-3(リバーブ).mp3,10.73047619047619,0.1788412698412698,効果音＞時計/時計　秒針04-3(リバーブ).mp3
1757,sound_1757.mp3,時計　秒針03-6(リバーブ　ループ).mp3,otologic_sounds_smart/Clock,otologic_sounds_smart/Clock/効果音＞時計/時計　秒針03-6(リバーブ　ループ).mp3,8.000022675736961,0.1333337112622827,効果音＞時計/時計　秒針03-6(リバーブ　ループ).mp3
1758,sound_1758.mp3,時計　アラーム04-08(遠い　中).mp3,otologic_sounds_smart/Clock,otologic_sounds_smart/Clock/時計　分針01/時計　アラーム04-08(遠い　中).mp3,13.191995464852608,0.2198665910808768,時計　分針01/時計　アラーム04-08(遠い　中).mp3
1759,sound_1759.mp3,時計　アラーム03-01(中　ループ).mp3,otologic_sounds_smart/Clock,otologic_sounds_smart/Clock/時計　分針01/時計　アラーム03-01(中　ループ).mp3,8.0,0.1333333333333333,時計　分針01/時計　アラーム03-01(中　ループ).mp3
1760,sound_1760.mp3,時計　アラーム03-02(強　ループ).mp3,otologic_sounds_smart/Clock,otologic_sounds_smart/Clock/時計　分針01/時計　アラーム03-02(強　ループ).mp3,8.0,0.1333333333333333,時計　分針01/時計　アラーム03-02(強　ループ).mp3
1761,sound_1761.mp3,時計　アラーム04-09(遠い　弱).mp3,otologic_sounds_smart/Clock,otologic_sounds_smart/Clock/時計　分針01/時計　アラーム04-09(遠い　弱).mp3,12.953083900226757,0.2158847316704459,時計　分針01/時計　アラーム04-09(遠い　弱).mp3
1762,sound_1762.mp3,時計　アラーム04-10(遠い　中　ループ).mp3,otologic_sounds_smart/Clock,otologic_sounds_smart/Clock/時計　分針01/時計　アラーム04-10(遠い　中　ループ).mp3,7.25,0.1208333333333333,時計　分針01/時計　アラーム04-10(遠い　中　ループ).mp3
1763,sound_1763.mp3,時計　アラーム04-11(遠い　弱　ループ).mp3,otologic_sounds_smart/Clock,otologic_sounds_smart/Clock/時計　分針01/時計　アラーム04-11(遠い　弱　ループ).mp3,7.25,0.1208333333333333,時計　分針01/時計　アラーム04-11(遠い　弱　ループ).mp3
1764,sound_1764.mp3,時計　アラーム04-06(ダイアル).mp3,otologic_sounds_smart/Clock,otologic_sounds_smart/Clock/時計　分針01/時計　アラーム04-06(ダイアル).mp3,6.108095238095238,0.1018015873015873,時計　分針01/時計　アラーム04-06(ダイアル).mp3
1765,sound_1765.mp3,壁掛時計01-08(遠い　時報).mp3,otologic_sounds_smart/Clock,otologic_sounds_smart/Clock/壁掛時計01/壁掛時計01-08(遠い　時報).mp3,5.046598639455782,0.084109977324263,壁掛時計01/壁掛時計01-08(遠い　時報).mp3
1766,sound_1766.mp3,壁掛時計01-03(時報).mp3,otologic_sounds_smart/Clock,otologic_sounds_smart/Clock/壁掛時計01/壁掛時計01-03(時報).mp3,7.635056689342403,0.1272509448223734,壁掛時計01/壁掛時計01-03(時報).mp3
1767,sound_1767.mp3,壁掛時計01-09(遠い　時報).mp3,otologic_sounds_smart/Clock,otologic_sounds_smart/Clock/壁掛時計01/壁掛時計01-09(遠い　時報).mp3,6.600952380952381,0.110015873015873,壁掛時計01/壁掛時計01-09(遠い　時報).mp3
1768,sound_1768.mp3,壁掛時計01-10(遠い　時報).mp3,otologic_sounds_smart/Clock,otologic_sounds_smart/Clock/壁掛時計01/壁掛時計01-10(遠い　時報).mp3,9.617709750566894,0.1602951625094482,壁掛時計01/壁掛時計01-10(遠い　時報).mp3
1769,sound_1769.mp3,時計　アラーム05-1(中).mp3,otologic_sounds_smart/Clock,otologic_sounds_smart/Clock/時計　秒針02/時計　アラーム05-1(中).mp3,12.158367346938777,0.2026394557823129,時計　秒針02/時計　アラーム05-1(中).mp3
1770,sound_1770.mp3,時計　アラーム05-2(弱).mp3,otologic_sounds_smart/Clock,otologic_sounds_smart/Clock/時計　秒針02/時計　アラーム05-2(弱).mp3,11.8202947845805,0.1970049130763416,時計　秒針02/時計　アラーム05-2(弱).mp3
1771,sound_1771.mp3,時計　アラーム05-3(中　ループ).mp3,otologic_sounds_smart/Clock,otologic_sounds_smart/Clock/時計　秒針02/時計　アラーム05-3(中　ループ).mp3,7.25,0.1208333333333333,時計　秒針02/時計　アラーム05-3(中　ループ).mp3
1772,sound_1772.mp3,時計　アラーム5-04(弱　ループ).mp3,otologic_sounds_smart/Clock,otologic_sounds_smart/Clock/時計　秒針02/時計　アラーム5-04(弱　ループ).mp3,7.25,0.1208333333333333,時計　秒針02/時計　アラーム5-04(弱　ループ).mp3
1773,sound_1773.mp3,時計　秒針01-2(リバーブ　ループ).mp3,otologic_sounds_smart/Clock,otologic_sounds_smart/Clock/時計　秒針03/時計　秒針01-2(リバーブ　ループ).mp3,8.000045351473922,0.133334089191232,時計　秒針03/時計　秒針01-2(リバーブ　ループ).mp3
1774,sound_1774.mp3,時計　秒針01-3(リバーブ).mp3,otologic_sounds_smart/Clock,otologic_sounds_smart/Clock/時計　秒針03/時計　秒針01-3(リバーブ).mp3,10.835532879818594,0.1805922146636432,時計　秒針03/時計　秒針01-3(リバーブ).mp3
1775,sound_1775.mp3,時計　秒針02-9(リバーブ).mp3,otologic_sounds_smart/Clock,otologic_sounds_smart/Clock/時計　秒針03/時計　秒針02-9(リバーブ).mp3,11.65530612244898,0.1942551020408163,時計　秒針03/時計　秒針02-9(リバーブ).mp3
1776,sound_1776.mp3,時計　秒針02-7(リバーブ).mp3,otologic_sounds_smart/Clock,otologic_sounds_smart/Clock/時計　秒針03/時計　秒針02-7(リバーブ).mp3,10.938866213151927,0.1823144368858654,時計　秒針03/時計　秒針02-7(リバーブ).mp3
1777,sound_1777.mp3,時計　秒針02-8(リバーブ).mp3,otologic_sounds_smart/Clock,otologic_sounds_smart/Clock/時計　秒針03/時計　秒針02-8(リバーブ).mp3,11.806009070294785,0.1967668178382464,時計　秒針03/時計　秒針02-8(リバーブ).mp3
1778,sound_1778.mp3,時計　秒針01-1(ドライ　ループ).mp3,otologic_sounds_smart/Clock,otologic_sounds_smart/Clock/時計　秒針03/時計　秒針01-1(ドライ　ループ).mp3,8.0,0.1333333333333333,時計　秒針03/時計　秒針01-1(ドライ　ループ).mp3
1779,sound_1779.mp3,時計　秒針02-6(リバーブ　ループ).mp3,otologic_sounds_smart/Clock,otologic_sounds_smart/Clock/時計　秒針04/時計　秒針02-6(リバーブ　ループ).mp3,8.000022675736961,0.1333337112622827,時計　秒針04/時計　秒針02-6(リバーブ　ループ).mp3
1780,sound_1780.mp3,時計　秒針02-1(ドライ　ループ).mp3,otologic_sounds_smart/Clock,otologic_sounds_smart/Clock/時計　秒針04/時計　秒針02-1(ドライ　ループ).mp3,7.999886621315193,0.1333314436885865,時計　秒針04/時計　秒針02-1(ドライ　ループ).mp3
1781,sound_1781.mp3,時計　秒針03-8(リバーブ).mp3,otologic_sounds_smart/Clock,otologic_sounds_smart/Clock/時計　秒針04/時計　秒針03-8(リバーブ).mp3,11.05845804988662,0.184307634164777,時計　秒針04/時計　秒針03-8(リバーブ).mp3
1782,sound_1782.mp3,時計　秒針02-3(ドライ　ループ).mp3,otologic_sounds_smart/Clock,otologic_sounds_smart/Clock/時計　秒針04/時計　秒針02-3(ドライ　ループ).mp3,8.000022675736961,0.1333337112622827,時計　秒針04/時計　秒針02-3(ドライ　ループ).mp3
1783,sound_1783.mp3,時計　秒針02-2(ドライ　ループ).mp3,otologic_sounds_smart/Clock,otologic_sounds_smart/Clock/時計　秒針04/時計　秒針02-2(ドライ　ループ).mp3,8.000113378684807,0.1333352229780801,時計　秒針04/時計　秒針02-2(ドライ　ループ).mp3
1784,sound_1784.mp3,時計　秒針03-7(リバーブ).mp3,otologic_sounds_smart/Clock,otologic_sounds_smart/Clock/時計　秒針04/時計　秒針03-7(リバーブ).mp3,10.751224489795918,0.1791870748299319,時計　秒針04/時計　秒針03-7(リバーブ).mp3
1785,sound_1785.mp3,時計　秒針02-4(リバーブ　ループ).mp3,otologic_sounds_smart/Clock,otologic_sounds_smart/Clock/時計　秒針04/時計　秒針02-4(リバーブ　ループ).mp3,8.000022675736961,0.1333337112622827,時計　秒針04/時計　秒針02-4(リバーブ　ループ).mp3
1786,sound_1786.mp3,時計　秒針03-9(リバーブ).mp3,otologic_sounds_smart/Clock,otologic_sounds_smart/Clock/時計　秒針04/時計　秒針03-9(リバーブ).mp3,11.368004535147392,0.1894667422524565,時計　秒針04/時計　秒針03-9(リバーブ).mp3
1787,sound_1787.mp3,時計　秒針02-5(リバーブ　ループ).mp3,otologic_sounds_smart/Clock,otologic_sounds_smart/Clock/時計　秒針04/時計　秒針02-5(リバーブ　ループ).mp3,8.000022675736961,0.1333337112622827,時計　秒針04/時計　秒針02-5(リバーブ　ループ).mp3
1788,sound_1788.mp3,パタパタ時計01-21(遠い　ブザー 50Hz).mp3,otologic_sounds_smart/Clock,otologic_sounds_smart/Clock/時計　アラーム01/パタパタ時計01-21(遠い　ブザー 50Hz).mp3,11.153560090702948,0.1858926681783824,時計　アラーム01/パタパタ時計01-21(遠い　ブザー 50Hz).mp3
1789,sound_1789.mp3,パタパタ時計01-24(遠い　ブザー 60Hz).mp3,otologic_sounds_smart/Clock,otologic_sounds_smart/Clock/時計　アラーム01/パタパタ時計01-24(遠い　ブザー 60Hz).mp3,9.203945578231291,0.1533990929705215,時計　アラーム01/パタパタ時計01-24(遠い　ブザー 60Hz).mp3
1790,sound_1790.mp3,エアコン01-01(弱).mp3,otologic_sounds_smart/Cooling Heating,otologic_sounds_smart/Cooling Heating/エアコン02/エアコン01-01(弱).mp3,77.60056689342403,1.2933427815570673,エアコン02/エアコン01-01(弱).mp3
1791,sound_1791.mp3,エアコン01-03(強).mp3,otologic_sounds_smart/Cooling Heating,otologic_sounds_smart/Cooling Heating/エアコン02/エアコン01-03(強).mp3,78.83102040816327,1.3138503401360544,エアコン02/エアコン01-03(強).mp3
1792,sound_1792.mp3,エアコン01-05(ノイズ).mp3,otologic_sounds_smart/Cooling Heating,otologic_sounds_smart/Cooling Heating/エアコン02/エアコン01-05(ノイズ).mp3,10.972018140589569,0.1828669690098261,エアコン02/エアコン01-05(ノイズ).mp3
1793,sound_1793.mp3,エアコン01-02(中).mp3,otologic_sounds_smart/Cooling Heating,otologic_sounds_smart/Cooling Heating/エアコン02/エアコン01-02(中).mp3,76.62968253968253,1.2771613756613756,エアコン02/エアコン01-02(中).mp3
1794,sound_1794.mp3,エアコン01-04(All).mp3,otologic_sounds_smart/Cooling Heating,otologic_sounds_smart/Cooling Heating/エアコン02/エアコン01-04(All).mp3,69.3756462585034,1.1562607709750563,エアコン02/エアコン01-04(All).mp3
1795,sound_1795.mp3,サーキュレーター01-08(遠い　弱).mp3,otologic_sounds_smart/Cooling Heating,otologic_sounds_smart/Cooling Heating/サーキュレーター01/サーキュレーター01-08(遠い　弱).mp3,59.95197278911564,0.9991995464852608,サーキュレーター01/サーキュレーター01-08(遠い　弱).mp3
1796,sound_1796.mp3,サーキュレーター01-09(遠い　強).mp3,otologic_sounds_smart/Cooling Heating,otologic_sounds_smart/Cooling Heating/サーキュレーター01/サーキュレーター01-09(遠い　強).mp3,59.45126984126984,0.9908544973544974,サーキュレーター01/サーキュレーター01-09(遠い　強).mp3
1797,sound_1797.mp3,サーキュレーター01-02(強).mp3,otologic_sounds_smart/Cooling Heating,otologic_sounds_smart/Cooling Heating/サーキュレーター01/サーキュレーター01-02(強).mp3,60.912562358276645,1.015209372637944,サーキュレーター01/サーキュレーター01-02(強).mp3
1798,sound_1798.mp3,サーキュレーター01-01(弱).mp3,otologic_sounds_smart/Cooling Heating,otologic_sounds_smart/Cooling Heating/サーキュレーター01/サーキュレーター01-01(弱).mp3,61.498503401360544,1.0249750566893423,サーキュレーター01/サーキュレーター01-01(弱).mp3
1799,sound_1799.mp3,扇風機04-01(弱).mp3,otologic_sounds_smart/Cooling Heating,otologic_sounds_smart/Cooling Heating/サーキュレーター01/扇風機04-01(弱).mp3,64.84909297052154,1.080818216175359,サーキュレーター01/扇風機04-01(弱).mp3
1800,sound_1800.mp3,サーキュレーター01-03(All).mp3,otologic_sounds_smart/Cooling Heating,otologic_sounds_smart/Cooling Heating/サーキュレーター01/サーキュレーター01-03(All).mp3,59.144671201814056,0.9857445200302344,サーキュレーター01/サーキュレーター01-03(All).mp3
1801,sound_1801.mp3,サーキュレーター01-10(遠い　All).mp3,otologic_sounds_smart/Cooling Heating,otologic_sounds_smart/Cooling Heating/サーキュレーター01/サーキュレーター01-10(遠い　All).mp3,57.26378684807256,0.954396447467876,サーキュレーター01/サーキュレーター01-10(遠い　All).mp3
1802,sound_1802.mp3,エアコン02-03(ノイズ　弱).mp3,otologic_sounds_smart/Cooling Heating,otologic_sounds_smart/Cooling Heating/効果音＞冷暖房/エアコン02-03(ノイズ　弱).mp3,13.176009070294784,0.2196001511715797,効果音＞冷暖房/エアコン02-03(ノイズ　弱).mp3
1803,sound_1803.mp3,エアコン02-12(遠い　弱).mp3,otologic_sounds_smart/Cooling Heating,otologic_sounds_smart/Cooling Heating/効果音＞冷暖房/エアコン02-12(遠い　弱).mp3,73.11873015873016,1.2186455026455028,効果音＞冷暖房/エアコン02-12(遠い　弱).mp3
1804,sound_1804.mp3,エアコン02-14(遠い　All).mp3,otologic_sounds_smart/Cooling Heating,otologic_sounds_smart/Cooling Heating/効果音＞冷暖房/エアコン02-14(遠い　All).mp3,49.11825396825397,0.8186375661375661,効果音＞冷暖房/エアコン02-14(遠い　All).mp3
1805,sound_1805.mp3,エアコン02-02(強).mp3,otologic_sounds_smart/Cooling Heating,otologic_sounds_smart/Cooling Heating/効果音＞冷暖房/エアコン02-02(強).mp3,72.6179365079365,1.2102989417989418,効果音＞冷暖房/エアコン02-02(強).mp3
1806,sound_1806.mp3,エアコン02-13(遠い　強).mp3,otologic_sounds_smart/Cooling Heating,otologic_sounds_smart/Cooling Heating/効果音＞冷暖房/エアコン02-13(遠い　強).mp3,72.44954648526077,1.2074924414210129,効果音＞冷暖房/エアコン02-13(遠い　強).mp3
1807,sound_1807.mp3,エアコン02-05(All).mp3,otologic_sounds_smart/Cooling Heating,otologic_sounds_smart/Cooling Heating/効果音＞冷暖房/エアコン02-05(All).mp3,49.31034013605442,0.8218390022675737,効果音＞冷暖房/エアコン02-05(All).mp3
1808,sound_1808.mp3,エアコン02-04(ノイズ　強).mp3,otologic_sounds_smart/Cooling Heating,otologic_sounds_smart/Cooling Heating/効果音＞冷暖房/エアコン02-04(ノイズ　強).mp3,14.677301587301589,0.2446216931216931,効果音＞冷暖房/エアコン02-04(ノイズ　強).mp3
1809,sound_1809.mp3,エアコン02-01(弱).mp3,otologic_sounds_smart/Cooling Heating,otologic_sounds_smart/Cooling Heating/効果音＞冷暖房/エアコン02-01(弱).mp3,73.12575963718821,1.2187626606198034,効果音＞冷暖房/エアコン02-01(弱).mp3
1810,sound_1810.mp3,扇風機04-02(中).mp3,otologic_sounds_smart/Cooling Heating,otologic_sounds_smart/Cooling Heating/扇風機04/扇風機04-02(中).mp3,63.4324716553288,1.0572078609221467,扇風機04/扇風機04-02(中).mp3
1811,sound_1811.mp3,扇風機04-04(All).mp3,otologic_sounds_smart/Cooling Heating,otologic_sounds_smart/Cooling Heating/扇風機04/扇風機04-04(All).mp3,45.20689342403628,0.753448223733938,扇風機04/扇風機04-04(All).mp3
1812,sound_1812.mp3,扇風機04-07(リズム　強).mp3,otologic_sounds_smart/Cooling Heating,otologic_sounds_smart/Cooling Heating/扇風機04/扇風機04-07(リズム　強).mp3,65.49195011337868,1.091532501889645,扇風機04/扇風機04-07(リズム　強).mp3
1813,sound_1813.mp3,扇風機04-06(リズム　中).mp3,otologic_sounds_smart/Cooling Heating,otologic_sounds_smart/Cooling Heating/扇風機04/扇風機04-06(リズム　中).mp3,56.26691609977324,0.9377819349962206,扇風機04/扇風機04-06(リズム　中).mp3
1814,sound_1814.mp3,扇風機04-03(強).mp3,otologic_sounds_smart/Cooling Heating,otologic_sounds_smart/Cooling Heating/扇風機04/扇風機04-03(強).mp3,70.50571428571429,1.1750952380952382,扇風機04/扇風機04-03(強).mp3
1815,sound_1815.mp3,扇風機04-05(リズム　弱).mp3,otologic_sounds_smart/Cooling Heating,otologic_sounds_smart/Cooling Heating/扇風機04/扇風機04-05(リズム　弱).mp3,54.38943310657597,0.906490551776266,扇風機04/扇風機04-05(リズム　弱).mp3
1816,sound_1816.mp3,扇風機04-20(遠い　中).mp3,otologic_sounds_smart/Cooling Heating,otologic_sounds_smart/Cooling Heating/扇風機03/扇風機04-20(遠い　中).mp3,61.62514739229025,1.0270857898715042,扇風機03/扇風機04-20(遠い　中).mp3
1817,sound_1817.mp3,扇風機04-21(遠い　強).mp3,otologic_sounds_smart/Cooling Heating,otologic_sounds_smart/Cooling Heating/扇風機03/扇風機04-21(遠い　強).mp3,68.9209977324263,1.1486832955404382,扇風機03/扇風機04-21(遠い　強).mp3
1818,sound_1818.mp3,扇風機04-19(遠い　弱).mp3,otologic_sounds_smart/Cooling Heating,otologic_sounds_smart/Cooling Heating/扇風機03/扇風機04-19(遠い　弱).mp3,62.89530612244898,1.0482551020408164,扇風機03/扇風機04-19(遠い　弱).mp3
1819,sound_1819.mp3,扇風機04-23(遠い　リズム　弱).mp3,otologic_sounds_smart/Cooling Heating,otologic_sounds_smart/Cooling Heating/扇風機03/扇風機04-23(遠い　リズム　弱).mp3,53.43031746031746,0.890505291005291,扇風機03/扇風機04-23(遠い　リズム　弱).mp3
1820,sound_1820.mp3,扇風機04-24(遠い　リズム　中).mp3,otologic_sounds_smart/Cooling Heating,otologic_sounds_smart/Cooling Heating/扇風機03/扇風機04-24(遠い　リズム　中).mp3,54.723174603174606,0.91205291005291,扇風機03/扇風機04-24(遠い　リズム　中).mp3
1821,sound_1821.mp3,扇風機04-22(遠い　All).mp3,otologic_sounds_smart/Cooling Heating,otologic_sounds_smart/Cooling Heating/扇風機03/扇風機04-22(遠い　All).mp3,45.2759410430839,0.7545990173847316,扇風機03/扇風機04-22(遠い　All).mp3
1822,sound_1822.mp3,扇風機04-25(遠い　リズム　強).mp3,otologic_sounds_smart/Cooling Heating,otologic_sounds_smart/Cooling Heating/扇風機03/扇風機04-25(遠い　リズム　強).mp3,63.46326530612245,1.0577210884353745,扇風機03/扇風機04-25(遠い　リズム　強).mp3
1823,sound_1823.mp3,扇風機03-02(中).mp3,otologic_sounds_smart/Cooling Heating,otologic_sounds_smart/Cooling Heating/扇風機02/扇風機03-02(中).mp3,66.89451247165533,1.1149085411942556,扇風機02/扇風機03-02(中).mp3
1824,sound_1824.mp3,扇風機03-03(強).mp3,otologic_sounds_smart/Cooling Heating,otologic_sounds_smart/Cooling Heating/扇風機02/扇風機03-03(強).mp3,70.58680272108843,1.1764467120181406,扇風機02/扇風機03-03(強).mp3
1825,sound_1825.mp3,扇風機03-04(All).mp3,otologic_sounds_smart/Cooling Heating,otologic_sounds_smart/Cooling Heating/扇風機02/扇風機03-04(All).mp3,50.50891156462585,0.8418151927437642,扇風機02/扇風機03-04(All).mp3
1826,sound_1826.mp3,扇風機03-01(弱).mp3,otologic_sounds_smart/Cooling Heating,otologic_sounds_smart/Cooling Heating/扇風機02/扇風機03-01(弱).mp3,69.35712018140589,1.1559520030234316,扇風機02/扇風機03-01(弱).mp3
1827,sound_1827.mp3,エアコン01-16(遠い　強).mp3,otologic_sounds_smart/Cooling Heating,otologic_sounds_smart/Cooling Heating/エアコン01/エアコン01-16(遠い　強).mp3,79.07024943310658,1.3178374905517765,エアコン01/エアコン01-16(遠い　強).mp3
1828,sound_1828.mp3,エアコン01-17(遠い　All).mp3,otologic_sounds_smart/Cooling Heating,otologic_sounds_smart/Cooling Heating/エアコン01/エアコン01-17(遠い　All).mp3,69.54521541950113,1.1590869236583523,エアコン01/エアコン01-17(遠い　All).mp3
1829,sound_1829.mp3,エアコン01-15(遠い　中).mp3,otologic_sounds_smart/Cooling Heating,otologic_sounds_smart/Cooling Heating/エアコン01/エアコン01-15(遠い　中).mp3,76.50380952380952,1.275063492063492,エアコン01/エアコン01-15(遠い　中).mp3
1830,sound_1830.mp3,エアコン01-14(遠い　弱).mp3,otologic_sounds_smart/Cooling Heating,otologic_sounds_smart/Cooling Heating/エアコン01/エアコン01-14(遠い　弱).mp3,77.40807256235827,1.2901345427059712,エアコン01/エアコン01-14(遠い　弱).mp3
1831,sound_1831.mp3,扇風機02-4(遠い　強).mp3,otologic_sounds_smart/Cooling Heating,otologic_sounds_smart/Cooling Heating/石油ファンヒーター01/扇風機02-4(遠い　強).mp3,64.09532879818595,1.0682554799697657,石油ファンヒーター01/扇風機02-4(遠い　強).mp3
1832,sound_1832.mp3,扇風機02-2(強).mp3,otologic_sounds_smart/Cooling Heating,otologic_sounds_smart/Cooling Heating/石油ファンヒーター01/扇風機02-2(強).mp3,66.73396825396826,1.1122328042328042,石油ファンヒーター01/扇風機02-2(強).mp3
1833,sound_1833.mp3,扇風機02-3(遠い　弱).mp3,otologic_sounds_smart/Cooling Heating,otologic_sounds_smart/Cooling Heating/石油ファンヒーター01/扇風機02-3(遠い　弱).mp3,65.79621315192743,1.0966035525321238,石油ファンヒーター01/扇風機02-3(遠い　弱).mp3
1834,sound_1834.mp3,扇風機01-4(駆動音　ループ).mp3,otologic_sounds_smart/Cooling Heating,otologic_sounds_smart/Cooling Heating/石油ファンヒーター01/扇風機01-4(駆動音　ループ).mp3,15.98390022675737,0.2663983371126228,石油ファンヒーター01/扇風機01-4(駆動音　ループ).mp3
1835,sound_1835.mp3,扇風機01-3(駆動音　ループ).mp3,otologic_sounds_smart/Cooling Heating,otologic_sounds_smart/Cooling Heating/石油ファンヒーター01/扇風機01-3(駆動音　ループ).mp3,15.99907029478458,0.266651171579743,石油ファンヒーター01/扇風機01-3(駆動音　ループ).mp3
1836,sound_1836.mp3,石油ファンヒーター01-2(駆動音　遠い).mp3,otologic_sounds_smart/Cooling Heating,otologic_sounds_smart/Cooling Heating/石油ファンヒーター01/石油ファンヒーター01-2(駆動音　遠い).mp3,92.19698412698412,1.5366164021164022,石油ファンヒーター01/石油ファンヒーター01-2(駆動音　遠い).mp3
1837,sound_1837.mp3,扇風機01-2(駆動音).mp3,otologic_sounds_smart/Cooling Heating,otologic_sounds_smart/Cooling Heating/石油ファンヒーター01/扇風機01-2(駆動音).mp3,59.96315192743764,0.999385865457294,石油ファンヒーター01/扇風機01-2(駆動音).mp3
1838,sound_1838.mp3,石油ファンヒーター01-1(駆動音).mp3,otologic_sounds_smart/Cooling Heating,otologic_sounds_smart/Cooling Heating/石油ファンヒーター01/石油ファンヒーター01-1(駆動音).mp3,88.47079365079365,1.4745132275132276,石油ファンヒーター01/石油ファンヒーター01-1(駆動音).mp3
1839,sound_1839.mp3,扇風機01-1(駆動音).mp3,otologic_sounds_smart/Cooling Heating,otologic_sounds_smart/Cooling Heating/石油ファンヒーター01/扇風機01-1(駆動音).mp3,59.96315192743764,0.999385865457294,石油ファンヒーター01/扇風機01-1(駆動音).mp3
1840,sound_1840.mp3,石油ファンヒーター01-6(燃料タンク　入れる).mp3,otologic_sounds_smart/Cooling Heating,otologic_sounds_smart/Cooling Heating/石油ファンヒーター01/石油ファンヒーター01-6(燃料タンク　入れる).mp3,6.429886621315193,0.1071647770219198,石油ファンヒーター01/石油ファンヒーター01-6(燃料タンク　入れる).mp3
1841,sound_1841.mp3,石油ファンヒーター01-5(燃料タンク　出す).mp3,otologic_sounds_smart/Cooling Heating,otologic_sounds_smart/Cooling Heating/石油ファンヒーター01/石油ファンヒーター01-5(燃料タンク　出す).mp3,6.019433106575963,0.1003238851095993,石油ファンヒーター01/石油ファンヒーター01-5(燃料タンク　出す).mp3
1842,sound_1842.mp3,扇風機03-13(遠い　弱).mp3,otologic_sounds_smart/Cooling Heating,otologic_sounds_smart/Cooling Heating/扇風機01/扇風機03-13(遠い　弱).mp3,66.48825396825397,1.108137566137566,扇風機01/扇風機03-13(遠い　弱).mp3
1843,sound_1843.mp3,扇風機03-15(遠い　強).mp3,otologic_sounds_smart/Cooling Heating,otologic_sounds_smart/Cooling Heating/扇風機01/扇風機03-15(遠い　強).mp3,67.7728798185941,1.1295479969765685,扇風機01/扇風機03-15(遠い　強).mp3
1844,sound_1844.mp3,扇風機03-14(遠い　中).mp3,otologic_sounds_smart/Cooling Heating,otologic_sounds_smart/Cooling Heating/扇風機01/扇風機03-14(遠い　中).mp3,64.41961451247165,1.0736602418745276,扇風機01/扇風機03-14(遠い　中).mp3
1845,sound_1845.mp3,扇風機02-1(弱).mp3,otologic_sounds_smart/Cooling Heating,otologic_sounds_smart/Cooling Heating/扇風機01/扇風機02-1(弱).mp3,68.6,1.143333333333333,扇風機01/扇風機02-1(弱).mp3
1846,sound_1846.mp3,扇風機03-16(遠い　All).mp3,otologic_sounds_smart/Cooling Heating,otologic_sounds_smart/Cooling Heating/扇風機01/扇風機03-16(遠い　All).mp3,48.40897959183673,0.8068163265306122,扇風機01/扇風機03-16(遠い　All).mp3
1847,sound_1847.mp3,梵鐘01-4(遠い　高).mp3,otologic_sounds_smart/Temple Bells,otologic_sounds_smart/Temple Bells/梵鐘01/梵鐘01-4(遠い　高).mp3,9.69297052154195,0.1615495086923658,梵鐘01/梵鐘01-4(遠い　高).mp3
1848,sound_1848.mp3,梵鐘01-1(高).mp3,otologic_sounds_smart/Temple Bells,otologic_sounds_smart/Temple Bells/梵鐘01/梵鐘01-1(高).mp3,7.448185941043084,0.124136432350718,梵鐘01/梵鐘01-1(高).mp3
1849,sound_1849.mp3,梵鐘01-3(遠い　低).mp3,otologic_sounds_smart/Temple Bells,otologic_sounds_smart/Temple Bells/梵鐘01/梵鐘01-3(遠い　低).mp3,10.756530612244898,0.1792755102040816,梵鐘01/梵鐘01-3(遠い　低).mp3
1850,sound_1850.mp3,梵鐘04-3(遠い　低).mp3,otologic_sounds_smart/Temple Bells,otologic_sounds_smart/Temple Bells/効果音＞お寺の鐘/梵鐘04-3(遠い　低).mp3,17.421201814058957,0.2903533635676493,効果音＞お寺の鐘/梵鐘04-3(遠い　低).mp3
1851,sound_1851.mp3,梵鐘04-4(遠い　高).mp3,otologic_sounds_smart/Temple Bells,otologic_sounds_smart/Temple Bells/効果音＞お寺の鐘/梵鐘04-4(遠い　高).mp3,14.23326530612245,0.2372210884353741,効果音＞お寺の鐘/梵鐘04-4(遠い　高).mp3
1852,sound_1852.mp3,梵鐘04-2(高).mp3,otologic_sounds_smart/Temple Bells,otologic_sounds_smart/Temple Bells/効果音＞お寺の鐘/梵鐘04-2(高).mp3,14.282947845804989,0.2380491307634164,効果音＞お寺の鐘/梵鐘04-2(高).mp3
1853,sound_1853.mp3,梵鐘04-1(低).mp3,otologic_sounds_smart/Temple Bells,otologic_sounds_smart/Temple Bells/効果音＞お寺の鐘/梵鐘04-1(低).mp3,17.026802721088437,0.2837800453514739,効果音＞お寺の鐘/梵鐘04-1(低).mp3
1854,sound_1854.mp3,梵鐘02-2(高).mp3,otologic_sounds_smart/Temple Bells,otologic_sounds_smart/Temple Bells/梵鐘03/梵鐘02-2(高).mp3,9.76562358276644,0.1627603930461073,梵鐘03/梵鐘02-2(高).mp3
1855,sound_1855.mp3,梵鐘03-4(遠い　低).mp3,otologic_sounds_smart/Temple Bells,otologic_sounds_smart/Temple Bells/梵鐘03/梵鐘03-4(遠い　低).mp3,19.655215419501133,0.3275869236583522,梵鐘03/梵鐘03-4(遠い　低).mp3
1856,sound_1856.mp3,梵鐘02-1(低).mp3,otologic_sounds_smart/Temple Bells,otologic_sounds_smart/Temple Bells/梵鐘03/梵鐘02-1(低).mp3,11.816689342403627,0.1969448223733937,梵鐘03/梵鐘02-1(低).mp3
1857,sound_1857.mp3,梵鐘03-2(低).mp3,otologic_sounds_smart/Temple Bells,otologic_sounds_smart/Temple Bells/梵鐘04/梵鐘03-2(低).mp3,19.44655328798186,0.3241092214663643,梵鐘04/梵鐘03-2(低).mp3
1858,sound_1858.mp3,梵鐘03-1(高).mp3,otologic_sounds_smart/Temple Bells,otologic_sounds_smart/Temple Bells/梵鐘04/梵鐘03-1(高).mp3,16.46281179138322,0.2743801965230537,梵鐘04/梵鐘03-1(高).mp3
1859,sound_1859.mp3,梵鐘03-3(遠い　高).mp3,otologic_sounds_smart/Temple Bells,otologic_sounds_smart/Temple Bells/梵鐘04/梵鐘03-3(遠い　高).mp3,16.85126984126984,0.2808544973544973,梵鐘04/梵鐘03-3(遠い　高).mp3
1860,sound_1860.mp3,梵鐘02-3(遠い　低).mp3,otologic_sounds_smart/Temple Bells,otologic_sounds_smart/Temple Bells/梵鐘02/梵鐘02-3(遠い　低).mp3,11.813219954648526,0.1968869992441421,梵鐘02/梵鐘02-3(遠い　低).mp3
1861,sound_1861.mp3,梵鐘01-1(低).mp3,otologic_sounds_smart/Temple Bells,otologic_sounds_smart/Temple Bells/梵鐘02/梵鐘01-1(低).mp3,9.040113378684808,0.1506685563114134,梵鐘02/梵鐘01-1(低).mp3
1862,sound_1862.mp3,梵鐘02-4(遠い　高).mp3,otologic_sounds_smart/Temple Bells,otologic_sounds_smart/Temple Bells/梵鐘02/梵鐘02-4(遠い　高).mp3,9.911065759637188,0.1651844293272864,梵鐘02/梵鐘02-4(遠い　高).mp3
1863,sound_1863.mp3,骨折02-3(リバーブ).mp3,otologic_sounds_smart/Fracture,otologic_sounds_smart/Fracture/骨折03/骨折02-3(リバーブ).mp3,5.149024943310658,0.0858170823885109,骨折03/骨折02-3(リバーブ).mp3
1864,sound_1864.mp3,骨折03-3(ディレイ).mp3,otologic_sounds_smart/Fracture,otologic_sounds_smart/Fracture/効果音＞骨折/骨折03-3(ディレイ).mp3,5.183968253968254,0.0863994708994708,効果音＞骨折/骨折03-3(ディレイ).mp3
1865,sound_1865.mp3,sweep2.mp3,freeaudio/daily01,freeaudio/daily01/daily01/sweep2.mp3,12.348095238095238,0.2058015873015873,daily01/sweep2.mp3
1866,sound_1866.mp3,sweep1.mp3,freeaudio/daily01,freeaudio/daily01/daily01/sweep1.mp3,6.4399319727891156,0.1073321995464852,daily01/sweep1.mp3
1867,sound_1867.mp3,clean_up_glass.mp3,freeaudio/daily01,freeaudio/daily01/daily01/clean_up_glass.mp3,13.19578231292517,0.2199297052154195,daily01/clean_up_glass.mp3
1868,sound_1868.mp3,spray_long.mp3,freeaudio/daily01,freeaudio/daily01/daily01/spray_long.mp3,5.712,0.0951999999999999,daily01/spray_long.mp3
1869,sound_1869.mp3,out_on_balcony2.mp3,freeaudio/daily01,freeaudio/daily01/daily01/out_on_balcony2.mp3,7.723854875283447,0.1287309145880574,daily01/out_on_balcony2.mp3
1870,sound_1870.mp3,dig_toolbox.mp3,freeaudio/daily01,freeaudio/daily01/daily01/dig_toolbox.mp3,21.696,0.3616,daily01/dig_toolbox.mp3
1871,sound_1871.mp3,turn_screwdriver.mp3,freeaudio/daily01,freeaudio/daily01/daily01/turn_screwdriver.mp3,7.392,0.1232,daily01/turn_screwdriver.mp3
1872,sound_1872.mp3,door_chime3.mp3,freeaudio/daily01,freeaudio/daily01/daily01/door_chime3.mp3,5.818820861678004,0.0969803476946334,daily01/door_chime3.mp3
1873,sound_1873.mp3,cans_in_grbg_bag.mp3,freeaudio/daily01,freeaudio/daily01/daily01/cans_in_grbg_bag.mp3,14.56185941043084,0.242697656840514,daily01/cans_in_grbg_bag.mp3
1874,sound_1874.mp3,search_in_drawer1.mp3,freeaudio/daily01,freeaudio/daily01/daily01/search_in_drawer1.mp3,5.854399092970522,0.0975733182161753,daily01/search_in_drawer1.mp3
1875,sound_1875.mp3,wring_out_rag.mp3,freeaudio/daily01,freeaudio/daily01/daily01/wring_out_rag.mp3,9.17015873015873,0.1528359788359788,daily01/wring_out_rag.mp3
1876,sound_1876.mp3,search_in_drawer2.mp3,freeaudio/daily01,freeaudio/daily01/daily01/search_in_drawer2.mp3,6.092607709750567,0.1015434618291761,daily01/search_in_drawer2.mp3
1877,sound_1877.mp3,lawn_mower.mp3,freeaudio/daily01,freeaudio/daily01/daily01/lawn_mower.mp3,19.433401360544217,0.3238900226757369,daily01/lawn_mower.mp3
1878,sound_1878.mp3,brushing_teeth.mp3,freeaudio/daily01,freeaudio/daily01/daily01/brushing_teeth.mp3,6.24,0.104,daily01/brushing_teeth.mp3
1879,sound_1879.mp3,mail_box_O.mp3,freeaudio/daily01,freeaudio/daily01/daily01/mail_box_O.mp3,8.34453514739229,0.1390755857898715,daily01/mail_box_O.mp3
1880,sound_1880.mp3,basketball_training2.mp3,freeaudio/sports01,freeaudio/sports01/sports01/basketball_training2.mp3,83.98086167800453,1.3996810279667422,sports01/basketball_training2.mp3
1881,sound_1881.mp3,pupil2.mp3,freeaudio/sports01,freeaudio/sports01/sports01/pupil2.mp3,41.352,0.6891999999999999,sports01/pupil2.mp3
1882,sound_1882.mp3,mens_vb4.mp3,freeaudio/sports01,freeaudio/sports01/sports01/mens_vb4.mp3,59.242448979591835,0.987374149659864,sports01/mens_vb4.mp3
1883,sound_1883.mp3,basketball_training3.mp3,freeaudio/sports01,freeaudio/sports01/sports01/basketball_training3.mp3,34.175170068027214,0.5695861678004536,sports01/basketball_training3.mp3
1884,sound_1884.mp3,mens_Kendo4.mp3,freeaudio/sports01,freeaudio/sports01/sports01/mens_Kendo4.mp3,176.6574149659864,2.9442902494331067,sports01/mens_Kendo4.mp3
1885,sound_1885.mp3,basketball_training1.mp3,freeaudio/sports01,freeaudio/sports01/sports01/basketball_training1.mp3,98.54875283446712,1.6424792139077853,sports01/basketball_training1.mp3
1886,sound_1886.mp3,pupil1.mp3,freeaudio/sports01,freeaudio/sports01/sports01/pupil1.mp3,28.2,0.47,sports01/pupil1.mp3
1887,sound_1887.mp3,mens_Kendo5.mp3,freeaudio/sports01,freeaudio/sports01/sports01/mens_Kendo5.mp3,240.5122902494331,4.008538170823885,sports01/mens_Kendo5.mp3
1888,sound_1888.mp3,school_exam.mp3,freeaudio/sports01,freeaudio/sports01/sports01/school_exam.mp3,28.51031746031746,0.4751719576719576,sports01/school_exam.mp3
1889,sound_1889.mp3,mens_Kendo1.mp3,freeaudio/sports01,freeaudio/sports01/sports01/mens_Kendo1.mp3,71.42458049886622,1.1904096749811035,sports01/mens_Kendo1.mp3
1890,sound_1890.mp3,men_basketball1.mp3,freeaudio/sports01,freeaudio/sports01/sports01/men_basketball1.mp3,129.35231292517005,2.1558718820861675,sports01/men_basketball1.mp3
1891,sound_1891.mp3,mens_vb3.mp3,freeaudio/sports01,freeaudio/sports01/sports01/mens_vb3.mp3,19.23269841269841,0.3205449735449735,sports01/mens_vb3.mp3
1892,sound_1892.mp3,mens_vb2.mp3,freeaudio/sports01,freeaudio/sports01/sports01/mens_vb2.mp3,106.0354195011338,1.7672569916855632,sports01/mens_vb2.mp3
1893,sound_1893.mp3,mens_Kendo2.mp3,freeaudio/sports01,freeaudio/sports01/sports01/mens_Kendo2.mp3,66.2465306122449,1.104108843537415,sports01/mens_Kendo2.mp3
1894,sound_1894.mp3,men_basketball2.mp3,freeaudio/sports01,freeaudio/sports01/sports01/men_basketball2.mp3,122.57852607709752,2.042975434618292,sports01/men_basketball2.mp3
1895,sound_1895.mp3,mens_vb1.mp3,freeaudio/sports01,freeaudio/sports01/sports01/mens_vb1.mp3,40.259138321995465,0.6709856386999244,sports01/mens_vb1.mp3
1896,sound_1896.mp3,men_basketball3.mp3,freeaudio/sports01,freeaudio/sports01/sports01/men_basketball3.mp3,94.28714285714284,1.5714523809523808,sports01/men_basketball3.mp3
1897,sound_1897.mp3,slide_tackle2.mp3,freeaudio/sports01,freeaudio/sports01/sports01/slide_tackle2.mp3,5.604535147392291,0.0934089191232048,sports01/slide_tackle2.mp3
1898,sound_1898.mp3,mens_Kendo3.mp3,freeaudio/sports01,freeaudio/sports01/sports01/mens_Kendo3.mp3,83.9633560090703,1.3993892668178385,sports01/mens_Kendo3.mp3
1899,sound_1899.mp3,boxing3.mp3,freeaudio/sports01,freeaudio/sports01/sports01/boxing3.mp3,181.9820625,3.033034375,sports01/boxing3.mp3
1900,sound_1900.mp3,boxing1.mp3,freeaudio/sports01,freeaudio/sports01/sports01/boxing1.mp3,181.8360625,3.0306010416666664,sports01/boxing1.mp3
1901,sound_1901.mp3,school_ground_kids.mp3,freeaudio/sports01,freeaudio/sports01/sports01/school_ground_kids.mp3,70.29747916666666,1.1716246527777776,sports01/school_ground_kids.mp3
1902,sound_1902.mp3,Kendo_spectator2.mp3,freeaudio/sports01,freeaudio/sports01/sports01/Kendo_spectator2.mp3,25.44907029478458,0.4241511715797429,sports01/Kendo_spectator2.mp3
1903,sound_1903.mp3,Kendo_spectator1.mp3,freeaudio/sports01,freeaudio/sports01/sports01/Kendo_spectator1.mp3,39.62485260770975,0.6604142101284958,sports01/Kendo_spectator1.mp3
1904,sound_1904.mp3,crowded_sch_gym2.mp3,freeaudio/sports01,freeaudio/sports01/sports01/crowded_sch_gym2.mp3,27.9568253968254,0.4659470899470899,sports01/crowded_sch_gym2.mp3
1905,sound_1905.mp3,exciting_fight1.mp3,freeaudio/sports01,freeaudio/sports01/sports01/exciting_fight1.mp3,181.91397916666668,3.031899652777778,sports01/exciting_fight1.mp3
1906,sound_1906.mp3,soccer_spectator.mp3,freeaudio/sports01,freeaudio/sports01/sports01/soccer_spectator.mp3,82.401179138322,1.3733529856387,sports01/soccer_spectator.mp3
1907,sound_1907.mp3,bb_dribbling.mp3,freeaudio/sports01,freeaudio/sports01/sports01/bb_dribbling.mp3,18.263650793650793,0.3043941798941799,sports01/bb_dribbling.mp3
1908,sound_1908.mp3,bb_shooting.mp3,freeaudio/sports01,freeaudio/sports01/sports01/bb_shooting.mp3,11.267278911564626,0.1877879818594104,sports01/bb_shooting.mp3
1909,sound_1909.mp3,exciting_fight3.mp3,freeaudio/sports01,freeaudio/sports01/sports01/exciting_fight3.mp3,200.5119375,3.3418656249999996,sports01/exciting_fight3.mp3
1910,sound_1910.mp3,crowded_sch_gym1.mp3,freeaudio/sports01,freeaudio/sports01/sports01/crowded_sch_gym1.mp3,67.88353741496599,1.131392290249433,sports01/crowded_sch_gym1.mp3
1911,sound_1911.mp3,exciting_fight2.mp3,freeaudio/sports01,freeaudio/sports01/sports01/exciting_fight2.mp3,182.36725,3.039454166666667,sports01/exciting_fight2.mp3
1912,sound_1912.mp3,mens_Judo2.mp3,freeaudio/sports01,freeaudio/sports01/sports01/mens_Judo2.mp3,60.148866213151926,1.002481103552532,sports01/mens_Judo2.mp3
1913,sound_1913.mp3,vb_women.mp3,freeaudio/sports01,freeaudio/sports01/sports01/vb_women.mp3,121.84102040816326,2.0306836734693876,sports01/vb_women.mp3
1914,sound_1914.mp3,womens_cheer.mp3,freeaudio/sports01,freeaudio/sports01/sports01/womens_cheer.mp3,6.919546485260771,0.1153257747543461,sports01/womens_cheer.mp3
1915,sound_1915.mp3,mens_Judo1.mp3,freeaudio/sports01,freeaudio/sports01/sports01/mens_Judo1.mp3,43.075215419501134,0.7179202569916856,sports01/mens_Judo1.mp3
1916,sound_1916.mp3,Jpn_sch_chime.mp3,freeaudio/sports01,freeaudio/sports01/sports01/Jpn_sch_chime.mp3,14.304,0.2384,sports01/Jpn_sch_chime.mp3
1917,sound_1917.mp3,womens_Kendo1.mp3,freeaudio/sports01,freeaudio/sports01/sports01/womens_Kendo1.mp3,264.4926984126984,4.408211640211641,sports01/womens_Kendo1.mp3
1918,sound_1918.mp3,womens_vb1.mp3,freeaudio/sports01,freeaudio/sports01/sports01/womens_vb1.mp3,102.7225850340136,1.7120430839002267,sports01/womens_vb1.mp3
1919,sound_1919.mp3,badminton1.mp3,freeaudio/sports01,freeaudio/sports01/sports01/badminton1.mp3,125.57351473922904,2.092891912320484,sports01/badminton1.mp3
1920,sound_1920.mp3,badminton3.mp3,freeaudio/sports01,freeaudio/sports01/sports01/badminton3.mp3,62.69387755102041,1.0448979591836731,sports01/badminton3.mp3
1921,sound_1921.mp3,womens_Kendo2.mp3,freeaudio/sports01,freeaudio/sports01/sports01/womens_Kendo2.mp3,67.43074829931973,1.1238458049886622,sports01/womens_Kendo2.mp3
1922,sound_1922.mp3,womens_vb2.mp3,freeaudio/sports01,freeaudio/sports01/sports01/womens_vb2.mp3,260.31310657596373,4.338551776266062,sports01/womens_vb2.mp3
1923,sound_1923.mp3,womens_vb3.mp3,freeaudio/sports01,freeaudio/sports01/sports01/womens_vb3.mp3,167.14884353741496,2.785814058956916,sports01/womens_vb3.mp3
1924,sound_1924.mp3,womens_Kendo3.mp3,freeaudio/sports01,freeaudio/sports01/sports01/womens_Kendo3.mp3,57.492607709750565,0.9582101284958428,sports01/womens_Kendo3.mp3
1925,sound_1925.mp3,badminton2.mp3,freeaudio/sports01,freeaudio/sports01/sports01/badminton2.mp3,73.56081632653061,1.2260136054421769,sports01/badminton2.mp3
1926,sound_1926.mp3,boys_baseball1.mp3,freeaudio/sports01,freeaudio/sports01/sports01/boys_baseball1.mp3,22.981950113378684,0.3830325018896447,sports01/boys_baseball1.mp3
1927,sound_1927.mp3,boys_baseball2.mp3,freeaudio/sports01,freeaudio/sports01/sports01/boys_baseball2.mp3,50.61950113378685,0.8436583522297808,sports01/boys_baseball2.mp3
1928,sound_1928.mp3,womens_vb4.mp3,freeaudio/sports01,freeaudio/sports01/sports01/womens_vb4.mp3,91.39374149659864,1.5232290249433107,sports01/womens_vb4.mp3
1929,sound_1929.mp3,ping_pong1.mp3,freeaudio/sports01,freeaudio/sports01/sports01/ping_pong1.mp3,81.907875,1.36513125,sports01/ping_pong1.mp3
1930,sound_1930.mp3,womens_vb5.mp3,freeaudio/sports01,freeaudio/sports01/sports01/womens_vb5.mp3,85.44943310657597,1.4241572184429327,sports01/womens_vb5.mp3
1931,sound_1931.mp3,boys_baseball3.mp3,freeaudio/sports01,freeaudio/sports01/sports01/boys_baseball3.mp3,30.418140589569163,0.5069690098261527,sports01/boys_baseball3.mp3
1932,sound_1932.mp3,badminton4.mp3,freeaudio/sports01,freeaudio/sports01/sports01/badminton4.mp3,25.797369614512473,0.4299561602418745,sports01/badminton4.mp3
1933,sound_1933.mp3,rub_paper2.mp3,freeaudio/daily02,freeaudio/daily02/daily02/rub_paper2.mp3,7.892108843537415,0.1315351473922902,daily02/rub_paper2.mp3
1934,sound_1934.mp3,write_with_pen.mp3,freeaudio/daily02,freeaudio/daily02/daily02/write_with_pen.mp3,26.90612244897959,0.4484353741496598,daily02/write_with_pen.mp3
1935,sound_1935.mp3,straw_bubbly1.mp3,freeaudio/daily02,freeaudio/daily02/daily02/straw_bubbly1.mp3,16.46548752834467,0.2744247921390778,daily02/straw_bubbly1.mp3
1936,sound_1936.mp3,take_match_box.mp3,freeaudio/daily02,freeaudio/daily02/daily02/take_match_box.mp3,5.316031746031746,0.0886005291005291,daily02/take_match_box.mp3
1937,sound_1937.mp3,write_with_pencil.mp3,freeaudio/daily02,freeaudio/daily02/daily02/write_with_pencil.mp3,42.68607709750567,0.7114346182917611,daily02/write_with_pencil.mp3
1938,sound_1938.mp3,draw_with_maker.mp3,freeaudio/daily02,freeaudio/daily02/daily02/draw_with_maker.mp3,29.961791383219953,0.4993631897203325,daily02/draw_with_maker.mp3
1939,sound_1939.mp3,rub_paper1.mp3,freeaudio/daily02,freeaudio/daily02/daily02/rub_paper1.mp3,8.992040816326531,0.1498673469387755,daily02/rub_paper1.mp3
1940,sound_1940.mp3,tear_nws_pprs3.mp3,freeaudio/daily02,freeaudio/daily02/daily02/tear_nws_pprs3.mp3,8.897210884353742,0.1482868480725623,daily02/tear_nws_pprs3.mp3
1941,sound_1941.mp3,in_plastic_bag.mp3,freeaudio/daily02,freeaudio/daily02/daily02/in_plastic_bag.mp3,16.564580498866214,0.2760763416477702,daily02/in_plastic_bag.mp3
1942,sound_1942.mp3,close_umbrella.mp3,freeaudio/daily02,freeaudio/daily02/daily02/close_umbrella.mp3,9.383,0.1563833333333333,daily02/close_umbrella.mp3
1943,sound_1943.mp3,put_up_umbrella.mp3,freeaudio/daily02,freeaudio/daily02/daily02/put_up_umbrella.mp3,36.80825,0.6134708333333333,daily02/put_up_umbrella.mp3
1944,sound_1944.mp3,light_match2.mp3,freeaudio/daily02,freeaudio/daily02/daily02/light_match2.mp3,7.251360544217687,0.1208560090702947,daily02/light_match2.mp3
1945,sound_1945.mp3,crumpled_paper3.mp3,freeaudio/daily02,freeaudio/daily02/daily02/crumpled_paper3.mp3,8.675487528344672,0.1445914588057445,daily02/crumpled_paper3.mp3
1946,sound_1946.mp3,search_inside_trash.mp3,freeaudio/daily02,freeaudio/daily02/daily02/search_inside_trash.mp3,8.456229166666667,0.1409371527777777,daily02/search_inside_trash.mp3
1947,sound_1947.mp3,scrape_wood_wall.mp3,freeaudio/daily02,freeaudio/daily02/daily02/scrape_wood_wall.mp3,8.78888888888889,0.1464814814814815,daily02/scrape_wood_wall.mp3
1948,sound_1948.mp3,write_with_maker.mp3,freeaudio/daily02,freeaudio/daily02/daily02/write_with_maker.mp3,21.235555555555557,0.3539259259259259,daily02/write_with_maker.mp3
1949,sound_1949.mp3,plastic_umbrella1.mp3,freeaudio/daily02,freeaudio/daily02/daily02/plastic_umbrella1.mp3,30.028291666666668,0.5004715277777778,daily02/plastic_umbrella1.mp3
1950,sound_1950.mp3,inside_paper.mp3,freeaudio/daily02,freeaudio/daily02/daily02/inside_paper.mp3,5.952,0.0992,daily02/inside_paper.mp3
1951,sound_1951.mp3,plastic_umbrella2.mp3,freeaudio/daily02,freeaudio/daily02/daily02/plastic_umbrella2.mp3,21.520791666666668,0.3586798611111111,daily02/plastic_umbrella2.mp3
1952,sound_1952.mp3,plastic_umbrella3.mp3,freeaudio/daily02,freeaudio/daily02/daily02/plastic_umbrella3.mp3,6.156041666666667,0.1026006944444444,daily02/plastic_umbrella3.mp3
1953,sound_1953.mp3,pencil_sharpner1.mp3,freeaudio/daily02,freeaudio/daily02/daily02/pencil_sharpner1.mp3,6.264625850340136,0.1044104308390022,daily02/pencil_sharpner1.mp3
1954,sound_1954.mp3,rub_tatami_mat.mp3,freeaudio/daily02,freeaudio/daily02/daily02/rub_tatami_mat.mp3,6.601451247165532,0.1100241874527588,daily02/rub_tatami_mat.mp3
1955,sound_1955.mp3,plastic_bag.mp3,freeaudio/daily02,freeaudio/daily02/daily02/plastic_bag.mp3,13.32,0.222,daily02/plastic_bag.mp3
1956,sound_1956.mp3,eat_crunchy_chips2.mp3,freeaudio/eating01.zip,freeaudio/eating01/eating01/eat_crunchy_chips2.mp3,16.219138321995466,0.2703189720332578,eating01/eat_crunchy_chips2.mp3
1957,sound_1957.mp3,eat_Senbei1.mp3,freeaudio/eating01.zip,freeaudio/eating01/eating01/eat_Senbei1.mp3,6.482358276643991,0.1080393046107331,eating01/eat_Senbei1.mp3
1958,sound_1958.mp3,eat_Senbei2.mp3,freeaudio/eating01.zip,freeaudio/eating01/eating01/eat_Senbei2.mp3,8.788458049886621,0.1464743008314437,eating01/eat_Senbei2.mp3
1959,sound_1959.mp3,eat_Senbei3.mp3,freeaudio/eating01.zip,freeaudio/eating01/eating01/eat_Senbei3.mp3,18.02687074829932,0.3004478458049887,eating01/eat_Senbei3.mp3
1960,sound_1960.mp3,eat_Senbei_slowly4.mp3,freeaudio/eating01.zip,freeaudio/eating01/eating01/eat_Senbei_slowly4.mp3,5.853833333333333,0.0975638888888888,eating01/eat_Senbei_slowly4.mp3
1961,sound_1961.mp3,make_instant_coffee.mp3,freeaudio/eating01.zip,freeaudio/eating01/eating01/make_instant_coffee.mp3,8.257052154195012,0.1376175359032502,eating01/make_instant_coffee.mp3
1962,sound_1962.mp3,open_soda_can_pour.mp3,freeaudio/eating01.zip,freeaudio/eating01/eating01/open_soda_can_pour.mp3,10.992,0.1832,eating01/open_soda_can_pour.mp3
1963,sound_1963.mp3,op_bag_of_sweets.mp3,freeaudio/eating01.zip,freeaudio/eating01/eating01/op_bag_of_sweets.mp3,6.115583333333333,0.1019263888888888,eating01/op_bag_of_sweets.mp3
1964,sound_1964.mp3,pour_cold_tea.mp3,freeaudio/eating01.zip,freeaudio/eating01/eating01/pour_cold_tea.mp3,6.912,0.1152,eating01/pour_cold_tea.mp3
1965,sound_1965.mp3,pour_hot_tea.mp3,freeaudio/eating01.zip,freeaudio/eating01/eating01/pour_hot_tea.mp3,6.178004535147393,0.1029667422524565,eating01/pour_hot_tea.mp3
1966,sound_1966.mp3,pour_HW_from_kettle.mp3,freeaudio/eating01.zip,freeaudio/eating01/eating01/pour_HW_from_kettle.mp3,22.41956916099773,0.3736594860166288,eating01/pour_HW_from_kettle.mp3
1967,sound_1967.mp3,pour_HW_from_pot.mp3,freeaudio/eating01.zip,freeaudio/eating01/eating01/pour_HW_from_pot.mp3,7.892562358276644,0.1315427059712774,eating01/pour_HW_from_pot.mp3
1968,sound_1968.mp3,pour_HW_thermos.mp3,freeaudio/eating01.zip,freeaudio/eating01/eating01/pour_HW_thermos.mp3,11.51201814058957,0.1918669690098261,eating01/pour_HW_thermos.mp3
1969,sound_1969.mp3,pour_Sake.mp3,freeaudio/eating01.zip,freeaudio/eating01/eating01/pour_Sake.mp3,7.183673469387755,0.1197278911564625,eating01/pour_Sake.mp3
1970,sound_1970.mp3,pour_soda.mp3,freeaudio/eating01.zip,freeaudio/eating01/eating01/pour_soda.mp3,9.048,0.1508,eating01/pour_soda.mp3
1971,sound_1971.mp3,put_cereal_plate1.mp3,freeaudio/eating01.zip,freeaudio/eating01/eating01/put_cereal_plate1.mp3,11.77657596371882,0.1962762660619803,eating01/put_cereal_plate1.mp3
1972,sound_1972.mp3,sip_hot_tea2.mp3,freeaudio/eating01.zip,freeaudio/eating01/eating01/sip_hot_tea2.mp3,5.003356009070295,0.0833892668178382,eating01/sip_hot_tea2.mp3
1973,sound_1973.mp3,stir_espresso.mp3,freeaudio/eating01.zip,freeaudio/eating01/eating01/stir_espresso.mp3,10.872,0.1812,eating01/stir_espresso.mp3
1974,sound_1974.mp3,stir_tea.mp3,freeaudio/eating01.zip,freeaudio/eating01/eating01/stir_tea.mp3,7.848,0.1308,eating01/stir_tea.mp3
1975,sound_1975.mp3,airplane1.mp3,freeaudio/transfer01.zip,freeaudio/transfer01/transfer01/airplane1.mp3,21.072,0.3512,transfer01/airplane1.mp3
1976,sound_1976.mp3,airport1.mp3,freeaudio/transfer01.zip,freeaudio/transfer01/transfer01/airport1.mp3,39.408,0.6568,transfer01/airport1.mp3
1977,sound_1977.mp3,airport_ann1.mp3,freeaudio/transfer01.zip,freeaudio/transfer01/transfer01/airport_ann1.mp3,73.97303854875284,1.2328839758125474,transfer01/airport_ann1.mp3
1978,sound_1978.mp3,airport_ann2.mp3,freeaudio/transfer01.zip,freeaudio/transfer01/transfer01/airport_ann2.mp3,80.61444444444444,1.343574074074074,transfer01/airport_ann2.mp3
1979,sound_1979.mp3,bicycle_wheel.mp3,freeaudio/transfer01.zip,freeaudio/transfer01/transfer01/bicycle_wheel.mp3,62.256,1.0376,transfer01/bicycle_wheel.mp3
1980,sound_1980.mp3,boat_engine.mp3,freeaudio/transfer01.zip,freeaudio/transfer01/transfer01/boat_engine.mp3,27.678185941043083,0.4613030990173847,transfer01/boat_engine.mp3
1981,sound_1981.mp3,bus_engine.mp3,freeaudio/transfer01.zip,freeaudio/transfer01/transfer01/bus_engine.mp3,8.6378231292517,0.1439637188208616,transfer01/bus_engine.mp3
1982,sound_1982.mp3,engine_room.mp3,freeaudio/transfer01.zip,freeaudio/transfer01/transfer01/engine_room.mp3,21.32172335600907,0.3553620559334845,transfer01/engine_room.mp3
1983,sound_1983.mp3,Hakata_station1.mp3,freeaudio/transfer01.zip,freeaudio/transfer01/transfer01/Hakata_station1.mp3,225.52138321995463,3.7586897203325775,transfer01/Hakata_station1.mp3
1984,sound_1984.mp3,helicopter1.mp3,freeaudio/transfer01.zip,freeaudio/transfer01/transfer01/helicopter1.mp3,35.472,0.5912000000000001,transfer01/helicopter1.mp3
1985,sound_1985.mp3,high_speed_fan.mp3,freeaudio/transfer01.zip,freeaudio/transfer01/transfer01/high_speed_fan.mp3,13.639909297052156,0.2273318216175359,transfer01/high_speed_fan.mp3
1986,sound_1986.mp3,l_spd_Shinkansen1.mp3,freeaudio/transfer01.zip,freeaudio/transfer01/transfer01/l_spd_Shinkansen1.mp3,15.192,0.2532,transfer01/l_spd_Shinkansen1.mp3
1987,sound_1987.mp3,l_spd_Shinkansen2.mp3,freeaudio/transfer01.zip,freeaudio/transfer01/transfer01/l_spd_Shinkansen2.mp3,13.656,0.2276,transfer01/l_spd_Shinkansen2.mp3
1988,sound_1988.mp3,l_spd_Shinkansen3.mp3,freeaudio/transfer01.zip,freeaudio/transfer01/transfer01/l_spd_Shinkansen3.mp3,109.10497916666668,1.8184163194444445,transfer01/l_spd_Shinkansen3.mp3
1989,sound_1989.mp3,on_airplane1.mp3,freeaudio/transfer01.zip,freeaudio/transfer01/transfer01/on_airplane1.mp3,59.50693877551021,0.9917823129251702,transfer01/on_airplane1.mp3
1990,sound_1990.mp3,on_airplane2.mp3,freeaudio/transfer01.zip,freeaudio/transfer01/transfer01/on_airplane2.mp3,122.92770975056688,2.0487951625094483,transfer01/on_airplane2.mp3
1991,sound_1991.mp3,on_airplane3.mp3,freeaudio/transfer01.zip,freeaudio/transfer01/transfer01/on_airplane3.mp3,59.87265306122449,0.9978775510204082,transfer01/on_airplane3.mp3
1992,sound_1992.mp3,on_airplane4.mp3,freeaudio/transfer01.zip,freeaudio/transfer01/transfer01/on_airplane4.mp3,779.9553968253969,12.999256613756614,transfer01/on_airplane4.mp3
1993,sound_1993.mp3,on_bus1.mp3,freeaudio/transfer01.zip,freeaudio/transfer01/transfer01/on_bus1.mp3,50.52,0.8420000000000001,transfer01/on_bus1.mp3
1994,sound_1994.mp3,on_bus2.mp3,freeaudio/transfer01.zip,freeaudio/transfer01/transfer01/on_bus2.mp3,54.696,0.9116,transfer01/on_bus2.mp3
1995,sound_1995.mp3,on_bus3.mp3,freeaudio/transfer01.zip,freeaudio/transfer01/transfer01/on_bus3.mp3,48.93697916666667,0.8156163194444445,transfer01/on_bus3.mp3
1996,sound_1996.mp3,on_subway.mp3,freeaudio/transfer01.zip,freeaudio/transfer01/transfer01/on_subway.mp3,58.872,0.9812,transfer01/on_subway.mp3
1997,sound_1997.mp3,on_train1.mp3,freeaudio/transfer01.zip,freeaudio/transfer01/transfer01/on_train1.mp3,66.792,1.1132,transfer01/on_train1.mp3
1998,sound_1998.mp3,on_train2.mp3,freeaudio/transfer01.zip,freeaudio/transfer01/transfer01/on_train2.mp3,110.7591836734694,1.8459863945578232,transfer01/on_train2.mp3
1999,sound_1999.mp3,overnight_bus.mp3,freeaudio/transfer01.zip,freeaudio/transfer01/transfer01/overnight_bus.mp3,24.450612244897957,0.4075102040816326,transfer01/overnight_bus.mp3
2000,sound_2000.mp3,railbridge1.mp3,freeaudio/transfer01.zip,freeaudio/transfer01/transfer01/railbridge1.mp3,8.243492063492063,0.1373915343915343,transfer01/railbridge1.mp3
2001,sound_2001.mp3,railbridge2.mp3,freeaudio/transfer01.zip,freeaudio/transfer01/transfer01/railbridge2.mp3,9.30780045351474,0.1551300075585789,transfer01/railbridge2.mp3
2002,sound_2002.mp3,railbridge3.mp3,freeaudio/transfer01.zip,freeaudio/transfer01/transfer01/railbridge3.mp3,10.033832199546485,0.1672305366591081,transfer01/railbridge3.mp3
2003,sound_2003.mp3,railbridge4.mp3,freeaudio/transfer01.zip,freeaudio/transfer01/transfer01/railbridge4.mp3,10.305555555555555,0.1717592592592592,transfer01/railbridge4.mp3
2004,sound_2004.mp3,rail_station.mp3,freeaudio/transfer01.zip,freeaudio/transfer01/transfer01/rail_station.mp3,64.152,1.0692,transfer01/rail_station.mp3
2005,sound_2005.mp3,Shinjuku_station.mp3,freeaudio/transfer01.zip,freeaudio/transfer01/transfer01/Shinjuku_station.mp3,73.06448979591836,1.2177414965986393,transfer01/Shinjuku_station.mp3
2006,sound_2006.mp3,Shinkansen1.mp3,freeaudio/transfer01.zip,freeaudio/transfer01/transfer01/Shinkansen1.mp3,443.8609375,7.397682291666667,transfer01/Shinkansen1.mp3
2007,sound_2007.mp3,Shinkansen2.mp3,freeaudio/transfer01.zip,freeaudio/transfer01/transfer01/Shinkansen2.mp3,259.6124791666667,4.326874652777778,transfer01/Shinkansen2.mp3
2008,sound_2008.mp3,Shinkansen3.mp3,freeaudio/transfer01.zip,freeaudio/transfer01/transfer01/Shinkansen3.mp3,110.972,1.8495333333333333,transfer01/Shinkansen3.mp3
2009,sound_2009.mp3,Shinkansen4.mp3,freeaudio/transfer01.zip,freeaudio/transfer01/transfer01/Shinkansen4.mp3,94.70895833333331,1.5784826388888888,transfer01/Shinkansen4.mp3
2010,sound_2010.mp3,Shinkansen5.mp3,freeaudio/transfer01.zip,freeaudio/transfer01/transfer01/Shinkansen5.mp3,126.5994375,2.109990625,transfer01/Shinkansen5.mp3
2011,sound_2011.mp3,Shinkansen_arrival.mp3,freeaudio/transfer01.zip,freeaudio/transfer01/transfer01/Shinkansen_arrival.mp3,51.984,0.8664000000000001,transfer01/Shinkansen_arrival.mp3
2012,sound_2012.mp3,Shinkansen_siren.mp3,freeaudio/transfer01.zip,freeaudio/transfer01/transfer01/Shinkansen_siren.mp3,40.68,0.678,transfer01/Shinkansen_siren.mp3
2013,sound_2013.mp3,Shinkansen_stn1.mp3,freeaudio/transfer01.zip,freeaudio/transfer01/transfer01/Shinkansen_stn1.mp3,62.136,1.0356,transfer01/Shinkansen_stn1.mp3
2014,sound_2014.mp3,Shinkansen_stn2.mp3,freeaudio/transfer01.zip,freeaudio/transfer01/transfer01/Shinkansen_stn2.mp3,189.168,3.1528,transfer01/Shinkansen_stn2.mp3
2015,sound_2015.mp3,Shinkansen_stopped.mp3,freeaudio/transfer01.zip,freeaudio/transfer01/transfer01/Shinkansen_stopped.mp3,41.23883333333333,0.6873138888888889,transfer01/Shinkansen_stopped.mp3
2016,sound_2016.mp3,station_ann.mp3,freeaudio/transfer01.zip,freeaudio/transfer01/transfer01/station_ann.mp3,21.48,0.358,transfer01/station_ann.mp3
2017,sound_2017.mp3,station_evening1.mp3,freeaudio/transfer01.zip,freeaudio/transfer01/transfer01/station_evening1.mp3,28.608,0.4768,transfer01/station_evening1.mp3
2018,sound_2018.mp3,station_evening2.mp3,freeaudio/transfer01.zip,freeaudio/transfer01/transfer01/station_evening2.mp3,38.976,0.6496,transfer01/station_evening2.mp3
2019,sound_2019.mp3,station_ticket_gate1.mp3,freeaudio/transfer01.zip,freeaudio/transfer01/transfer01/station_ticket_gate1.mp3,137.856,2.2976,transfer01/station_ticket_gate1.mp3
2020,sound_2020.mp3,station_ticket_gate2.mp3,freeaudio/transfer01.zip,freeaudio/transfer01/transfer01/station_ticket_gate2.mp3,59.08897916666667,0.9848163194444444,transfer01/station_ticket_gate2.mp3
2021,sound_2021.mp3,subway_arrive.mp3,freeaudio/transfer01.zip,freeaudio/transfer01/transfer01/subway_arrive.mp3,36.984,0.6164000000000001,transfer01/subway_arrive.mp3
2022,sound_2022.mp3,subway_departure.mp3,freeaudio/transfer01.zip,freeaudio/transfer01/transfer01/subway_departure.mp3,47.52,0.792,transfer01/subway_departure.mp3
2023,sound_2023.mp3,subway_gate_ent.mp3,freeaudio/transfer01.zip,freeaudio/transfer01/transfer01/subway_gate_ent.mp3,76.704,1.2784,transfer01/subway_gate_ent.mp3
2024,sound_2024.mp3,subway_slow_down.mp3,freeaudio/transfer01.zip,freeaudio/transfer01/transfer01/subway_slow_down.mp3,24.768,0.4128,transfer01/subway_slow_down.mp3
2025,sound_2025.mp3,subway_speed_up.mp3,freeaudio/transfer01.zip,freeaudio/transfer01/transfer01/subway_speed_up.mp3,28.752,0.4791999999999999,transfer01/subway_speed_up.mp3
2026,sound_2026.mp3,subway_ticket_VM1.mp3,freeaudio/transfer01.zip,freeaudio/transfer01/transfer01/subway_ticket_VM1.mp3,15.984,0.2664,transfer01/subway_ticket_VM1.mp3
2027,sound_2027.mp3,subway_ticket_VM2.mp3,freeaudio/transfer01.zip,freeaudio/transfer01/transfer01/subway_ticket_VM2.mp3,33.46366666666667,0.5577277777777778,transfer01/subway_ticket_VM2.mp3
2028,sound_2028.mp3,taking_off1.mp3,freeaudio/transfer01.zip,freeaudio/transfer01/transfer01/taking_off1.mp3,70.0698185941043,1.1678303099017384,transfer01/taking_off1.mp3
2029,sound_2029.mp3,taking_off2.mp3,freeaudio/transfer01.zip,freeaudio/transfer01/transfer01/taking_off2.mp3,540.3552380952381,9.005920634920635,transfer01/taking_off2.mp3
2030,sound_2030.mp3,ticket_vdg_machine.mp3,freeaudio/transfer01.zip,freeaudio/transfer01/transfer01/ticket_vdg_machine.mp3,17.688,0.2948,transfer01/ticket_vdg_machine.mp3
2031,sound_2031.mp3,toll_bar.mp3,freeaudio/transfer01.zip,freeaudio/transfer01/transfer01/toll_bar.mp3,25.129795918367343,0.4188299319727891,transfer01/toll_bar.mp3
2032,sound_2032.mp3,train_pass_by1.mp3,freeaudio/transfer01.zip,freeaudio/transfer01/transfer01/train_pass_by1.mp3,14.262857142857143,0.2377142857142857,transfer01/train_pass_by1.mp3
2033,sound_2033.mp3,train_pass_by2.mp3,freeaudio/transfer01.zip,freeaudio/transfer01/transfer01/train_pass_by2.mp3,112.53551020408165,1.8755918367346935,transfer01/train_pass_by2.mp3
2034,sound_2034.mp3,train_pass_by3.mp3,freeaudio/transfer01.zip,freeaudio/transfer01/transfer01/train_pass_by3.mp3,74.34448979591836,1.2390748299319727,transfer01/train_pass_by3.mp3
2035,sound_2035.mp3,train_pass_by4.mp3,freeaudio/transfer01.zip,freeaudio/transfer01/transfer01/train_pass_by4.mp3,144.16979591836736,2.4028299319727893,transfer01/train_pass_by4.mp3
2036,sound_2036.mp3,train_start1.mp3,freeaudio/transfer01.zip,freeaudio/transfer01/transfer01/train_start1.mp3,29.424,0.4904,transfer01/train_start1.mp3
2037,sound_2037.mp3,train_start2.mp3,freeaudio/transfer01.zip,freeaudio/transfer01/transfer01/train_start2.mp3,41.016979166666665,0.6836163194444445,transfer01/train_start2.mp3
2038,sound_2038.mp3,bake_in_oven.mp3,freeaudio/cooking01.zip,freeaudio/cooking01/cooking01/bake_in_oven.mp3,25.488,0.4248,cooking01/bake_in_oven.mp3
2039,sound_2039.mp3,boiling_kettle.mp3,freeaudio/cooking01.zip,freeaudio/cooking01/cooking01/boiling_kettle.mp3,31.16117913832199,0.5193529856386999,cooking01/boiling_kettle.mp3
2040,sound_2040.mp3,clear_dishes1.mp3,freeaudio/cooking01.zip,freeaudio/cooking01/cooking01/clear_dishes1.mp3,6.817097505668934,0.1136182917611488,cooking01/clear_dishes1.mp3
2041,sound_2041.mp3,clear_dishes2.mp3,freeaudio/cooking01.zip,freeaudio/cooking01/cooking01/clear_dishes2.mp3,24.722403628117913,0.4120400604686319,cooking01/clear_dishes2.mp3
2042,sound_2042.mp3,clear_dishes3.mp3,freeaudio/cooking01.zip,freeaudio/cooking01/cooking01/clear_dishes3.mp3,5.49734693877551,0.0916224489795918,cooking01/clear_dishes3.mp3
2043,sound_2043.mp3,cover_pot_stew.mp3,freeaudio/cooking01.zip,freeaudio/cooking01/cooking01/cover_pot_stew.mp3,16.128,0.2688,cooking01/cover_pot_stew.mp3
2044,sound_2044.mp3,cut_burdock_root.mp3,freeaudio/cooking01.zip,freeaudio/cooking01/cooking01/cut_burdock_root.mp3,7.92453514739229,0.1320755857898715,cooking01/cut_burdock_root.mp3
2045,sound_2045.mp3,cut_green_pepper3.mp3,freeaudio/cooking01.zip,freeaudio/cooking01/cooking01/cut_green_pepper3.mp3,36.33267573696145,0.6055445956160241,cooking01/cut_green_pepper3.mp3
2046,sound_2046.mp3,cut_green_pepper4.mp3,freeaudio/cooking01.zip,freeaudio/cooking01/cooking01/cut_green_pepper4.mp3,86.32714285714286,1.4387857142857143,cooking01/cut_green_pepper4.mp3
2047,sound_2047.mp3,cut_potato.mp3,freeaudio/cooking01.zip,freeaudio/cooking01/cooking01/cut_potato.mp3,7.555170068027211,0.1259195011337868,cooking01/cut_potato.mp3
2048,sound_2048.mp3,cut_potato_slowly.mp3,freeaudio/cooking01.zip,freeaudio/cooking01/cooking01/cut_potato_slowly.mp3,16.811655328798185,0.2801942554799697,cooking01/cut_potato_slowly.mp3
2049,sound_2049.mp3,electric_kettle1.mp3,freeaudio/cooking01.zip,freeaudio/cooking01/cooking01/electric_kettle1.mp3,27.02795918367347,0.4504659863945578,cooking01/electric_kettle1.mp3
2050,sound_2050.mp3,electric_kettle2.mp3,freeaudio/cooking01.zip,freeaudio/cooking01/cooking01/electric_kettle2.mp3,17.578344671201815,0.2929724111866969,cooking01/electric_kettle2.mp3
2051,sound_2051.mp3,fry_potatoes.mp3,freeaudio/cooking01.zip,freeaudio/cooking01/cooking01/fry_potatoes.mp3,32.986938775510204,0.5497823129251701,cooking01/fry_potatoes.mp3
2052,sound_2052.mp3,fry_wiener_sausage.mp3,freeaudio/cooking01.zip,freeaudio/cooking01/cooking01/fry_wiener_sausage.mp3,34.61022675736962,0.576837112622827,cooking01/fry_wiener_sausage.mp3
2053,sound_2053.mp3,grated_radish1.mp3,freeaudio/cooking01.zip,freeaudio/cooking01/cooking01/grated_radish1.mp3,6.030068027210884,0.100501133786848,cooking01/grated_radish1.mp3
2054,sound_2054.mp3,grated_radish2.mp3,freeaudio/cooking01.zip,freeaudio/cooking01/cooking01/grated_radish2.mp3,9.429773242630386,0.1571628873771731,cooking01/grated_radish2.mp3
2055,sound_2055.mp3,kitchen_timer.mp3,freeaudio/cooking01.zip,freeaudio/cooking01/cooking01/kitchen_timer.mp3,16.089410430839003,0.2681568405139833,cooking01/kitchen_timer.mp3
2056,sound_2056.mp3,kitchen_vent_fan.mp3,freeaudio/cooking01.zip,freeaudio/cooking01/cooking01/kitchen_vent_fan.mp3,31.32,0.522,cooking01/kitchen_vent_fan.mp3
2057,sound_2057.mp3,melt_butter_pan.mp3,freeaudio/cooking01.zip,freeaudio/cooking01/cooking01/melt_butter_pan.mp3,7.020521541950114,0.1170086923658352,cooking01/melt_butter_pan.mp3
2058,sound_2058.mp3,microwave1.mp3,freeaudio/cooking01.zip,freeaudio/cooking01/cooking01/microwave1.mp3,21.144,0.3524,cooking01/microwave1.mp3
2059,sound_2059.mp3,microwave2.mp3,freeaudio/cooking01.zip,freeaudio/cooking01/cooking01/microwave2.mp3,25.207104166666667,0.4201184027777778,cooking01/microwave2.mp3
2060,sound_2060.mp3,microwave3.mp3,freeaudio/cooking01.zip,freeaudio/cooking01/cooking01/microwave3.mp3,6.086375,0.1014395833333333,cooking01/microwave3.mp3
2061,sound_2061.mp3,microwave4.mp3,freeaudio/cooking01.zip,freeaudio/cooking01/cooking01/microwave4.mp3,32.1734375,0.5362239583333334,cooking01/microwave4.mp3
2062,sound_2062.mp3,mix_egg1.mp3,freeaudio/cooking01.zip,freeaudio/cooking01/cooking01/mix_egg1.mp3,12.700453514739229,0.2116742252456538,cooking01/mix_egg1.mp3
2063,sound_2063.mp3,mix_egg2.mp3,freeaudio/cooking01.zip,freeaudio/cooking01/cooking01/mix_egg2.mp3,7.940136054421768,0.1323356009070294,cooking01/mix_egg2.mp3
2064,sound_2064.mp3,mix_egg3.mp3,freeaudio/cooking01.zip,freeaudio/cooking01/cooking01/mix_egg3.mp3,9.398526077097506,0.1566421012849584,cooking01/mix_egg3.mp3
2065,sound_2065.mp3,mix_egg4.mp3,freeaudio/cooking01.zip,freeaudio/cooking01/cooking01/mix_egg4.mp3,7.813424036281179,0.1302237339380196,cooking01/mix_egg4.mp3
2066,sound_2066.mp3,open_rice_cooker1.mp3,freeaudio/cooking01.zip,freeaudio/cooking01/cooking01/open_rice_cooker1.mp3,5.571927437641723,0.0928654572940287,cooking01/open_rice_cooker1.mp3
2067,sound_2067.mp3,pan_fry_bacon.mp3,freeaudio/cooking01.zip,freeaudio/cooking01/cooking01/pan_fry_bacon.mp3,15.49655328798186,0.258275888133031,cooking01/pan_fry_bacon.mp3
2068,sound_2068.mp3,pan_fry_steak1.mp3,freeaudio/cooking01.zip,freeaudio/cooking01/cooking01/pan_fry_steak1.mp3,56.540181405895694,0.9423363567649282,cooking01/pan_fry_steak1.mp3
2069,sound_2069.mp3,pan_fry_steak2.mp3,freeaudio/cooking01.zip,freeaudio/cooking01/cooking01/pan_fry_steak2.mp3,30.47532879818594,0.5079221466364323,cooking01/pan_fry_steak2.mp3
2070,sound_2070.mp3,pan_fry_steak3.mp3,freeaudio/cooking01.zip,freeaudio/cooking01/cooking01/pan_fry_steak3.mp3,43.72469387755102,0.7287448979591836,cooking01/pan_fry_steak3.mp3
2071,sound_2071.mp3,put_bottles_away.mp3,freeaudio/cooking01.zip,freeaudio/cooking01/cooking01/put_bottles_away.mp3,18.018684807256236,0.3003114134542706,cooking01/put_bottles_away.mp3
2072,sound_2072.mp3,put_cups_away.mp3,freeaudio/cooking01.zip,freeaudio/cooking01/cooking01/put_cups_away.mp3,16.10260770975057,0.2683767951625094,cooking01/put_cups_away.mp3
2073,sound_2073.mp3,put_water_in_pot1.mp3,freeaudio/cooking01.zip,freeaudio/cooking01/cooking01/put_water_in_pot1.mp3,11.81328798185941,0.1968881330309901,cooking01/put_water_in_pot1.mp3
2074,sound_2074.mp3,put_water_in_pot2.mp3,freeaudio/cooking01.zip,freeaudio/cooking01/cooking01/put_water_in_pot2.mp3,8.161201814058957,0.1360200302343159,cooking01/put_water_in_pot2.mp3
2075,sound_2075.mp3,remove_lid_stew.mp3,freeaudio/cooking01.zip,freeaudio/cooking01/cooking01/remove_lid_stew.mp3,14.856,0.2476,cooking01/remove_lid_stew.mp3
2076,sound_2076.mp3,shave_burdock_root1.mp3,freeaudio/cooking01.zip,freeaudio/cooking01/cooking01/shave_burdock_root1.mp3,52.14600907029479,0.8691001511715798,cooking01/shave_burdock_root1.mp3
2077,sound_2077.mp3,shave_burdock_root2.mp3,freeaudio/cooking01.zip,freeaudio/cooking01/cooking01/shave_burdock_root2.mp3,13.081451247165534,0.2180241874527589,cooking01/shave_burdock_root2.mp3
2078,sound_2078.mp3,simmer.mp3,freeaudio/cooking01.zip,freeaudio/cooking01/cooking01/simmer.mp3,16.224,0.2704,cooking01/simmer.mp3
2079,sound_2079.mp3,stir_fry.mp3,freeaudio/cooking01.zip,freeaudio/cooking01/cooking01/stir_fry.mp3,44.93061224489796,0.748843537414966,cooking01/stir_fry.mp3
2080,sound_2080.mp3,stir_fry_vegetables.mp3,freeaudio/cooking01.zip,freeaudio/cooking01/cooking01/stir_fry_vegetables.mp3,41.40117913832199,0.6900196523053665,cooking01/stir_fry_vegetables.mp3
2081,sound_2081.mp3,t_on_gas_stove1.mp3,freeaudio/cooking01.zip,freeaudio/cooking01/cooking01/t_on_gas_stove1.mp3,18.624,0.3103999999999999,cooking01/t_on_gas_stove1.mp3
2082,sound_2082.mp3,t_on_gas_stove2.mp3,freeaudio/cooking01.zip,freeaudio/cooking01/cooking01/t_on_gas_stove2.mp3,7.650839002267574,0.1275139833711262,cooking01/t_on_gas_stove2.mp3
2083,sound_2083.mp3,t_on_gas_stove3.mp3,freeaudio/cooking01.zip,freeaudio/cooking01/cooking01/t_on_gas_stove3.mp3,10.128,0.1688,cooking01/t_on_gas_stove3.mp3
2084,sound_2084.mp3,wash_dishes1.mp3,freeaudio/cooking01.zip,freeaudio/cooking01/cooking01/wash_dishes1.mp3,59.808,0.9968,cooking01/wash_dishes1.mp3
2085,sound_2085.mp3,wash_dishes2.mp3,freeaudio/cooking01.zip,freeaudio/cooking01/cooking01/wash_dishes2.mp3,249.31267573696144,4.15521126228269,cooking01/wash_dishes2.mp3
2086,sound_2086.mp3,water_into_kettle.mp3,freeaudio/cooking01.zip,freeaudio/cooking01/cooking01/water_into_kettle.mp3,13.2,0.22,cooking01/water_into_kettle.mp3
2087,sound_2087.mp3,water_into_pot1.mp3,freeaudio/cooking01.zip,freeaudio/cooking01/cooking01/water_into_pot1.mp3,6.953922902494331,0.1158987150415721,cooking01/water_into_pot1.mp3
2088,sound_2088.mp3,water_into_pot2.mp3,freeaudio/cooking01.zip,freeaudio/cooking01/cooking01/water_into_pot2.mp3,8.15267573696145,0.1358779289493575,cooking01/water_into_pot2.mp3
2089,sound_2089.mp3,water_into_pot3.mp3,freeaudio/cooking01.zip,freeaudio/cooking01/cooking01/water_into_pot3.mp3,10.070521541950113,0.1678420256991685,cooking01/water_into_pot3.mp3
2090,sound_2090.mp3,camera_cont_shoot1.mp3,freeaudio/pc01.zip,freeaudio/pc01/pc01/camera_cont_shoot1.mp3,11.599770833333332,0.1933295138888889,pc01/camera_cont_shoot1.mp3
2091,sound_2091.mp3,camera_cont_shoot2.mp3,freeaudio/pc01.zip,freeaudio/pc01/pc01/camera_cont_shoot2.mp3,16.337791666666668,0.2722965277777778,pc01/camera_cont_shoot2.mp3
2092,sound_2092.mp3,camera_cont_shoot3.mp3,freeaudio/pc01.zip,freeaudio/pc01/pc01/camera_cont_shoot3.mp3,7.024036281179138,0.1170672713529856,pc01/camera_cont_shoot3.mp3
2093,sound_2093.mp3,close_disk_tray2.mp3,freeaudio/pc01.zip,freeaudio/pc01/pc01/close_disk_tray2.mp3,18.00102083333333,0.3000170138888888,pc01/close_disk_tray2.mp3
2094,sound_2094.mp3,continuous_print.mp3,freeaudio/pc01.zip,freeaudio/pc01/pc01/continuous_print.mp3,24.315600907029477,0.405260015117158,pc01/continuous_print.mp3
2095,sound_2095.mp3,eject_disk1.mp3,freeaudio/pc01.zip,freeaudio/pc01/pc01/eject_disk1.mp3,8.409501133786849,0.1401583522297808,pc01/eject_disk1.mp3
2096,sound_2096.mp3,high_speed_print.mp3,freeaudio/pc01.zip,freeaudio/pc01/pc01/high_speed_print.mp3,20.62108843537415,0.3436848072562358,pc01/high_speed_print.mp3
2097,sound_2097.mp3,humming_noise.mp3,freeaudio/pc01.zip,freeaudio/pc01/pc01/humming_noise.mp3,5.04165,0.0840274999999999,pc01/humming_noise.mp3
2098,sound_2098.mp3,new_printer.mp3,freeaudio/pc01.zip,freeaudio/pc01/pc01/new_printer.mp3,11.009478458049887,0.1834913076341648,pc01/new_printer.mp3
2099,sound_2099.mp3,old_printer.mp3,freeaudio/pc01.zip,freeaudio/pc01/pc01/old_printer.mp3,37.2,0.62,pc01/old_printer.mp3
2100,sound_2100.mp3,put_disc_in_drive1.mp3,freeaudio/pc01.zip,freeaudio/pc01/pc01/put_disc_in_drive1.mp3,22.73510204081633,0.3789183673469388,pc01/put_disc_in_drive1.mp3
2101,sound_2101.mp3,scaner1.mp3,freeaudio/pc01.zip,freeaudio/pc01/pc01/scaner1.mp3,15.010430839002268,0.2501738473167044,pc01/scaner1.mp3
2102,sound_2102.mp3,scaner2.mp3,freeaudio/pc01.zip,freeaudio/pc01/pc01/scaner2.mp3,26.541043083900227,0.4423507180650038,pc01/scaner2.mp3
2103,sound_2103.mp3,speed_cont_print.mp3,freeaudio/pc01.zip,freeaudio/pc01/pc01/speed_cont_print.mp3,43.929637188208616,0.7321606198034769,pc01/speed_cont_print.mp3
2104,sound_2104.mp3,tiny_server_room.mp3,freeaudio/pc01.zip,freeaudio/pc01/pc01/tiny_server_room.mp3,60.10580498866213,1.001763416477702,pc01/tiny_server_room.mp3
2105,sound_2105.mp3,type_in1.mp3,freeaudio/pc01.zip,freeaudio/pc01/pc01/type_in1.mp3,13.358458333333331,0.2226409722222222,pc01/type_in1.mp3
2106,sound_2106.mp3,type_in2.mp3,freeaudio/pc01.zip,freeaudio/pc01/pc01/type_in2.mp3,60.166333333333334,1.0027722222222222,pc01/type_in2.mp3
2107,sound_2107.mp3,type_in3.mp3,freeaudio/pc01.zip,freeaudio/pc01/pc01/type_in3.mp3,29.0664375,0.484440625,pc01/type_in3.mp3
2108,sound_2108.mp3,type_in4.mp3,freeaudio/pc01.zip,freeaudio/pc01/pc01/type_in4.mp3,11.809354166666669,0.1968225694444444,pc01/type_in4.mp3
2109,sound_2109.mp3,type_in5.mp3,freeaudio/pc01.zip,freeaudio/pc01/pc01/type_in5.mp3,14.34525,0.2390875,pc01/type_in5.mp3
2110,sound_2110.mp3,bathing1.mp3,freeaudio/wetarea01.zip,freeaudio/wetarea01/wetarea01/bathing1.mp3,15.624,0.2604,wetarea01/bathing1.mp3
2111,sound_2111.mp3,bathing2.mp3,freeaudio/wetarea01.zip,freeaudio/wetarea01/wetarea01/bathing2.mp3,15.624,0.2604,wetarea01/bathing2.mp3
2112,sound_2112.mp3,bathing3.mp3,freeaudio/wetarea01.zip,freeaudio/wetarea01/wetarea01/bathing3.mp3,24.87251700680272,0.4145419501133787,wetarea01/bathing3.mp3
2113,sound_2113.mp3,drain_bathtub.mp3,freeaudio/wetarea01.zip,freeaudio/wetarea01/wetarea01/drain_bathtub.mp3,5.108480725623583,0.0851413454270597,wetarea01/drain_bathtub.mp3
2114,sound_2114.mp3,drain_washbasin.mp3,freeaudio/wetarea01.zip,freeaudio/wetarea01/wetarea01/drain_washbasin.mp3,9.312154195011338,0.1552025699168556,wetarea01/drain_washbasin.mp3
2115,sound_2115.mp3,drip_down1.mp3,freeaudio/wetarea01.zip,freeaudio/wetarea01/wetarea01/drip_down1.mp3,70.26324263038549,1.171054043839758,wetarea01/drip_down1.mp3
2116,sound_2116.mp3,drops_on_bowl1.mp3,freeaudio/wetarea01.zip,freeaudio/wetarea01/wetarea01/drops_on_bowl1.mp3,50.82263038548753,0.8470438397581255,wetarea01/drops_on_bowl1.mp3
2117,sound_2117.mp3,drops_on_bowl2.mp3,freeaudio/wetarea01.zip,freeaudio/wetarea01/wetarea01/drops_on_bowl2.mp3,18.039954648526077,0.300665910808768,wetarea01/drops_on_bowl2.mp3
2118,sound_2118.mp3,drops_on_plate1.mp3,freeaudio/wetarea01.zip,freeaudio/wetarea01/wetarea01/drops_on_plate1.mp3,61.27006802721088,1.0211678004535147,wetarea01/drops_on_plate1.mp3
2119,sound_2119.mp3,drops_on_sink1.mp3,freeaudio/wetarea01.zip,freeaudio/wetarea01/wetarea01/drops_on_sink1.mp3,60.965873015873015,1.0160978835978836,wetarea01/drops_on_sink1.mp3
2120,sound_2120.mp3,filling_washbasin1.mp3,freeaudio/wetarea01.zip,freeaudio/wetarea01/wetarea01/filling_washbasin1.mp3,23.18873015873016,0.386478835978836,wetarea01/filling_washbasin1.mp3
2121,sound_2121.mp3,filling_washbasin2.mp3,freeaudio/wetarea01.zip,freeaudio/wetarea01/wetarea01/filling_washbasin2.mp3,27.257913832199545,0.4542985638699924,wetarea01/filling_washbasin2.mp3
2122,sound_2122.mp3,flush_in_old_toilet1.mp3,freeaudio/wetarea01.zip,freeaudio/wetarea01/wetarea01/flush_in_old_toilet1.mp3,15.264,0.2544,wetarea01/flush_in_old_toilet1.mp3
2123,sound_2123.mp3,flush_in_old_toilet2.mp3,freeaudio/wetarea01.zip,freeaudio/wetarea01/wetarea01/flush_in_old_toilet2.mp3,7.104,0.1184,wetarea01/flush_in_old_toilet2.mp3
2124,sound_2124.mp3,flush_in_toilet1.mp3,freeaudio/wetarea01.zip,freeaudio/wetarea01/wetarea01/flush_in_toilet1.mp3,9.5450625,0.159084375,wetarea01/flush_in_toilet1.mp3
2125,sound_2125.mp3,flush_in_toilet2.mp3,freeaudio/wetarea01.zip,freeaudio/wetarea01/wetarea01/flush_in_toilet2.mp3,34.2293125,0.5704885416666666,wetarea01/flush_in_toilet2.mp3
2126,sound_2126.mp3,flush_in_toilet3.mp3,freeaudio/wetarea01.zip,freeaudio/wetarea01/wetarea01/flush_in_toilet3.mp3,16.49425,0.2749041666666666,wetarea01/flush_in_toilet3.mp3
2127,sound_2127.mp3,get_out_of_bath.mp3,freeaudio/wetarea01.zip,freeaudio/wetarea01/wetarea01/get_out_of_bath.mp3,9.238548752834468,0.1539758125472411,wetarea01/get_out_of_bath.mp3
2128,sound_2128.mp3,Japanese_toilet.mp3,freeaudio/wetarea01.zip,freeaudio/wetarea01/wetarea01/Japanese_toilet.mp3,20.832,0.3472,wetarea01/Japanese_toilet.mp3
2129,sound_2129.mp3,leaking_shower1.mp3,freeaudio/wetarea01.zip,freeaudio/wetarea01/wetarea01/leaking_shower1.mp3,60.74294784580499,1.0123824640967498,wetarea01/leaking_shower1.mp3
2130,sound_2130.mp3,leaking_shower2.mp3,freeaudio/wetarea01.zip,freeaudio/wetarea01/wetarea01/leaking_shower2.mp3,60.7421768707483,1.0123696145124716,wetarea01/leaking_shower2.mp3
2131,sound_2131.mp3,leaking_shower3.mp3,freeaudio/wetarea01.zip,freeaudio/wetarea01/wetarea01/leaking_shower3.mp3,60.11238095238095,1.0018730158730158,wetarea01/leaking_shower3.mp3
2132,sound_2132.mp3,leaking_washbasin1.mp3,freeaudio/wetarea01.zip,freeaudio/wetarea01/wetarea01/leaking_washbasin1.mp3,61.72789115646258,1.028798185941043,wetarea01/leaking_washbasin1.mp3
2133,sound_2133.mp3,shower.mp3,freeaudio/wetarea01.zip,freeaudio/wetarea01/wetarea01/shower.mp3,15.144,0.2524,wetarea01/shower.mp3
2134,sound_2134.mp3,splash_water.mp3,freeaudio/wetarea01.zip,freeaudio/wetarea01/wetarea01/splash_water.mp3,17.08988662131519,0.2848314436885865,wetarea01/splash_water.mp3
2135,sound_2135.mp3,turn_on_off_water.mp3,freeaudio/wetarea01.zip,freeaudio/wetarea01/wetarea01/turn_on_off_water.mp3,5.650770975056689,0.0941795162509448,wetarea01/turn_on_off_water.mp3
2136,sound_2136.mp3,washbasin.mp3,freeaudio/wetarea01.zip,freeaudio/wetarea01/wetarea01/washbasin.mp3,7.176,0.1196,wetarea01/washbasin.mp3
2137,sound_2137.mp3,water_into_sink1.mp3,freeaudio/wetarea01.zip,freeaudio/wetarea01/wetarea01/water_into_sink1.mp3,5.071632653061225,0.0845272108843537,wetarea01/water_into_sink1.mp3
2138,sound_2138.mp3,water_into_sink2.mp3,freeaudio/wetarea01.zip,freeaudio/wetarea01/wetarea01/water_into_sink2.mp3,7.992630385487528,0.1332105064247921,wetarea01/water_into_sink2.mp3
2139,sound_2139.mp3,water_in_bath1.mp3,freeaudio/wetarea01.zip,freeaudio/wetarea01/wetarea01/water_in_bath1.mp3,23.394104308390023,0.389901738473167,wetarea01/water_in_bath1.mp3
2140,sound_2140.mp3,water_in_bath2.mp3,freeaudio/wetarea01.zip,freeaudio/wetarea01/wetarea01/water_in_bath2.mp3,83.7418820861678,1.3956980347694634,wetarea01/water_in_bath2.mp3
2141,sound_2141.mp3,water_in_bath3.mp3,freeaudio/wetarea01.zip,freeaudio/wetarea01/wetarea01/water_in_bath3.mp3,51.57829931972789,0.8596383219954649,wetarea01/water_in_bath3.mp3
2142,sound_2142.mp3,water_in_bath4.mp3,freeaudio/wetarea01.zip,freeaudio/wetarea01/wetarea01/water_in_bath4.mp3,64.6443537414966,1.07740589569161,wetarea01/water_in_bath4.mp3
2143,sound_2143.mp3,water_leak_drip.mp3,freeaudio/wetarea01.zip,freeaudio/wetarea01/wetarea01/water_leak_drip.mp3,15.623990929705217,0.2603998488284202,wetarea01/water_leak_drip.mp3
2144,sound_2144.mp3,alarm_clock_ring.mp3,freeaudio/electric01.zip,freeaudio/electric01/electric01/alarm_clock_ring.mp3,16.104,0.2683999999999999,electric01/alarm_clock_ring.mp3
2145,sound_2145.mp3,busy_tone.mp3,freeaudio/electric01.zip,freeaudio/electric01/electric01/busy_tone.mp3,8.426643990929705,0.140444066515495,electric01/busy_tone.mp3
2146,sound_2146.mp3,call_speed_dial.mp3,freeaudio/electric01.zip,freeaudio/electric01/electric01/call_speed_dial.mp3,9.94095238095238,0.1656825396825396,electric01/call_speed_dial.mp3
2147,sound_2147.mp3,clock_ticking.mp3,freeaudio/electric01.zip,freeaudio/electric01/electric01/clock_ticking.mp3,12.096,0.2016,electric01/clock_ticking.mp3
2148,sound_2148.mp3,clock_tick_1min.mp3,freeaudio/electric01.zip,freeaudio/electric01/electric01/clock_tick_1min.mp3,60.009375,1.00015625,electric01/clock_tick_1min.mp3
2149,sound_2149.mp3,clock_tick_in_hall.mp3,freeaudio/electric01.zip,freeaudio/electric01/electric01/clock_tick_in_hall.mp3,12.096,0.2016,electric01/clock_tick_in_hall.mp3
2150,sound_2150.mp3,color_bar_signal.mp3,freeaudio/electric01.zip,freeaudio/electric01/electric01/color_bar_signal.mp3,6.086530612244898,0.1014421768707483,electric01/color_bar_signal.mp3
2151,sound_2151.mp3,dial_ringback_tone.mp3,freeaudio/electric01.zip,freeaudio/electric01/electric01/dial_ringback_tone.mp3,13.776,0.2296,electric01/dial_ringback_tone.mp3
2152,sound_2152.mp3,dial_tone.mp3,freeaudio/electric01.zip,freeaudio/electric01/electric01/dial_tone.mp3,10.057142857142855,0.1676190476190476,electric01/dial_tone.mp3
2153,sound_2153.mp3,electric_shaver.mp3,freeaudio/electric01.zip,freeaudio/electric01/electric01/electric_shaver.mp3,10.104,0.1684,electric01/electric_shaver.mp3
2154,sound_2154.mp3,fan.mp3,freeaudio/electric01.zip,freeaudio/electric01/electric01/fan.mp3,19.728,0.3288,electric01/fan.mp3
2155,sound_2155.mp3,fan_rotation.mp3,freeaudio/electric01.zip,freeaudio/electric01/electric01/fan_rotation.mp3,29.904,0.4984,electric01/fan_rotation.mp3
2156,sound_2156.mp3,install_light_bulb.mp3,freeaudio/electric01.zip,freeaudio/electric01/electric01/install_light_bulb.mp3,5.056575963718821,0.0842762660619803,electric01/install_light_bulb.mp3
2157,sound_2157.mp3,mobile_vibration1.mp3,freeaudio/electric01.zip,freeaudio/electric01/electric01/mobile_vibration1.mp3,5.352,0.0892,electric01/mobile_vibration1.mp3
2158,sound_2158.mp3,ringback_tone.mp3,freeaudio/electric01.zip,freeaudio/electric01/electric01/ringback_tone.mp3,9.91325,0.1652208333333333,electric01/ringback_tone.mp3
2159,sound_2159.mp3,sewing_machine1.mp3,freeaudio/electric01.zip,freeaudio/electric01/electric01/sewing_machine1.mp3,13.627913832199546,0.2271318972033257,electric01/sewing_machine1.mp3
2160,sound_2160.mp3,sewing_machine2.mp3,freeaudio/electric01.zip,freeaudio/electric01/electric01/sewing_machine2.mp3,21.543537414965986,0.3590589569160997,electric01/sewing_machine2.mp3
2161,sound_2161.mp3,tune_in_radio.mp3,freeaudio/electric01.zip,freeaudio/electric01/electric01/tune_in_radio.mp3,8.962902494331066,0.1493817082388511,electric01/tune_in_radio.mp3
2162,sound_2162.mp3,vacuum_cleaner1.mp3,freeaudio/electric01.zip,freeaudio/electric01/electric01/vacuum_cleaner1.mp3,12.312,0.2052,electric01/vacuum_cleaner1.mp3
2163,sound_2163.mp3,vacuum_cleaner2.mp3,freeaudio/electric01.zip,freeaudio/electric01/electric01/vacuum_cleaner2.mp3,12.312,0.2052,electric01/vacuum_cleaner2.mp3
2164,sound_2164.mp3,washer.mp3,freeaudio/electric01.zip,freeaudio/electric01/electric01/washer.mp3,17.352,0.2892,electric01/washer.mp3
2165,sound_2165.mp3,washer_dehydration.mp3,freeaudio/electric01.zip,freeaudio/electric01/electric01/washer_dehydration.mp3,132.816,2.2136,electric01/washer_dehydration.mp3
2166,sound_2166.mp3,women_hair_dryer.mp3,freeaudio/electric01.zip,freeaudio/electric01/electric01/women_hair_dryer.mp3,44.52789115646259,0.7421315192743765,electric01/women_hair_dryer.mp3
2167,sound_2167.mp3,Akihabara_street.mp3,freeaudio/tokyo01.zip,freeaudio/tokyo01/tokyo01/Akihabara_street.mp3,413.62750566893425,6.893791761148904,tokyo01/Akihabara_street.mp3
2168,sound_2168.mp3,ap_shuttle_bus1.mp3,freeaudio/tokyo01.zip,freeaudio/tokyo01/tokyo01/ap_shuttle_bus1.mp3,1228.9174149659864,20.481956916099772,tokyo01/ap_shuttle_bus1.mp3
2169,sound_2169.mp3,ap_shuttle_bus2.mp3,freeaudio/tokyo01.zip,freeaudio/tokyo01/tokyo01/ap_shuttle_bus2.mp3,364.2938095238095,6.0715634920634916,tokyo01/ap_shuttle_bus2.mp3
2170,sound_2170.mp3,AsakusaTemple1.mp3,freeaudio/tokyo01.zip,freeaudio/tokyo01/tokyo01/AsakusaTemple1.mp3,324.92156462585035,5.415359410430839,tokyo01/AsakusaTemple1.mp3
2171,sound_2171.mp3,AsakusaTemple2.mp3,freeaudio/tokyo01.zip,freeaudio/tokyo01/tokyo01/AsakusaTemple2.mp3,337.46256235827667,5.624376039304611,tokyo01/AsakusaTemple2.mp3
2172,sound_2172.mp3,AsakusaTemple3.mp3,freeaudio/tokyo01.zip,freeaudio/tokyo01/tokyo01/AsakusaTemple3.mp3,201.10721088435375,3.3517868480725626,tokyo01/AsakusaTemple3.mp3
2173,sound_2173.mp3,AsakusaTemple4.mp3,freeaudio/tokyo01.zip,freeaudio/tokyo01/tokyo01/AsakusaTemple4.mp3,665.5963038548753,11.093271730914587,tokyo01/AsakusaTemple4.mp3
2174,sound_2174.mp3,Asakusa_street1.mp3,freeaudio/tokyo01.zip,freeaudio/tokyo01/tokyo01/Asakusa_street1.mp3,370.7473015873016,6.179121693121693,tokyo01/Asakusa_street1.mp3
2175,sound_2175.mp3,Asakusa_street2.mp3,freeaudio/tokyo01.zip,freeaudio/tokyo01/tokyo01/Asakusa_street2.mp3,151.75208616780046,2.5292014361300077,tokyo01/Asakusa_street2.mp3
2176,sound_2176.mp3,crossing_Shinjuku1.mp3,freeaudio/tokyo01.zip,freeaudio/tokyo01/tokyo01/crossing_Shinjuku1.mp3,446.56367346938777,7.442727891156463,tokyo01/crossing_Shinjuku1.mp3
2177,sound_2177.mp3,crossing_Shinjuku2.mp3,freeaudio/tokyo01.zip,freeaudio/tokyo01/tokyo01/crossing_Shinjuku2.mp3,187.6015192743764,3.126691987906274,tokyo01/crossing_Shinjuku2.mp3
2178,sound_2178.mp3,crossing_Shinjuku3.mp3,freeaudio/tokyo01.zip,freeaudio/tokyo01/tokyo01/crossing_Shinjuku3.mp3,77.82467120181406,1.2970778533635676,tokyo01/crossing_Shinjuku3.mp3
2179,sound_2179.mp3,crowded_Observatory.mp3,freeaudio/tokyo01.zip,freeaudio/tokyo01/tokyo01/crowded_Observatory.mp3,201.9141496598639,3.365235827664399,tokyo01/crowded_Observatory.mp3
2180,sound_2180.mp3,employee_cafeteria1.mp3,freeaudio/tokyo01.zip,freeaudio/tokyo01/tokyo01/employee_cafeteria1.mp3,54.62444444444444,0.9104074074074072,tokyo01/employee_cafeteria1.mp3
2181,sound_2181.mp3,employee_cafeteria2.mp3,freeaudio/tokyo01.zip,freeaudio/tokyo01/tokyo01/employee_cafeteria2.mp3,373.9783446712018,6.232972411186696,tokyo01/employee_cafeteria2.mp3
2182,sound_2182.mp3,employee_cafeteria3.mp3,freeaudio/tokyo01.zip,freeaudio/tokyo01/tokyo01/employee_cafeteria3.mp3,312.4298185941043,5.207163643235072,tokyo01/employee_cafeteria3.mp3
2183,sound_2183.mp3,Haneda_AP1_bdgt.mp3,freeaudio/tokyo01.zip,freeaudio/tokyo01/tokyo01/Haneda_AP1_bdgt.mp3,508.1339229024943,8.468898715041572,tokyo01/Haneda_AP1_bdgt.mp3
2184,sound_2184.mp3,Haneda_AP2_bdgt.mp3,freeaudio/tokyo01.zip,freeaudio/tokyo01/tokyo01/Haneda_AP2_bdgt.mp3,217.99342403628117,3.6332237339380193,tokyo01/Haneda_AP2_bdgt.mp3
2185,sound_2185.mp3,Haneda_ap_obs_deck1.mp3,freeaudio/tokyo01.zip,freeaudio/tokyo01/tokyo01/Haneda_ap_obs_deck1.mp3,411.5268027210884,6.858780045351474,tokyo01/Haneda_ap_obs_deck1.mp3
2186,sound_2186.mp3,Haneda_ap_obs_deck2.mp3,freeaudio/tokyo01.zip,freeaudio/tokyo01/tokyo01/Haneda_ap_obs_deck2.mp3,87.92090702947846,1.4653484504913077,tokyo01/Haneda_ap_obs_deck2.mp3
2187,sound_2187.mp3,Keisei_Skyliner.mp3,freeaudio/tokyo01.zip,freeaudio/tokyo01/tokyo01/Keisei_Skyliner.mp3,570.2604988662132,9.50434164777022,tokyo01/Keisei_Skyliner.mp3
2188,sound_2188.mp3,Narita_AP1_arvl.mp3,freeaudio/tokyo01.zip,freeaudio/tokyo01/tokyo01/Narita_AP1_arvl.mp3,118.13689342403627,1.9689482237339384,tokyo01/Narita_AP1_arvl.mp3
2189,sound_2189.mp3,Narita_AP1_bdgt.mp3,freeaudio/tokyo01.zip,freeaudio/tokyo01/tokyo01/Narita_AP1_bdgt.mp3,242.23056689342403,4.037176114890401,tokyo01/Narita_AP1_bdgt.mp3
2190,sound_2190.mp3,Narita_AP2_arvl.mp3,freeaudio/tokyo01.zip,freeaudio/tokyo01/tokyo01/Narita_AP2_arvl.mp3,134.15637188208618,2.235939531368103,tokyo01/Narita_AP2_arvl.mp3
2191,sound_2191.mp3,Narita_AP2_bdgt.mp3,freeaudio/tokyo01.zip,freeaudio/tokyo01/tokyo01/Narita_AP2_bdgt.mp3,334.3673469387755,5.572789115646258,tokyo01/Narita_AP2_bdgt.mp3
2192,sound_2192.mp3,Narita_AP3_arvl.mp3,freeaudio/tokyo01.zip,freeaudio/tokyo01/tokyo01/Narita_AP3_arvl.mp3,90.489410430839,1.5081568405139834,tokyo01/Narita_AP3_arvl.mp3
2193,sound_2193.mp3,Narita_Ap_St1.mp3,freeaudio/tokyo01.zip,freeaudio/tokyo01/tokyo01/Narita_Ap_St1.mp3,313.83807256235826,5.230634542705971,tokyo01/Narita_Ap_St1.mp3
2194,sound_2194.mp3,Narita_Ap_St2.mp3,freeaudio/tokyo01.zip,freeaudio/tokyo01/tokyo01/Narita_Ap_St2.mp3,172.6808843537415,2.878014739229025,tokyo01/Narita_Ap_St2.mp3
2195,sound_2195.mp3,Narita_Express1.mp3,freeaudio/tokyo01.zip,freeaudio/tokyo01/tokyo01/Narita_Express1.mp3,550.5443537414966,9.175739229024945,tokyo01/Narita_Express1.mp3
2196,sound_2196.mp3,Narita_Express2.mp3,freeaudio/tokyo01.zip,freeaudio/tokyo01/tokyo01/Narita_Express2.mp3,120.57809523809524,2.009634920634921,tokyo01/Narita_Express2.mp3
2197,sound_2197.mp3,Shinjuku_BD_evg1.mp3,freeaudio/tokyo01.zip,freeaudio/tokyo01/tokyo01/Shinjuku_BD_evg1.mp3,130.8948299319728,2.181580498866213,tokyo01/Shinjuku_BD_evg1.mp3
2198,sound_2198.mp3,Shinjuku_BD_evg2.mp3,freeaudio/tokyo01.zip,freeaudio/tokyo01/tokyo01/Shinjuku_BD_evg2.mp3,159.84408163265306,2.664068027210884,tokyo01/Shinjuku_BD_evg2.mp3
2199,sound_2199.mp3,Shinjuku_BD_morn.mp3,freeaudio/tokyo01.zip,freeaudio/tokyo01/tokyo01/Shinjuku_BD_morn.mp3,597.20641723356,9.953440287226,tokyo01/Shinjuku_BD_morn.mp3
2200,sound_2200.mp3,Shinjuku_BD_night.mp3,freeaudio/tokyo01.zip,freeaudio/tokyo01/tokyo01/Shinjuku_BD_night.mp3,951.0836507936508,15.85139417989418,tokyo01/Shinjuku_BD_night.mp3
2201,sound_2201.mp3,Shinjuku_Keio_St.mp3,freeaudio/tokyo01.zip,freeaudio/tokyo01/tokyo01/Shinjuku_Keio_St.mp3,242.29185941043085,4.038197656840514,tokyo01/Shinjuku_Keio_St.mp3
2202,sound_2202.mp3,Shinjuku_St1_evg.mp3,freeaudio/tokyo01.zip,freeaudio/tokyo01/tokyo01/Shinjuku_St1_evg.mp3,109.22666666666667,1.8204444444444443,tokyo01/Shinjuku_St1_evg.mp3
2203,sound_2203.mp3,Shinjuku_St2_evg.mp3,freeaudio/tokyo01.zip,freeaudio/tokyo01/tokyo01/Shinjuku_St2_evg.mp3,625.5210657596372,10.425351095993951,tokyo01/Shinjuku_St2_evg.mp3
2204,sound_2204.mp3,Shinjuku_St3_evg.mp3,freeaudio/tokyo01.zip,freeaudio/tokyo01/tokyo01/Shinjuku_St3_evg.mp3,283.5115646258503,4.725192743764172,tokyo01/Shinjuku_St3_evg.mp3
2205,sound_2205.mp3,Shinjuku_St4_evg.mp3,freeaudio/tokyo01.zip,freeaudio/tokyo01/tokyo01/Shinjuku_St4_evg.mp3,960.521836734694,16.008697278911566,tokyo01/Shinjuku_St4_evg.mp3
2206,sound_2206.mp3,Shinjuku_St5_evg.mp3,freeaudio/tokyo01.zip,freeaudio/tokyo01/tokyo01/Shinjuku_St5_evg.mp3,531.5279138321996,8.858798563869993,tokyo01/Shinjuku_St5_evg.mp3
2207,sound_2207.mp3,Shinjuku_St_back.mp3,freeaudio/tokyo01.zip,freeaudio/tokyo01/tokyo01/Shinjuku_St_back.mp3,748.4393424036281,12.473989040060468,tokyo01/Shinjuku_St_back.mp3
2208,sound_2208.mp3,Shinjuku_St_morn.mp3,freeaudio/tokyo01.zip,freeaudio/tokyo01/tokyo01/Shinjuku_St_morn.mp3,331.4015873015873,5.523359788359788,tokyo01/Shinjuku_St_morn.mp3
2209,sound_2209.mp3,Tokyo_St1_morn.mp3,freeaudio/tokyo01.zip,freeaudio/tokyo01/tokyo01/Tokyo_St1_morn.mp3,223.05986394557823,3.7176643990929703,tokyo01/Tokyo_St1_morn.mp3
2210,sound_2210.mp3,Tokyo_St2_morn.mp3,freeaudio/tokyo01.zip,freeaudio/tokyo01/tokyo01/Tokyo_St2_morn.mp3,446.5661678004535,7.442769463340892,tokyo01/Tokyo_St2_morn.mp3
2211,sound_2211.mp3,Tokyo_St3_morn.mp3,freeaudio/tokyo01.zip,freeaudio/tokyo01/tokyo01/Tokyo_St3_morn.mp3,356.33244897959185,5.938874149659864,tokyo01/Tokyo_St3_morn.mp3
2212,sound_2212.mp3,Tokyo_St4_morn.mp3,freeaudio/tokyo01.zip,freeaudio/tokyo01/tokyo01/Tokyo_St4_morn.mp3,470.2935827664399,7.838226379440665,tokyo01/Tokyo_St4_morn.mp3
2213,sound_2213.mp3,Tokyo_St_evg.mp3,freeaudio/tokyo01.zip,freeaudio/tokyo01/tokyo01/Tokyo_St_evg.mp3,1063.8484807256236,17.73080801209373,tokyo01/Tokyo_St_evg.mp3
2214,sound_2214.mp3,Ueno_zoo1.mp3,freeaudio/tokyo01.zip,freeaudio/tokyo01/tokyo01/Ueno_zoo1.mp3,338.6127437641723,5.643545729402872,tokyo01/Ueno_zoo1.mp3
2215,sound_2215.mp3,Ueno_zoo2.mp3,freeaudio/tokyo01.zip,freeaudio/tokyo01/tokyo01/Ueno_zoo2.mp3,230.74560090702948,3.845760015117158,tokyo01/Ueno_zoo2.mp3
2216,sound_2216.mp3,Ueno_zoo3.mp3,freeaudio/tokyo01.zip,freeaudio/tokyo01/tokyo01/Ueno_zoo3.mp3,154.67077097505668,2.5778461829176114,tokyo01/Ueno_zoo3.mp3
2217,sound_2217.mp3,Ueno_zoo4.mp3,freeaudio/tokyo01.zip,freeaudio/tokyo01/tokyo01/Ueno_zoo4.mp3,469.37655328798184,7.822942554799697,tokyo01/Ueno_zoo4.mp3
2218,sound_2218.mp3,under_rwy_brdg1.mp3,freeaudio/tokyo01.zip,freeaudio/tokyo01/tokyo01/under_rwy_brdg1.mp3,359.9239229024943,5.998732048374905,tokyo01/under_rwy_brdg1.mp3
2219,sound_2219.mp3,under_rwy_brdg2.mp3,freeaudio/tokyo01.zip,freeaudio/tokyo01/tokyo01/under_rwy_brdg2.mp3,385.0913605442177,6.418189342403628,tokyo01/under_rwy_brdg2.mp3
2220,sound_2220.mp3,under_rwy_brdg3.mp3,freeaudio/tokyo01.zip,freeaudio/tokyo01/tokyo01/under_rwy_brdg3.mp3,299.1426530612245,4.985710884353741,tokyo01/under_rwy_brdg3.mp3
2221,sound_2221.mp3,walk_rush_hour1.mp3,freeaudio/tokyo01.zip,freeaudio/tokyo01/tokyo01/walk_rush_hour1.mp3,360.0050113378685,6.000083522297809,tokyo01/walk_rush_hour1.mp3
2222,sound_2222.mp3,walk_rush_hour2.mp3,freeaudio/tokyo01.zip,freeaudio/tokyo01/tokyo01/walk_rush_hour2.mp3,148.4681179138322,2.4744686318972033,tokyo01/walk_rush_hour2.mp3
2223,sound_2223.mp3,walk_rush_hour3.mp3,freeaudio/tokyo01.zip,freeaudio/tokyo01/tokyo01/walk_rush_hour3.mp3,244.3112244897959,4.071853741496598,tokyo01/walk_rush_hour3.mp3
2224,sound_2224.mp3,afternoon_MH.mp3,freeaudio/us01.zip,freeaudio/us01/us01/afternoon_MH.mp3,181.44090702947847,3.0240151171579743,us01/afternoon_MH.mp3
2225,sound_2225.mp3,airport_cafe.mp3,freeaudio/us01.zip,freeaudio/us01/us01/airport_cafe.mp3,87.93566666666666,1.4655944444444444,us01/airport_cafe.mp3
2226,sound_2226.mp3,airport_NY.mp3,freeaudio/us01.zip,freeaudio/us01/us01/airport_NY.mp3,199.4839909297052,3.3247331821617534,us01/airport_NY.mp3
2227,sound_2227.mp3,ambulance_NY1.mp3,freeaudio/us01.zip,freeaudio/us01/us01/ambulance_NY1.mp3,60.71562358276644,1.011927059712774,us01/ambulance_NY1.mp3
2228,sound_2228.mp3,ambulance_NY2.mp3,freeaudio/us01.zip,freeaudio/us01/us01/ambulance_NY2.mp3,186.61260770975056,3.1102101284958428,us01/ambulance_NY2.mp3
2229,sound_2229.mp3,bathroom_water.mp3,freeaudio/us01.zip,freeaudio/us01/us01/bathroom_water.mp3,9.892721088435374,0.1648786848072562,us01/bathroom_water.mp3
2230,sound_2230.mp3,bus_NY1.mp3,freeaudio/us01.zip,freeaudio/us01/us01/bus_NY1.mp3,134.3649375,2.239415625,us01/bus_NY1.mp3
2231,sound_2231.mp3,bus_NY2.mp3,freeaudio/us01.zip,freeaudio/us01/us01/bus_NY2.mp3,79.4323125,1.3238718749999998,us01/bus_NY2.mp3
2232,sound_2232.mp3,bus_NY3.mp3,freeaudio/us01.zip,freeaudio/us01/us01/bus_NY3.mp3,91.575875,1.5262645833333333,us01/bus_NY3.mp3
2233,sound_2233.mp3,bus_NY4.mp3,freeaudio/us01.zip,freeaudio/us01/us01/bus_NY4.mp3,135.04970833333334,2.2508284722222225,us01/bus_NY4.mp3
2234,sound_2234.mp3,centralpark.mp3,freeaudio/us01.zip,freeaudio/us01/us01/centralpark.mp3,101.64390022675737,1.6940650037792897,us01/centralpark.mp3
2235,sound_2235.mp3,downtown_MH.mp3,freeaudio/us01.zip,freeaudio/us01/us01/downtown_MH.mp3,312.48773242630386,5.208128873771731,us01/downtown_MH.mp3
2236,sound_2236.mp3,emergent_night1.mp3,freeaudio/us01.zip,freeaudio/us01/us01/emergent_night1.mp3,56.05297052154195,0.9342161753590326,us01/emergent_night1.mp3
2237,sound_2237.mp3,emergent_night2.mp3,freeaudio/us01.zip,freeaudio/us01/us01/emergent_night2.mp3,57.854399092970525,0.964239984882842,us01/emergent_night2.mp3
2238,sound_2238.mp3,escalator_NY.mp3,freeaudio/us01.zip,freeaudio/us01/us01/escalator_NY.mp3,47.032380952380954,0.7838730158730159,us01/escalator_NY.mp3
2239,sound_2239.mp3,FDNY.mp3,freeaudio/us01.zip,freeaudio/us01/us01/FDNY.mp3,35.33392290249433,0.5888987150415722,us01/FDNY.mp3
2240,sound_2240.mp3,flight_announce.mp3,freeaudio/us01.zip,freeaudio/us01/us01/flight_announce.mp3,108.9050566893424,1.8150842781557064,us01/flight_announce.mp3
2241,sound_2241.mp3,hotel_elevator.mp3,freeaudio/us01.zip,freeaudio/us01/us01/hotel_elevator.mp3,33.447278911564624,0.5574546485260771,us01/hotel_elevator.mp3
2242,sound_2242.mp3,hotel_entrance0.mp3,freeaudio/us01.zip,freeaudio/us01/us01/hotel_entrance0.mp3,79.59201814058957,1.326533635676493,us01/hotel_entrance0.mp3
2243,sound_2243.mp3,hotel_entrance1.mp3,freeaudio/us01.zip,freeaudio/us01/us01/hotel_entrance1.mp3,97.33478458049886,1.6222464096749811,us01/hotel_entrance1.mp3
2244,sound_2244.mp3,hotel_entrance2.mp3,freeaudio/us01.zip,freeaudio/us01/us01/hotel_entrance2.mp3,138.02115646258503,2.3003526077097503,us01/hotel_entrance2.mp3
2245,sound_2245.mp3,hotel_heating1.mp3,freeaudio/us01.zip,freeaudio/us01/us01/hotel_heating1.mp3,8.503401360544217,0.1417233560090703,us01/hotel_heating1.mp3
2246,sound_2246.mp3,hotel_heating2.mp3,freeaudio/us01.zip,freeaudio/us01/us01/hotel_heating2.mp3,20.243854875283446,0.3373975812547241,us01/hotel_heating2.mp3
2247,sound_2247.mp3,hotel_toilet.mp3,freeaudio/us01.zip,freeaudio/us01/us01/hotel_toilet.mp3,6.464784580498867,0.1077464096749811,us01/hotel_toilet.mp3
2248,sound_2248.mp3,intersection_MH1.mp3,freeaudio/us01.zip,freeaudio/us01/us01/intersection_MH1.mp3,103.87646258503402,1.7312743764172336,us01/intersection_MH1.mp3
2249,sound_2249.mp3,intersection_MH2.mp3,freeaudio/us01.zip,freeaudio/us01/us01/intersection_MH2.mp3,142.60732426303855,2.37678873771731,us01/intersection_MH2.mp3
2250,sound_2250.mp3,into_room.mp3,freeaudio/us01.zip,freeaudio/us01/us01/into_room.mp3,14.618979591836736,0.2436496598639456,us01/into_room.mp3
2251,sound_2251.mp3,int_airplane1.mp3,freeaudio/us01.zip,freeaudio/us01/us01/int_airplane1.mp3,92.36573696145123,1.5394289493575208,us01/int_airplane1.mp3
2252,sound_2252.mp3,int_airplane2.mp3,freeaudio/us01.zip,freeaudio/us01/us01/int_airplane2.mp3,124.68333333333334,2.078055555555556,us01/int_airplane2.mp3
2253,sound_2253.mp3,int_airplane3.mp3,freeaudio/us01.zip,freeaudio/us01/us01/int_airplane3.mp3,214.3786621315193,3.5729777021919875,us01/int_airplane3.mp3
2254,sound_2254.mp3,met_museum.mp3,freeaudio/us01.zip,freeaudio/us01/us01/met_museum.mp3,311.35324263038547,5.189220710506424,us01/met_museum.mp3
2255,sound_2255.mp3,morning_MH1.mp3,freeaudio/us01.zip,freeaudio/us01/us01/morning_MH1.mp3,146.96013605442178,2.4493356009070295,us01/morning_MH1.mp3
2256,sound_2256.mp3,morning_MH2.mp3,freeaudio/us01.zip,freeaudio/us01/us01/morning_MH2.mp3,103.2475283446712,1.7207921390778531,us01/morning_MH2.mp3
2257,sound_2257.mp3,night_MH0.mp3,freeaudio/us01.zip,freeaudio/us01/us01/night_MH0.mp3,170.64272108843537,2.844045351473923,us01/night_MH0.mp3
2258,sound_2258.mp3,night_MH1.mp3,freeaudio/us01.zip,freeaudio/us01/us01/night_MH1.mp3,263.39560090702946,4.389926681783824,us01/night_MH1.mp3
2259,sound_2259.mp3,night_MH2.mp3,freeaudio/us01.zip,freeaudio/us01/us01/night_MH2.mp3,212.6502947845805,3.544171579743008,us01/night_MH2.mp3
2260,sound_2260.mp3,night_MH3.mp3,freeaudio/us01.zip,freeaudio/us01/us01/night_MH3.mp3,209.6740589569161,3.494567649281935,us01/night_MH3.mp3
2261,sound_2261.mp3,night_MH4.mp3,freeaudio/us01.zip,freeaudio/us01/us01/night_MH4.mp3,63.21632653061224,1.0536054421768708,us01/night_MH4.mp3
2262,sound_2262.mp3,night_siren1.mp3,freeaudio/us01.zip,freeaudio/us01/us01/night_siren1.mp3,130.38038548752834,2.1730064247921392,us01/night_siren1.mp3
2263,sound_2263.mp3,night_siren2.mp3,freeaudio/us01.zip,freeaudio/us01/us01/night_siren2.mp3,87.07886621315193,1.4513144368858657,us01/night_siren2.mp3
2264,sound_2264.mp3,outside_PennSt.mp3,freeaudio/us01.zip,freeaudio/us01/us01/outside_PennSt.mp3,298.9049433106576,4.981749055177627,us01/outside_PennSt.mp3
2265,sound_2265.mp3,out_room.mp3,freeaudio/us01.zip,freeaudio/us01/us01/out_room.mp3,12.432698412698413,0.2072116402116402,us01/out_room.mp3
2266,sound_2266.mp3,Penn_St1.mp3,freeaudio/us01.zip,freeaudio/us01/us01/Penn_St1.mp3,67.55351473922903,1.1258919123204838,us01/Penn_St1.mp3
2267,sound_2267.mp3,Penn_St2.mp3,freeaudio/us01.zip,freeaudio/us01/us01/Penn_St2.mp3,50.276598639455784,0.8379433106575964,us01/Penn_St2.mp3
2268,sound_2268.mp3,Penn_subwaySt1.mp3,freeaudio/us01.zip,freeaudio/us01/us01/Penn_subwaySt1.mp3,276.0155555555556,4.60025925925926,us01/Penn_subwaySt1.mp3
2269,sound_2269.mp3,Penn_subwaySt2.mp3,freeaudio/us01.zip,freeaudio/us01/us01/Penn_subwaySt2.mp3,210.74691609977324,3.5124486016628875,us01/Penn_subwaySt2.mp3
2270,sound_2270.mp3,ship_whistle.mp3,freeaudio/us01.zip,freeaudio/us01/us01/ship_whistle.mp3,37.19655328798186,0.6199425547996976,us01/ship_whistle.mp3
2271,sound_2271.mp3,street_MH1.mp3,freeaudio/us01.zip,freeaudio/us01/us01/street_MH1.mp3,94.65916099773244,1.5776526832955404,us01/street_MH1.mp3
2272,sound_2272.mp3,street_MH2.mp3,freeaudio/us01.zip,freeaudio/us01/us01/street_MH2.mp3,179.83045351473922,2.9971742252456535,us01/street_MH2.mp3
2273,sound_2273.mp3,street_MH3.mp3,freeaudio/us01.zip,freeaudio/us01/us01/street_MH3.mp3,295.8992517006803,4.931654195011338,us01/street_MH3.mp3
2274,sound_2274.mp3,street_MH4.mp3,freeaudio/us01.zip,freeaudio/us01/us01/street_MH4.mp3,205.43013605442175,3.42383560090703,us01/street_MH4.mp3
2275,sound_2275.mp3,St_announce.mp3,freeaudio/us01.zip,freeaudio/us01/us01/St_announce.mp3,91.16979591836734,1.5194965986394555,us01/St_announce.mp3
2276,sound_2276.mp3,subway_express.mp3,freeaudio/us01.zip,freeaudio/us01/us01/subway_express.mp3,404.6565306122449,6.744275510204082,us01/subway_express.mp3
2277,sound_2277.mp3,subway_MH.mp3,freeaudio/us01.zip,freeaudio/us01/us01/subway_MH.mp3,270.7003174603175,4.511671957671958,us01/subway_MH.mp3
2278,sound_2278.mp3,subway_st1.mp3,freeaudio/us01.zip,freeaudio/us01/us01/subway_st1.mp3,57.46281179138322,0.9577135298563868,us01/subway_st1.mp3
2279,sound_2279.mp3,subway_st2.mp3,freeaudio/us01.zip,freeaudio/us01/us01/subway_st2.mp3,185.4822448979592,3.09137074829932,us01/subway_st2.mp3
2280,sound_2280.mp3,subway_st3.mp3,freeaudio/us01.zip,freeaudio/us01/us01/subway_st3.mp3,87.26975056689342,1.454495842781557,us01/subway_st3.mp3
2281,sound_2281.mp3,trans_passage.mp3,freeaudio/us01.zip,freeaudio/us01/us01/trans_passage.mp3,39.139,0.6523166666666668,us01/trans_passage.mp3
2282,sound_2282.mp3,walking_MH1.mp3,freeaudio/us01.zip,freeaudio/us01/us01/walking_MH1.mp3,335.31201814058954,5.588533635676493,us01/walking_MH1.mp3
2283,sound_2283.mp3,walking_MH2.mp3,freeaudio/us01.zip,freeaudio/us01/us01/walking_MH2.mp3,162.0907709750567,2.701512849584278,us01/walking_MH2.mp3
2284,sound_2284.mp3,walking_st1.mp3,freeaudio/us01.zip,freeaudio/us01/us01/walking_st1.mp3,82.40761904761905,1.3734603174603175,us01/walking_st1.mp3
2285,sound_2285.mp3,walking_st2.mp3,freeaudio/us01.zip,freeaudio/us01/us01/walking_st2.mp3,56.744240362811794,0.9457373393801966,us01/walking_st2.mp3
2286,sound_2286.mp3,frige_noise3.mp3,freeaudio/sample_noise.zip,freeaudio/sample_noise/sample_noise/frige_noise3.mp3,5.067755102040817,0.0844625850340136,sample_noise/frige_noise3.mp3
2287,sound_2287.mp3,microphone_noise.mp3,freeaudio/sample_noise.zip,freeaudio/sample_noise/sample_noise/microphone_noise.mp3,6.599637188208617,0.1099939531368102,sample_noise/microphone_noise.mp3
2288,sound_2288.mp3,air_leak1.mp3,freeaudio/horror02.zip,freeaudio/horror02/horror02/air_leak1.mp3,8.629659863945578,0.1438276643990929,horror02/air_leak1.mp3
2289,sound_2289.mp3,air_leak2.mp3,freeaudio/horror02.zip,freeaudio/horror02/horror02/air_leak2.mp3,6.407324263038549,0.1067887377173091,horror02/air_leak2.mp3
2290,sound_2290.mp3,air_leak3.mp3,freeaudio/horror02.zip,freeaudio/horror02/horror02/air_leak3.mp3,29.85827664399093,0.4976379440665155,horror02/air_leak3.mp3
2291,sound_2291.mp3,air_leak4.mp3,freeaudio/horror02.zip,freeaudio/horror02/horror02/air_leak4.mp3,17.806621315192743,0.296777021919879,horror02/air_leak4.mp3
2292,sound_2292.mp3,air_pump.mp3,freeaudio/horror02.zip,freeaudio/horror02/horror02/air_pump.mp3,5.8106575963718825,0.0968442932728647,horror02/air_pump.mp3
2293,sound_2293.mp3,bathtub_splash.mp3,freeaudio/horror02.zip,freeaudio/horror02/horror02/bathtub_splash.mp3,16.82092970521542,0.280348828420257,horror02/bathtub_splash.mp3
2294,sound_2294.mp3,books_fall2.mp3,freeaudio/horror02.zip,freeaudio/horror02/horror02/books_fall2.mp3,5.463061224489796,0.0910510204081632,horror02/books_fall2.mp3
2295,sound_2295.mp3,cameras_shoot.mp3,freeaudio/horror02.zip,freeaudio/horror02/horror02/cameras_shoot.mp3,5.647278911564626,0.0941213151927437,horror02/cameras_shoot.mp3
2296,sound_2296.mp3,dangerous_car.mp3,freeaudio/horror02.zip,freeaudio/horror02/horror02/dangerous_car.mp3,10.057097505668937,0.1676182917611489,horror02/dangerous_car.mp3
2297,sound_2297.mp3,dragging.mp3,freeaudio/horror02.zip,freeaudio/horror02/horror02/dragging.mp3,7.58328798185941,0.1263881330309901,horror02/dragging.mp3
2298,sound_2298.mp3,dripping.mp3,freeaudio/horror02.zip,freeaudio/horror02/horror02/dripping.mp3,8.088,0.1347999999999999,horror02/dripping.mp3
2299,sound_2299.mp3,drowning.mp3,freeaudio/horror02.zip,freeaudio/horror02/horror02/drowning.mp3,21.648,0.3608,horror02/drowning.mp3
2300,sound_2300.mp3,earthquake_start.mp3,freeaudio/horror02.zip,freeaudio/horror02/horror02/earthquake_start.mp3,20.58448979591837,0.3430748299319728,horror02/earthquake_start.mp3
2301,sound_2301.mp3,hellfire.mp3,freeaudio/horror02.zip,freeaudio/horror02/horror02/hellfire.mp3,22.0,0.3666666666666666,horror02/hellfire.mp3
2302,sound_2302.mp3,house_fire.mp3,freeaudio/horror02.zip,freeaudio/horror02/horror02/house_fire.mp3,33.76907029478458,0.5628178382464097,horror02/house_fire.mp3
2303,sound_2303.mp3,jet_crash.mp3,freeaudio/horror02.zip,freeaudio/horror02/horror02/jet_crash.mp3,20.856825396825396,0.3476137566137566,horror02/jet_crash.mp3
2304,sound_2304.mp3,motor_drill.mp3,freeaudio/horror02.zip,freeaudio/horror02/horror02/motor_drill.mp3,15.739342403628118,0.262322373393802,horror02/motor_drill.mp3
2305,sound_2305.mp3,old_man_breath1.mp3,freeaudio/horror02.zip,freeaudio/horror02/horror02/old_man_breath1.mp3,7.152290249433107,0.1192048374905517,horror02/old_man_breath1.mp3
2306,sound_2306.mp3,old_man_breath2.mp3,freeaudio/horror02.zip,freeaudio/horror02/horror02/old_man_breath2.mp3,79.32004535147392,1.3220007558578988,horror02/old_man_breath2.mp3
2307,sound_2307.mp3,run_in_forest.mp3,freeaudio/horror02.zip,freeaudio/horror02/horror02/run_in_forest.mp3,21.288956916099774,0.3548159486016629,horror02/run_in_forest.mp3
2308,sound_2308.mp3,salad_dressing2.mp3,freeaudio/horror02.zip,freeaudio/horror02/horror02/salad_dressing2.mp3,6.091678004535147,0.1015279667422524,horror02/salad_dressing2.mp3
2309,sound_2309.mp3,salad_dressing3.mp3,freeaudio/horror02.zip,freeaudio/horror02/horror02/salad_dressing3.mp3,10.148004535147392,0.1691334089191231,horror02/salad_dressing3.mp3
2310,sound_2310.mp3,salad_dressing4.mp3,freeaudio/horror02.zip,freeaudio/horror02/horror02/salad_dressing4.mp3,7.915918367346939,0.1319319727891156,horror02/salad_dressing4.mp3
2311,sound_2311.mp3,scavenge_garbage.mp3,freeaudio/horror02.zip,freeaudio/horror02/horror02/scavenge_garbage.mp3,13.64419501133787,0.2274032501889644,horror02/scavenge_garbage.mp3
2312,sound_2312.mp3,slide_down_hill.mp3,freeaudio/horror02.zip,freeaudio/horror02/horror02/slide_down_hill.mp3,5.629024943310657,0.0938170823885109,horror02/slide_down_hill.mp3
2313,sound_2313.mp3,trample_ground.mp3,freeaudio/horror02.zip,freeaudio/horror02/horror02/trample_ground.mp3,5.7582708333333334,0.0959711805555555,horror02/trample_ground.mp3
2314,sound_2314.mp3,woman_after_run1.mp3,freeaudio/horror02.zip,freeaudio/horror02/horror02/woman_after_run1.mp3,13.6000625,0.2266677083333333,horror02/woman_after_run1.mp3
2315,sound_2315.mp3,woman_after_run2.mp3,freeaudio/horror02.zip,freeaudio/horror02/horror02/woman_after_run2.mp3,14.860375,0.2476729166666666,horror02/woman_after_run2.mp3
2316,sound_2316.mp3,women_hyperpnea1.mp3,freeaudio/horror02.zip,freeaudio/horror02/horror02/women_hyperpnea1.mp3,16.275458333333333,0.2712576388888889,horror02/women_hyperpnea1.mp3
2317,sound_2317.mp3,women_hyperpnea2.mp3,freeaudio/horror02.zip,freeaudio/horror02/horror02/women_hyperpnea2.mp3,13.013104166666666,0.2168850694444444,horror02/women_hyperpnea2.mp3
2318,sound_2318.mp3,women_hyperpnea3.mp3,freeaudio/horror02.zip,freeaudio/horror02/horror02/women_hyperpnea3.mp3,13.168916666666666,0.2194819444444444,horror02/women_hyperpnea3.mp3
2319,sound_2319.mp3,deal_cards4.mp3,freeaudio/playing01.zip,freeaudio/playing01/playing01/deal_cards4.mp3,16.024943310657598,0.2670823885109599,playing01/deal_cards4.mp3
2320,sound_2320.mp3,guitar1.mp3,freeaudio/playing01.zip,freeaudio/playing01/playing01/guitar1.mp3,6.022675736961451,0.1003779289493575,playing01/guitar1.mp3
2321,sound_2321.mp3,guitar3.mp3,freeaudio/playing01.zip,freeaudio/playing01/playing01/guitar3.mp3,5.369614512471656,0.0894935752078609,playing01/guitar3.mp3
2322,sound_2322.mp3,guitar5.mp3,freeaudio/playing01.zip,freeaudio/playing01/playing01/guitar5.mp3,5.201269841269841,0.0866878306878306,playing01/guitar5.mp3
2323,sound_2323.mp3,guitar7.mp3,freeaudio/playing01.zip,freeaudio/playing01/playing01/guitar7.mp3,7.848344671201814,0.1308057445200302,playing01/guitar7.mp3
2324,sound_2324.mp3,Jpn_drum_rythm.mp3,freeaudio/playing01.zip,freeaudio/playing01/playing01/Jpn_drum_rythm.mp3,21.46321995464853,0.3577203325774754,playing01/Jpn_drum_rythm.mp3
2325,sound_2325.mp3,Jpn_L_drum2.mp3,freeaudio/playing01.zip,freeaudio/playing01/playing01/Jpn_L_drum2.mp3,5.4123809523809525,0.0902063492063492,playing01/Jpn_L_drum2.mp3
2326,sound_2326.mp3,large_drum3.mp3,freeaudio/playing01.zip,freeaudio/playing01/playing01/large_drum3.mp3,5.2385034013605445,0.0873083900226757,playing01/large_drum3.mp3
2327,sound_2327.mp3,TTL_Star.mp3,freeaudio/playing01.zip,freeaudio/playing01/playing01/TTL_Star.mp3,36.84,0.6140000000000001,playing01/TTL_Star.mp3
2328,sound_2328.mp3,1000hz_noise.mp3,freeaudio/horror01.zip,freeaudio/horror01/horror01/1000hz_noise.mp3,30.0,0.5,horror01/1000hz_noise.mp3
2329,sound_2329.mp3,1500hz_noise.mp3,freeaudio/horror01.zip,freeaudio/horror01/horror01/1500hz_noise.mp3,30.0,0.5,horror01/1500hz_noise.mp3
2330,sound_2330.mp3,2400hz_noise.mp3,freeaudio/horror01.zip,freeaudio/horror01/horror01/2400hz_noise.mp3,30.0,0.5,horror01/2400hz_noise.mp3
2331,sound_2331.mp3,300hz_noise.mp3,freeaudio/horror01.zip,freeaudio/horror01/horror01/300hz_noise.mp3,30.0,0.5,horror01/300hz_noise.mp3
2332,sound_2332.mp3,600hz_noise.mp3,freeaudio/horror01.zip,freeaudio/horror01/horror01/600hz_noise.mp3,30.0,0.5,horror01/600hz_noise.mp3
2333,sound_2333.mp3,black_hole1.mp3,freeaudio/horror01.zip,freeaudio/horror01/horror01/black_hole1.mp3,22.949041666666663,0.3824840277777778,horror01/black_hole1.mp3
2334,sound_2334.mp3,black_hole2.mp3,freeaudio/horror01.zip,freeaudio/horror01/horror01/black_hole2.mp3,24.864354166666665,0.4144059027777777,horror01/black_hole2.mp3
2335,sound_2335.mp3,bullying.mp3,freeaudio/horror01.zip,freeaudio/horror01/horror01/bullying.mp3,25.196916099773244,0.4199486016628874,horror01/bullying.mp3
2336,sound_2336.mp3,bummer1.mp3,freeaudio/horror01.zip,freeaudio/horror01/horror01/bummer1.mp3,6.247125,0.10411875,horror01/bummer1.mp3
2337,sound_2337.mp3,bummer2.mp3,freeaudio/horror01.zip,freeaudio/horror01/horror01/bummer2.mp3,7.992645833333333,0.1332107638888889,horror01/bummer2.mp3
2338,sound_2338.mp3,bummer3.mp3,freeaudio/horror01.zip,freeaudio/horror01/horror01/bummer3.mp3,8.715729166666666,0.1452621527777777,horror01/bummer3.mp3
2339,sound_2339.mp3,creepy_breath1.mp3,freeaudio/horror01.zip,freeaudio/horror01/horror01/creepy_breath1.mp3,46.26446712018141,0.7710744520030235,horror01/creepy_breath1.mp3
2340,sound_2340.mp3,creepy_breath2.mp3,freeaudio/horror01.zip,freeaudio/horror01/horror01/creepy_breath2.mp3,57.95700680272109,0.9659501133786847,horror01/creepy_breath2.mp3
2341,sound_2341.mp3,creep_up_on.mp3,freeaudio/horror01.zip,freeaudio/horror01/horror01/creep_up_on.mp3,9.615056689342405,0.1602509448223733,horror01/creep_up_on.mp3
2342,sound_2342.mp3,dark_bell.mp3,freeaudio/horror01.zip,freeaudio/horror01/horror01/dark_bell.mp3,21.44,0.3573333333333333,horror01/dark_bell.mp3
2343,sound_2343.mp3,dark_entrance.mp3,freeaudio/horror01.zip,freeaudio/horror01/horror01/dark_entrance.mp3,8.238253968253968,0.1373042328042328,horror01/dark_entrance.mp3
2344,sound_2344.mp3,death_sound1.mp3,freeaudio/horror01.zip,freeaudio/horror01/horror01/death_sound1.mp3,20.0,0.3333333333333333,horror01/death_sound1.mp3
2345,sound_2345.mp3,death_sound2.mp3,freeaudio/horror01.zip,freeaudio/horror01/horror01/death_sound2.mp3,20.0,0.3333333333333333,horror01/death_sound2.mp3
2346,sound_2346.mp3,death_sound3.mp3,freeaudio/horror01.zip,freeaudio/horror01/horror01/death_sound3.mp3,20.0,0.3333333333333333,horror01/death_sound3.mp3
2347,sound_2347.mp3,death_sound4.mp3,freeaudio/horror01.zip,freeaudio/horror01/horror01/death_sound4.mp3,19.75,0.3291666666666666,horror01/death_sound4.mp3
2348,sound_2348.mp3,dimensional_rift.mp3,freeaudio/horror01.zip,freeaudio/horror01/horror01/dimensional_rift.mp3,30.167891156462584,0.5027981859410431,horror01/dimensional_rift.mp3
2349,sound_2349.mp3,dog_bark_dream.mp3,freeaudio/horror01.zip,freeaudio/horror01/horror01/dog_bark_dream.mp3,22.704,0.3784,horror01/dog_bark_dream.mp3
2350,sound_2350.mp3,door_of_spacetime.mp3,freeaudio/horror01.zip,freeaudio/horror01/horror01/door_of_spacetime.mp3,13.776,0.2296,horror01/door_of_spacetime.mp3
2351,sound_2351.mp3,fly_in_head.mp3,freeaudio/horror01.zip,freeaudio/horror01/horror01/fly_in_head.mp3,10.0,0.1666666666666666,horror01/fly_in_head.mp3
2352,sound_2352.mp3,gain_weight.mp3,freeaudio/horror01.zip,freeaudio/horror01/horror01/gain_weight.mp3,6.144,0.1024,horror01/gain_weight.mp3
2353,sound_2353.mp3,ghost_call.mp3,freeaudio/horror01.zip,freeaudio/horror01/horror01/ghost_call.mp3,11.328,0.1888,horror01/ghost_call.mp3
2354,sound_2354.mp3,ghost_passed.mp3,freeaudio/horror01.zip,freeaudio/horror01/horror01/ghost_passed.mp3,7.054172335600907,0.1175695389266817,horror01/ghost_passed.mp3
2355,sound_2355.mp3,ghost_sighs.mp3,freeaudio/horror01.zip,freeaudio/horror01/horror01/ghost_sighs.mp3,30.216,0.5036,horror01/ghost_sighs.mp3
2356,sound_2356.mp3,grudge_of_dead.mp3,freeaudio/horror01.zip,freeaudio/horror01/horror01/grudge_of_dead.mp3,26.90612244897959,0.4484353741496598,horror01/grudge_of_dead.mp3
2357,sound_2357.mp3,haunted_area1.mp3,freeaudio/horror01.zip,freeaudio/horror01/horror01/haunted_area1.mp3,55.17786848072562,0.919631141345427,horror01/haunted_area1.mp3
2358,sound_2358.mp3,haunted_area2.mp3,freeaudio/horror01.zip,freeaudio/horror01/horror01/haunted_area2.mp3,60.10149659863946,1.0016916099773243,horror01/haunted_area2.mp3
2359,sound_2359.mp3,headache.mp3,freeaudio/horror01.zip,freeaudio/horror01/horror01/headache.mp3,12.324807256235829,0.2054134542705971,horror01/headache.mp3
2360,sound_2360.mp3,hell_gear.mp3,freeaudio/horror01.zip,freeaudio/horror01/horror01/hell_gear.mp3,7.848,0.1308,horror01/hell_gear.mp3
2361,sound_2361.mp3,horrific_blow1.mp3,freeaudio/horror01.zip,freeaudio/horror01/horror01/horrific_blow1.mp3,5.592,0.0931999999999999,horror01/horrific_blow1.mp3
2362,sound_2362.mp3,horrific_blow2.mp3,freeaudio/horror01.zip,freeaudio/horror01/horror01/horrific_blow2.mp3,5.9859183673469385,0.0997653061224489,horror01/horrific_blow2.mp3
2363,sound_2363.mp3,horror_piano1.mp3,freeaudio/horror01.zip,freeaudio/horror01/horror01/horror_piano1.mp3,9.11673469387755,0.1519455782312925,horror01/horror_piano1.mp3
2364,sound_2364.mp3,horror_piano2.mp3,freeaudio/horror01.zip,freeaudio/horror01/horror01/horror_piano2.mp3,7.487165532879819,0.1247860922146636,horror01/horror_piano2.mp3
2365,sound_2365.mp3,horror_piano4.mp3,freeaudio/horror01.zip,freeaudio/horror01/horror01/horror_piano4.mp3,15.941020408163263,0.2656836734693877,horror01/horror_piano4.mp3
2366,sound_2366.mp3,horror_wind.mp3,freeaudio/horror01.zip,freeaudio/horror01/horror01/horror_wind.mp3,8.76,0.146,horror01/horror_wind.mp3
2367,sound_2367.mp3,howling_wind.mp3,freeaudio/horror01.zip,freeaudio/horror01/horror01/howling_wind.mp3,73.62580498866213,1.2270967498110354,horror01/howling_wind.mp3
2368,sound_2368.mp3,inversion.mp3,freeaudio/horror01.zip,freeaudio/horror01/horror01/inversion.mp3,6.768,0.1128,horror01/inversion.mp3
2369,sound_2369.mp3,in_dream.mp3,freeaudio/horror01.zip,freeaudio/horror01/horror01/in_dream.mp3,30.336,0.5055999999999999,horror01/in_dream.mp3
2370,sound_2370.mp3,it_is_coming.mp3,freeaudio/horror01.zip,freeaudio/horror01/horror01/it_is_coming.mp3,28.199666666666666,0.4699944444444444,horror01/it_is_coming.mp3
2371,sound_2371.mp3,maze.mp3,freeaudio/horror01.zip,freeaudio/horror01/horror01/maze.mp3,13.728,0.2288,horror01/maze.mp3
2372,sound_2372.mp3,mental_attack1.mp3,freeaudio/horror01.zip,freeaudio/horror01/horror01/mental_attack1.mp3,25.215532879818593,0.4202588813303098,horror01/mental_attack1.mp3
2373,sound_2373.mp3,mental_attack2.mp3,freeaudio/horror01.zip,freeaudio/horror01/horror01/mental_attack2.mp3,20.020340136054426,0.333672335600907,horror01/mental_attack2.mp3
2374,sound_2374.mp3,mental_attack3.mp3,freeaudio/horror01.zip,freeaudio/horror01/horror01/mental_attack3.mp3,7.170270833333333,0.1195045138888888,horror01/mental_attack3.mp3
2375,sound_2375.mp3,Oriental_ghost.mp3,freeaudio/horror01.zip,freeaudio/horror01/horror01/Oriental_ghost.mp3,14.801333333333334,0.2466888888888889,horror01/Oriental_ghost.mp3
2376,sound_2376.mp3,other_world.mp3,freeaudio/horror01.zip,freeaudio/horror01/horror01/other_world.mp3,22.224,0.3704,horror01/other_world.mp3
2377,sound_2377.mp3,ridicule.mp3,freeaudio/horror01.zip,freeaudio/horror01/horror01/ridicule.mp3,7.262040816326531,0.1210340136054421,horror01/ridicule.mp3
2378,sound_2378.mp3,tick_tock.mp3,freeaudio/horror01.zip,freeaudio/horror01/horror01/tick_tock.mp3,12.096,0.2016,horror01/tick_tock.mp3
2379,sound_2379.mp3,tinnitus1.mp3,freeaudio/horror01.zip,freeaudio/horror01/horror01/tinnitus1.mp3,6.84,0.114,horror01/tinnitus1.mp3
2380,sound_2380.mp3,tinnitus3.mp3,freeaudio/horror01.zip,freeaudio/horror01/horror01/tinnitus3.mp3,8.710385487528345,0.1451730914588057,horror01/tinnitus3.mp3
2381,sound_2381.mp3,tinnitus5.mp3,freeaudio/horror01.zip,freeaudio/horror01/horror01/tinnitus5.mp3,5.159002267573696,0.0859833711262282,horror01/tinnitus5.mp3
2382,sound_2382.mp3,white_noise1.mp3,freeaudio/horror01.zip,freeaudio/horror01/horror01/white_noise1.mp3,5.064,0.0844,horror01/white_noise1.mp3
2383,sound_2383.mp3,black_cicadas1.mp3,freeaudio/nature01.zip,freeaudio/nature01/nature01/black_cicadas1.mp3,77.448,1.2908,nature01/black_cicadas1.mp3
2384,sound_2384.mp3,black_cicadas2.mp3,freeaudio/nature01.zip,freeaudio/nature01/nature01/black_cicadas2.mp3,65.5725,1.092875,nature01/black_cicadas2.mp3
2385,sound_2385.mp3,black_cicadas3.mp3,freeaudio/nature01.zip,freeaudio/nature01/nature01/black_cicadas3.mp3,289.4351473922903,4.8239191232048375,nature01/black_cicadas3.mp3
2386,sound_2386.mp3,blizzard.mp3,freeaudio/nature01.zip,freeaudio/nature01/nature01/blizzard.mp3,35.16,0.586,nature01/blizzard.mp3
2387,sound_2387.mp3,cave_stream1.mp3,freeaudio/nature01.zip,freeaudio/nature01/nature01/cave_stream1.mp3,53.22013605442177,0.8870022675736962,nature01/cave_stream1.mp3
2388,sound_2388.mp3,cave_stream2.mp3,freeaudio/nature01.zip,freeaudio/nature01/nature01/cave_stream2.mp3,65.8053514739229,1.0967558578987149,nature01/cave_stream2.mp3
2389,sound_2389.mp3,children_at_Mt_stream.mp3,freeaudio/nature01.zip,freeaudio/nature01/nature01/children_at_Mt_stream.mp3,36.4669387755102,0.60778231292517,nature01/children_at_Mt_stream.mp3
2390,sound_2390.mp3,cold_air_draft1.mp3,freeaudio/nature01.zip,freeaudio/nature01/nature01/cold_air_draft1.mp3,10.282666666666668,0.1713777777777778,nature01/cold_air_draft1.mp3
2391,sound_2391.mp3,cold_air_draft2.mp3,freeaudio/nature01.zip,freeaudio/nature01/nature01/cold_air_draft2.mp3,12.373333333333331,0.2062222222222222,nature01/cold_air_draft2.mp3
2392,sound_2392.mp3,cricket.mp3,freeaudio/nature01.zip,freeaudio/nature01/nature01/cricket.mp3,69.79918367346939,1.1633197278911565,nature01/cricket.mp3
2393,sound_2393.mp3,fall_riverside_dawn.mp3,freeaudio/nature01.zip,freeaudio/nature01/nature01/fall_riverside_dawn.mp3,54.778775510204085,0.9129795918367348,nature01/fall_riverside_dawn.mp3
2394,sound_2394.mp3,fall_riverside_night1.mp3,freeaudio/nature01.zip,freeaudio/nature01/nature01/fall_riverside_night1.mp3,46.288979591836735,0.771482993197279,nature01/fall_riverside_night1.mp3
2395,sound_2395.mp3,fall_riverside_night2.mp3,freeaudio/nature01.zip,freeaudio/nature01/nature01/fall_riverside_night2.mp3,129.6457142857143,2.160761904761905,nature01/fall_riverside_night2.mp3
2396,sound_2396.mp3,family_on_beach1.mp3,freeaudio/nature01.zip,freeaudio/nature01/nature01/family_on_beach1.mp3,48.248163265306125,0.8041360544217687,nature01/family_on_beach1.mp3
2397,sound_2397.mp3,family_on_beach2.mp3,freeaudio/nature01.zip,freeaudio/nature01/nature01/family_on_beach2.mp3,41.2734693877551,0.687891156462585,nature01/family_on_beach2.mp3
2398,sound_2398.mp3,fire1.mp3,freeaudio/nature01.zip,freeaudio/nature01/nature01/fire1.mp3,7.157551020408163,0.1192925170068027,nature01/fire1.mp3
2399,sound_2399.mp3,fire2.mp3,freeaudio/nature01.zip,freeaudio/nature01/nature01/fire2.mp3,5.381224489795918,0.0896870748299319,nature01/fire2.mp3
2400,sound_2400.mp3,frogs1.mp3,freeaudio/nature01.zip,freeaudio/nature01/nature01/frogs1.mp3,11.784,0.1964,nature01/frogs1.mp3
2401,sound_2401.mp3,frogs2.mp3,freeaudio/nature01.zip,freeaudio/nature01/nature01/frogs2.mp3,36.84,0.6140000000000001,nature01/frogs2.mp3
2402,sound_2402.mp3,gale_blow_trees1.mp3,freeaudio/nature01.zip,freeaudio/nature01/nature01/gale_blow_trees1.mp3,33.98603174603175,0.5664338624338625,nature01/gale_blow_trees1.mp3
2403,sound_2403.mp3,gale_blow_trees2.mp3,freeaudio/nature01.zip,freeaudio/nature01/nature01/gale_blow_trees2.mp3,20.967551020408163,0.3494591836734694,nature01/gale_blow_trees2.mp3
2404,sound_2404.mp3,gloomy_rainy_day.mp3,freeaudio/nature01.zip,freeaudio/nature01/nature01/gloomy_rainy_day.mp3,62.51390022675737,1.041898337112623,nature01/gloomy_rainy_day.mp3
2405,sound_2405.mp3,haevy_rain.mp3,freeaudio/nature01.zip,freeaudio/nature01/nature01/haevy_rain.mp3,14.232,0.2372,nature01/haevy_rain.mp3
2406,sound_2406.mp3,insects_sing_in_fall1.mp3,freeaudio/nature01.zip,freeaudio/nature01/nature01/insects_sing_in_fall1.mp3,93.67510204081633,1.5612517006802722,nature01/insects_sing_in_fall1.mp3
2407,sound_2407.mp3,insects_sing_in_fall2.mp3,freeaudio/nature01.zip,freeaudio/nature01/nature01/insects_sing_in_fall2.mp3,52.76734693877551,0.8794557823129252,nature01/insects_sing_in_fall2.mp3
2408,sound_2408.mp3,insects_sing_in_fall3.mp3,freeaudio/nature01.zip,freeaudio/nature01/nature01/insects_sing_in_fall3.mp3,101.30285714285716,1.6883809523809523,nature01/insects_sing_in_fall3.mp3
2409,sound_2409.mp3,insects_sing_in_fall4.mp3,freeaudio/nature01.zip,freeaudio/nature01/nature01/insects_sing_in_fall4.mp3,128.78367346938776,2.1463945578231294,nature01/insects_sing_in_fall4.mp3
2410,sound_2410.mp3,insects_sing_in_fall5.mp3,freeaudio/nature01.zip,freeaudio/nature01/nature01/insects_sing_in_fall5.mp3,52.819591836734695,0.8803265306122449,nature01/insects_sing_in_fall5.mp3
2411,sound_2411.mp3,insects_sing_in_fall6.mp3,freeaudio/nature01.zip,freeaudio/nature01/nature01/insects_sing_in_fall6.mp3,59.00480725623583,0.9834134542705972,nature01/insects_sing_in_fall6.mp3
2412,sound_2412.mp3,insects_sing_in_fall7.mp3,freeaudio/nature01.zip,freeaudio/nature01/nature01/insects_sing_in_fall7.mp3,73.20854875283446,1.2201424792139075,nature01/insects_sing_in_fall7.mp3
2413,sound_2413.mp3,insects_sing_in_fall8.mp3,freeaudio/nature01.zip,freeaudio/nature01/nature01/insects_sing_in_fall8.mp3,62.87963718820862,1.0479939531368103,nature01/insects_sing_in_fall8.mp3
2414,sound_2414.mp3,lightning_nearby1.mp3,freeaudio/nature01.zip,freeaudio/nature01/nature01/lightning_nearby1.mp3,35.19136054421769,0.5865226757369615,nature01/lightning_nearby1.mp3
2415,sound_2415.mp3,lightning_nearby2.mp3,freeaudio/nature01.zip,freeaudio/nature01/nature01/lightning_nearby2.mp3,11.563537414965989,0.1927256235827664,nature01/lightning_nearby2.mp3
2416,sound_2416.mp3,lightning_nearby3.mp3,freeaudio/nature01.zip,freeaudio/nature01/nature01/lightning_nearby3.mp3,25.774149659863944,0.4295691609977324,nature01/lightning_nearby3.mp3
2417,sound_2417.mp3,light_rain_thunder1.mp3,freeaudio/nature01.zip,freeaudio/nature01/nature01/light_rain_thunder1.mp3,60.3718820861678,1.0061980347694637,nature01/light_rain_thunder1.mp3
2418,sound_2418.mp3,light_rain_thunder2.mp3,freeaudio/nature01.zip,freeaudio/nature01/nature01/light_rain_thunder2.mp3,73.776,1.2296,nature01/light_rain_thunder2.mp3
2419,sound_2419.mp3,mountain_stream.mp3,freeaudio/nature01.zip,freeaudio/nature01/nature01/mountain_stream.mp3,66.37714285714286,1.1062857142857143,nature01/mountain_stream.mp3
2420,sound_2420.mp3,Mt_stream.mp3,freeaudio/nature01.zip,freeaudio/nature01/nature01/Mt_stream.mp3,13.68,0.228,nature01/Mt_stream.mp3
2421,sound_2421.mp3,night_wind1.mp3,freeaudio/nature01.zip,freeaudio/nature01/nature01/night_wind1.mp3,30.36,0.506,nature01/night_wind1.mp3
2422,sound_2422.mp3,night_wind2.mp3,freeaudio/nature01.zip,freeaudio/nature01/nature01/night_wind2.mp3,90.4736875,1.5078947916666663,nature01/night_wind2.mp3
2423,sound_2423.mp3,rainfall_band.mp3,freeaudio/nature01.zip,freeaudio/nature01/nature01/rainfall_band.mp3,459.0846485260771,7.651410808767952,nature01/rainfall_band.mp3
2424,sound_2424.mp3,rain_and_car1.mp3,freeaudio/nature01.zip,freeaudio/nature01/nature01/rain_and_car1.mp3,23.962993197278912,0.3993832199546485,nature01/rain_and_car1.mp3
2425,sound_2425.mp3,rain_and_car2.mp3,freeaudio/nature01.zip,freeaudio/nature01/nature01/rain_and_car2.mp3,41.64,0.6940000000000001,nature01/rain_and_car2.mp3
2426,sound_2426.mp3,rain_loop.mp3,freeaudio/nature01.zip,freeaudio/nature01/nature01/rain_loop.mp3,7.656,0.1276,nature01/rain_loop.mp3
2427,sound_2427.mp3,rumbling_earth.mp3,freeaudio/nature01.zip,freeaudio/nature01/nature01/rumbling_earth.mp3,20.0,0.3333333333333333,nature01/rumbling_earth.mp3
2428,sound_2428.mp3,sand_flows.mp3,freeaudio/nature01.zip,freeaudio/nature01/nature01/sand_flows.mp3,6.802947845804988,0.1133824640967498,nature01/sand_flows.mp3
2429,sound_2429.mp3,shelter_from_rain1.mp3,freeaudio/nature01.zip,freeaudio/nature01/nature01/shelter_from_rain1.mp3,50.0381875,0.8339697916666666,nature01/shelter_from_rain1.mp3
2430,sound_2430.mp3,shelter_from_rain2.mp3,freeaudio/nature01.zip,freeaudio/nature01/nature01/shelter_from_rain2.mp3,34.151020833333334,0.5691836805555556,nature01/shelter_from_rain2.mp3
2431,sound_2431.mp3,shelter_from_rain3.mp3,freeaudio/nature01.zip,freeaudio/nature01/nature01/shelter_from_rain3.mp3,117.63310657596372,1.960551776266062,nature01/shelter_from_rain3.mp3
2432,sound_2432.mp3,shower_let_up.mp3,freeaudio/nature01.zip,freeaudio/nature01/nature01/shower_let_up.mp3,333.45961451247166,5.557660241874528,nature01/shower_let_up.mp3
2433,sound_2433.mp3,small_cave_stream.mp3,freeaudio/nature01.zip,freeaudio/nature01/nature01/small_cave_stream.mp3,13.68,0.228,nature01/small_cave_stream.mp3
2434,sound_2434.mp3,small_waterfall.mp3,freeaudio/nature01.zip,freeaudio/nature01/nature01/small_waterfall.mp3,164.2610625,2.737684375,nature01/small_waterfall.mp3
2435,sound_2435.mp3,Smr_Mt_top_meadows1.mp3,freeaudio/nature01.zip,freeaudio/nature01/nature01/Smr_Mt_top_meadows1.mp3,50.35877551020408,0.8393129251700681,nature01/Smr_Mt_top_meadows1.mp3
2436,sound_2436.mp3,Smr_Mt_top_meadows2.mp3,freeaudio/nature01.zip,freeaudio/nature01/nature01/Smr_Mt_top_meadows2.mp3,30.255419501133787,0.5042569916855631,nature01/Smr_Mt_top_meadows2.mp3
2437,sound_2437.mp3,Smr_Mt_top_meadows3.mp3,freeaudio/nature01.zip,freeaudio/nature01/nature01/Smr_Mt_top_meadows3.mp3,56.363174603174606,0.9393862433862434,nature01/Smr_Mt_top_meadows3.mp3
2438,sound_2438.mp3,Smr_rain_shower.mp3,freeaudio/nature01.zip,freeaudio/nature01/nature01/Smr_rain_shower.mp3,83.83800453514739,1.3973000755857898,nature01/Smr_rain_shower.mp3
2439,sound_2439.mp3,spring_water_on_Mt1.mp3,freeaudio/nature01.zip,freeaudio/nature01/nature01/spring_water_on_Mt1.mp3,111.79167800453514,1.863194633408919,nature01/spring_water_on_Mt1.mp3
2440,sound_2440.mp3,spring_water_on_Mt2.mp3,freeaudio/nature01.zip,freeaudio/nature01/nature01/spring_water_on_Mt2.mp3,224.7358276643991,3.745597127739985,nature01/spring_water_on_Mt2.mp3
2441,sound_2441.mp3,storm1.mp3,freeaudio/nature01.zip,freeaudio/nature01/nature01/storm1.mp3,29.328,0.4888,nature01/storm1.mp3
2442,sound_2442.mp3,storm2.mp3,freeaudio/nature01.zip,freeaudio/nature01/nature01/storm2.mp3,41.352,0.6891999999999999,nature01/storm2.mp3
2443,sound_2443.mp3,storm_at_riverside.mp3,freeaudio/nature01.zip,freeaudio/nature01/nature01/storm_at_riverside.mp3,366.0142176870749,6.100236961451247,nature01/storm_at_riverside.mp3
2444,sound_2444.mp3,storm_coming1.mp3,freeaudio/nature01.zip,freeaudio/nature01/nature01/storm_coming1.mp3,36.24,0.604,nature01/storm_coming1.mp3
2445,sound_2445.mp3,storm_coming2.mp3,freeaudio/nature01.zip,freeaudio/nature01/nature01/storm_coming2.mp3,112.776,1.8796,nature01/storm_coming2.mp3
2446,sound_2446.mp3,storm_hit_window1.mp3,freeaudio/nature01.zip,freeaudio/nature01/nature01/storm_hit_window1.mp3,68.57027210884354,1.1428378684807257,nature01/storm_hit_window1.mp3
2447,sound_2447.mp3,storm_hit_window2.mp3,freeaudio/nature01.zip,freeaudio/nature01/nature01/storm_hit_window2.mp3,68.08526077097505,1.1347543461829177,nature01/storm_hit_window2.mp3
2448,sound_2448.mp3,storm_hit_window3.mp3,freeaudio/nature01.zip,freeaudio/nature01/nature01/storm_hit_window3.mp3,34.3691156462585,0.5728185941043084,nature01/storm_hit_window3.mp3
2449,sound_2449.mp3,storm_hit_window4.mp3,freeaudio/nature01.zip,freeaudio/nature01/nature01/storm_hit_window4.mp3,73.88809523809523,1.2314682539682538,nature01/storm_hit_window4.mp3
2450,sound_2450.mp3,storm_hit_window5.mp3,freeaudio/nature01.zip,freeaudio/nature01/nature01/storm_hit_window5.mp3,133.74002267573695,2.229000377928949,nature01/storm_hit_window5.mp3
2451,sound_2451.mp3,storm_hit_window6.mp3,freeaudio/nature01.zip,freeaudio/nature01/nature01/storm_hit_window6.mp3,58.91693877551021,0.9819489795918368,nature01/storm_hit_window6.mp3
2452,sound_2452.mp3,stream1.mp3,freeaudio/nature01.zip,freeaudio/nature01/nature01/stream1.mp3,76.81498866213153,1.2802498110355254,nature01/stream1.mp3
2453,sound_2453.mp3,stream2.mp3,freeaudio/nature01.zip,freeaudio/nature01/nature01/stream2.mp3,57.73002267573696,0.962167044595616,nature01/stream2.mp3
2454,sound_2454.mp3,stream3.mp3,freeaudio/nature01.zip,freeaudio/nature01/nature01/stream3.mp3,288.6501133786848,4.81083522297808,nature01/stream3.mp3
2455,sound_2455.mp3,strong_wind1.mp3,freeaudio/nature01.zip,freeaudio/nature01/nature01/strong_wind1.mp3,26.66755102040816,0.4444591836734693,nature01/strong_wind1.mp3
2456,sound_2456.mp3,strong_wind2.mp3,freeaudio/nature01.zip,freeaudio/nature01/nature01/strong_wind2.mp3,9.188888888888888,0.1531481481481481,nature01/strong_wind2.mp3
2457,sound_2457.mp3,summer_beach1.mp3,freeaudio/nature01.zip,freeaudio/nature01/nature01/summer_beach1.mp3,70.84408163265306,1.180734693877551,nature01/summer_beach1.mp3
2458,sound_2458.mp3,summer_beach2.mp3,freeaudio/nature01.zip,freeaudio/nature01/nature01/summer_beach2.mp3,30.87673469387755,0.5146122448979592,nature01/summer_beach2.mp3
2459,sound_2459.mp3,summer_mountains1.mp3,freeaudio/nature01.zip,freeaudio/nature01/nature01/summer_mountains1.mp3,23.875918367346937,0.3979319727891156,nature01/summer_mountains1.mp3
2460,sound_2460.mp3,summer_mountains2.mp3,freeaudio/nature01.zip,freeaudio/nature01/nature01/summer_mountains2.mp3,74.73632653061225,1.2456054421768707,nature01/summer_mountains2.mp3
2461,sound_2461.mp3,summer_mountains3.mp3,freeaudio/nature01.zip,freeaudio/nature01/nature01/summer_mountains3.mp3,121.5936507936508,2.0265608465608467,nature01/summer_mountains3.mp3
2462,sound_2462.mp3,summer_mountains4.mp3,freeaudio/nature01.zip,freeaudio/nature01/nature01/summer_mountains4.mp3,50.86131519274377,0.8476885865457294,nature01/summer_mountains4.mp3
2463,sound_2463.mp3,swollen_river.mp3,freeaudio/nature01.zip,freeaudio/nature01/nature01/swollen_river.mp3,62.05558333333333,1.0342597222222225,nature01/swollen_river.mp3
2464,sound_2464.mp3,thunder1.mp3,freeaudio/nature01.zip,freeaudio/nature01/nature01/thunder1.mp3,25.68,0.428,nature01/thunder1.mp3
2465,sound_2465.mp3,watch_raining.mp3,freeaudio/nature01.zip,freeaudio/nature01/nature01/watch_raining.mp3,97.848,1.6308,nature01/watch_raining.mp3
2466,sound_2466.mp3,waterfall1.mp3,freeaudio/nature01.zip,freeaudio/nature01/nature01/waterfall1.mp3,33.761814058956915,0.5626969009826153,nature01/waterfall1.mp3
2467,sound_2467.mp3,waves_on_beach1.mp3,freeaudio/nature01.zip,freeaudio/nature01/nature01/waves_on_beach1.mp3,10.56,0.176,nature01/waves_on_beach1.mp3
2468,sound_2468.mp3,waves_on_beach2.mp3,freeaudio/nature01.zip,freeaudio/nature01/nature01/waves_on_beach2.mp3,121.69736961451248,2.028289493575208,nature01/waves_on_beach2.mp3
2469,sound_2469.mp3,Asian_opening1.mp3,freeaudio/anime01.zip,freeaudio/anime01/anime01/Asian_opening1.mp3,7.632,0.1272,anime01/Asian_opening1.mp3
2470,sound_2470.mp3,Asian_opening2.mp3,freeaudio/anime01.zip,freeaudio/anime01/anime01/Asian_opening2.mp3,10.224,0.1704,anime01/Asian_opening2.mp3
2471,sound_2471.mp3,bad_ending.mp3,freeaudio/anime01.zip,freeaudio/anime01/anime01/bad_ending.mp3,11.875458333333333,0.1979243055555555,anime01/bad_ending.mp3
2472,sound_2472.mp3,child_bully.mp3,freeaudio/anime01.zip,freeaudio/anime01/anime01/child_bully.mp3,11.8521768707483,0.1975362811791383,anime01/child_bully.mp3
2473,sound_2473.mp3,endless_farts.mp3,freeaudio/anime01.zip,freeaudio/anime01/anime01/endless_farts.mp3,5.5030833333333335,0.0917180555555555,anime01/endless_farts.mp3
2474,sound_2474.mp3,fanfare1.mp3,freeaudio/anime01.zip,freeaudio/anime01/anime01/fanfare1.mp3,14.15750566893424,0.2359584278155706,anime01/fanfare1.mp3
2475,sound_2475.mp3,fanfare2.mp3,freeaudio/anime01.zip,freeaudio/anime01/anime01/fanfare2.mp3,12.852244897959183,0.214204081632653,anime01/fanfare2.mp3
2476,sound_2476.mp3,funny.mp3,freeaudio/anime01.zip,freeaudio/anime01/anime01/funny.mp3,8.397074829931972,0.1399512471655328,anime01/funny.mp3
2477,sound_2477.mp3,harmonic_noise.mp3,freeaudio/anime01.zip,freeaudio/anime01/anime01/harmonic_noise.mp3,15.0,0.25,anime01/harmonic_noise.mp3
2478,sound_2478.mp3,hurry_up.mp3,freeaudio/anime01.zip,freeaudio/anime01/anime01/hurry_up.mp3,12.740625,0.21234375,anime01/hurry_up.mp3
2479,sound_2479.mp3,idiot.mp3,freeaudio/anime01.zip,freeaudio/anime01/anime01/idiot.mp3,7.784489795918367,0.1297414965986394,anime01/idiot.mp3
2480,sound_2480.mp3,Ikkyu_san.mp3,freeaudio/anime01.zip,freeaudio/anime01/anime01/Ikkyu_san.mp3,7.08,0.118,anime01/Ikkyu_san.mp3
2481,sound_2481.mp3,lost_memories.mp3,freeaudio/anime01.zip,freeaudio/anime01/anime01/lost_memories.mp3,5.12,0.0853333333333333,anime01/lost_memories.mp3
2482,sound_2482.mp3,praying.mp3,freeaudio/anime01.zip,freeaudio/anime01/anime01/praying.mp3,9.978639455782313,0.1663106575963718,anime01/praying.mp3
2483,sound_2483.mp3,requiem1.mp3,freeaudio/anime01.zip,freeaudio/anime01/anime01/requiem1.mp3,16.185192743764173,0.2697532123960695,anime01/requiem1.mp3
2484,sound_2484.mp3,requiem2.mp3,freeaudio/anime01.zip,freeaudio/anime01/anime01/requiem2.mp3,13.236848072562358,0.2206141345427059,anime01/requiem2.mp3
2485,sound_2485.mp3,scene_change1.mp3,freeaudio/anime01.zip,freeaudio/anime01/anime01/scene_change1.mp3,9.672,0.1612,anime01/scene_change1.mp3
2486,sound_2486.mp3,scene_change10.mp3,freeaudio/anime01.zip,freeaudio/anime01/anime01/scene_change10.mp3,8.15328798185941,0.1358881330309901,anime01/scene_change10.mp3
2487,sound_2487.mp3,scene_change11.mp3,freeaudio/anime01.zip,freeaudio/anime01/anime01/scene_change11.mp3,13.806938775510204,0.2301156462585034,anime01/scene_change11.mp3
2488,sound_2488.mp3,scene_change12.mp3,freeaudio/anime01.zip,freeaudio/anime01/anime01/scene_change12.mp3,20.17439909297052,0.336239984882842,anime01/scene_change12.mp3
2489,sound_2489.mp3,scene_change13.mp3,freeaudio/anime01.zip,freeaudio/anime01/anime01/scene_change13.mp3,18.131927437641725,0.3021987906273621,anime01/scene_change13.mp3
2490,sound_2490.mp3,scene_change14.mp3,freeaudio/anime01.zip,freeaudio/anime01/anime01/scene_change14.mp3,9.340861678004536,0.1556810279667422,anime01/scene_change14.mp3
2491,sound_2491.mp3,scene_change15.mp3,freeaudio/anime01.zip,freeaudio/anime01/anime01/scene_change15.mp3,6.005804988662131,0.1000967498110355,anime01/scene_change15.mp3
2492,sound_2492.mp3,scene_change16.mp3,freeaudio/anime01.zip,freeaudio/anime01/anime01/scene_change16.mp3,6.1545124716553286,0.1025752078609221,anime01/scene_change16.mp3
2493,sound_2493.mp3,scene_change17.mp3,freeaudio/anime01.zip,freeaudio/anime01/anime01/scene_change17.mp3,7.036270833333333,0.1172711805555555,anime01/scene_change17.mp3
2494,sound_2494.mp3,scene_change19.mp3,freeaudio/anime01.zip,freeaudio/anime01/anime01/scene_change19.mp3,9.91235827664399,0.1652059712773998,anime01/scene_change19.mp3
2495,sound_2495.mp3,scene_change2.mp3,freeaudio/anime01.zip,freeaudio/anime01/anime01/scene_change2.mp3,11.377709750566892,0.1896284958427815,anime01/scene_change2.mp3
2496,sound_2496.mp3,scene_change20.mp3,freeaudio/anime01.zip,freeaudio/anime01/anime01/scene_change20.mp3,6.974467120181406,0.1162411186696901,anime01/scene_change20.mp3
2497,sound_2497.mp3,scene_change21.mp3,freeaudio/anime01.zip,freeaudio/anime01/anime01/scene_change21.mp3,13.866825396825396,0.2311137566137566,anime01/scene_change21.mp3
2498,sound_2498.mp3,scene_change3.mp3,freeaudio/anime01.zip,freeaudio/anime01/anime01/scene_change3.mp3,6.347551020408163,0.1057925170068027,anime01/scene_change3.mp3
2499,sound_2499.mp3,scene_change4.mp3,freeaudio/anime01.zip,freeaudio/anime01/anime01/scene_change4.mp3,8.393219954648526,0.1398869992441421,anime01/scene_change4.mp3
2500,sound_2500.mp3,scene_change7.mp3,freeaudio/anime01.zip,freeaudio/anime01/anime01/scene_change7.mp3,5.48859410430839,0.0914765684051398,anime01/scene_change7.mp3
2501,sound_2501.mp3,scene_change8.mp3,freeaudio/anime01.zip,freeaudio/anime01/anime01/scene_change8.mp3,12.01530612244898,0.2002551020408163,anime01/scene_change8.mp3
2502,sound_2502.mp3,scene_change9.mp3,freeaudio/anime01.zip,freeaudio/anime01/anime01/scene_change9.mp3,9.30798185941043,0.1551330309901738,anime01/scene_change9.mp3
2503,sound_2503.mp3,silent_ending.mp3,freeaudio/anime01.zip,freeaudio/anime01/anime01/silent_ending.mp3,10.0,0.1666666666666666,anime01/silent_ending.mp3
2504,sound_2504.mp3,start_adventure.mp3,freeaudio/anime01.zip,freeaudio/anime01/anime01/start_adventure.mp3,11.32047619047619,0.1886746031746032,anime01/start_adventure.mp3
2505,sound_2505.mp3,strange_tinnitus.mp3,freeaudio/anime01.zip,freeaudio/anime01/anime01/strange_tinnitus.mp3,6.4321541950113374,0.1072025699168556,anime01/strange_tinnitus.mp3
2506,sound_2506.mp3,which_way.mp3,freeaudio/anime01.zip,freeaudio/anime01/anime01/which_way.mp3,5.134580498866213,0.0855763416477702,anime01/which_way.mp3
2507,sound_2507.mp3,back_up_car.mp3,freeaudio/car01.zip,freeaudio/car01/car01/back_up_car.mp3,24.398072562358276,0.4066345427059712,car01/back_up_car.mp3
2508,sound_2508.mp3,car_alarm1.mp3,freeaudio/car01.zip,freeaudio/car01/car01/car_alarm1.mp3,11.176417233560093,0.1862736205593348,car01/car_alarm1.mp3
2509,sound_2509.mp3,car_alarm2.mp3,freeaudio/car01.zip,freeaudio/car01/car01/car_alarm2.mp3,11.176417233560093,0.1862736205593348,car01/car_alarm2.mp3
2510,sound_2510.mp3,car_pass_by.mp3,freeaudio/car01.zip,freeaudio/car01/car01/car_pass_by.mp3,12.659979166666666,0.2109996527777777,car01/car_pass_by.mp3
2511,sound_2511.mp3,drive_Kei_car1.mp3,freeaudio/car01.zip,freeaudio/car01/car01/drive_Kei_car1.mp3,41.84235827664399,0.6973726379440666,car01/drive_Kei_car1.mp3
2512,sound_2512.mp3,drive_Kei_car2.mp3,freeaudio/car01.zip,freeaudio/car01/car01/drive_Kei_car2.mp3,32.708662131519276,0.5451443688586546,car01/drive_Kei_car2.mp3
2513,sound_2513.mp3,drive_on_freeway1.mp3,freeaudio/car01.zip,freeaudio/car01/car01/drive_on_freeway1.mp3,33.29183333333334,0.5548638888888889,car01/drive_on_freeway1.mp3
2514,sound_2514.mp3,drive_on_freeway2.mp3,freeaudio/car01.zip,freeaudio/car01/car01/drive_on_freeway2.mp3,23.979604166666668,0.3996600694444445,car01/drive_on_freeway2.mp3
2515,sound_2515.mp3,freeway_tunnel1.mp3,freeaudio/car01.zip,freeaudio/car01/car01/freeway_tunnel1.mp3,62.75533333333333,1.0459222222222222,car01/freeway_tunnel1.mp3
2516,sound_2516.mp3,freeway_tunnel2.mp3,freeaudio/car01.zip,freeaudio/car01/car01/freeway_tunnel2.mp3,61.087875,1.01813125,car01/freeway_tunnel2.mp3
2517,sound_2517.mp3,freeway_tunnel3.mp3,freeaudio/car01.zip,freeaudio/car01/car01/freeway_tunnel3.mp3,80.20897916666667,1.3368163194444445,car01/freeway_tunnel3.mp3
2518,sound_2518.mp3,freeway_tunnel4.mp3,freeaudio/car01.zip,freeaudio/car01/car01/freeway_tunnel4.mp3,31.624666666666663,0.5270777777777778,car01/freeway_tunnel4.mp3
2519,sound_2519.mp3,kei_car_engine1.mp3,freeaudio/car01.zip,freeaudio/car01/car01/kei_car_engine1.mp3,9.91954648526077,0.1653257747543461,car01/kei_car_engine1.mp3
2520,sound_2520.mp3,kei_car_engine2.mp3,freeaudio/car01.zip,freeaudio/car01/car01/kei_car_engine2.mp3,20.304,0.3384,car01/kei_car_engine2.mp3
2521,sound_2521.mp3,left_key_in_car.mp3,freeaudio/car01.zip,freeaudio/car01/car01/left_key_in_car.mp3,20.157278911564624,0.3359546485260771,car01/left_key_in_car.mp3
2522,sound_2522.mp3,op_pwr_window2.mp3,freeaudio/car01.zip,freeaudio/car01/car01/op_pwr_window2.mp3,5.489024943310658,0.0914837490551776,car01/op_pwr_window2.mp3
2523,sound_2523.mp3,stop_my_car.mp3,freeaudio/car01.zip,freeaudio/car01/car01/stop_my_car.mp3,16.4478125,0.2741302083333333,car01/stop_my_car.mp3
2524,sound_2524.mp3,windshield_wipers2.mp3,freeaudio/car01.zip,freeaudio/car01/car01/windshield_wipers2.mp3,65.22707482993198,1.0871179138321996,car01/windshield_wipers2.mp3
2525,sound_2525.mp3,windshield_wipers3.mp3,freeaudio/car01.zip,freeaudio/car01/car01/windshield_wipers3.mp3,66.78385487528345,1.1130642479213908,car01/windshield_wipers3.mp3
2526,sound_2526.mp3,windshield_wipers4.mp3,freeaudio/car01.zip,freeaudio/car01/car01/windshield_wipers4.mp3,62.63387755102041,1.0438979591836737,car01/windshield_wipers4.mp3
2527,sound_2527.mp3,atomic_bomb.mp3,freeaudio/arms01.zip,freeaudio/arms01/arms01/atomic_bomb.mp3,38.82138321995465,0.6470230536659108,arms01/atomic_bomb.mp3
2528,sound_2528.mp3,explosion1.mp3,freeaudio/arms01.zip,freeaudio/arms01/arms01/explosion1.mp3,5.148775510204081,0.085812925170068,arms01/explosion1.mp3
2529,sound_2529.mp3,explosions.mp3,freeaudio/arms01.zip,freeaudio/arms01/arms01/explosions.mp3,11.740861678004537,0.1956810279667422,arms01/explosions.mp3
2530,sound_2530.mp3,launch_land.mp3,freeaudio/arms01.zip,freeaudio/arms01/arms01/launch_land.mp3,12.199183673469388,0.2033197278911564,arms01/launch_land.mp3
2531,sound_2531.mp3,small_explosion3.mp3,freeaudio/arms01.zip,freeaudio/arms01/arms01/small_explosion3.mp3,5.002018140589569,0.0833669690098261,arms01/small_explosion3.mp3
2532,sound_2532.mp3,brush_teeth1.mp3,freeaudio/human01.zip,freeaudio/human01/human01/brush_teeth1.mp3,6.936,0.1156,human01/brush_teeth1.mp3
2533,sound_2533.mp3,brush_teeth2.mp3,freeaudio/human01.zip,freeaudio/human01/human01/brush_teeth2.mp3,20.088,0.3348,human01/brush_teeth2.mp3
2534,sound_2534.mp3,down_bldg_stairs.mp3,freeaudio/human01.zip,freeaudio/human01/human01/down_bldg_stairs.mp3,15.36,0.256,human01/down_bldg_stairs.mp3
2535,sound_2535.mp3,down_stairs1.mp3,freeaudio/human01.zip,freeaudio/human01/human01/down_stairs1.mp3,11.391678004535148,0.1898613000755858,human01/down_stairs1.mp3
2536,sound_2536.mp3,heartbeats.mp3,freeaudio/human01.zip,freeaudio/human01/human01/heartbeats.mp3,13.986621315192744,0.2331103552532124,human01/heartbeats.mp3
2537,sound_2537.mp3,hiking1.mp3,freeaudio/human01.zip,freeaudio/human01/human01/hiking1.mp3,82.72571428571429,1.3787619047619049,human01/hiking1.mp3
2538,sound_2538.mp3,hiking2.mp3,freeaudio/human01.zip,freeaudio/human01/human01/hiking2.mp3,43.10349206349206,0.7183915343915344,human01/hiking2.mp3
2539,sound_2539.mp3,man_cough1.mp3,freeaudio/human01.zip,freeaudio/human01/human01/man_cough1.mp3,7.612902494331066,0.1268817082388511,human01/man_cough1.mp3
2540,sound_2540.mp3,man_cough2.mp3,freeaudio/human01.zip,freeaudio/human01/human01/man_cough2.mp3,6.321746031746032,0.1053624338624338,human01/man_cough2.mp3
2541,sound_2541.mp3,run_in_hall.mp3,freeaudio/human01.zip,freeaudio/human01/human01/run_in_hall.mp3,6.96,0.116,human01/run_in_hall.mp3
2542,sound_2542.mp3,run_on_leaves1.mp3,freeaudio/human01.zip,freeaudio/human01/human01/run_on_leaves1.mp3,11.296009070294785,0.1882668178382464,human01/run_on_leaves1.mp3
2543,sound_2543.mp3,run_on_leaves2.mp3,freeaudio/human01.zip,freeaudio/human01/human01/run_on_leaves2.mp3,12.38204081632653,0.2063673469387755,human01/run_on_leaves2.mp3
2544,sound_2544.mp3,snap3.mp3,freeaudio/human01.zip,freeaudio/human01/human01/snap3.mp3,6.3645578231292514,0.1060759637188208,human01/snap3.mp3
2545,sound_2545.mp3,up_stairs1.mp3,freeaudio/human01.zip,freeaudio/human01/human01/up_stairs1.mp3,9.39578231292517,0.1565963718820861,human01/up_stairs1.mp3
2546,sound_2546.mp3,up_stairs2.mp3,freeaudio/human01.zip,freeaudio/human01/human01/up_stairs2.mp3,5.371269841269841,0.089521164021164,human01/up_stairs2.mp3
2547,sound_2547.mp3,walk_at_night.mp3,freeaudio/human01.zip,freeaudio/human01/human01/walk_at_night.mp3,12.097333333333331,0.2016222222222222,human01/walk_at_night.mp3
2548,sound_2548.mp3,walk_aut_evening.mp3,freeaudio/human01.zip,freeaudio/human01/human01/walk_aut_evening.mp3,30.56530612244898,0.509421768707483,human01/walk_aut_evening.mp3
2549,sound_2549.mp3,walk_floor_slowly1.mp3,freeaudio/human01.zip,freeaudio/human01/human01/walk_floor_slowly1.mp3,7.993650793650794,0.1332275132275132,human01/walk_floor_slowly1.mp3
2550,sound_2550.mp3,walk_floor_slowly2.mp3,freeaudio/human01.zip,freeaudio/human01/human01/walk_floor_slowly2.mp3,5.485714285714286,0.0914285714285714,human01/walk_floor_slowly2.mp3
2551,sound_2551.mp3,walk_in_forest1.mp3,freeaudio/human01.zip,freeaudio/human01/human01/walk_in_forest1.mp3,40.272562358276645,0.6712093726379441,human01/walk_in_forest1.mp3
2552,sound_2552.mp3,walk_in_forest2.mp3,freeaudio/human01.zip,freeaudio/human01/human01/walk_in_forest2.mp3,65.21009070294785,1.086834845049131,human01/walk_in_forest2.mp3
2553,sound_2553.mp3,walk_in_snowstorm.mp3,freeaudio/human01.zip,freeaudio/human01/human01/walk_in_snowstorm.mp3,22.8561875,0.3809364583333333,human01/walk_in_snowstorm.mp3
2554,sound_2554.mp3,walk_on_floor2.mp3,freeaudio/human01.zip,freeaudio/human01/human01/walk_on_floor2.mp3,7.944,0.1324,human01/walk_on_floor2.mp3
2555,sound_2555.mp3,walk_on_gravel.mp3,freeaudio/human01.zip,freeaudio/human01/human01/walk_on_gravel.mp3,7.127,0.1187833333333333,human01/walk_on_gravel.mp3
2556,sound_2556.mp3,walk_on_ground.mp3,freeaudio/human01.zip,freeaudio/human01/human01/walk_on_ground.mp3,7.032,0.1172,human01/walk_on_ground.mp3
2557,sound_2557.mp3,walk_on_leaves1.mp3,freeaudio/human01.zip,freeaudio/human01/human01/walk_on_leaves1.mp3,31.19174603174603,0.5198624338624339,human01/walk_on_leaves1.mp3
2558,sound_2558.mp3,walk_on_snow.mp3,freeaudio/human01.zip,freeaudio/human01/human01/walk_on_snow.mp3,9.006,0.1501,human01/walk_on_snow.mp3
2559,sound_2559.mp3,woman_cough2.mp3,freeaudio/human01.zip,freeaudio/human01/human01/woman_cough2.mp3,5.066689342403628,0.0844448223733938,human01/woman_cough2.mp3
2560,sound_2560.mp3,blue_rock_thrush.mp3,freeaudio/animals01.zip,freeaudio/animals01/animals01/blue_rock_thrush.mp3,18.8784375,0.314640625,animals01/blue_rock_thrush.mp3
2561,sound_2561.mp3,cat4a.mp3,freeaudio/animals01.zip,freeaudio/animals01/animals01/cat4a.mp3,7.871995464852608,0.1311999244142101,animals01/cat4a.mp3
2562,sound_2562.mp3,cat4b.mp3,freeaudio/animals01.zip,freeaudio/animals01/animals01/cat4b.mp3,23.136984126984128,0.3856164021164021,animals01/cat4b.mp3
2563,sound_2563.mp3,cats_fighting.mp3,freeaudio/animals01.zip,freeaudio/animals01/animals01/cats_fighting.mp3,65.424,1.0904,animals01/cats_fighting.mp3
2564,sound_2564.mp3,cat_purring.mp3,freeaudio/animals01.zip,freeaudio/animals01/animals01/cat_purring.mp3,6.1387755102040815,0.102312925170068,animals01/cat_purring.mp3
2565,sound_2565.mp3,cat_sweet_voice4.mp3,freeaudio/animals01.zip,freeaudio/animals01/animals01/cat_sweet_voice4.mp3,6.521609977324263,0.108693499622071,animals01/cat_sweet_voice4.mp3
2566,sound_2566.mp3,chicks.mp3,freeaudio/animals01.zip,freeaudio/animals01/animals01/chicks.mp3,10.37061224489796,0.172843537414966,animals01/chicks.mp3
2567,sound_2567.mp3,crow5.mp3,freeaudio/animals01.zip,freeaudio/animals01/animals01/crow5.mp3,5.636643990929705,0.093944066515495,animals01/crow5.mp3
2568,sound_2568.mp3,crow6.mp3,freeaudio/animals01.zip,freeaudio/animals01/animals01/crow6.mp3,5.001768707482993,0.0833628117913832,animals01/crow6.mp3
2569,sound_2569.mp3,crows.mp3,freeaudio/animals01.zip,freeaudio/animals01/animals01/crows.mp3,15.535396825396823,0.2589232804232804,animals01/crows.mp3
2570,sound_2570.mp3,daurian_redstart.mp3,freeaudio/animals01.zip,freeaudio/animals01/animals01/daurian_redstart.mp3,40.29068027210885,0.6715113378684807,animals01/daurian_redstart.mp3
2571,sound_2571.mp3,dog_barking1.mp3,freeaudio/animals01.zip,freeaudio/animals01/animals01/dog_barking1.mp3,37.30598639455782,0.621766439909297,animals01/dog_barking1.mp3
2572,sound_2572.mp3,dog_barking2.mp3,freeaudio/animals01.zip,freeaudio/animals01/animals01/dog_barking2.mp3,16.61387755102041,0.2768979591836735,animals01/dog_barking2.mp3
2573,sound_2573.mp3,flamingos_at_zoo1.mp3,freeaudio/animals01.zip,freeaudio/animals01/animals01/flamingos_at_zoo1.mp3,48.9241875,0.815403125,animals01/flamingos_at_zoo1.mp3
2574,sound_2574.mp3,flamingos_at_zoo2.mp3,freeaudio/animals01.zip,freeaudio/animals01/animals01/flamingos_at_zoo2.mp3,45.950520833333336,0.765842013888889,animals01/flamingos_at_zoo2.mp3
2575,sound_2575.mp3,flamingos_at_zoo3.mp3,freeaudio/animals01.zip,freeaudio/animals01/animals01/flamingos_at_zoo3.mp3,45.23522916666667,0.7539204861111112,animals01/flamingos_at_zoo3.mp3
2576,sound_2576.mp3,give_me_food.mp3,freeaudio/animals01.zip,freeaudio/animals01/animals01/give_me_food.mp3,6.719002267573696,0.1119833711262282,animals01/give_me_food.mp3
2577,sound_2577.mp3,grebe_couple.mp3,freeaudio/animals01.zip,freeaudio/animals01/animals01/grebe_couple.mp3,9.946916099773242,0.1657819349962207,animals01/grebe_couple.mp3
2578,sound_2578.mp3,Jpn_white_eye1.mp3,freeaudio/animals01.zip,freeaudio/animals01/animals01/Jpn_white_eye1.mp3,6.764729166666666,0.1127454861111111,animals01/Jpn_white_eye1.mp3
2579,sound_2579.mp3,owl.mp3,freeaudio/animals01.zip,freeaudio/animals01/animals01/owl.mp3,5.04,0.084,animals01/owl.mp3
2580,sound_2580.mp3,small_dog2.mp3,freeaudio/animals01.zip,freeaudio/animals01/animals01/small_dog2.mp3,5.835238095238095,0.0972539682539682,animals01/small_dog2.mp3
2581,sound_2581.mp3,sparrows.mp3,freeaudio/animals01.zip,freeaudio/animals01/animals01/sparrows.mp3,13.04111111111111,0.2173518518518518,animals01/sparrows.mp3
2582,sound_2582.mp3,swallows.mp3,freeaudio/animals01.zip,freeaudio/animals01/animals01/swallows.mp3,19.024395833333333,0.3170732638888889,animals01/swallows.mp3
2583,sound_2583.mp3,take_me2.mp3,freeaudio/animals01.zip,freeaudio/animals01/animals01/take_me2.mp3,6.168020833333333,0.1028003472222222,animals01/take_me2.mp3
2584,sound_2584.mp3,talking_dog.mp3,freeaudio/animals01.zip,freeaudio/animals01/animals01/talking_dog.mp3,5.536604166666667,0.0922767361111111,animals01/talking_dog.mp3
2585,sound_2585.mp3,warbler3.mp3,freeaudio/animals01.zip,freeaudio/animals01/animals01/warbler3.mp3,118.85090702947846,1.980848450491308,animals01/warbler3.mp3
2586,sound_2586.mp3,Airport_Annonce_Arrive.mp3,freeaudio/french01.zip,freeaudio/french01/french01/Airport/Airport_Annonce_Arrive.mp3,7.261958333333333,0.1210326388888888,french01/Airport/Airport_Annonce_Arrive.mp3
2587,sound_2587.mp3,Airport_Annonce_Depart.mp3,freeaudio/french01.zip,freeaudio/french01/french01/Airport/Airport_Annonce_Depart.mp3,28.467479166666667,0.4744579861111111,french01/Airport/Airport_Annonce_Depart.mp3
2588,sound_2588.mp3,Airport_Terminal_building.mp3,freeaudio/french01.zip,freeaudio/french01/french01/Airport/Airport_Terminal_building.mp3,247.6978125,4.128296875,french01/Airport/Airport_Terminal_building.mp3
2589,sound_2589.mp3,Manchester_aeroport_messages.mp3,freeaudio/french01.zip,freeaudio/french01/french01/Airport/Manchester_aeroport_messages.mp3,78.34689583333333,1.3057815972222222,french01/Airport/Manchester_aeroport_messages.mp3
2590,sound_2590.mp3,AmbExtRueLyonFontaine1MS.mp3,freeaudio/french01.zip,freeaudio/french01/french01/City_french/AmbExtRueLyonFontaine1MS.mp3,89.82716666666667,1.4971194444444444,french01/City_french/AmbExtRueLyonFontaine1MS.mp3
2591,sound_2591.mp3,AmbRueGaiteApresLaPluie1.mp3,freeaudio/french01.zip,freeaudio/french01/french01/City_french/AmbRueGaiteApresLaPluie1.mp3,118.64733333333334,1.9774555555555555,french01/City_french/AmbRueGaiteApresLaPluie1.mp3
2592,sound_2592.mp3,AmbRueGaiteApresLaPluie2.mp3,freeaudio/french01.zip,freeaudio/french01/french01/City_french/AmbRueGaiteApresLaPluie2.mp3,125.057875,2.0842979166666664,french01/City_french/AmbRueGaiteApresLaPluie2.mp3
2593,sound_2593.mp3,AmbRueGaiteApresLaPluie3.mp3,freeaudio/french01.zip,freeaudio/french01/french01/City_french/AmbRueGaiteApresLaPluie3.mp3,151.72710416666666,2.5287850694444445,french01/City_french/AmbRueGaiteApresLaPluie3.mp3
2594,sound_2594.mp3,Amb_Rue_Calme1.mp3,freeaudio/french01.zip,freeaudio/french01/french01/City_french/Amb_Rue_Calme1.mp3,134.87114583333334,2.2478524305555556,french01/City_french/Amb_Rue_Calme1.mp3
2595,sound_2595.mp3,Amb_Rue_Calme2.mp3,freeaudio/french01.zip,freeaudio/french01/french01/City_french/Amb_Rue_Calme2.mp3,176.0251875,2.933753125,french01/City_french/Amb_Rue_Calme2.mp3
2596,sound_2596.mp3,Amb_Rue_Calme3.mp3,freeaudio/french01.zip,freeaudio/french01/french01/City_french/Amb_Rue_Calme3.mp3,155.65189583333333,2.594198263888889,french01/City_french/Amb_Rue_Calme3.mp3
2597,sound_2597.mp3,Amb_Rue_Pietonne.mp3,freeaudio/french01.zip,freeaudio/french01/french01/City_french/Amb_Rue_Pietonne.mp3,99.29358333333332,1.6548930555555554,french01/City_french/Amb_Rue_Pietonne.mp3
2598,sound_2598.mp3,Amb_Rue_Pietonne_Abbesse.mp3,freeaudio/french01.zip,freeaudio/french01/french01/City_french/Amb_Rue_Pietonne_Abbesse.mp3,130.43145833333332,2.173857638888889,french01/City_french/Amb_Rue_Pietonne_Abbesse.mp3
2599,sound_2599.mp3,Amb_toit_de_Paris.mp3,freeaudio/french01.zip,freeaudio/french01/french01/City_french/Amb_toit_de_Paris.mp3,91.86541666666666,1.5310902777777775,french01/City_french/Amb_toit_de_Paris.mp3
2600,sound_2600.mp3,Voix_Ext_Terrasse_Cafe.mp3,freeaudio/french01.zip,freeaudio/french01/french01/City_french/Voix_Ext_Terrasse_Cafe.mp3,64.65097916666667,1.0775163194444446,french01/City_french/Voix_Ext_Terrasse_Cafe.mp3
2601,sound_2601.mp3,Vx_Ext_Rue_Pigalle.mp3,freeaudio/french01.zip,freeaudio/french01/french01/City_french/Vx_Ext_Rue_Pigalle.mp3,86.4298125,1.440496875,french01/City_french/Vx_Ext_Rue_Pigalle.mp3
2602,sound_2602.mp3,Airmatin.mp3,freeaudio/french01.zip,freeaudio/french01/french01/Countryside/Airmatin.mp3,34.568395833333334,0.5761399305555556,french01/Countryside/Airmatin.mp3
2603,sound_2603.mp3,Amb_Air_Oiseaux_Jardin1.mp3,freeaudio/french01.zip,freeaudio/french01/french01/Countryside/Amb_Air_Oiseaux_Jardin1.mp3,57.781416666666665,0.9630236111111112,french01/Countryside/Amb_Air_Oiseaux_Jardin1.mp3
2604,sound_2604.mp3,Amb_Air_Oiseaux_Jardin2.mp3,freeaudio/french01.zip,freeaudio/french01/french01/Countryside/Amb_Air_Oiseaux_Jardin2.mp3,103.9060625,1.7317677083333334,french01/Countryside/Amb_Air_Oiseaux_Jardin2.mp3
2605,sound_2605.mp3,Amb_Campagne_Eq.mp3,freeaudio/french01.zip,freeaudio/french01/french01/Countryside/Amb_Campagne_Eq.mp3,99.8689375,1.6644822916666666,french01/Countryside/Amb_Campagne_Eq.mp3
2606,sound_2606.mp3,Amb_Camp_Chevres1.mp3,freeaudio/french01.zip,freeaudio/french01/french01/Countryside/Amb_Camp_Chevres1.mp3,75.67179166666666,1.2611965277777777,french01/Countryside/Amb_Camp_Chevres1.mp3
2607,sound_2607.mp3,Amb_Camp_Chevres2.mp3,freeaudio/french01.zip,freeaudio/french01/french01/Countryside/Amb_Camp_Chevres2.mp3,100.11910416666667,1.6686517361111113,french01/Countryside/Amb_Camp_Chevres2.mp3
2608,sound_2608.mp3,Amb_Grenouilles_Marais.mp3,freeaudio/french01.zip,freeaudio/french01/french01/Countryside/Amb_Grenouilles_Marais.mp3,64.352,1.0725333333333331,french01/Countryside/Amb_Grenouilles_Marais.mp3
2609,sound_2609.mp3,Atmos_champs_oliviers_Oiseaux.mp3,freeaudio/french01.zip,freeaudio/french01/french01/Countryside/Atmos_champs_oliviers_Oiseaux.mp3,45.941270833333334,0.7656878472222223,french01/Countryside/Atmos_champs_oliviers_Oiseaux.mp3
2610,sound_2610.mp3,Campagne_Ferme.mp3,freeaudio/french01.zip,freeaudio/french01/french01/Countryside/Campagne_Ferme.mp3,81.9244375,1.3654072916666666,french01/Countryside/Campagne_Ferme.mp3
2611,sound_2611.mp3,Fd_Oiso_Large.mp3,freeaudio/french01.zip,freeaudio/french01/french01/Countryside/Fd_Oiso_Large.mp3,41.77133333333333,0.6961888888888889,french01/Countryside/Fd_Oiso_Large.mp3
2612,sound_2612.mp3,Ferme_Ete_Matin.mp3,freeaudio/french01.zip,freeaudio/french01/french01/Countryside/Ferme_Ete_Matin.mp3,250.00002083333337,4.166667013888889,french01/Countryside/Ferme_Ete_Matin.mp3
2613,sound_2613.mp3,Amb_Terrasse_Resto.mp3,freeaudio/french01.zip,freeaudio/french01/french01/Crowds/Amb_Terrasse_Resto.mp3,99.70710416666668,1.6617850694444445,french01/Crowds/Amb_Terrasse_Resto.mp3
2614,sound_2614.mp3,Atmos_grande_salle_30_pers_murmurent.mp3,freeaudio/french01.zip,freeaudio/french01/french01/Crowds/Atmos_grande_salle_30_pers_murmurent.mp3,80.6826875,1.3447114583333333,french01/Crowds/Atmos_grande_salle_30_pers_murmurent.mp3
2615,sound_2615.mp3,Chuchottements_Jeunes.mp3,freeaudio/french01.zip,freeaudio/french01/french01/Crowds/Chuchottements_Jeunes.mp3,52.8798125,0.8813302083333333,french01/Crowds/Chuchottements_Jeunes.mp3
2616,sound_2616.mp3,Conversation_2_pers_courte.mp3,freeaudio/french01.zip,freeaudio/french01/french01/Crowds/Conversation_2_pers_courte.mp3,38.41052083333334,0.6401753472222222,french01/Crowds/Conversation_2_pers_courte.mp3
2617,sound_2617.mp3,Gens_Ext_Voix_Hom.mp3,freeaudio/french01.zip,freeaudio/french01/french01/Crowds/Gens_Ext_Voix_Hom.mp3,201.38666666666663,3.356444444444444,french01/Crowds/Gens_Ext_Voix_Hom.mp3
2618,sound_2618.mp3,Gens_Ext_Voix_Hom1.mp3,freeaudio/french01.zip,freeaudio/french01/french01/Crowds/Gens_Ext_Voix_Hom1.mp3,123.51808333333334,2.058634722222222,french01/Crowds/Gens_Ext_Voix_Hom1.mp3
2619,sound_2619.mp3,Gens_Ext_Voix_Hom2.mp3,freeaudio/french01.zip,freeaudio/french01/french01/Crowds/Gens_Ext_Voix_Hom2.mp3,49.198375,0.8199729166666666,french01/Crowds/Gens_Ext_Voix_Hom2.mp3
2620,sound_2620.mp3,Reception_20_pers_proche_parquet1.mp3,freeaudio/french01.zip,freeaudio/french01/french01/Crowds/Reception_20_pers_proche_parquet1.mp3,152.56347916666667,2.542724652777778,french01/Crowds/Reception_20_pers_proche_parquet1.mp3
2621,sound_2621.mp3,Reception_20_pers_proche_parquet_calme2.mp3,freeaudio/french01.zip,freeaudio/french01/french01/Crowds/Reception_20_pers_proche_parquet_calme2.mp3,127.16797916666668,2.1194663194444443,french01/Crowds/Reception_20_pers_proche_parquet_calme2.mp3
2622,sound_2622.mp3,Voix_Rue_Passants.mp3,freeaudio/french01.zip,freeaudio/french01/french01/Crowds/Voix_Rue_Passants.mp3,49.70333333333333,0.8283888888888888,french01/Crowds/Voix_Rue_Passants.mp3
2623,sound_2623.mp3,Walla_Meridional.mp3,freeaudio/french01.zip,freeaudio/french01/french01/Crowds/Walla_Meridional.mp3,125.9405625,2.099009375,french01/Crowds/Walla_Meridional.mp3
2624,sound_2624.mp3,Metro_arrivee1.mp3,freeaudio/french01.zip,freeaudio/french01/french01/Paris_metro/Metro_arrivee1.mp3,27.773,0.4628833333333333,french01/Paris_metro/Metro_arrivee1.mp3
2625,sound_2625.mp3,PorteMetro.mp3,freeaudio/french01.zip,freeaudio/french01/french01/Paris_metro/PorteMetro.mp3,15.060458333333331,0.2510076388888889,french01/Paris_metro/PorteMetro.mp3
2626,sound_2626.mp3,Rer_Arrivee_Ext2.mp3,freeaudio/french01.zip,freeaudio/french01/french01/Paris_metro/Rer_Arrivee_Ext2.mp3,31.7735625,0.529559375,french01/Paris_metro/Rer_Arrivee_Ext2.mp3
2627,sound_2627.mp3,Rer_Arrivee_Longue3.mp3,freeaudio/french01.zip,freeaudio/french01/french01/Paris_metro/Rer_Arrivee_Longue3.mp3,49.42247916666667,0.8237079861111112,french01/Paris_metro/Rer_Arrivee_Longue3.mp3
2628,sound_2628.mp3,Rer_Arrivee_Porte4.mp3,freeaudio/french01.zip,freeaudio/french01/french01/Paris_metro/Rer_Arrivee_Porte4.mp3,44.28,0.738,french01/Paris_metro/Rer_Arrivee_Porte4.mp3
2629,sound_2629.mp3,Rer_Dem_Arrivee.mp3,freeaudio/french01.zip,freeaudio/french01/french01/Paris_metro/Rer_Dem_Arrivee.mp3,125.68154166666666,2.094692361111111,french01/Paris_metro/Rer_Dem_Arrivee.mp3
2630,sound_2630.mp3,Pass_Tgv_Eloigne1.mp3,freeaudio/french01.zip,freeaudio/french01/french01/TGV/Pass_Tgv_Eloigne1.mp3,43.88183333333333,0.7313638888888889,french01/TGV/Pass_Tgv_Eloigne1.mp3
2631,sound_2631.mp3,Pass_Tgv_Long_Eloigne2.mp3,freeaudio/french01.zip,freeaudio/french01/french01/TGV/Pass_Tgv_Long_Eloigne2.mp3,22.0,0.3666666666666666,french01/TGV/Pass_Tgv_Long_Eloigne2.mp3
2632,sound_2632.mp3,Pass_Tgv_Long_Proche3.mp3,freeaudio/french01.zip,freeaudio/french01/french01/TGV/Pass_Tgv_Long_Proche3.mp3,14.197875,0.23663125,french01/TGV/Pass_Tgv_Long_Proche3.mp3
2633,sound_2633.mp3,Pass_Tgv_Proche4.mp3,freeaudio/french01.zip,freeaudio/french01/french01/TGV/Pass_Tgv_Proche4.mp3,9.232270833333333,0.1538711805555555,french01/TGV/Pass_Tgv_Proche4.mp3
2634,sound_2634.mp3,Pass_Tgv_Proche_Klaxon.mp3,freeaudio/french01.zip,freeaudio/french01/french01/TGV/Pass_Tgv_Proche_Klaxon.mp3,10.8778125,0.181296875,french01/TGV/Pass_Tgv_Proche_Klaxon.mp3
2635,sound_2635.mp3,AmbVillageNuitApresPluie.mp3,freeaudio/french01.zip,freeaudio/french01/french01/village_french/AmbVillageNuitApresPluie.mp3,172.816625,2.880277083333333,french01/village_french/AmbVillageNuitApresPluie.mp3
2636,sound_2636.mp3,AmbVillageNuitChien1.mp3,freeaudio/french01.zip,freeaudio/french01/french01/village_french/AmbVillageNuitChien1.mp3,6.8685,0.114475,french01/village_french/AmbVillageNuitChien1.mp3
2637,sound_2637.mp3,AmbVillageNuitChien2.mp3,freeaudio/french01.zip,freeaudio/french01/french01/village_french/AmbVillageNuitChien2.mp3,21.160833333333333,0.3526805555555555,french01/village_french/AmbVillageNuitChien2.mp3
2638,sound_2638.mp3,AmbVillageNuitChien3.mp3,freeaudio/french01.zip,freeaudio/french01/french01/village_french/AmbVillageNuitChien3.mp3,19.382770833333332,0.3230461805555555,french01/village_french/AmbVillageNuitChien3.mp3
2639,sound_2639.mp3,Amb_Marche_Dans_Village.mp3,freeaudio/french01.zip,freeaudio/french01/french01/village_french/Amb_Marche_Dans_Village.mp3,59.739125,0.9956520833333332,french01/village_french/Amb_Marche_Dans_Village.mp3
2640,sound_2640.mp3,Atmos_ruelle_village_FRA.mp3,freeaudio/french01.zip,freeaudio/french01/french01/village_french/Atmos_ruelle_village_FRA.mp3,121.06685416666669,2.017780902777778,french01/village_french/Atmos_ruelle_village_FRA.mp3
2641,sound_2641.mp3,Place_Petanque_Ok.mp3,freeaudio/french01.zip,freeaudio/french01/french01/village_french/Place_Petanque_Ok.mp3,79.27902083333333,1.321317013888889,french01/village_french/Place_Petanque_Ok.mp3
2642,sound_2642.mp3,airplane2.mp3,freeaudio/acoustica.zip,freeaudio/acoustica/acoustica/airplane2.mp3,7.251519274376418,0.1208586545729402,acoustica/airplane2.mp3
2643,sound_2643.mp3,am2.mp3,freeaudio/acoustica.zip,freeaudio/acoustica/acoustica/am2.mp3,10.612244897959185,0.1768707482993197,acoustica/am2.mp3
2644,sound_2644.mp3,bigfart.mp3,freeaudio/acoustica.zip,freeaudio/acoustica/acoustica/bigfart.mp3,6.575963718820861,0.109599395313681,acoustica/bigfart.mp3
2645,sound_2645.mp3,boilingwater1a.mp3,freeaudio/acoustica.zip,freeaudio/acoustica/acoustica/boilingwater1a.mp3,5.488571428571428,0.0914761904761904,acoustica/boilingwater1a.mp3
2646,sound_2646.mp3,chainsaw2.mp3,freeaudio/acoustica.zip,freeaudio/acoustica/acoustica/chainsaw2.mp3,16.338866213151928,0.2723144368858655,acoustica/chainsaw2.mp3
2647,sound_2647.mp3,clock10g.mp3,freeaudio/acoustica.zip,freeaudio/acoustica/acoustica/clock10g.mp3,9.99909297052154,0.1666515495086923,acoustica/clock10g.mp3
2648,sound_2648.mp3,fm2.mp3,freeaudio/acoustica.zip,freeaudio/acoustica/acoustica/fm2.mp3,11.106757369614511,0.1851126228269085,acoustica/fm2.mp3
2649,sound_2649.mp3,heartbeat1.mp3,freeaudio/acoustica.zip,freeaudio/acoustica/acoustica/heartbeat1.mp3,8.662131519274377,0.1443688586545729,acoustica/heartbeat1.mp3
2650,sound_2650.mp3,hiss2.mp3,freeaudio/acoustica.zip,freeaudio/acoustica/acoustica/hiss2.mp3,5.553378684807257,0.0925563114134542,acoustica/hiss2.mp3
2651,sound_2651.mp3,jet2.mp3,freeaudio/acoustica.zip,freeaudio/acoustica/acoustica/jet2.mp3,17.941632653061223,0.2990272108843537,acoustica/jet2.mp3
2652,sound_2652.mp3,musclecar2.mp3,freeaudio/acoustica.zip,freeaudio/acoustica/acoustica/musclecar2.mp3,6.884353741496598,0.1147392290249433,acoustica/musclecar2.mp3
2653,sound_2653.mp3,policesiren2.mp3,freeaudio/acoustica.zip,freeaudio/acoustica/acoustica/policesiren2.mp3,9.206349206349206,0.1534391534391534,acoustica/policesiren2.mp3
2654,sound_2654.mp3,racecar1a.mp3,freeaudio/acoustica.zip,freeaudio/acoustica/acoustica/racecar1a.mp3,6.180408163265306,0.1030068027210884,acoustica/racecar1a.mp3
2655,sound_2655.mp3,rain.mp3,freeaudio/acoustica.zip,freeaudio/acoustica/acoustica/rain.mp3,6.838458049886621,0.1139743008314436,acoustica/rain.mp3
2656,sound_2656.mp3,restwalla2.mp3,freeaudio/acoustica.zip,freeaudio/acoustica/acoustica/restwalla2.mp3,14.319455782312923,0.238657596371882,acoustica/restwalla2.mp3
2657,sound_2657.mp3,thunder.mp3,freeaudio/acoustica.zip,freeaudio/acoustica/acoustica/thunder.mp3,9.59219954648526,0.159869992441421,acoustica/thunder.mp3
2658,sound_2658.mp3,wind.mp3,freeaudio/acoustica.zip,freeaudio/acoustica/acoustica/wind.mp3,10.601904761904764,0.1766984126984127,acoustica/wind.mp3
2659,sound_2659.mp3,wolves.mp3,freeaudio/acoustica.zip,freeaudio/acoustica/acoustica/wolves.mp3,9.387755102040815,0.1564625850340136,acoustica/wolves.mp3
2660,sound_2660.mp3,bull_monster.mp3,freeaudio/monster01.zip,freeaudio/monster01/monster01/bull_monster.mp3,7.919251700680272,0.1319875283446712,monster01/bull_monster.mp3
2661,sound_2661.mp3,cosmic_zoo.mp3,freeaudio/monster01.zip,freeaudio/monster01/monster01/cosmic_zoo.mp3,64.20755102040816,1.070125850340136,monster01/cosmic_zoo.mp3
2662,sound_2662.mp3,crude_laughter.mp3,freeaudio/monster01.zip,freeaudio/monster01/monster01/crude_laughter.mp3,5.839818594104308,0.0973303099017384,monster01/crude_laughter.mp3
2663,sound_2663.mp3,death_rattle.mp3,freeaudio/monster01.zip,freeaudio/monster01/monster01/death_rattle.mp3,6.528888888888889,0.1088148148148148,monster01/death_rattle.mp3
2664,sound_2664.mp3,devil_groan3.mp3,freeaudio/monster01.zip,freeaudio/monster01/monster01/devil_groan3.mp3,7.215600907029478,0.1202600151171579,monster01/devil_groan3.mp3
2665,sound_2665.mp3,devil_laugh1.mp3,freeaudio/monster01.zip,freeaudio/monster01/monster01/devil_laugh1.mp3,8.951292517006802,0.14918820861678,monster01/devil_laugh1.mp3
2666,sound_2666.mp3,devil_laugh2.mp3,freeaudio/monster01.zip,freeaudio/monster01/monster01/devil_laugh2.mp3,9.380861678004536,0.1563476946334089,monster01/devil_laugh2.mp3
2667,sound_2667.mp3,devil_laugh3.mp3,freeaudio/monster01.zip,freeaudio/monster01/monster01/devil_laugh3.mp3,6.635102040816326,0.1105850340136054,monster01/devil_laugh3.mp3
2668,sound_2668.mp3,dragon_breath1.mp3,freeaudio/monster01.zip,freeaudio/monster01/monster01/dragon_breath1.mp3,5.764195011337868,0.0960699168556311,monster01/dragon_breath1.mp3
2669,sound_2669.mp3,dragon_breath2.mp3,freeaudio/monster01.zip,freeaudio/monster01/monster01/dragon_breath2.mp3,5.5902040816326535,0.0931700680272109,monster01/dragon_breath2.mp3
2670,sound_2670.mp3,dragon_roar.mp3,freeaudio/monster01.zip,freeaudio/monster01/monster01/dragon_roar.mp3,6.61546485260771,0.1102577475434618,monster01/dragon_roar.mp3
2671,sound_2671.mp3,giant_walk.mp3,freeaudio/monster01.zip,freeaudio/monster01/monster01/giant_walk.mp3,9.03,0.1505,monster01/giant_walk.mp3
2672,sound_2672.mp3,monster_eating1.mp3,freeaudio/monster01.zip,freeaudio/monster01/monster01/monster_eating1.mp3,16.073015873015873,0.2678835978835979,monster01/monster_eating1.mp3
2673,sound_2673.mp3,monster_eating2.mp3,freeaudio/monster01.zip,freeaudio/monster01/monster01/monster_eating2.mp3,15.27873015873016,0.2546455026455027,monster01/monster_eating2.mp3
2674,sound_2674.mp3,monster_eating3.mp3,freeaudio/monster01.zip,freeaudio/monster01/monster01/monster_eating3.mp3,15.09297052154195,0.2515495086923658,monster01/monster_eating3.mp3
2675,sound_2675.mp3,monster_eating4.mp3,freeaudio/monster01.zip,freeaudio/monster01/monster01/monster_eating4.mp3,17.647687074829932,0.2941281179138322,monster01/monster_eating4.mp3
2676,sound_2676.mp3,monster_groan1.mp3,freeaudio/monster01.zip,freeaudio/monster01/monster01/monster_groan1.mp3,9.218321995464851,0.1536386999244142,monster01/monster_groan1.mp3
2677,sound_2677.mp3,monster_heartbeats1.mp3,freeaudio/monster01.zip,freeaudio/monster01/monster01/monster_heartbeats1.mp3,8.228571428571428,0.1371428571428571,monster01/monster_heartbeats1.mp3
2678,sound_2678.mp3,monster_heartbeats2.mp3,freeaudio/monster01.zip,freeaudio/monster01/monster01/monster_heartbeats2.mp3,7.1053061224489795,0.1184217687074829,monster01/monster_heartbeats2.mp3
2679,sound_2679.mp3,monster_heartbeats4.mp3,freeaudio/monster01.zip,freeaudio/monster01/monster01/monster_heartbeats4.mp3,18.928321995464852,0.3154720332577475,monster01/monster_heartbeats4.mp3
2680,sound_2680.mp3,monster_mourn.mp3,freeaudio/monster01.zip,freeaudio/monster01/monster01/monster_mourn.mp3,7.918004535147392,0.1319667422524565,monster01/monster_mourn.mp3
2681,sound_2681.mp3,monster_snore.mp3,freeaudio/monster01.zip,freeaudio/monster01/monster01/monster_snore.mp3,7.703219954648526,0.1283869992441421,monster01/monster_snore.mp3
2682,sound_2682.mp3,wind_monster1.mp3,freeaudio/monster01.zip,freeaudio/monster01/monster01/wind_monster1.mp3,8.855510204081632,0.1475918367346938,monster01/wind_monster1.mp3
2683,sound_2683.mp3,wind_monster2.mp3,freeaudio/monster01.zip,freeaudio/monster01/monster01/wind_monster2.mp3,10.49845804988662,0.1749743008314436,monster01/wind_monster2.mp3
2684,sound_2684.mp3,zombie_eating1.mp3,freeaudio/monster01.zip,freeaudio/monster01/monster01/zombie_eating1.mp3,15.950145833333334,0.2658357638888889,monster01/zombie_eating1.mp3
2685,sound_2685.mp3,zombie_eating2.mp3,freeaudio/monster01.zip,freeaudio/monster01/monster01/zombie_eating2.mp3,28.272,0.4711999999999999,monster01/zombie_eating2.mp3
2686,sound_2686.mp3,1min_siren.mp3,freeaudio/environment01.zip,freeaudio/environment01/environment01/1min_siren.mp3,64.28804988662131,1.0714674981103551,environment01/1min_siren.mp3
2687,sound_2687.mp3,ambulance_pass.mp3,freeaudio/environment01.zip,freeaudio/environment01/environment01/ambulance_pass.mp3,16.488,0.2748,environment01/ambulance_pass.mp3
2688,sound_2688.mp3,arcade.mp3,freeaudio/environment01.zip,freeaudio/environment01/environment01/arcade.mp3,58.27655328798186,0.971275888133031,environment01/arcade.mp3
2689,sound_2689.mp3,boat_racing.mp3,freeaudio/environment01.zip,freeaudio/environment01/environment01/boat_racing.mp3,167.9267120181406,2.7987785336356765,environment01/boat_racing.mp3
2690,sound_2690.mp3,bustling_station.mp3,freeaudio/environment01.zip,freeaudio/environment01/environment01/bustling_station.mp3,361.28437641723355,6.021406273620559,environment01/bustling_station.mp3
2691,sound_2691.mp3,cafe_waitress.mp3,freeaudio/environment01.zip,freeaudio/environment01/environment01/cafe_waitress.mp3,28.272,0.4711999999999999,environment01/cafe_waitress.mp3
2692,sound_2692.mp3,city_daytime.mp3,freeaudio/environment01.zip,freeaudio/environment01/environment01/city_daytime.mp3,57.6,0.96,environment01/city_daytime.mp3
2693,sound_2693.mp3,city_traffic.mp3,freeaudio/environment01.zip,freeaudio/environment01/environment01/city_traffic.mp3,86.52345833333334,1.442057638888889,environment01/city_traffic.mp3
2694,sound_2694.mp3,cls_wndw_safe_lock.mp3,freeaudio/environment01.zip,freeaudio/environment01/environment01/cls_wndw_safe_lock.mp3,5.19922902494331,0.0866538170823885,environment01/cls_wndw_safe_lock.mp3
2695,sound_2695.mp3,coke_machine1.mp3,freeaudio/environment01.zip,freeaudio/environment01/environment01/coke_machine1.mp3,9.752380952380951,0.1625396825396825,environment01/coke_machine1.mp3
2696,sound_2696.mp3,coke_machine2.mp3,freeaudio/environment01.zip,freeaudio/environment01/environment01/coke_machine2.mp3,8.8770625,0.1479510416666666,environment01/coke_machine2.mp3
2697,sound_2697.mp3,conveni_office.mp3,freeaudio/environment01.zip,freeaudio/environment01/environment01/conveni_office.mp3,80.40660416666667,1.3401100694444446,environment01/conveni_office.mp3
2698,sound_2698.mp3,crowded_cafe.mp3,freeaudio/environment01.zip,freeaudio/environment01/environment01/crowded_cafe.mp3,40.536,0.6756,environment01/crowded_cafe.mp3
2699,sound_2699.mp3,daytime_traffic.mp3,freeaudio/environment01.zip,freeaudio/environment01/environment01/daytime_traffic.mp3,49.728,0.8288,environment01/daytime_traffic.mp3
2700,sound_2700.mp3,dock1.mp3,freeaudio/environment01.zip,freeaudio/environment01/environment01/dock1.mp3,31.085714285714285,0.518095238095238,environment01/dock1.mp3
2701,sound_2701.mp3,dock2.mp3,freeaudio/environment01.zip,freeaudio/environment01/environment01/dock2.mp3,279.5591875,4.659319791666666,environment01/dock2.mp3
2702,sound_2702.mp3,downtown_night.mp3,freeaudio/environment01.zip,freeaudio/environment01/environment01/downtown_night.mp3,39.888,0.6648,environment01/downtown_night.mp3
2703,sound_2703.mp3,elevator_down1.mp3,freeaudio/environment01.zip,freeaudio/environment01/environment01/elevator_down1.mp3,29.978208333333335,0.4996368055555555,environment01/elevator_down1.mp3
2704,sound_2704.mp3,elevator_down2.mp3,freeaudio/environment01.zip,freeaudio/environment01/environment01/elevator_down2.mp3,30.946734693877552,0.5157789115646259,environment01/elevator_down2.mp3
2705,sound_2705.mp3,elevator_up1.mp3,freeaudio/environment01.zip,freeaudio/environment01/environment01/elevator_up1.mp3,33.63041666666667,0.5605069444444445,environment01/elevator_up1.mp3
2706,sound_2706.mp3,elevator_up2.mp3,freeaudio/environment01.zip,freeaudio/environment01/environment01/elevator_up2.mp3,27.75548752834467,0.4625914588057445,environment01/elevator_up2.mp3
2707,sound_2707.mp3,escalator1.mp3,freeaudio/environment01.zip,freeaudio/environment01/environment01/escalator1.mp3,122.33367346938776,2.0388945578231294,environment01/escalator1.mp3
2708,sound_2708.mp3,escalator2.mp3,freeaudio/environment01.zip,freeaudio/environment01/environment01/escalator2.mp3,33.78206349206349,0.5630343915343915,environment01/escalator2.mp3
2709,sound_2709.mp3,fall_streets1.mp3,freeaudio/environment01.zip,freeaudio/environment01/environment01/fall_streets1.mp3,79.83020408163266,1.3305034013605443,environment01/fall_streets1.mp3
2710,sound_2710.mp3,fire_engines.mp3,freeaudio/environment01.zip,freeaudio/environment01/environment01/fire_engines.mp3,47.87469387755102,0.7979115646258503,environment01/fire_engines.mp3
2711,sound_2711.mp3,fire_engine_pass.mp3,freeaudio/environment01.zip,freeaudio/environment01/environment01/fire_engine_pass.mp3,39.984,0.6664,environment01/fire_engine_pass.mp3
2712,sound_2712.mp3,fire_engine_start.mp3,freeaudio/environment01.zip,freeaudio/environment01/environment01/fire_engine_start.mp3,58.88580498866213,0.9814300831443687,environment01/fire_engine_start.mp3
2713,sound_2713.mp3,gro_store_cashier.mp3,freeaudio/environment01.zip,freeaudio/environment01/environment01/gro_store_cashier.mp3,45.48,0.7579999999999999,environment01/gro_store_cashier.mp3
2714,sound_2714.mp3,hand_dryer1.mp3,freeaudio/environment01.zip,freeaudio/environment01/environment01/hand_dryer1.mp3,20.490136054421768,0.3415022675736961,environment01/hand_dryer1.mp3
2715,sound_2715.mp3,hand_dryer2.mp3,freeaudio/environment01.zip,freeaudio/environment01/environment01/hand_dryer2.mp3,16.7843537414966,0.2797392290249433,environment01/hand_dryer2.mp3
2716,sound_2716.mp3,hotel_shower1.mp3,freeaudio/environment01.zip,freeaudio/environment01/environment01/hotel_shower1.mp3,177.59009070294783,2.9598348450491305,environment01/hotel_shower1.mp3
2717,sound_2717.mp3,hotel_shower2.mp3,freeaudio/environment01.zip,freeaudio/environment01/environment01/hotel_shower2.mp3,62.52607709750567,1.042101284958428,environment01/hotel_shower2.mp3
2718,sound_2718.mp3,Jpn_back_alley.mp3,freeaudio/environment01.zip,freeaudio/environment01/environment01/Jpn_back_alley.mp3,32.883809523809525,0.548063492063492,environment01/Jpn_back_alley.mp3
2719,sound_2719.mp3,Konbini.mp3,freeaudio/environment01.zip,freeaudio/environment01/environment01/Konbini.mp3,65.448,1.0908,environment01/Konbini.mp3
2720,sound_2720.mp3,mall_in_airport.mp3,freeaudio/environment01.zip,freeaudio/environment01/environment01/mall_in_airport.mp3,41.112,0.6852,environment01/mall_in_airport.mp3
2721,sound_2721.mp3,morning_city.mp3,freeaudio/environment01.zip,freeaudio/environment01/environment01/morning_city.mp3,16.248,0.2708,environment01/morning_city.mp3
2722,sound_2722.mp3,op_wndw_safe_lock.mp3,freeaudio/environment01.zip,freeaudio/environment01/environment01/op_wndw_safe_lock.mp3,14.335442176870748,0.2389240362811791,environment01/op_wndw_safe_lock.mp3
2723,sound_2723.mp3,pachinko1.mp3,freeaudio/environment01.zip,freeaudio/environment01/environment01/pachinko1.mp3,33.6,0.56,environment01/pachinko1.mp3
2724,sound_2724.mp3,pachinko2.mp3,freeaudio/environment01.zip,freeaudio/environment01/environment01/pachinko2.mp3,215.00061224489795,3.583343537414966,environment01/pachinko2.mp3
2725,sound_2725.mp3,port_unload.mp3,freeaudio/environment01.zip,freeaudio/environment01/environment01/port_unload.mp3,68.26666666666667,1.1377777777777778,environment01/port_unload.mp3
2726,sound_2726.mp3,post_office.mp3,freeaudio/environment01.zip,freeaudio/environment01/environment01/post_office.mp3,56.904,0.9484,environment01/post_office.mp3
2727,sound_2727.mp3,rain_building1.mp3,freeaudio/environment01.zip,freeaudio/environment01/environment01/rain_building1.mp3,311.9891156462585,5.1998185941043085,environment01/rain_building1.mp3
2728,sound_2728.mp3,rain_building2.mp3,freeaudio/environment01.zip,freeaudio/environment01/environment01/rain_building2.mp3,112.4331746031746,1.8738862433862435,environment01/rain_building2.mp3
2729,sound_2729.mp3,rain_building3.mp3,freeaudio/environment01.zip,freeaudio/environment01/environment01/rain_building3.mp3,90.31700680272108,1.505283446712018,environment01/rain_building3.mp3
2730,sound_2730.mp3,shopping_mall1.mp3,freeaudio/environment01.zip,freeaudio/environment01/environment01/shopping_mall1.mp3,35.904,0.5984,environment01/shopping_mall1.mp3
2731,sound_2731.mp3,summer_city1.mp3,freeaudio/environment01.zip,freeaudio/environment01/environment01/summer_city1.mp3,110.2106,1.8368433333333336,environment01/summer_city1.mp3
2732,sound_2732.mp3,summer_city2.mp3,freeaudio/environment01.zip,freeaudio/environment01/environment01/summer_city2.mp3,80.952,1.3492,environment01/summer_city2.mp3
2733,sound_2733.mp3,summer_city3.mp3,freeaudio/environment01.zip,freeaudio/environment01/environment01/summer_city3.mp3,34.488,0.5748,environment01/summer_city3.mp3
2734,sound_2734.mp3,summer_city4.mp3,freeaudio/environment01.zip,freeaudio/environment01/environment01/summer_city4.mp3,173.448,2.8908,environment01/summer_city4.mp3
2735,sound_2735.mp3,summer_city5.mp3,freeaudio/environment01.zip,freeaudio/environment01/environment01/summer_city5.mp3,37.68,0.628,environment01/summer_city5.mp3
2736,sound_2736.mp3,tofu_truck.mp3,freeaudio/environment01.zip,freeaudio/environment01/environment01/tofu_truck.mp3,12.968616780045352,0.2161436130007558,environment01/tofu_truck.mp3
2737,sound_2737.mp3,ubn_intersection1.mp3,freeaudio/environment01.zip,freeaudio/environment01/environment01/ubn_intersection1.mp3,476.8890022675737,7.948150037792895,environment01/ubn_intersection1.mp3
2738,sound_2738.mp3,ubn_intersection2.mp3,freeaudio/environment01.zip,freeaudio/environment01/environment01/ubn_intersection2.mp3,180.984,3.0164,environment01/ubn_intersection2.mp3
2739,sound_2739.mp3,walk_to_work.mp3,freeaudio/environment01.zip,freeaudio/environment01/environment01/walk_to_work.mp3,67.92,1.132,environment01/walk_to_work.mp3
2740,sound_2740.mp3,wet_road1.mp3,freeaudio/environment01.zip,freeaudio/environment01/environment01/wet_road1.mp3,233.5435827664399,3.892393046107331,environment01/wet_road1.mp3
2741,sound_2741.mp3,wide_area_siren.mp3,freeaudio/environment01.zip,freeaudio/environment01/environment01/wide_area_siren.mp3,34.272,0.5711999999999999,environment01/wide_area_siren.mp3
2742,sound_2742.mp3,after_game.mp3,freeaudio/event01.zip,freeaudio/event01/event01/after_game.mp3,95.744,1.5957333333333332,event01/after_game.mp3
2743,sound_2743.mp3,applause.mp3,freeaudio/event01.zip,freeaudio/event01/event01/applause.mp3,59.5587074829932,0.9926451247165532,event01/applause.mp3
2744,sound_2744.mp3,balloon_bounce.mp3,freeaudio/event01.zip,freeaudio/event01/event01/balloon_bounce.mp3,5.903696145124717,0.0983949357520786,event01/balloon_bounce.mp3
2745,sound_2745.mp3,baseball_cheer1.mp3,freeaudio/event01.zip,freeaudio/event01/event01/baseball_cheer1.mp3,10.133333333333333,0.1688888888888889,event01/baseball_cheer1.mp3
2746,sound_2746.mp3,baseball_cheer2.mp3,freeaudio/event01.zip,freeaudio/event01/event01/baseball_cheer2.mp3,12.629333333333332,0.2104888888888889,event01/baseball_cheer2.mp3
2747,sound_2747.mp3,baseball_cheer3.mp3,freeaudio/event01.zip,freeaudio/event01/event01/baseball_cheer3.mp3,7.530666666666667,0.1255111111111111,event01/baseball_cheer3.mp3
2748,sound_2748.mp3,baseball_cheer4.mp3,freeaudio/event01.zip,freeaudio/event01/event01/baseball_cheer4.mp3,7.125333333333334,0.1187555555555555,event01/baseball_cheer4.mp3
2749,sound_2749.mp3,blow_up_balloon.mp3,freeaudio/event01.zip,freeaudio/event01/event01/blow_up_balloon.mp3,7.83172335600907,0.1305287226001511,event01/blow_up_balloon.mp3
2750,sound_2750.mp3,buzzer1.mp3,freeaudio/event01.zip,freeaudio/event01/event01/buzzer1.mp3,24.336,0.4055999999999999,event01/buzzer1.mp3
2751,sound_2751.mp3,buzzer2.mp3,freeaudio/event01.zip,freeaudio/event01/event01/buzzer2.mp3,15.696,0.2616,event01/buzzer2.mp3
2752,sound_2752.mp3,cheers1.mp3,freeaudio/event01.zip,freeaudio/event01/event01/cheers1.mp3,14.506666666666666,0.2417777777777777,event01/cheers1.mp3
2753,sound_2753.mp3,cheers2.mp3,freeaudio/event01.zip,freeaudio/event01/event01/cheers2.mp3,7.093333333333334,0.1182222222222222,event01/cheers2.mp3
2754,sound_2754.mp3,clap_in_hall.mp3,freeaudio/event01.zip,freeaudio/event01/event01/clap_in_hall.mp3,14.521473922902494,0.2420245653817082,event01/clap_in_hall.mp3
2755,sound_2755.mp3,comm_center1.mp3,freeaudio/event01.zip,freeaudio/event01/event01/comm_center1.mp3,40.85666666666667,0.6809444444444445,event01/comm_center1.mp3
2756,sound_2756.mp3,comm_center2.mp3,freeaudio/event01.zip,freeaudio/event01/event01/comm_center2.mp3,42.098979166666666,0.7016496527777778,event01/comm_center2.mp3
2757,sound_2757.mp3,comm_center3.mp3,freeaudio/event01.zip,freeaudio/event01/event01/comm_center3.mp3,51.67347916666667,0.8612246527777778,event01/comm_center3.mp3
2758,sound_2758.mp3,concert_seats1.mp3,freeaudio/event01.zip,freeaudio/event01/event01/concert_seats1.mp3,103.42920833333334,1.723820138888889,event01/concert_seats1.mp3
2759,sound_2759.mp3,concert_seats2.mp3,freeaudio/event01.zip,freeaudio/event01/event01/concert_seats2.mp3,168.6155,2.810258333333333,event01/concert_seats2.mp3
2760,sound_2760.mp3,conductor_enter.mp3,freeaudio/event01.zip,freeaudio/event01/event01/conductor_enter.mp3,35.00366666666667,0.5833944444444444,event01/conductor_enter.mp3
2761,sound_2761.mp3,crowded_hall1.mp3,freeaudio/event01.zip,freeaudio/event01/event01/crowded_hall1.mp3,26.424,0.4404,event01/crowded_hall1.mp3
2762,sound_2762.mp3,crowded_hall2.mp3,freeaudio/event01.zip,freeaudio/event01/event01/crowded_hall2.mp3,14.568,0.2428,event01/crowded_hall2.mp3
2763,sound_2763.mp3,crowded_hall3.mp3,freeaudio/event01.zip,freeaudio/event01/event01/crowded_hall3.mp3,179.21102083333332,2.986850347222222,event01/crowded_hall3.mp3
2764,sound_2764.mp3,crowded_seats.mp3,freeaudio/event01.zip,freeaudio/event01/event01/crowded_seats.mp3,27.384,0.4564,event01/crowded_seats.mp3
2765,sound_2765.mp3,deflate_balloons.mp3,freeaudio/event01.zip,freeaudio/event01/event01/deflate_balloons.mp3,16.979,0.2829833333333333,event01/deflate_balloons.mp3
2766,sound_2766.mp3,firework1.mp3,freeaudio/event01.zip,freeaudio/event01/event01/firework1.mp3,8.034104308390022,0.133901738473167,event01/firework1.mp3
2767,sound_2767.mp3,firework2.mp3,freeaudio/event01.zip,freeaudio/event01/event01/firework2.mp3,5.231746031746032,0.0871957671957672,event01/firework2.mp3
2768,sound_2768.mp3,fireworks1.mp3,freeaudio/event01.zip,freeaudio/event01/event01/fireworks1.mp3,300.55909297052153,5.009318216175359,event01/fireworks1.mp3
2769,sound_2769.mp3,fireworks2.mp3,freeaudio/event01.zip,freeaudio/event01/event01/fireworks2.mp3,106.99755102040815,1.7832925170068028,event01/fireworks2.mp3
2770,sound_2770.mp3,fireworks_fest1.mp3,freeaudio/event01.zip,freeaudio/event01/event01/fireworks_fest1.mp3,37.87716666666667,0.6312861111111111,event01/fireworks_fest1.mp3
2771,sound_2771.mp3,fireworks_fest2.mp3,freeaudio/event01.zip,freeaudio/event01/event01/fireworks_fest2.mp3,54.474895833333335,0.9079149305555556,event01/fireworks_fest2.mp3
2772,sound_2772.mp3,fireworks_fest3.mp3,freeaudio/event01.zip,freeaudio/event01/event01/fireworks_fest3.mp3,72.83379166666667,1.2138965277777778,event01/fireworks_fest3.mp3
2773,sound_2773.mp3,Hyoshigi.mp3,freeaudio/event01.zip,freeaudio/event01/event01/Hyoshigi.mp3,84.24378684807256,1.4040631141345428,event01/Hyoshigi.mp3
2774,sound_2774.mp3,Japanese_fest1.mp3,freeaudio/event01.zip,freeaudio/event01/event01/Japanese_fest1.mp3,77.864125,1.2977354166666666,event01/Japanese_fest1.mp3
2775,sound_2775.mp3,Jpn_baseball1.mp3,freeaudio/event01.zip,freeaudio/event01/event01/Jpn_baseball1.mp3,79.44533333333334,1.3240888888888889,event01/Jpn_baseball1.mp3
2776,sound_2776.mp3,Jpn_baseball2.mp3,freeaudio/event01.zip,freeaudio/event01/event01/Jpn_baseball2.mp3,75.94666666666667,1.265777777777778,event01/Jpn_baseball2.mp3
2777,sound_2777.mp3,Jpn_baseball3.mp3,freeaudio/event01.zip,freeaudio/event01/event01/Jpn_baseball3.mp3,68.01066666666667,1.1335111111111111,event01/Jpn_baseball3.mp3
2778,sound_2778.mp3,Jpn_baseball4.mp3,freeaudio/event01.zip,freeaudio/event01/event01/Jpn_baseball4.mp3,89.77066666666667,1.4961777777777778,event01/Jpn_baseball4.mp3
2779,sound_2779.mp3,Jpn_baseball5.mp3,freeaudio/event01.zip,freeaudio/event01/event01/Jpn_baseball5.mp3,39.552,0.6592,event01/Jpn_baseball5.mp3
2780,sound_2780.mp3,Jpn_baseball6.mp3,freeaudio/event01.zip,freeaudio/event01/event01/Jpn_baseball6.mp3,52.906666666666666,0.8817777777777778,event01/Jpn_baseball6.mp3
2781,sound_2781.mp3,Jpn_baseball7.mp3,freeaudio/event01.zip,freeaudio/event01/event01/Jpn_baseball7.mp3,44.544,0.7424,event01/Jpn_baseball7.mp3
2782,sound_2782.mp3,kindergartners.mp3,freeaudio/event01.zip,freeaudio/event01/event01/kindergartners.mp3,90.15089583333334,1.5025149305555556,event01/kindergartners.mp3
2783,sound_2783.mp3,long_clap1.mp3,freeaudio/event01.zip,freeaudio/event01/event01/long_clap1.mp3,37.608,0.6267999999999999,event01/long_clap1.mp3
2784,sound_2784.mp3,long_clap2.mp3,freeaudio/event01.zip,freeaudio/event01/event01/long_clap2.mp3,28.944,0.4824,event01/long_clap2.mp3
2785,sound_2785.mp3,Ozeki_fight.mp3,freeaudio/event01.zip,freeaudio/event01/event01/Ozeki_fight.mp3,87.35337868480725,1.4558896447467875,event01/Ozeki_fight.mp3
2786,sound_2786.mp3,party_hubbub1.mp3,freeaudio/event01.zip,freeaudio/event01/event01/party_hubbub1.mp3,21.576,0.3596,event01/party_hubbub1.mp3
2787,sound_2787.mp3,party_hubbub2.mp3,freeaudio/event01.zip,freeaudio/event01/event01/party_hubbub2.mp3,34.776,0.5796,event01/party_hubbub2.mp3
2788,sound_2788.mp3,performers_enter.mp3,freeaudio/event01.zip,freeaudio/event01/event01/performers_enter.mp3,71.47127083333334,1.1911878472222222,event01/performers_enter.mp3
2789,sound_2789.mp3,roller_coaster1.mp3,freeaudio/event01.zip,freeaudio/event01/event01/roller_coaster1.mp3,80.08854166666667,1.3348090277777778,event01/roller_coaster1.mp3
2790,sound_2790.mp3,roller_coaster2.mp3,freeaudio/event01.zip,freeaudio/event01/event01/roller_coaster2.mp3,11.2019375,0.1866989583333333,event01/roller_coaster2.mp3
2791,sound_2791.mp3,rummage_sale.mp3,freeaudio/event01.zip,freeaudio/event01/event01/rummage_sale.mp3,46.71908333333333,0.7786513888888889,event01/rummage_sale.mp3
2792,sound_2792.mp3,short_clap1.mp3,freeaudio/event01.zip,freeaudio/event01/event01/short_clap1.mp3,9.96,0.166,event01/short_clap1.mp3
2793,sound_2793.mp3,short_clap2.mp3,freeaudio/event01.zip,freeaudio/event01/event01/short_clap2.mp3,6.348004535147393,0.1058000755857898,event01/short_clap2.mp3
2794,sound_2794.mp3,short_clap3.mp3,freeaudio/event01.zip,freeaudio/event01/event01/short_clap3.mp3,6.653083333333333,0.1108847222222222,event01/short_clap3.mp3
2795,sound_2795.mp3,short_clap4.mp3,freeaudio/event01.zip,freeaudio/event01/event01/short_clap4.mp3,6.340916666666667,0.1056819444444444,event01/short_clap4.mp3
2796,sound_2796.mp3,short_clap5.mp3,freeaudio/event01.zip,freeaudio/event01/event01/short_clap5.mp3,14.299291666666669,0.2383215277777778,event01/short_clap5.mp3
2797,sound_2797.mp3,slope_car1.mp3,freeaudio/event01.zip,freeaudio/event01/event01/slope_car1.mp3,77.173375,1.2862229166666663,event01/slope_car1.mp3
2798,sound_2798.mp3,slope_car2.mp3,freeaudio/event01.zip,freeaudio/event01/event01/slope_car2.mp3,64.32025,1.0720041666666666,event01/slope_car2.mp3
2799,sound_2799.mp3,sparklers1.mp3,freeaudio/event01.zip,freeaudio/event01/event01/sparklers1.mp3,17.438480725623585,0.2906413454270597,event01/sparklers1.mp3
2800,sound_2800.mp3,sparklers2.mp3,freeaudio/event01.zip,freeaudio/event01/event01/sparklers2.mp3,27.071292517006803,0.45118820861678,event01/sparklers2.mp3
2801,sound_2801.mp3,stadium_fireworks.mp3,freeaudio/event01.zip,freeaudio/event01/event01/stadium_fireworks.mp3,13.610666666666669,0.2268444444444444,event01/stadium_fireworks.mp3
2802,sound_2802.mp3,sumo1.mp3,freeaudio/event01.zip,freeaudio/event01/event01/sumo1.mp3,18.106326530612243,0.3017721088435374,event01/sumo1.mp3
2803,sound_2803.mp3,sumo2.mp3,freeaudio/event01.zip,freeaudio/event01/event01/sumo2.mp3,40.61997732426304,0.6769996220710507,event01/sumo2.mp3
2804,sound_2804.mp3,sumo3.mp3,freeaudio/event01.zip,freeaudio/event01/event01/sumo3.mp3,24.456643990929702,0.4076107331821618,event01/sumo3.mp3
2805,sound_2805.mp3,sumo4.mp3,freeaudio/event01.zip,freeaudio/event01/event01/sumo4.mp3,51.442743764172334,0.8573790627362056,event01/sumo4.mp3
2806,sound_2806.mp3,sumo5.mp3,freeaudio/event01.zip,freeaudio/event01/event01/sumo5.mp3,98.30603174603176,1.6384338624338626,event01/sumo5.mp3
2807,sound_2807.mp3,sumo6.mp3,freeaudio/event01.zip,freeaudio/event01/event01/sumo6.mp3,54.881519274376416,0.9146919879062736,event01/sumo6.mp3
2808,sound_2808.mp3,sumo7.mp3,freeaudio/event01.zip,freeaudio/event01/event01/sumo7.mp3,64.1308843537415,1.068848072562358,event01/sumo7.mp3
2809,sound_2809.mp3,s_roller_coaster1.mp3,freeaudio/event01.zip,freeaudio/event01/event01/s_roller_coaster1.mp3,35.81755102040816,0.5969591836734693,event01/s_roller_coaster1.mp3
2810,sound_2810.mp3,s_roller_coaster2.mp3,freeaudio/event01.zip,freeaudio/event01/event01/s_roller_coaster2.mp3,12.860181405895691,0.2143363567649281,event01/s_roller_coaster2.mp3
2811,sound_2811.mp3,three_cheers.mp3,freeaudio/event01.zip,freeaudio/event01/event01/three_cheers.mp3,13.584,0.2264,event01/three_cheers.mp3
2812,sound_2812.mp3,town_sumr_fest1.mp3,freeaudio/event01.zip,freeaudio/event01/event01/town_sumr_fest1.mp3,110.89850340136054,1.848308390022676,event01/town_sumr_fest1.mp3
2813,sound_2813.mp3,town_sumr_fest2.mp3,freeaudio/event01.zip,freeaudio/event01/event01/town_sumr_fest2.mp3,80.61968253968254,1.3436613756613758,event01/town_sumr_fest2.mp3
2814,sound_2814.mp3,town_sumr_fest3.mp3,freeaudio/event01.zip,freeaudio/event01/event01/town_sumr_fest3.mp3,34.83936507936508,0.5806560846560846,event01/town_sumr_fest3.mp3
2815,sound_2815.mp3,tuning.mp3,freeaudio/event01.zip,freeaudio/event01/event01/tuning.mp3,69.65075,1.1608458333333334,event01/tuning.mp3
2816,sound_2816.mp3,Yokozuna_enter.mp3,freeaudio/event01.zip,freeaudio/event01/event01/Yokozuna_enter.mp3,71.75650793650793,1.1959417989417989,event01/Yokozuna_enter.mp3
2817,sound_2817.mp3,Yokozuna_fight1.mp3,freeaudio/event01.zip,freeaudio/event01/event01/Yokozuna_fight1.mp3,93.1430612244898,1.5523843537414967,event01/Yokozuna_fight1.mp3
2818,sound_2818.mp3,Yokozuna_fight2.mp3,freeaudio/event01.zip,freeaudio/event01/event01/Yokozuna_fight2.mp3,87.24852607709751,1.4541421012849585,event01/Yokozuna_fight2.mp3
2819,sound_2819.mp3,Yumitori_shiki.mp3,freeaudio/event01.zip,freeaudio/event01/event01/Yumitori_shiki.mp3,41.31124716553288,0.6885207860922147,event01/Yumitori_shiki.mp3
2820,sound_2820.mp3,8bit_computer.mp3,freeaudio/sf01.zip,freeaudio/sf01/sf01/8bit_computer.mp3,5.458004535147392,0.0909667422524565,sf01/8bit_computer.mp3
2821,sound_2821.mp3,alian_heart.mp3,freeaudio/sf01.zip,freeaudio/sf01/sf01/alian_heart.mp3,5.926530612244898,0.0987755102040816,sf01/alian_heart.mp3
2822,sound_2822.mp3,aliens_convo.mp3,freeaudio/sf01.zip,freeaudio/sf01/sf01/aliens_convo.mp3,17.184,0.2864,sf01/aliens_convo.mp3
2823,sound_2823.mp3,cosmic_signal1.mp3,freeaudio/sf01.zip,freeaudio/sf01/sf01/cosmic_signal1.mp3,22.413061224489795,0.3735510204081632,sf01/cosmic_signal1.mp3
2824,sound_2824.mp3,cosmic_signal2.mp3,freeaudio/sf01.zip,freeaudio/sf01/sf01/cosmic_signal2.mp3,62.35387755102041,1.0392312925170069,sf01/cosmic_signal2.mp3
2825,sound_2825.mp3,current_noise.mp3,freeaudio/sf01.zip,freeaudio/sf01/sf01/current_noise.mp3,20.969795918367343,0.3494965986394557,sf01/current_noise.mp3
2826,sound_2826.mp3,electric_shock2.mp3,freeaudio/sf01.zip,freeaudio/sf01/sf01/electric_shock2.mp3,5.007687074829932,0.0834614512471655,sf01/electric_shock2.mp3
2827,sound_2827.mp3,electric_shock3.mp3,freeaudio/sf01.zip,freeaudio/sf01/sf01/electric_shock3.mp3,8.863401360544218,0.1477233560090703,sf01/electric_shock3.mp3
2828,sound_2828.mp3,ele_shock_wave.mp3,freeaudio/sf01.zip,freeaudio/sf01/sf01/ele_shock_wave.mp3,5.2483673469387755,0.0874727891156462,sf01/ele_shock_wave.mp3
2829,sound_2829.mp3,energy_lab_explosion.mp3,freeaudio/sf01.zip,freeaudio/sf01/sf01/energy_lab_explosion.mp3,10.07798185941043,0.1679663643235071,sf01/energy_lab_explosion.mp3
2830,sound_2830.mp3,factory_siren1.mp3,freeaudio/sf01.zip,freeaudio/sf01/sf01/factory_siren1.mp3,5.064,0.0844,sf01/factory_siren1.mp3
2831,sound_2831.mp3,factory_siren2.mp3,freeaudio/sf01.zip,freeaudio/sf01/sf01/factory_siren2.mp3,13.114829931972787,0.2185804988662131,sf01/factory_siren2.mp3
2832,sound_2832.mp3,game_helicopter.mp3,freeaudio/sf01.zip,freeaudio/sf01/sf01/game_helicopter.mp3,5.495170068027211,0.0915861678004535,sf01/game_helicopter.mp3
2833,sound_2833.mp3,gear_rotation1.mp3,freeaudio/sf01.zip,freeaudio/sf01/sf01/gear_rotation1.mp3,16.896,0.2816,sf01/gear_rotation1.mp3
2834,sound_2834.mp3,gear_rotation2.mp3,freeaudio/sf01.zip,freeaudio/sf01/sf01/gear_rotation2.mp3,29.184,0.4864,sf01/gear_rotation2.mp3
2835,sound_2835.mp3,g_robot_walk1.mp3,freeaudio/sf01.zip,freeaudio/sf01/sf01/g_robot_walk1.mp3,8.219,0.1369833333333333,sf01/g_robot_walk1.mp3
2836,sound_2836.mp3,g_robot_walk2.mp3,freeaudio/sf01.zip,freeaudio/sf01/sf01/g_robot_walk2.mp3,5.60075,0.0933458333333333,sf01/g_robot_walk2.mp3
2837,sound_2837.mp3,inside_ufo1.mp3,freeaudio/sf01.zip,freeaudio/sf01/sf01/inside_ufo1.mp3,12.528083333333331,0.2088013888888888,sf01/inside_ufo1.mp3
2838,sound_2838.mp3,inside_ufo2.mp3,freeaudio/sf01.zip,freeaudio/sf01/sf01/inside_ufo2.mp3,10.419270833333334,0.1736545138888889,sf01/inside_ufo2.mp3
2839,sound_2839.mp3,jamming.mp3,freeaudio/sf01.zip,freeaudio/sf01/sf01/jamming.mp3,6.504,0.1084,sf01/jamming.mp3
2840,sound_2840.mp3,machine_engine.mp3,freeaudio/sf01.zip,freeaudio/sf01/sf01/machine_engine.mp3,10.031020408163265,0.1671836734693877,sf01/machine_engine.mp3
2841,sound_2841.mp3,nurse_call2.mp3,freeaudio/sf01.zip,freeaudio/sf01/sf01/nurse_call2.mp3,11.56671201814059,0.1927785336356765,sf01/nurse_call2.mp3
2842,sound_2842.mp3,out_of_control.mp3,freeaudio/sf01.zip,freeaudio/sf01/sf01/out_of_control.mp3,5.537959183673469,0.0922993197278911,sf01/out_of_control.mp3
2843,sound_2843.mp3,poor_elec_contact.mp3,freeaudio/sf01.zip,freeaudio/sf01/sf01/poor_elec_contact.mp3,12.836916099773244,0.2139486016628873,sf01/poor_elec_contact.mp3
2844,sound_2844.mp3,sf_palice_car.mp3,freeaudio/sf01.zip,freeaudio/sf01/sf01/sf_palice_car.mp3,8.473378684807257,0.1412229780801209,sf01/sf_palice_car.mp3
2845,sound_2845.mp3,sinus_rhythm.mp3,freeaudio/sf01.zip,freeaudio/sf01/sf01/sinus_rhythm.mp3,8.6595,0.1443249999999999,sf01/sinus_rhythm.mp3
2846,sound_2846.mp3,system_malfunction.mp3,freeaudio/sf01.zip,freeaudio/sf01/sf01/system_malfunction.mp3,54.853038548752835,0.9142173091458806,sf01/system_malfunction.mp3
2847,sound_2847.mp3,time_machine.mp3,freeaudio/sf01.zip,freeaudio/sf01/sf01/time_machine.mp3,27.262666666666668,0.4543777777777778,sf01/time_machine.mp3
2848,sound_2848.mp3,time_travel.mp3,freeaudio/sf01.zip,freeaudio/sf01/sf01/time_travel.mp3,24.672,0.4112,sf01/time_travel.mp3
2849,sound_2849.mp3,ufo_energy1.mp3,freeaudio/sf01.zip,freeaudio/sf01/sf01/ufo_energy1.mp3,7.970916666666667,0.1328486111111111,sf01/ufo_energy1.mp3
2850,sound_2850.mp3,ufo_energy2.mp3,freeaudio/sf01.zip,freeaudio/sf01/sf01/ufo_energy2.mp3,10.000479166666668,0.1666746527777777,sf01/ufo_energy2.mp3
2851,sound_2851.mp3,ufo_landing.mp3,freeaudio/sf01.zip,freeaudio/sf01/sf01/ufo_landing.mp3,14.953356009070294,0.2492226001511715,sf01/ufo_landing.mp3
2852,sound_2852.mp3,ufo_take_off.mp3,freeaudio/sf01.zip,freeaudio/sf01/sf01/ufo_take_off.mp3,14.993922902494331,0.2498987150415721,sf01/ufo_take_off.mp3
2853,sound_2853.mp3,vibration_noise.mp3,freeaudio/sf01.zip,freeaudio/sf01/sf01/vibration_noise.mp3,5.016,0.0836,sf01/vibration_noise.mp3
2854,sound_2854.mp3,asphalt_work1.mp3,freeaudio/environment02.zip,freeaudio/environment02/environment02/asphalt_work1.mp3,76.85224489795918,1.2808707482993198,environment02/asphalt_work1.mp3
2855,sound_2855.mp3,asphalt_work2.mp3,freeaudio/environment02.zip,freeaudio/environment02/environment02/asphalt_work2.mp3,13.491020408163266,0.2248503401360544,environment02/asphalt_work2.mp3
2856,sound_2856.mp3,asphalt_work3.mp3,freeaudio/environment02.zip,freeaudio/environment02/environment02/asphalt_work3.mp3,36.85278911564626,0.6142131519274376,environment02/asphalt_work3.mp3
2857,sound_2857.mp3,building_home1.mp3,freeaudio/environment02.zip,freeaudio/environment02/environment02/building_home1.mp3,22.77877551020408,0.3796462585034013,environment02/building_home1.mp3
2858,sound_2858.mp3,building_home2.mp3,freeaudio/environment02.zip,freeaudio/environment02/environment02/building_home2.mp3,90.6507029478458,1.5108450491307637,environment02/building_home2.mp3
2859,sound_2859.mp3,building_home3.mp3,freeaudio/environment02.zip,freeaudio/environment02/environment02/building_home3.mp3,35.01931972789116,0.5836553287981859,environment02/building_home3.mp3
2860,sound_2860.mp3,cargo_trucks.mp3,freeaudio/environment02.zip,freeaudio/environment02/environment02/cargo_trucks.mp3,39.05451247165533,0.6509085411942555,environment02/cargo_trucks.mp3
2861,sound_2861.mp3,cargo_truck_pass.mp3,freeaudio/environment02.zip,freeaudio/environment02/environment02/cargo_truck_pass.mp3,11.107482993197278,0.1851247165532879,environment02/cargo_truck_pass.mp3
2862,sound_2862.mp3,city_road1.mp3,freeaudio/environment02.zip,freeaudio/environment02/environment02/city_road1.mp3,56.84244897959184,0.947374149659864,environment02/city_road1.mp3
2863,sound_2863.mp3,city_road2.mp3,freeaudio/environment02.zip,freeaudio/environment02/environment02/city_road2.mp3,109.04090702947846,1.817348450491308,environment02/city_road2.mp3
2864,sound_2864.mp3,city_road3.mp3,freeaudio/environment02.zip,freeaudio/environment02/environment02/city_road3.mp3,56.832,0.9472,environment02/city_road3.mp3
2865,sound_2865.mp3,construction1.mp3,freeaudio/environment02.zip,freeaudio/environment02/environment02/construction1.mp3,33.32596371882086,0.5554327286470143,environment02/construction1.mp3
2866,sound_2866.mp3,construction2.mp3,freeaudio/environment02.zip,freeaudio/environment02/environment02/construction2.mp3,162.6632879818594,2.711054799697657,environment02/construction2.mp3
2867,sound_2867.mp3,construction_site.mp3,freeaudio/environment02.zip,freeaudio/environment02/environment02/construction_site.mp3,29.72154195011338,0.4953590325018897,environment02/construction_site.mp3
2868,sound_2868.mp3,demolish_building1.mp3,freeaudio/environment02.zip,freeaudio/environment02/environment02/demolish_building1.mp3,27.58530612244898,0.4597551020408163,environment02/demolish_building1.mp3
2869,sound_2869.mp3,demolish_building2.mp3,freeaudio/environment02.zip,freeaudio/environment02/environment02/demolish_building2.mp3,25.768344671201813,0.4294724111866969,environment02/demolish_building2.mp3
2870,sound_2870.mp3,demolish_building3.mp3,freeaudio/environment02.zip,freeaudio/environment02/environment02/demolish_building3.mp3,40.542040816326534,0.6757006802721089,environment02/demolish_building3.mp3
2871,sound_2871.mp3,demolish_house1.mp3,freeaudio/environment02.zip,freeaudio/environment02/environment02/demolish_house1.mp3,70.23755102040816,1.170625850340136,environment02/demolish_house1.mp3
2872,sound_2872.mp3,demolish_house2.mp3,freeaudio/environment02.zip,freeaudio/environment02/environment02/demolish_house2.mp3,73.18839002267573,1.2198065003779288,environment02/demolish_house2.mp3
2873,sound_2873.mp3,demolish_house3.mp3,freeaudio/environment02.zip,freeaudio/environment02/environment02/demolish_house3.mp3,32.14358276643991,0.5357263794406653,environment02/demolish_house3.mp3
2874,sound_2874.mp3,demolish_house4.mp3,freeaudio/environment02.zip,freeaudio/environment02/environment02/demolish_house4.mp3,50.2437641723356,0.8373960695389268,environment02/demolish_house4.mp3
2875,sound_2875.mp3,drill_concrete.mp3,freeaudio/environment02.zip,freeaudio/environment02/environment02/drill_concrete.mp3,35.90485260770975,0.5984142101284958,environment02/drill_concrete.mp3
2876,sound_2876.mp3,eatery_exh_fan.mp3,freeaudio/environment02.zip,freeaudio/environment02/environment02/eatery_exh_fan.mp3,10.0176875,0.1669614583333333,environment02/eatery_exh_fan.mp3
2877,sound_2877.mp3,elct_rotary_cutter1.mp3,freeaudio/environment02.zip,freeaudio/environment02/environment02/elct_rotary_cutter1.mp3,14.207278911564623,0.2367879818594104,environment02/elct_rotary_cutter1.mp3
2878,sound_2878.mp3,elct_rotary_cutter2.mp3,freeaudio/environment02.zip,freeaudio/environment02/environment02/elct_rotary_cutter2.mp3,22.657097505668933,0.3776182917611488,environment02/elct_rotary_cutter2.mp3
2879,sound_2879.mp3,excavator.mp3,freeaudio/environment02.zip,freeaudio/environment02/environment02/excavator.mp3,28.789354166666666,0.4798225694444444,environment02/excavator.mp3
2880,sound_2880.mp3,factory_drainage.mp3,freeaudio/environment02.zip,freeaudio/environment02/environment02/factory_drainage.mp3,22.927583333333335,0.3821263888888889,environment02/factory_drainage.mp3
2881,sound_2881.mp3,factory_exh_fan.mp3,freeaudio/environment02.zip,freeaudio/environment02/environment02/factory_exh_fan.mp3,13.4098125,0.2234968749999999,environment02/factory_exh_fan.mp3
2882,sound_2882.mp3,factory_outside.mp3,freeaudio/environment02.zip,freeaudio/environment02/environment02/factory_outside.mp3,49.68072562358277,0.8280120937263794,environment02/factory_outside.mp3
2883,sound_2883.mp3,garbage_truck.mp3,freeaudio/environment02.zip,freeaudio/environment02/environment02/garbage_truck.mp3,97.92609977324264,1.632101662887377,environment02/garbage_truck.mp3
2884,sound_2884.mp3,generator_like.mp3,freeaudio/environment02.zip,freeaudio/environment02/environment02/generator_like.mp3,11.7435,0.1957249999999999,environment02/generator_like.mp3
2885,sound_2885.mp3,hammering_nails1.mp3,freeaudio/environment02.zip,freeaudio/environment02/environment02/hammering_nails1.mp3,8.498503401360544,0.141641723356009,environment02/hammering_nails1.mp3
2886,sound_2886.mp3,hammering_nails2.mp3,freeaudio/environment02.zip,freeaudio/environment02/environment02/hammering_nails2.mp3,11.083310657596371,0.1847218442932728,environment02/hammering_nails2.mp3
2887,sound_2887.mp3,hammering_nails3.mp3,freeaudio/environment02.zip,freeaudio/environment02/environment02/hammering_nails3.mp3,16.500476190476192,0.2750079365079365,environment02/hammering_nails3.mp3
2888,sound_2888.mp3,home_remodeling1.mp3,freeaudio/environment02.zip,freeaudio/environment02/environment02/home_remodeling1.mp3,60.0971201814059,1.0016186696900984,environment02/home_remodeling1.mp3
2889,sound_2889.mp3,home_remodeling2.mp3,freeaudio/environment02.zip,freeaudio/environment02/environment02/home_remodeling2.mp3,10.251995464852609,0.1708665910808768,environment02/home_remodeling2.mp3
2890,sound_2890.mp3,Jpn_biker_gang2.mp3,freeaudio/environment02.zip,freeaudio/environment02/environment02/Jpn_biker_gang2.mp3,14.832,0.2472,environment02/Jpn_biker_gang2.mp3
2891,sound_2891.mp3,Jpn_biker_gangs1.mp3,freeaudio/environment02.zip,freeaudio/environment02/environment02/Jpn_biker_gangs1.mp3,34.248,0.5708,environment02/Jpn_biker_gangs1.mp3
2892,sound_2892.mp3,large_vent.mp3,freeaudio/environment02.zip,freeaudio/environment02/environment02/large_vent.mp3,20.020385487528344,0.3336730914588057,environment02/large_vent.mp3
2893,sound_2893.mp3,nail_gun2.mp3,freeaudio/environment02.zip,freeaudio/environment02/environment02/nail_gun2.mp3,7.035442176870748,0.1172573696145124,environment02/nail_gun2.mp3
2894,sound_2894.mp3,night_urban_road1.mp3,freeaudio/environment02.zip,freeaudio/environment02/environment02/night_urban_road1.mp3,73.872,1.2312,environment02/night_urban_road1.mp3
2895,sound_2895.mp3,night_urban_road2.mp3,freeaudio/environment02.zip,freeaudio/environment02/environment02/night_urban_road2.mp3,27.816,0.4635999999999999,environment02/night_urban_road2.mp3
2896,sound_2896.mp3,night_urban_road3.mp3,freeaudio/environment02.zip,freeaudio/environment02/environment02/night_urban_road3.mp3,108.39075,1.8065125,environment02/night_urban_road3.mp3
2897,sound_2897.mp3,power_drill1.mp3,freeaudio/environment02.zip,freeaudio/environment02/environment02/power_drill1.mp3,15.998548752834466,0.2666424792139077,environment02/power_drill1.mp3
2898,sound_2898.mp3,power_drill2.mp3,freeaudio/environment02.zip,freeaudio/environment02/environment02/power_drill2.mp3,11.23845804988662,0.187307634164777,environment02/power_drill2.mp3
2899,sound_2899.mp3,power_shovel1.mp3,freeaudio/environment02.zip,freeaudio/environment02/environment02/power_shovel1.mp3,60.61414965986395,1.0102358276643992,environment02/power_shovel1.mp3
2900,sound_2900.mp3,power_shovel2.mp3,freeaudio/environment02.zip,freeaudio/environment02/environment02/power_shovel2.mp3,45.12560090702948,0.7520933484504914,environment02/power_shovel2.mp3
2901,sound_2901.mp3,pumping_concrete.mp3,freeaudio/environment02.zip,freeaudio/environment02/environment02/pumping_concrete.mp3,101.23274376417234,1.687212396069539,environment02/pumping_concrete.mp3
2902,sound_2902.mp3,river_dredging1.mp3,freeaudio/environment02.zip,freeaudio/environment02/environment02/river_dredging1.mp3,138.03285416666668,2.300547569444445,environment02/river_dredging1.mp3
2903,sound_2903.mp3,river_dredging2.mp3,freeaudio/environment02.zip,freeaudio/environment02/environment02/river_dredging2.mp3,98.1590625,1.635984375,environment02/river_dredging2.mp3
2904,sound_2904.mp3,river_dredging3.mp3,freeaudio/environment02.zip,freeaudio/environment02/environment02/river_dredging3.mp3,115.4293125,1.923821875,environment02/river_dredging3.mp3
2905,sound_2905.mp3,river_dredging4.mp3,freeaudio/environment02.zip,freeaudio/environment02/environment02/river_dredging4.mp3,56.35402083333334,0.9392336805555556,environment02/river_dredging4.mp3
2906,sound_2906.mp3,river_dredging5.mp3,freeaudio/environment02.zip,freeaudio/environment02/environment02/river_dredging5.mp3,63.269333333333336,1.054488888888889,environment02/river_dredging5.mp3
2907,sound_2907.mp3,short_tunnel_road1.mp3,freeaudio/environment02.zip,freeaudio/environment02/environment02/short_tunnel_road1.mp3,85.70335416666667,1.4283892361111112,environment02/short_tunnel_road1.mp3
2908,sound_2908.mp3,short_tunnel_road2.mp3,freeaudio/environment02.zip,freeaudio/environment02/environment02/short_tunnel_road2.mp3,21.760583333333333,0.3626763888888888,environment02/short_tunnel_road2.mp3
2909,sound_2909.mp3,town_road1.mp3,freeaudio/environment02.zip,freeaudio/environment02/environment02/town_road1.mp3,97.75596371882088,1.6292660619803478,environment02/town_road1.mp3
2910,sound_2910.mp3,town_road2.mp3,freeaudio/environment02.zip,freeaudio/environment02/environment02/town_road2.mp3,35.97721088435374,0.5996201814058957,environment02/town_road2.mp3
2911,sound_2911.mp3,truck_pass1.mp3,freeaudio/environment02.zip,freeaudio/environment02/environment02/truck_pass1.mp3,13.305034013605445,0.221750566893424,environment02/truck_pass1.mp3
2912,sound_2912.mp3,truck_pass2.mp3,freeaudio/environment02.zip,freeaudio/environment02/environment02/truck_pass2.mp3,54.52045351473923,0.908674225245654,environment02/truck_pass2.mp3
2913,sound_2913.mp3,truck_turn.mp3,freeaudio/environment02.zip,freeaudio/environment02/environment02/truck_turn.mp3,22.6162358276644,0.3769372637944067,environment02/truck_turn.mp3
2914,sound_2914.mp3,close_glass_window.mp3,freeaudio/openclose01.zip,freeaudio/openclose01/openclose01/close_glass_window.mp3,5.76,0.096,openclose01/close_glass_window.mp3
2915,sound_2915.mp3,curtain_window_AM.mp3,freeaudio/openclose01.zip,freeaudio/openclose01/openclose01/curtain_window_AM.mp3,13.2,0.22,openclose01/curtain_window_AM.mp3
2916,sound_2916.mp3,curtain_window_night.mp3,freeaudio/openclose01.zip,freeaudio/openclose01/openclose01/curtain_window_night.mp3,44.352,0.7392,openclose01/curtain_window_night.mp3
2917,sound_2917.mp3,open_glass_window.mp3,freeaudio/openclose01.zip,freeaudio/openclose01/openclose01/open_glass_window.mp3,5.136,0.0856,openclose01/open_glass_window.mp3
2918,sound_2918.mp3,open_metal_door2.mp3,freeaudio/openclose01.zip,freeaudio/openclose01/openclose01/open_metal_door2.mp3,7.344,0.1224,openclose01/open_metal_door2.mp3
2919,sound_2919.mp3,open_window_wind.mp3,freeaudio/openclose01.zip,freeaudio/openclose01/openclose01/open_window_wind.mp3,6.953038548752835,0.1158839758125472,openclose01/open_window_wind.mp3
2920,sound_2920.mp3,roller_shutter_door1.mp3,freeaudio/openclose01.zip,freeaudio/openclose01/openclose01/roller_shutter_door1.mp3,5.616,0.0935999999999999,openclose01/roller_shutter_door1.mp3
2921,sound_2921.mp3,swing4.mp3,freeaudio/attack01.zip,freeaudio/attack01/attack01/swing4.mp3,5.594125,0.0932354166666666,attack01/swing4.mp3
